10045378096,0.28024718764271744,0.23823166820542482,0.0033664162894151313,0.22414390515073512,0.16557487837289095,0.00053887779473651553,0.65156540041375532,0.44333782493085544,-2.8622338926746864
10045482563,0.17764257907079137,0.30407199643892652,0.0029666230013168085,0.18302714758102342,0.18000075207822261,0.00083642618039696552,1.769295092389469,0.71700363937610845,-1.2104476590233368
10045488655,0.24973978562338936,0.28726045759235525,0.0027211172418092509,0.21101864540353885,0.10850219368145568,0.00085243463641212374,0.85941989846724942,1.0536813439244626,-0.028368890571245742
10045579766,0.20783763334032104,0.17046721135181619,0.0020488386457160066,0.1934461662811465,0.10562354089312902,0.00075882036775008191,1.4683700119204264,0.65807692750920999,0.28927911816552171
10045606263,0.20518563400616438,0.20961322636543753,0.0030423123469486609,0.19557073812385625,0.12170546186683667,0.0007087322125706771,1.4591693451340151,1.1059647543680462,-1.0309799493067766
10045632093,0.13650094830088566,0.31414468646750965,0.0029910936080253399,0.14435446755424935,0.15821622589223575,0.0006297867549066099,2.6941721303629929,0.034879768279574605,-1.051872459496457
10045633316,0.23167054410022803,0.25229831327308821,0.0030337991047560547,0.23081919593581293,0.14789564726486085,0.00072839600477809781,0.8900551693080383,0.040346764095833584,-0.79438618761336177
10045665523,0.12997125675565249,0.18045532160194583,0.0023755119363884684,0.11956943750771919,0.087673632515098507,0.00049412022430689794,3.3906700330858413,0.19000710555588624,-0.1720969225477561
10045665564,0.22963607722496013,0.26264608518701954,0.0024640773188702517,0.20868490191976413,0.10465074059397121,0.00098167405402861761,0.92676434266293484,0.42038162405205004,0.33805970659136558
10045737995,0.31578841250482281,0.31248370412053278,0.0027560603279171902,0.23035902513358555,0.16388956883103498,0.00091448947587153542,0.31421778870576,0.82179446163714454,-0.75301477708998055
10045759763,0.24568338168594026,0.26851607286311741,0.0028279449922811706,0.23201193230315162,0.14469855040734036,0.0009209848356764817,0.67261533076784596,0.62285306136866714,-0.20293982419588991
10045795353,0.27350855334054147,0.32934081959469275,0.0026725084484714562,0.24024187595024618,0.14710066240927444,0.00089228397349489039,0.42484451800772122,0.36089540765911737,-0.077972781920008352
10045809175,0.20714356756557231,0.38028518649248677,0.0023339008674183683,0.19516532477202156,0.25158356926198794,0.0010050074496942391,1.2942302714862981,0.78492930755260137,0.17004150797284831
10045868856,0.28596889751935367,0.23924104852181996,0.0025019356611508349,0.22877297435965885,0.1524542716796233,0.00086090349396872681,0.65511782842848232,0.62928639085432436,0.22463485228515115
10045898593,0.28539061945773986,0.34868796809237701,0.0026201371844736818,0.23881402972489074,0.22499680519647849,0.00094516963959188557,0.65677842260498664,0.45473134174220137,-1.1572995255280896
12044649575,0.29114449013481625,0.4199128830853428,0.0027998263389817871,0.22233190032110109,0.17634734774156963,0.0010568937060555098,0.3195696631809738,0.69121268987968332,-1.0121595060366011
12044924063,0.28886473334932794,0.39970546364708281,0.0025828918547810037,0.2200089437413176,0.17873956919037848,0.0010914883907768094,0.21150200527601815,0.41871496744598652,-0.17346343066510655
12044979074,0.44027438961651327,0.17029218151768274,0.0021116709264644698,0.25495573892396139,0.15648263329279752,0.0010954659952045734,-0.32878149342196616,1.9946549169269079,0.024583314023245095
12045021564,0.39114209465154215,0.44897965523070932,0.0021824163366553767,0.26791654938554027,0.37382462967321745,0.00085313061069861907,-0.089022732779911184,0.3211798919889281,-0.62192369407134396
12045478526,0.42433375330621098,0.35058829022838345,0.002143334048903702,0.28960038739920502,0.28551923832655834,0.0011009425132866388,-0.20119275133268383,0.4482682053914393,-0.026006292057812706
132872354,0.31947107519318058,0.37622298392523168,0.0025842060745867104,0.27079769712063351,0.35804106242158767,0.00086684458776465094,0.4789465479245707,0.7016227143313819,-0.68413973422590935
135114844,0.32307867047247668,0.2731443804479442,0.0024823362693717627,0.2432035055872678,0.16498635583738774,0.00087844337691528719,0.31423563896403883,0.59774790855495796,-0.82633251410309883
135114980,0.33278773520915861,0.3562787579439004,0.0017644211461735849,0.29305302417937795,0.30803929945663056,0.0007270862909703516,0.24754261668756652,0.35371636700259113,0.47564671403636988
135115202,0.32796358471705045,0.33448989283255276,0.0026340223819948708,0.22534523260902353,0.19962555959314379,0.0010456567437954849,0.17988751336632613,0.47444767031134732,-0.55338316720845537
135115317,0.41223677761428562,0.35338970962958849,0.0024051457224236183,0.24857285563138407,0.33183988320908703,0.00090540062582645218,-0.28263471344370378,0.58892857989519365,-0.30266720163240735
135115501,0.37746702955763878,0.36051217984227557,0.0024268645115699933,0.20967140961573263,0.2747629792375707,0.0010403982287104797,-0.13932721499037989,0.32520345310150606,-0.046986796659924536
135115675,0.32887682380147937,0.42027725602329435,0.0025274106401671553,0.24864604924821299,0.33706280048838066,0.00087886547810295788,0.22666317045706152,0.39533987188598474,-0.76831216132762403
135115983,0.30013519308710668,0.14404715527397949,0.0020403088209316762,0.22749636290562306,0.17464821005685852,0.001155878952453614,0.83952613452760905,2.2432940914194113,-0.17848973953920819
135116101,0.18926681671203835,0.13580392522135085,0.00218519187691508,0.13042436694684431,0.087924930249657696,0.0008530242812237823,2.1754691087030502,1.6163976984243433,-0.37323651436741401
135116270,0.28059647699135104,0.15649397797522718,0.0012385139926548911,0.23460316441083551,0.1553970594906732,0.0010899847488451987,0.42584204340215354,1.6369230385848632,0.56154185360149189
135116324,0.37291104354355642,0.22128105873100049,0.0021502101218551163,0.20655505121841722,0.18192416226602187,0.0013915845456525205,-0.22535984829372158,1.6547061922648119,0.066067393695442539
135116398,0.40763912032479382,0.23274041302655607,0.0021995050268546639,0.20643206465907457,0.22940484650820858,0.0015071001376794119,-0.24898478914808897,1.2314508344158883,-0.054365901447720084
2064729309,0.31484202779397036,0.24282828815903665,0.0010869976368064291,0.29978910471421139,0.19895227829995854,0.0010802354025952771,0.8430162078331559,1.3921914397844444,1.4002537297261224
2064729793,0.46665198574308914,0.22856078060373672,0.0018085898039215175,0.29536473808127101,0.15677343458429152,0.00072605125773927211,-0.019880203085794149,1.2828554249824236,0.7111486463565343
2065524674,0.32445758769649014,0.23625053344166,0.00099872881712161012,0.28787567079498116,0.2267671995930664,0.0012790036524837254,0.86733900141323816,1.2052264646996378,1.6153054505705031
2183279459,0.27698132094000022,0.4371175187420856,0.0024625439856465108,0.23049369244690229,0.17551178646178597,0.0010209053432882515,0.72024006370827665,0.35451650523567185,-0.89519795871221097
2183292799,0.36440351587590342,0.37348463123244713,0.0021362369140073352,0.27518563096466619,0.20540923063414193,0.00091642000483012982,0.20100812278898472,0.21050679506874748,-0.49973972064971023
2183301183,0.36544296035958584,0.22523547343495504,0.0020499358298088897,0.27615902006338733,0.17118980384975102,0.00101036197359841,0.48505103571687874,1.086474999313348,0.13831009215451553
2183306153,0.38628042868259543,0.29126113867237419,0.0025802925849033897,0.25833692193481672,0.15200071118625377,0.00060046238174159435,-0.13349083475885268,0.54962825753260069,-1.8291221285847272
2183308589,0.49125882750221667,0.40913163656801566,0.0024579587543252582,0.20172154432653214,0.15738380063229543,0.00060492451544050913,-1.2914080183316849,-0.50134434817342155,-2.0448164029689249
2183311503,0.40488675887050668,0.27814104299922848,0.002151145477380218,0.27610373791671278,0.16248287247233559,0.0010619270716561524,-0.0049795841584374832,0.65177204832702962,-0.52994659623819229
2183317649,0.396545388541369,0.28946565907990018,0.0021656098218631372,0.27561741422596026,0.15453194048881536,0.00099905037111487085,0.047594222638597458,0.84754823904180998,-0.18592594627647221
2183319977,0.40745824005849224,0.25062001044725407,0.0017716101396897702,0.29745885966777252,0.16696804508735089,0.00089022197970260752,0.47640297412657728,1.0041098486399807,0.83610634737901546
2184089934,0.24990458427292062,0.35137936233603972,0.0018234607202357069,0.22374410253383459,0.21618655023055344,0.0009327185865856039,1.5808059462480111,0.56928354581422558,0.27531021891146007
2184100902,0.34659900310118752,0.33398803452331766,0.0019249347174163628,0.26116928832488323,0.16212183731942698,0.00078172610173146803,0.20009171083214605,0.20754281863598567,-0.8336323889426811
2184117824,0.38811164681996868,0.21836239134284122,0.0010311100448545882,0.33629642169641472,0.21923689310014396,0.00096233338535795269,0.4971454956916474,1.7038341602283127,1.662860140479653
2811278670,0.44362956902895684,0.22914649114069821,0.0018497174522618006,0.25679202766784109,0.13988414015534525,0.0012846490949072213,-0.41420658233663005,2.1512326321593807,-0.12465610914217951
2835779103,0.36441898402359407,0.1322546671919328,0.0021267341894139094,0.24272755268725313,0.12361583370441026,0.0010858299269859446,-0.11181248041204608,1.422844099859855,0.34981280035148238
288044415,0.3746290534733604,0.54550434698419126,0.0023095729631329464,0.2625168226130013,0.3895064952440887,0.00085530072590663572,-0.078891596970702776,-0.13176040561975619,-0.37436107722032413
288051306,0.38220638023859005,0.25891869137786183,0.0026017315123657361,0.24817972466113533,0.18251126448131419,0.00083561874695413244,-0.10920896094309114,0.89394749613551505,-1.0572602786295331
2950994233,0.41203967425634008,0.12521250666582417,0.0020270477303598804,0.27169266401930781,0.098182484939942208,0.0013352027184723204,-0.13397494705332386,2.2803919582109446,0.45116631468999607
2951008473,0.26544167689532877,0.22677781098590924,0.002277639759067114,0.23931371104599169,0.16986907364147227,0.00076258423515891021,1.0991379400761616,1.0214795977068494,-0.51862145936969695
2951061755,0.28181732138196991,0.24412616992506811,0.0020606984595668196,0.2175295669716675,0.12581856731706156,0.00083728326775662034,0.85143529513936078,0.89457803857557205,-0.63896104225179406
2951064223,0.26818166530651977,0.23589652439205808,0.0023375824067663519,0.22411130680670086,0.11132254269686881,0.0006160472859839583,0.82747256439378436,1.2283742913822921,-1.3593403661563144
2951069467,0.40482055252011778,0.10474696818369937,0.0021998092631038482,0.27426353283837474,0.084897963022841527,0.00084770203574389188,0.12996147372574798,2.9633796038545142,0.11350358612889798
2951102363,0.31479885432304922,0.32574328136694025,0.0022838002614381302,0.21537677310292647,0.186182318414778,0.0010436492701717834,0.6144341520510016,1.2223817122801894,-0.30358315632196187
2951841806,0.37839312414270043,0.14450394912748904,0.0020524383339738522,0.28054351914770392,0.11026923586192881,0.0012423625529705241,0.13749575689520752,1.6759474261989773,0.3901437898789637
2951846628,0.2640421131657969,0.25773672906358158,0.002249874191977488,0.22804949909051322,0.10844599316850857,0.00061181268544445032,0.83940930370704914,1.2466840333949039,-0.3139202307723104
2951859592,0.25962074299651489,0.19297291065288863,0.0021205801666026587,0.23895066071293961,0.17398274509111747,0.00076700818836189706,1.1341912626540791,1.1678057349669619,-0.42326558978099987
2951861710,0.32404678748201238,0.18237085207461901,0.0022661852108160248,0.24360129421784305,0.11165731786259582,0.00065784037695883299,0.3941563643942248,2.5809303226384057,-0.659633507276289
2951910186,0.34254523660211,0.27778198698028439,0.0022590699987182958,0.22227959107946543,0.14863984300720942,0.0010396639513178083,0.34448190441777865,1.4959257665467152,-0.44121662781265863
2951917734,0.37322513842005989,0.12652148017321446,0.002235999241316078,0.31058232746821224,0.14466260651412938,0.0013489128504128025,0.10635238909065622,2.38712942274493,0.12394527614659209
2951944040,0.22844997195722047,0.16717564521655565,0.0021805047699602655,0.19859551759771249,0.11374107334550544,0.0005698605823202872,1.698396330200814,1.7741151785433871,-0.81505744791137036
2951950136,0.30127564009920282,0.21959846339171504,0.0020361576624374155,0.15279994285254386,0.14162297737480486,0.00069415612972460478,0.91913878018020578,1.0569306246544892,0.5059738167615031
2951965474,0.29969326800525792,0.25085346609722453,0.0021474526207867117,0.21903404200119467,0.2100372381543831,0.0010787497756005971,1.1482933901112673,1.187961270338725,-0.036257484713143703
2980998033,0.39236735716570109,0.13149525270901524,0.0021832547276686874,0.26762678388417288,0.13721229833432919,0.00092194269109762696,0.32154104501435737,2.5424543292645225,-0.02761199728070211
2980999601,0.39478951335975448,0.12503886068978687,0.0020784460265983696,0.29840575910107098,0.12339335158081877,0.0010058854796705585,-0.0848335401352876,2.1799956353833765,0.29967944807914354
2981858036,0.31898378309988462,0.11696070855935906,0.0017110324131741339,0.25368231326745161,0.12262518440505667,0.0010500407774072901,0.44504553106055322,2.3297309391641297,0.83144215904554486
2981859930,0.33002579651379521,0.086194575050856398,0.0021209308009739998,0.25215859811670671,0.098485288872853058,0.0011568439317668723,0.21982657539908732,2.2976308162556944,0.27899160452555033
2981862012,0.16495515172485789,0.35720654042145089,0.0019039107625272017,0.12832411154243609,0.15117564290506677,0.0005179173612110241,3.4362725395195208,-0.045010668136589708,0.65629114030360836
3114732891,0.23733041467984722,0.27248114029643439,0.0017000699013199744,0.19829119073734094,0.18605659089453702,0.00083068342584392894,1.400514640083808,0.60618517845289899,0.27389663253697771
3472230091,0.17317617073435751,0.22541285261255406,0.0022781573557560772,0.07718832463832058,0.13703426872581956,0.00090891493403390906,5.7098391780445219,1.5741430916577126,-0.1140960248526548
3472330055,0.21309564144109067,0.3368428721307718,0.0017644242265794545,0.13004097762005495,0.24563606111499423,0.00090921699330874951,2.5716268713842596,0.67057148126673782,0.34557749172330116
3472449933,0.38513217007696254,0.18182408055997512,0.0019207875535050154,0.21862095610291107,0.14298724617549732,0.0010043742984649226,0.32812433173373728,1.0757610312723731,0.1041365251357815
3473162568,0.33388813355322056,0.30989353473313402,0.0014906233192361052,0.17216862490462295,0.21923012304930684,0.0011179381553705621,0.55534449862919466,1.0539128407843394,0.89154168213604745
3473255564,0.29397611283340364,0.18299104850392553,0.0016568259460646869,0.22305951113938638,0.1418605431521647,0.00074604913121851125,0.98304301120509963,1.7560948772745901,0.30351617093009048
3474151758,0.34991758484585556,0.19327809051914679,0.0021608382490251538,0.23884624324791809,0.11388268594302935,0.0010925908385589641,0.19566523676956449,1.1800003917919053,0.1299552789217262
3536116282,0.16834948873056835,0.63557180650192513,0.00061161928489041637,0.23925771633717824,0.21626293416788281,0.00066280228759107627,2.6316236882369948,-0.63941341565083687,3.6040922863014027
3629159169,0.24423021560714339,0.32674057889398617,0.0013543437549659292,0.14519471629442007,0.20123638433555741,0.0009610039207017582,2.01668228074911,0.66018850504028259,1.2404141734365781
3629163439,0.26874723195647021,0.2029875738928226,0.001990271885172059,0.23555450305223599,0.22575036773260662,0.0012660010305213163,0.91227962754634362,1.4722715670746827,0.33174495549904548
3629171779,0.25607041216219761,0.30920370607546771,0.0025239319851338544,0.26477437086493094,0.21950039726745046,0.00080869074078556314,1.0739242180932838,0.75450408534957092,-0.64719219257344407
3629979914,0.31348376939243466,0.12742491586222124,0.0019378357657307995,0.26032135442853022,0.13392188796646734,0.0010928131438026594,0.62928193597952975,2.1165220898421739,0.4277966126609124
3632560595,0.50329811937648294,0.2969763108926316,0.0022420657490706541,0.23393710290988887,0.19110400945292599,0.0011662571344961434,-0.66290712731536094,0.28928990966743456,0.30319592467038092
3633366466,0.35717116336020333,0.17085837278268456,0.0024799623529409474,0.25146752933422528,0.16420733483873048,0.00096832252126471615,0.30263103960354049,1.2256109172886831,-0.61710602891488542
3710731224,0.45259780913697706,0.29215206648376801,0.0023881474328591732,0.21566302338682089,0.18210155213103549,0.0012780523969185746,-0.41646440985215072,0.73234833289539936,-0.066556659084885381
3897478187,0.3831354843538079,0.34238740924313721,0.002389082107757358,0.24552863932108895,0.23464542387079687,0.0007020147468709113,0.032844872997834861,0.21243279058881695,-0.90062430946249072
3898269458,0.27297006801122559,0.27248296415014156,0.0022581511524571436,0.24168694709757135,0.14541272175908501,0.00081446671381139564,0.90047030329078626,1.6548941616528829,-0.21315216877371052
3908173658,0.37651045769031821,0.2694512437590737,0.0022397425095651434,0.22709364931079762,0.27569380799895049,0.0012615183657110006,0.32528485068206342,1.0499117013982078,-0.068743105670265856
3951789739,0.28030775996560137,0.25935774316744403,0.0022774767858514287,0.25088342309000611,0.19845873257428454,0.00085384344568997534,0.78441290111007744,0.88962476266902268,0.17620536036520143
3951800783,0.35601616783603124,0.24352583061612598,0.0021616485966933457,0.26180194746318791,0.22146742862069818,0.00097254039136961275,0.30944259525106643,1.1108793028553987,-0.076429787141303815
3951806833,0.49372153893806986,0.34675123053864237,0.0025545517570164755,0.21616590229798058,0.19962488093000194,0.00076781096316409607,-0.91441768630908415,1.2604879506850009,-1.4178929876032318
3951834477,0.47851682994685757,0.24943209740134809,0.0028892144252206128,0.24705609686534183,0.16910162887482158,0.0010613418173098718,-0.32868889072795215,1.952349762550029,-0.76163011023769667
3952579860,0.35601616783603124,0.24352583061612598,0.0021616485966933457,0.26180194746318791,0.22146742862069818,0.00097254039136961275,0.30944259525106643,1.1108793028553987,-0.076429787141303815
3952588018,0.35895166195897971,0.48134316814596761,0.0024971526691760044,0.19409637957539638,0.21012693552483361,0.00091489601257126283,-0.046240415515174001,0.17383176986026511,-0.055194619243534991
3952607184,0.47793057816306178,0.32399091377075001,0.0024082305984874444,0.27992195032010442,0.22524059846769984,0.001226520334124057,-0.23406530266960232,1.3926121820042576,-0.21015863947216257
3965822399,0.070880818925100161,0.46893727140259045,0.001616187087017768,0.083979164593497801,0.17893840407315523,0.00092244074378807026,7.9721119976634611,-0.28034698727361146,0.89414367592370636
3966587496,0.42717188478107498,0.49474429710003553,0.0019460624678831425,0.19176640543077811,0.24657453706860474,0.0013025143980648106,-0.25555952346351218,-0.37824112368693158,-0.080915813706708292
3996164462,0.38211337286956776,0.34075992263991728,0.0023852642495834574,0.2450986613546986,0.23411625861508145,0.00069754380411723158,0.040109517152130493,0.23508146842359839,-0.91389401657833014
4251521178,0.41628093242483122,0.20447328492433284,0.002350743047545829,0.22965298740203588,0.16953336048388776,0.0011311820657703621,-0.45499997060451353,1.5993108362911077,-0.71469610409225903
4308661997,0.4759339175217277,0.13961170823122845,0.002481682485419915,0.22027059831343412,0.11967883585614487,0.0010853949552996672,-1.2689764527544967,1.7108709214122293,-0.33744953547826434
4308678217,0.43996622109357603,0.10369001183942561,0.0022691443050167266,0.24756870153696972,0.098845037788870063,0.00096965984239639233,-0.6092261070310051,2.4213641749540664,0.12123179737033384
4308743207,0.49299318448611557,0.12004065136246247,0.0015708055752421725,0.2208668614469434,0.1052890884918095,0.00073229844254154262,-0.94592275852859198,2.1369659540135131,0.83418421405209298
4308770173,0.40201893926176407,0.11151030356679967,0.0027673169262974833,0.252358680624166,0.12842609676284694,0.0010569380812495948,-0.4803825463231246,1.7665809824482372,-0.54580395316734676
4308895697,0.35384693229032088,0.090207342994877857,0.0026375943450850561,0.26756795336486144,0.12586031436106898,0.0008999260661791004,0.2854808785565352,3.7758417358893865,-0.53245295040481011
4309410298,0.44431392721800222,0.13547008131164015,0.0019266725958039669,0.22815927559849247,0.12994095886023599,0.0010317642565138019,-0.34212762362394838,2.8037811358989679,0.62203457694090158
4309475372,0.33301927223827704,0.17807851456899407,0.00191493799882328,0.23080172460194057,0.16170417903215856,0.0011735036352492887,0.49968927588293305,1.4093396092219448,0.55841163748777445
4309531528,0.40033769159368005,0.1335371010762377,0.0028042013498049728,0.25653699733995494,0.14854661669616628,0.00093781578357837216,0.081483900899699091,2.6075066284782973,-0.72918149708839719
4309636706,0.34096923452161904,0.091844109702168303,0.0026757785467128241,0.25660912619005277,0.13058041342045862,0.00080975476642821201,0.38286924636367792,3.9632540290690379,-0.41872598359171581
4312634071,0.25834108173158921,0.30777257669859615,0.0024187530282601538,0.19276578103891856,0.32993694537580553,0.0010817270756114234,0.92023671740919077,0.98670340596833739,-0.30329711804939324
4312636941,0.23948862882507266,0.32393838448322454,0.0023194508136348923,0.1857122713771438,0.32202974770602855,0.0011134790162130887,0.84002467114338863,1.0130105228375144,-0.28541066530471509
4312639443,0.38611335069454117,0.22570817602466514,0.0024600269590467935,0.2436218243329786,0.27994136707374556,0.0015072685019171404,-0.17986977542127858,1.2391744428279787,-0.42193556157896006
4313364034,0.40002937066116517,0.22946088087902916,0.0023405006415509284,0.2133709493263726,0.24419066161950834,0.0013979827281991551,-0.27582954688353545,1.4265342663735923,-0.27984076614601505
4313369118,0.25599912128012736,0.295822538562451,0.002315699892997155,0.1839716386072206,0.31054850013453467,0.0011014956401669582,0.95089687297709069,1.0610476181661297,-0.19102434733543347
4313371366,0.25058186109761899,0.23407890707448151,0.0023457077213115299,0.21250341207538936,0.24112671610695968,0.0011348160042779819,0.84021473858247842,1.6345275645072479,-0.11008673715428968
4316681859,0.42756113102800614,0.22008900322482974,0.0024617279712930754,0.23985450255680654,0.15940926426734398,0.0010570654712110485,-0.62196756868255398,0.27699370529952083,-0.15796556534552947
4316702171,0.32790840892098505,0.27503809446660438,0.0017342694245802673,0.24987294831006895,0.17443863297418832,0.00098787852624909029,0.53214293389533929,0.8538672957825959,0.042828773268043588
4316736733,0.39022339285891439,0.4648058327772675,0.0022105266179672177,0.25452600448798951,0.25858804899283316,0.00069815580968146977,-0.27547983834792816,-0.30733344648788741,-0.15090905723359546
4316743975,0.22157734994117947,0.36491318572491555,0.0021239084454695114,0.22633541634653989,0.20212779285428362,0.00076188526638827614,1.1097426797025709,0.65469839695944454,-0.70396924998024357
4316746457,0.29931354847919966,0.38053487071403885,0.0019331843444827317,0.24858288782349708,0.28763112941084717,0.0007567516016715888,0.44158401456693619,0.21747628846713229,-0.23320426305711781
4316751509,0.21814797419612464,0.32878947495625099,0.0021985509163143144,0.22659954681688299,0.19009028957160132,0.00068945538021057283,1.2354763196080205,0.89398585542774445,-1.0375250990666336
4316754111,0.40345515490549649,0.10003924623462682,0.0023402122875812582,0.29806097096285622,0.10416607085579685,0.00097709480646328392,0.064371353887442473,1.9558563044302535,0.0021997316586283263
4316759251,0.15436595120126173,0.26671303752115461,0.0020781835909265221,0.090824982117313019,0.16693174325258722,0.00071419131325054115,4.6086843575026606,2.1842793622805416,-0.95378514308092677
4317425172,0.44948102180331578,0.2989579239441218,0.0020337371780086858,0.19521811336764336,0.10467133404801071,0.00081600539314808946,-0.69056952286079076,0.5831978632485707,-0.75654866492273187
4317467692,0.26214032902112233,0.25973952772378023,0.0024813954837881527,0.25654741885237842,0.17173678414078303,0.00063566018859526681,0.88819865880961124,0.74854467633698862,-0.60139111262166767
4317472438,0.32027356556342862,0.37367926623225972,0.0022265403972829985,0.26486724994808131,0.25759883477259932,0.0007646503348018391,0.35674459968530065,0.38448004208725983,-0.43694677701711987
4317474802,0.31644955104963057,0.43325975797085481,0.0020526748788926253,0.25495327865630629,0.27003965097091209,0.00073687819118560083,0.26883470620544048,0.038283500149348747,-0.32276288890658716
4317482112,0.38062884650433171,0.42273228472034469,0.0020021436678199335,0.25273880628744383,0.28919283325379597,0.00071857827224941625,-0.18562392030466054,-0.15374735883937035,0.11523710356020919
4317495448,0.18859685047712535,0.35737658151418072,0.0020162622170959189,0.11755845487251844,0.20234095551604642,0.00080096837821753595,2.0501557745673362,1.5017784351078478,-0.74650968510504845
4317497880,0.39403264288585216,0.27968641268164857,0.002278239241317525,0.24772674212201048,0.16950758077568678,0.0012051780023382955,-0.15417085813330997,0.73146948789539012,-0.42924747900621024
4476079117,0.076273952860507366,0.23821075025915694,0.0027689481253650896,0.096588000507595917,0.11874326998332349,0.00092970344440331779,6.8707329033765721,1.9111574540706322,-1.4290758503093897
4476079181,0.092863899078745649,0.30446939847122784,0.0028349548606662976,0.076242947265858008,0.101320531685447,0.000909371013496209,7.4896914741854443,2.0886446132523995,-1.6654289282796031
4476079309,0.093494712126772642,0.3028476039515437,0.0028863063302490681,0.073919154262250125,0.11262688918625714,0.00089422181918108576,7.6737528935909749,2.0729045403936923,-1.8734475737738683
4476079389,0.091371549197670182,0.29969796726906595,0.0027465629948676246,0.061295035027664285,0.10340242366241292,0.00086956805528031508,9.1737555099902366,2.3267324813881993,-1.4315670417092081
4476080461,0.0986221527195838,0.44495973310041947,0.0019937833282515759,0.16035516163715782,0.24759243736132808,0.0014550168371177481,4.6377252714400159,0.77299320426064289,-0.29331788464892578
4476080501,0.08640059099957785,0.39398988759634934,0.0022025878875708777,0.10705401996959873,0.20976073753304667,0.0013791039622244458,6.405311207967836,0.93295449609490422,-0.56732023923680519
4476855112,0.092902066635937891,0.28201032681249011,0.0029012957091636444,0.068814385250781429,0.076216812827705746,0.0006570320923400424,8.899768538181549,2.3524530159016686,-2.4756300751689531
4476855160,0.098731603124749032,0.35006328662097264,0.0027356024944892028,0.068744767714397831,0.090060971155379282,0.00073406467007049636,9.0988953493833229,2.4857578844039376,-1.6984525354531994
4476855212,0.091157511968298702,0.32481708208409055,0.0027330657580535542,0.071775159255249854,0.14008461130243713,0.00092730603885856917,9.3006800272332981,1.915506319781624,-1.4410783981591913
4476855358,0.10951771902877278,0.24062034462330892,0.0024100956700961948,0.12246004112519757,0.1108356609601189,0.0008820924713036528,4.3961887569065956,2.4628390920537995,-1.4046884370058879
4476856270,0.077452083844946257,0.24274648067495258,0.0027730287496263266,0.10491190500349472,0.12325157059018821,0.00094103573559827511,6.4459205594230999,1.6741456809445299,-1.4324169048865585
4476856682,0.090389154073233391,0.32261404296318141,0.0026403203895939615,0.079752958435083413,0.12793052343660508,0.0009879552537193951,8.037389145518123,2.3086303164366684,-1.0783106149917248
4476856880,0.080598416721775118,0.29130098460380049,0.0026428239138795761,0.082295329691693966,0.1337964396123715,0.0010106590165703561,7.0946662077663598,0.94884890666586397,-0.96978263833023293
4476856946,0.07798592355660848,0.27032714629579785,0.0025816138379825531,0.07844554496639998,0.12064745778960023,0.00099137740372176836,7.274998213738308,1.9952668060301522,-1.0441131702196329
4476858062,0.091218941816822247,0.33722078120154231,0.0023909726319370547,0.10533383849886893,0.16472083133582149,0.0011925366909057149,6.2515632167301201,1.6599644834554093,-0.94085876754324604
457715096,0.34301378465514942,0.29174818582769879,0.0028138590262694572,0.25817252040432243,0.22846470601933683,0.0010138549986443062,0.078039179159043195,1.1702913277848994,-0.69989442024969195
457718082,0.34398963030829949,0.34595488277104081,0.002615236320519034,0.24384010245434773,0.18493621735710089,0.00075518216587743654,0.23301335586484959,0.45959748666628386,-0.89833088880092482
457721934,0.30277884853894982,0.32013203302278553,0.002544162247599346,0.24163652749939502,0.19764899392412139,0.00096174508308970565,0.66226798104897211,0.44803047845571442,-0.35994015095209658
457722692,0.34269755062846102,0.30878503464891599,0.0027285382729906695,0.23863927349246239,0.177715308243305,0.0009125458220396711,0.15131272744857169,1.12788079286849,-0.94066679484930382
461593568,0.28867101597140271,0.27252568931745363,0.0027905174840354477,0.22980037123731056,0.16847710547217801,0.00095244247217959258,0.57452386159006819,1.6594018063151466,-0.86855537096262847
461597998,0.33654528150312046,0.36191349467043465,0.0025821812585363102,0.23160152231073455,0.23032846386254968,0.0010550404138218554,0.26123461976643164,1.0234692885631711,-0.25211683483318093
461600955,0.25849731913587659,0.23123380731140616,0.0019007678497413127,0.21797613506219995,0.16447356112541667,0.00098176323448821321,1.0657076947680924,2.0397708173425046,0.34949143378908876
461601946,0.22691318124729093,0.23643044016881865,0.0022678496720478082,0.19900155198567765,0.18833892360547613,0.00099464503120589806,1.2839954575847341,1.8212964550238926,0.10323169017571121
461602133,0.24169072751396062,0.27471846584937726,0.0016544316404063304,0.21327555158404995,0.23528038322614853,0.0012141179598120625,0.99073023209572653,0.92365944048590676,0.4205414203463046
462896945,0.23976440795198903,0.30246404510686453,0.0018632139867662862,0.21632910733692987,0.19976429340165366,0.0011381288491142763,1.0545247842268863,1.1418648608012187,0.55943211120922465
465191337,0.24280024893289423,0.18562991428198772,0.0020289030899410614,0.23070351376227458,0.21381099324888544,0.0006856186973720396,1.3292132594498156,1.9816985653473456,-0.37694882069582109
466220980,0.22369054281516954,0.27957366686777163,0.0021013510858028297,0.20660173524804612,0.21967651047677345,0.0011815481520545336,1.2574570260258358,1.2256363005793915,0.35514953569321073
470006382,0.22878113565925104,0.23714295926936779,0.0023358272228398758,0.20891673162991062,0.15556060819093984,0.0010297793940605815,1.1739480329869143,1.4126227804229399,-0.062231168929601344
470019825,0.25050301882627746,0.25152947441677076,0.0023906936232656289,0.21575479766310487,0.15899636397467901,0.0010559443288578724,0.92298857119219413,1.5087431282299286,-0.58945839074760142
470032783,0.30920927288843997,0.19049173838921352,0.0024656620634474426,0.23297917508596833,0.1488693342124113,0.00085119552700876325,0.47524028424006248,2.3839950873183837,-0.59129350965210059
4761830880,0.37706041828407932,0.13237195990732592,0.0022510771766733381,0.25480425550625013,0.12304732110347776,0.00063588524754879124,-0.15288241894768564,1.9035951931974406,-1.2788365732315805
4898405013,0.44765998861789447,0.12605713839367277,0.0021354279864553211,0.25830901508505755,0.11619326932059741,0.0011083823256690236,-0.047291690112888952,1.2595074972870004,0.40398569894696273
4900990689,0.43238371790334768,0.16239149000348005,0.0021377044047005802,0.25130349816005831,0.11631644839781971,0.0009538468688675704,-0.18841231482053528,1.2628753048795118,-0.40065649046955881
4904458042,0.30804542381319783,0.15819632302256822,0.0025739178165950132,0.23451304586449781,0.10704707829690555,0.00084997981125495964,0.49421736973151903,1.4192300881245921,-0.8414331969544373
4906971826,0.36651308875109445,0.17342404610515241,0.0020619695853770488,0.24852884054500729,0.11279793946429206,0.0011366421576427773,0.34422582769493043,1.5676429304191548,0.24811311741480915
4909428001,0.34350554772278036,0.28671650696618867,0.0027205430719416186,0.26792432260689858,0.16087163240350086,0.00049900311918878789,0.082897563261799964,-0.32766350317537618,-0.65808776965448113
4910005618,0.33807293338905475,0.14105664871240747,0.0026079109517649431,0.28498186070118747,0.092836682612111962,0.00094483583764124368,0.32076418987392213,1.9564032778610061,0.017149934865750335
4912099789,0.47815778055712715,0.13343205573414671,0.0028992862800683453,0.21826267738661514,0.074540827429100703,0.00076443249515031062,-1.0163060839512645,2.8734522212378226,-1.1898267327063854
4912686098,0.47859848715028486,0.14617284114791221,0.002290482900459898,0.24351181125091997,0.091821423308222586,0.00071605020042983785,-0.55207578903047871,0.80284232155881929,0.046698719691086465
4918999221,0.13066130581634194,0.17965741269962004,0.0023722086500557885,0.17583779406781722,0.11089091157304828,0.00091892495467803931,3.5498204709902397,2.1837503351387459,-0.47411379341563242
4919012305,0.22322528117406953,0.20507524247479489,0.0020777490585177391,0.27603872781374006,0.14478466776853807,0.00090193606322901392,1.510007575827671,0.85227306357228072,-0.1983036992142766
4919012315,0.29391329512723535,0.18588387589174427,0.0029338252664636959,0.25444148577763859,0.098859844952652806,0.00081910577011531352,0.71238041466818924,0.69863355825197571,-1.3038315816552679
4922244491,0.40140183094447623,0.16790832565924313,0.0029325000115803155,0.25573529085196767,0.14355337579646454,0.00090724663400744648,-0.071070919018349318,2.162100030130814,-1.083270779816276
4928814004,0.41481577839084799,0.18289252481594445,0.0018356774734461883,0.21612026569296788,0.13182457393581937,0.00090948797129829857,0.18906739394669581,0.97190874375588687,0.44377735500512816
4930867307,0.33932749854469685,0.089525502674071888,0.00269806950987239,0.296755530708808,0.087680275973382599,0.0012390123410035644,0.01220590343541878,0.62939508025361313,-0.39327705921228734
4934528512,0.33570657741887328,0.14515752701529608,0.0025575291245711032,0.29162535962990649,0.16729156748299692,0.0013443160494647931,0.34094530750825708,1.1663027912826502,-0.24128870538339184
5041767379,0.10165839283846732,0.68293638240477961,0.0020149516237343507,0.018141626043685261,0.10089560429439501,0.0009492736373852193,14.156792882843025,0.20265667680583296,0.17586791640255067
5041772573,0.14752340673757566,0.56378277448654701,0.001744201686530813,0.15181645977799363,0.18201266867063418,0.0010060460720959299,3.2414246835332516,-0.7781658970003773,0.49756773892047546
5041829373,0.27788861633082079,0.12879337535019111,0.002269072391511865,0.27509478125649972,0.13553702278117541,0.0010203423410807201,0.77640830644369629,2.1637499234040285,0.16947420811080541
5041872853,0.18620497287627394,0.55693045142376274,0.0020941940074330357,0.19832219619851826,0.34729118711675699,0.00084725905733799378,1.5739106916475072,-0.50337475361236261,0.22708337235706724
5042020745,0.10996726762227577,0.52781047587299668,0.0015931327335639159,0.0562507273608693,0.19107813902999776,0.00099246969725400079,6.9871787103287737,-1.0876753388513549,1.0528442430035847
5042415222,0.30401869590589953,0.24412565176564288,0.001882575132641121,0.28585068954892584,0.22820317414021665,0.0010939679662058284,0.65464240166272225,1.1199994297856131,0.7264543338998809
5098166243,0.34106344232012914,0.38388639607646935,0.0025640754169022136,0.24520804274579741,0.15476655459965732,0.00061667450450309598,0.12900662439298363,-0.12722611788140878,-0.5908345114649538
509939988,0.38884019842777667,0.25712811980512434,0.0023285301345637283,0.25109241393535964,0.18331175912820752,0.0007019887304877409,-0.13728228257597874,1.3132339326658391,-0.72251298418808907
509939994,0.36253619477496801,0.28138202516528077,0.0022709379264384821,0.25437790171974772,0.19413528548964554,0.00083690408121600611,0.10157747259949201,1.0253666543631199,-0.46343582394649396
509940000,0.15673636234221355,0.13664812004691149,0.0022949490401123459,0.20283051099748406,0.098205367333525279,0.00093135972566480341,2.3587933906534859,0.88788942636204049,0.52544192029534265
509940004,0.33032573584252223,0.18558102345347827,0.0021237349737278088,0.26007808684095862,0.14441810139762129,0.0010454992310888903,0.17934881590797308,0.63086239813888545,0.31962302582359314
509940010,0.35411385054264832,0.22590099695713237,0.0022922261489171534,0.25221409427144531,0.16482580387178725,0.00066808518228793497,0.01866574000245709,0.77324532281320679,-0.41437977184953634
512080155,0.4070452687507351,0.23356144096372955,0.0021751527361270756,0.23631069456095263,0.1075334771565104,0.00078318188746228051,-0.39092616115590878,0.81229448996367892,0.57724299321093264
512080161,0.3952705191525519,0.18548924588744312,0.002477965254389254,0.26050353637624352,0.12080562074610922,0.00076864216968320221,-0.14219289954094549,1.4452386427843746,-0.6207735597186812
512080165,0.33444257051451248,0.18223749916688864,0.0021679316365498615,0.2555105882857035,0.14129521194275962,0.0009422071700310792,0.11672405026061645,0.72502406846894596,0.41343151576409981
512080179,0.36510157331927573,0.20524430618271911,0.0021783541304626407,0.24636085164727836,0.18669460674024441,0.00068844353703631544,-0.024223125365833664,0.9211249180564447,-0.13817272847819109
5175913491,0.14996715560965176,0.21603139867672871,0.0021708155972399229,0.040212065237712827,0.13036582570085756,0.00072534778936891376,4.2853308813847928,1.3158696866895523,0.66159981588641648
5175914251,0.30820157552137661,0.20577084976356882,0.0021237220332191642,0.23252991059088121,0.24521736580630726,0.00077177781075892535,0.38835966732658195,2.0172848199073847,0.1551972771856345
5175915255,0.098036931388116935,0.36144226598542328,0.0024290120582991905,0.066679530355226849,0.17222031194530527,0.00069213698593653672,10.204969924412614,0.13206417742724724,-0.25996170085321701
5175916261,0.31507128911567905,0.15864211619564658,0.0017335139407917786,0.20534777382239955,0.17717213479182098,0.0010978680990459228,0.341930837647478,3.0093505587561689,0.82156345120777963
5175918109,0.25672289048504332,0.14004255529673812,0.0023265384688106617,0.1487808496926597,0.093243119788278206,0.00053583003404509058,0.60447790842680937,1.9001992907457659,0.88784004088684942
5176517974,0.34738301952531486,0.098499362234463636,0.002262740135583201,0.20544158187860531,0.083630389509914346,0.00053375894912593513,-0.11066554437733828,1.8557128813458927,0.64862188123667808
5176518500,0.26272993830277158,0.12241793856376658,0.0021068545763860691,0.29400241433344193,0.11914273231181031,0.00075002632633797855,1.183473451382314,1.4279137301995664,-0.037447301368750116
5176521224,0.24204242078860688,0.25742374218971903,0.0023155954313008667,0.20051179548391018,0.25156003466732219,0.00096315331381159846,0.91725198339087877,0.94627757429023807,-0.0048861686850775882
5176522476,0.28915034129915623,0.12395495253359376,0.002699987332573242,0.21181001332380997,0.096600086346046193,0.00070859341616786708,0.69482082178926508,3.2528641276249539,-0.61704588498624224
5176522936,0.32394752796624554,0.11302718482998304,0.0024251930180698754,0.17437644499246205,0.089495697448876615,0.00048978663665833226,-0.12107921581951063,2.9070617261317571,0.17739846950998528
5250931111,0.30058171837860437,0.13189408173080597,0.0021272500115339875,0.24291112241487334,0.1045593110284485,0.00077416566051796969,0.8265666932545318,1.1863392448979255,-0.27761433913767186
5250931819,0.24988043688773026,0.26967348070927866,0.0024131537511214367,0.25241925436335388,0.18923005597752712,0.00069651108853849503,0.99357664704788184,-0.16399571312051447,-1.0399415608361502
5250932835,0.22672721545654081,0.2641723614807549,0.00236442279123396,0.22145312147804946,0.17451469686758128,0.00080369075202642813,1.2310281611270621,0.23535471310327521,-0.83885718002763554
5250933271,0.2504698651364709,0.12475402008594029,0.0020384607766243627,0.23119842299712282,0.084441353314050865,0.00057920609882133596,1.0031366555683006,1.3932100027210323,0.095155879662035439
5250933407,0.13894867961379867,0.28971324862222925,0.002153478938869692,0.13229589075632095,0.096197010475566794,0.00066080759310287857,3.2773958161872954,0.58313816018661779,-0.29920008477705801
5251533776,0.29218013276803967,0.11765941514827062,0.0019084885300524523,0.27443236918983821,0.15795341530457666,0.0010029213146697414,0.75728281333691727,1.7922579686918791,-0.58294062724729978
5251533840,0.26286424368985689,0.11785321524682127,0.0023202885454312182,0.24940502331021788,0.086121775783893101,0.00068367431513140394,1.0684817433217424,1.135562206720276,-0.31941764746724743
5251533966,0.23675867900679601,0.18343638249589139,0.002511554259410252,0.21444876070761959,0.10179320646778089,0.00082607471464564051,1.0344217725428388,0.74177102994258248,0.10652888225434223
5251534158,0.23848622443093917,0.19663979089694694,0.0016699666897345075,0.23381836787698451,0.13893632705628881,0.00099100519393421254,1.0123438758378611,0.099508867124711547,0.48867590859229576
5251534830,0.29958923885088756,0.17957885897553258,0.0017607999384851752,0.17367269713571723,0.15656552135820107,0.00083167827578170203,1.2690235010311761,0.84530100637070671,0.26558847617776654
5251535082,0.2303097467935894,0.25109006690186519,0.0023628083967704764,0.2177141829859349,0.10957707204677847,0.00093150293214310051,1.0987254566923137,0.67280670738807247,-0.58828928379271495
5251535492,0.27157675720308955,0.22836892046467339,0.002329969580930155,0.24932260876236584,0.17139022452087221,0.00078132339557727992,0.77416077629182056,0.066341050342568528,-0.26427819804641001
5251535776,0.15740039466276123,0.22861333958059291,0.0023129873945917667,0.1533508713499212,0.092857809719794931,0.00084797860587864662,2.5899246671093663,1.549438194327335,-0.76436403242284123
5251535876,0.2006959085581537,0.16176351164804453,0.0024516014045879776,0.19171855994957057,0.075195714020466001,0.0008857937517920847,1.7051761929658258,1.500460276584773,-0.55930982477263991
5251536390,0.1560165897264876,0.19038526491408547,0.0020919171395613169,0.16379253017447329,0.15618497516406063,0.0011761882108954891,2.0249122958900485,0.69892472209972822,0.30846888059783845
533818818,0.416655025342274,0.28797885569567166,0.0024271746148917415,0.2205470792807617,0.19460866316433922,0.00096340244095765594,-0.48018684212952084,0.09534881686473809,-0.81902559711260747
542075748,0.39615562286086631,0.30932762805330649,0.0020246982750223366,0.23513366208853237,0.15632845658150599,0.0010165711731433841,-0.04487842099381819,1.070645046406034,-0.22172326430180547
544579844,0.23357073280912499,0.16408016359598721,0.0023011904139432185,0.23333702626897529,0.12527681083165609,0.00084648712707336229,1.3899140133310006,1.0172415928259344,0.54590183586442553
544583874,0.22015644741771304,0.15272325522536248,0.0020457788235291939,0.20876040975295485,0.12551840687657778,0.00079449872282427421,1.4144327155211569,2.3015558852725202,0.74975418993422105
544696551,0.4463470389999139,0.28977610663003972,0.002254911516083466,0.24850460358568779,0.16926796696743979,0.00094798560342252097,-0.46266081707970064,0.16836258657091574,-0.63821976921465007
544700743,0.21343892804804768,0.18316283531997668,0.0018721137613736147,0.19863122609413114,0.14005083701779925,0.00078655928050532095,1.5674505236247651,2.0767183810012728,1.1170853941514338
544706421,0.2065802800544789,0.1477483911023055,0.0020785519415608728,0.21953320548803207,0.11175359473582089,0.0008409641025251658,2.0526128071095342,2.0302740079377855,-0.26040907176455813
5655937322,0.35870945829045348,0.41281355924877272,0.0016621608990553751,0.2628924526234066,0.27696077175157813,0.0013711889437337563,0.038271879287881672,0.47585417575228117,0.19780654159406538
5937150857,0.41562620370371545,0.20613671172530856,0.0022520340176858215,0.19853312048166427,0.19610961269696794,0.0013899614661449778,-0.29752710271991634,1.6802313502967523,-0.1995719115595567
5937151975,0.32494629221834426,0.26852737627419393,0.002187652871972123,0.29077294746503629,0.23916652849963294,0.0013314640021141466,0.62879997452203518,1.0526450412502819,-0.0053528796419625106
5937710790,0.3221446984869919,0.1840645113500369,0.0026620986594893706,0.24529764329248549,0.18162339895769572,0.0012576472142706713,0.38397696776933488,1.6673920377439924,-0.5378686155426553
5950655857,0.39562497916596834,0.25054175378087634,0.0024833590612949727,0.22126073120645842,0.165288730716319,0.0011351928232328523,0.21568027763174755,0.58833783896460978,-0.16435983732146206
5950661603,0.32979730308171845,0.11559950149870175,0.0022431224801987798,0.22397545182737447,0.16613627748679838,0.0012100681276951818,0.50529915408871906,2.3030181295206948,-0.6684669239772979
5950671491,0.19501548083152614,0.27413088418632287,0.0015011271286548256,0.17726805117345923,0.19344352643086007,0.00095736492238132805,2.6902396853500119,0.53224421373062714,1.1536518464624403
5950680091,0.31359471944671824,0.21186556269186876,0.0020021155702372594,0.20077080793379304,0.16160738145819378,0.0010475124596306931,0.86275148811346436,0.70724327003315435,0.22654009385932961
5950693927,0.43214640017003725,0.31180828096807545,0.0029340896308761885,0.22086635103664795,0.13599196574565894,0.00093093396738955995,-0.45869038390622707,-0.21051680396839192,-1.0078269362569401
5950736297,0.1697062171872713,0.36983328119171544,0.0017221081828857187,0.16696116427292368,0.27336728814771577,0.00090372421286066633,3.5246673044692711,1.016902782708571,0.1745453562971728
5950741397,0.27143894729144741,0.29165495972451466,0.0020492520771117936,0.1798843489095602,0.21396949576194269,0.00075968628603401362,1.1232095978877357,1.4276799912423734,0.23987093391066877
5951203404,0.32501241125471514,0.18541334905806053,0.0026128848885681221,0.24885278790285068,0.19453899969924129,0.0011311261183609266,0.66558736619037528,1.8476947946179079,-0.58478606715661863
5951260060,0.28733315171619345,0.2998964692717499,0.0022896783133604512,0.16517538063268014,0.2195165285794404,0.00095709078577278111,0.95047518221064553,0.838563197045604,0.24869385115624518
5951264886,0.48637486567223193,0.35331232647036764,0.0030091450302055407,0.20325842871825464,0.18575452807407494,0.00057338930748164973,-1.0842732557754973,-0.6357516704476508,-1.8937119025834188
5951279654,0.20477264784832355,0.34812158330031429,0.0019657851326063836,0.055007556456222344,0.18496787311765778,0.00077563153624753372,2.0483314974767701,1.4001138688596024,0.063665474046585999
5951285958,0.30457274978893351,0.12493252048849861,0.0023534979690590574,0.23801645913221528,0.099946990812521369,0.00077651894967753715,0.63401803566157633,1.373892496919733,-0.42609924098916307
5984516153,0.35682437033148273,0.26017061336805047,0.0025478660559975735,0.26699162987966124,0.13975322713913976,0.0012204548185410185,0.25828860373296947,2.0307663358343619,-0.16625540496646113
5984516769,0.39077186175183332,0.23890509389575276,0.00245968986287307,0.25839773337021255,0.1390565799982314,0.0012962007756552303,0.079741930875826483,2.1787101303996006,-0.15994575404720518
5985080896,0.47088109723615812,0.1821196301516563,0.002715608460275562,0.247131398458764,0.14859353715831858,0.0012830585275905085,-0.4408773579503471,2.852531824109223,-0.5459965600002108
5998975793,0.37127620245746185,0.20931539055615306,0.0027264439243553226,0.23213689490576575,0.20009617325426474,0.0012754866038528318,0.15801401847303667,1.707008925635465,-0.63155900964862943
5998981575,0.3829327766425995,0.20244638357321554,0.0026873082455466137,0.23686452605084518,0.17605052918114991,0.0010897674492334343,-0.026442005224997327,1.8528986765064341,-1.0240574975211785
5998982367,0.36969919983824573,0.27432447061282916,0.002569784954504795,0.22217173374154214,0.16812857032364212,0.0010275346186034077,-0.17971126559997924,2.0158159125451074,-1.0869440390981719
5998990995,0.41249935120760123,0.23297293876507133,0.002587621212353894,0.21604775239626092,0.18385653796184381,0.00084323882164530025,-0.57419203528928042,2.4374102217940812,-1.4588373798435124
5999518796,0.40222588288306443,0.26307807174652853,0.0027337296937071541,0.20744475556001715,0.2004099737662669,0.0013253828227362948,-0.37389842437831777,1.5153397148105496,-0.78637666537667839
5999524850,0.35637676682334563,0.27724515522669196,0.0027219721645516258,0.22693959714558423,0.17223924633100454,0.0011526584606833114,0.20633876360398881,1.6247099942540892,-0.48790167606202739
5999531210,0.32081828935245216,0.32641001146377191,0.0022198022418560845,0.21645604658899723,0.21533816210698889,0.0011557482427443952,0.36896577586616247,1.4148222167981923,-0.4776948019386642
5999532820,0.37274985890771395,0.23833379876281421,0.0023972844905801854,0.21626824229477012,0.16201407847031579,0.00090403599477903505,-0.058761138514601963,1.4172677852892983,-0.76342561961613686
5999647578,0.25815798404563822,0.22779187775272464,0.0026888530872737795,0.21480919626355313,0.16074960877673825,0.00102764183332855,1.0739820932050992,2.0754966883625681,-0.76559810172868104
6231951817,0.37869738798067348,0.64715324712360289,0.0029148493656282917,0.2458591533240701,0.28361366427769052,0.00065285070285091165,-0.21194676963210257,-0.45017543401033905,-1.9261776239277879
6798572025,0.44272495151355562,0.53963151096478978,0.002438497108955274,0.22386166875903998,0.17275883318775212,0.00091247417035253062,-0.71945914763187557,0.01329200774834656,-1.0560936935325762
8492075597,0.33172429198851738,0.31999555474712155,0.0027063359220810793,0.27122557968794797,0.18077530885332885,0.00080802168368734157,0.2607729875993699,0.16468297636639784,-0.68365171281568327
8492102621,0.32020499767320354,0.20614914367649653,0.0021699626092527196,0.31643490094878951,0.1808062261037251,0.0010848161355717998,0.67758543866513954,1.4001441939621622,-0.092067441667452607
8492106849,0.29104759572968586,0.12273999693147912,0.0023941104908365828,0.36609906570826944,0.10378478921686735,0.00093477000678976571,1.0356704817049955,1.7498625362118512,0.25387202445871898
8492110865,0.29390585741640191,0.13420963430239566,0.0018785292631038411,0.29315326392672048,0.13204793738329615,0.0011866699141671801,0.87706738150282315,1.7755703608192788,0.37125156616145982
8492150179,0.37743956155358355,0.12601254101085513,0.0021680025836215591,0.35094019765089923,0.1211266490275892,0.0010218956471440028,0.40597763252392055,2.2421225935318847,0.019333433277690805
8492166039,0.34296125612237799,0.11797786889456024,0.0024057306369343885,0.34328342973792636,0.095962053455463228,0.0010235546177939426,0.50306654177184296,1.2907445265203947,-0.1816832484522761
8492167659,0.48298968710044521,0.21464479263799904,0.0025615315545304222,0.24608540248320435,0.1402803401291908,0.00053110547092852863,-0.7389956873454443,0.78975322985927121,-1.578772311583442
8492178225,0.29376661512412028,0.16233620444898955,0.0023561838267331194,0.31313659483761663,0.15146343481078059,0.00092453441925393004,0.99283569941369376,1.2804561182384806,-0.19701533459321968
8492197487,0.50179899590709698,0.35409859349575895,0.0026270873869023302,0.21278498763213333,0.190916787624133,0.00050593308862930222,-1.4226874349531216,-0.65081008754846825,-0.47187271835352901
8492309101,0.30401346987760286,0.24261998707250929,0.0022457380187106599,0.29536110464276716,0.19743768291370167,0.00085225955442214173,0.73423827045073609,1.3113102010875639,-0.42504181375523586
8493294360,0.13697368193217851,0.3158561342248063,0.0023245077226705627,0.15952704494357636,0.10253479073720793,0.00074682567895947459,2.7307044354449141,0.71362014747456537,-0.07575583942466449
8493296918,0.15083315767378305,0.33930332032904531,0.0024316639651411035,0.16867501075595165,0.11748458323026909,0.00066473859185868457,2.3583176320644035,0.3662356057847212,0.72180718532016164
8493307976,0.38568774363788821,0.23539459740331217,0.0022515503473023099,0.25060286552310806,0.16536390829571465,0.0010592210001809609,0.13067020708080335,1.0592252242938529,-0.29534336678281708
8493324986,0.12094883626029815,0.32811930025853364,0.002193991357170052,0.1406193444558192,0.1055219221163272,0.00064799933823974374,3.4032347439548674,0.51311143286425998,0.35934428370117377
8493392970,0.31887603508741752,0.16013695953214765,0.0022639058003329883,0.27633465201930213,0.11303208914216605,0.0009416671891194087,0.76171977214058395,0.84258675044455666,0.3501820822510468
8877200925,0.35376677841667975,0.46704701892444395,0.0025887778041110863,0.24030085280157365,0.24574753468704874,0.0012314788440285105,0.031899896781689349,0.35411718133169923,-0.4545215870606017
8877203469,0.29120075678073543,0.32050923273485626,0.0026815433390710267,0.25216855967558016,0.16036874001266771,0.00075438166389108201,1.2280428272151138,1.4380744899129216,-0.51797453776858227
8877204767,0.29705164274967827,0.50453530086165277,0.0023639456317701866,0.34808875209770546,0.34786150454163633,0.00096428802222330858,1.1563921806159365,-0.26250142594852488,0.30232827892072656
8877205941,0.37163119934635869,0.31241807129906685,0.003210800115137879,0.24492664484375071,0.32966251900999394,0.00090852150524917304,-0.31956873665139118,1.0062617051053284,-1.3323993686695623
8877216049,0.38228777526922419,0.35889545637989112,0.0027642369012609168,0.24957160945346732,0.24158212193359788,0.00076973715054094542,-0.20543640569838786,0.73011783050809498,-1.0298463353468803
8877217453,0.39642945027244236,0.39317977349050581,0.0030029732616119248,0.25519133597642485,0.19513904891502706,0.00063903120529732837,-0.19594093177939112,0.85216534290129697,0.27466971671079965
8877218909,0.33547844330087678,0.56780350522972356,0.0027808596601213206,0.24834034868746566,0.14761808860507625,0.00085259466155379127,0.20768146480944927,0.16326813985222008,-0.92232318610431119
8877220281,0.3806303145111028,0.76269971112810442,0.0019704951549011892,0.28048182599394988,0.33545133619936551,0.00098452631852146799,0.0095031119877031604,-1.0471847802839851,0.85316007020667184
8877221455,0.22926570735470395,0.16878466496236377,0.0030236824858498454,0.2323200861601617,0.14428716705901048,0.00047530165468085035,1.4666311059646553,2.4747706020126068,0.58698937010903152
8877224307,0.25036406587353549,0.55291923915385788,0.0018617441894026678,0.23271527322475047,0.33733383075134321,0.0011994528270290804,1.3572140500701955,-0.20478897663508708,0.35248111648044911
8877228503,0.35285284512829823,0.4357649757802477,0.0014671855708072281,0.22941158948786186,0.3152371892631603,0.0013320955035505525,0.4963376864732183,0.48895714279302915,0.76809276984139807
8877804938,0.27647173522405344,0.4184514026974222,0.0022428797995251702,0.25158509741790303,0.36212230937313422,0.0014156469583825764,0.6801648709555953,0.22033235545136731,-0.12919730607001392
8877807358,0.3806514763803272,0.30411452741753048,0.0026571051789965978,0.26715281715127043,0.22508619140193215,0.0009176384623062622,0.28808657603740745,0.62689450476254993,-0.49215183842324906
8877813508,0.36113855217327606,0.17035637734097564,0.002044780836199312,0.23383583788828352,0.15120113412157124,0.0011005442451039005,0.32325768538020894,2.3260668851324229,0.23545632291395002
8877830126,0.25576278097494393,0.60720785562414847,0.0024701654826681852,0.24312824919732642,0.25035189434872063,0.0010162952581654827,0.97309566192042207,-0.29873604020605038,-0.43127666424450478
9067737103,0.47593552298528763,0.14665387666693244,0.0019019499166985697,0.29849024839632493,0.12255852941273661,0.0011637547938873455,-0.41611341374283872,0.95724444032200118,0.5264956922308025
9067738157,0.45379120321531657,0.20693167811993998,0.0025812749352809952,0.28658514526783435,0.13072638763528338,0.0012445499901476305,-0.27941566132792267,0.87238019643704234,-0.51765226041299162
9067738777,0.43571051145917783,0.10879297452841036,0.0020210620120466516,0.33402803598339142,0.093804459794595355,0.00095213806119242835,-0.0083973522001578402,1.7164759341674145,0.2641711738143776
9067739127,0.55151594152888761,0.12245872632990734,0.0016496908368575584,0.33802045905043204,0.09291274112008098,0.00092845573270275059,-0.49107568479109309,1.5004916370226469,0.51146369358770705
9067742495,0.46300117428978671,0.18150917541151859,0.0019551940945788842,0.33849952639713232,0.16177535596498904,0.0010764445805763543,-0.15385616798497098,1.0208173709392241,0.30094974495522486
9067744841,0.49428922147370641,0.2235850224769072,0.0025912187620145853,0.30607097216174811,0.15620107309313999,0.00087816715534909612,-0.38602333528907412,0.17485042431238393,-0.7469201255809409
9067745863,0.4956831413358021,0.26246798930451837,0.0028202895501729538,0.28959379679056246,0.15888704945884619,0.00075788839782558331,-0.4879849621556952,-0.052094524484927691,-1.117185191628554
9067746215,0.52354219749553399,0.29198931709717418,0.0028129375959333397,0.24783408549658872,0.16192683773210062,0.00071883600661283239,-0.88552662556231643,0.04421639335864725,-1.120267732489054
9069963392,0.45612191694450593,0.2495058574358941,0.0022408705574778107,0.29957672277643677,0.15464844758296956,0.0010838057831670006,-0.16971157109600093,0.65469036209973019,-0.41663204546673144
9069964412,0.45243119026638356,0.25418273608241349,0.0024831485736254467,0.29498502367269441,0.20216944310942828,0.00083563249233802701,-0.33418178017693673,0.33396592527920799,-1.3008270830731465
9069965246,0.35608487499621744,0.11749299380556483,0.0020341886146352955,0.27502457659926216,0.10061981197124564,0.00095768931765003145,0.60347723700809097,0.91777255721737372,0.40506688548287806
9069966916,0.56964312109610937,0.1579465016561698,0.0021443810636932424,0.28083736591843922,0.12859274376225288,0.001182608520716829,-0.88390608465515119,0.69500304174091709,0.25957831376084217
9069968528,0.59676429579715429,0.19661408646715417,0.0022360253235935799,0.26190355931359033,0.11816242891934564,0.0010705033849412789,-1.0154834595950661,0.12179887054696685,-0.070688160885124557
9069973156,0.32603138808013349,0.17157206035470476,0.002216981489170702,0.34821507897699222,0.14130935079227136,0.00067776969817331218,0.64783716389353518,1.1371550624745463,-0.043062324986105571
9069976672,0.44101873731162911,0.24308730854859109,0.0029125127873895025,0.30501601861022648,0.16520779491278426,0.00066038294256826101,-0.17247760731192102,0.079057222054264881,-1.454274175008768
