10045378096,0.0065945945945945945,0.31063663663663665,0.15606606606606607,0.01793993993993994,0.013273273273273272,0.030216216216216216,0.026282282282282281,0.00018018018018018018,5.4054054054054054e-05,0.37562762762762764,0.06312912912912913
10045482563,0.014906906906906906,0.0055375375375375374,0.48553753753753753,0.010306306306306306,0.032042042042042043,0.063789789789789789,0.067675675675675673,0.00072072072072072073,0.00021621621621621621,0.22812612612612612,0.091141141141141135
10045488655,0.014432432432432432,0.27767567567567569,0.52340540540540537,0.066744744744744747,0.074792792792792787,0.00090090090090090091,0.00010810810810810811,4.8048048048048048e-05,1.2012012012012012e-05,0.01681081081081081,0.025069069069069069
10045579766,0.10961424332344213,0.045489614243323442,0.24650445103857566,0.48150741839762612,0.017103857566765579,5.934718100890208e-06,0.013899109792284866,0.00025519287833827891,5.934718100890208e-06,0.084047477744807128,0.0015667655786350148
10045606263,0.02025825825825826,0.080126126126126129,0.34268468468468466,0.10464264264264264,0.048510510510510509,0.022852852852852854,0.061009009009009012,0.00089489489489489487,0.00018018018018018018,0.27021621621621622,0.048624624624624628
10045632093,0.0086606606606606604,0.00046846846846846849,0.60031831831831828,0.021627627627627627,0.011069069069069069,0.075711711711711718,0.041759759759759763,0.00026426426426426428,9.6096096096096097e-05,0.1723963963963964,0.067627627627627626
10045633316,0.01693093093093093,0.00043843843843843842,0.58886486486486489,0.030720720720720719,0.0056876876876876875,0.0089489489489489489,0.038972972972972975,0.0007867867867867868,0.00048048048048048047,0.3007807807807808,0.0073873873873873874
10045665523,0.019441441441441443,0.0020840840840840842,0.29184984984984985,0.63054654654654652,0.011141141141141141,1.2012012012012012e-05,0.0033033033033033031,2.4024024024024024e-05,0,0.040984984984984985,0.00061261261261261267
10045665564,0.028638297872340426,0.24929787234042552,0.47915425531914896,0.18195212765957447,0.024904255319148937,1.5957446808510637e-05,0.0045212765957446804,0.00039893617021276594,5.3191489361702131e-06,0.030856382978723403,0.0002553191489361702
10045737995,0.032618618618618617,0.38864864864864868,0.28096696696696699,0.17732732732732734,0.079375375375375382,0.00063663663663663663,0.0053153153153153157,0.00012012012012012012,8.4084084084084086e-05,0.026312312312312312,0.0085945945945945946
10045759763,0.010618618618618618,0.25333333333333335,0.45020420420420421,0.093165165165165167,0.0035435435435435436,0.0010750750750750751,0.040486486486486485,0.00034234234234234234,0.00025825825825825824,0.14644444444444443,0.00052852852852852857
10045795353,0.0065945945945945945,0.34584384384384387,0.52109309309309304,0.049729729729729728,0.003003003003003003,0.0016036036036036036,0.012210210210210209,6.6066066066066071e-05,0.0002042042042042042,0.058870870870870874,0.00078078078078078076
10045809175,0.027093093093093094,0.068078078078078072,0.59306306306306311,0.10153153153153154,0.02045045045045045,0.00069069069069069072,0.0017657657657657658,0.0010270270270270271,0.00046246246246246244,0.15436036036036035,0.031477477477477478
10045868856,0.030396396396396397,0.28583783783783784,0.13309309309309308,0.48843243243243245,0.040000000000000001,1.8018018018018019e-05,0.0053453453453453457,0.0025585585585585586,0.00015015015015015014,0.013243243243243243,0.00092492492492492488
10045898593,0.073813813813813814,0.30410210210210209,0.26218018018018019,0.092696696696696695,0.03936936936936937,0.002138138138138138,0.020990990990990992,0.00054654654654654659,0.00016816816816816817,0.16907507507507508,0.03491891891891892
12044649575,0.061292307692307695,0.40629538461538461,0.4177046153846154,0.060652307692307693,0.0076061538461538458,0.013212307692307692,0.00057230769230769227,6.153846153846154e-06,0.00036923076923076921,0.0058646153846153848,0.026424615384615383
12044924063,0.011478571428571428,0.42218571428571428,0.49859285714285712,0.0084785714285714291,0.0050000000000000001,0,8.5714285714285713e-05,3.5714285714285717e-05,9.2857142857142859e-05,0.025157142857142857,0.028892857142857144
12044979074,0.21741528239202657,0.17056478405315614,0.07031893687707641,0.26570764119601331,0.0493421926910299,5.9800664451827242e-05,0.00059136212624584723,0.0051362126245847175,0.0046445182724252493,0.21593355481727575,0.00028571428571428574
12045021564,0.15604953560371518,0.39123219814241483,0.070340557275541796,0.26206811145510833,0.015318885448916408,0,0.019102167182662538,0.0015294117647058824,4.3343653250773992e-05,0.083752321981424155,0.00056346749226006193
12045478526,0.2357981072555205,0.34193059936908515,0.10341324921135647,0.280403785488959,0.0032302839116719242,6.3091482649842269e-06,0.0014826498422712935,0.0019936908517350156,1.8927444794952681e-05,0.031722397476340695,0
132872354,0.060988023952095807,0.31585029940119763,0.11842514970059881,0.16898802395209581,0.01084431137724551,5.9880239520958085e-06,0.056652694610778445,0.0041556886227544906,1.7964071856287426e-05,0.26124550898203591,0.0028263473053892216
135114844,0.073303303303303299,0.38516516516516519,0.13789789789789789,0.21463663663663662,0.046768768768768766,3.0030030030030029e-05,0.044414414414414412,0.0010030030030030029,0.001933933933933934,0.093027027027027032,0.0018198198198198198
135114980,0.12085029940119761,0.097011976047904194,0.35169461077844311,0.36901796407185627,0.00043712574850299403,0.017598802395209581,0.0003532934131736527,0.000718562874251497,0.019095808383233534,0.023221556886227544,0
135115202,0.068802395209580841,0.40343712574850299,0.21509580838323353,0.16661676646706586,0.047299401197604792,0.00010179640718562875,0.0056347305389221553,0.00086826347305389226,0.00093413173652694614,0.076754491017964069,0.014455089820359281
135115317,0.063717717717717712,0.3142162162162162,0.10527927927927928,0.42060060060060062,0.011831831831831832,0,0.0059159159159159159,0.0041141141141141143,1.8018018018018019e-05,0.073891891891891895,0.0004144144144144144
135115501,0.077849849849849856,0.38110510510510509,0.10765165165165165,0.34688888888888891,0.051573573573573575,3.0030030030030029e-05,0.0012612612612612612,0.0017717717717717718,0.0014534534534534536,0.02760960960960961,0.002804804804804805
135115675,0.092498498498498505,0.40257657657657658,0.11943543543543543,0.15702702702702703,0.016408408408408407,0,0.04566966966966967,0.0006186186186186186,1.2012012012012012e-05,0.16182582582582583,0.0039279279279279275
135115983,0.24180780780780781,0.011063063063063063,0.056762762762762764,0.30396396396396397,0.065021021021021017,0,0.0040900900900900901,0.0015735735735735736,7.2072072072072076e-05,0.31561561561561563,3.0030030030030029e-05
135116101,0.14374850299401198,0.00049101796407185626,0.041371257485029941,0.53310179640718558,0.095365269461077845,0,0.0028682634730538923,6.5868263473053894e-05,3.5928143712574853e-05,0.18293413173652695,1.7964071856287426e-05
135116270,0.5058858858858859,0.026792792792792793,0.045375375375375372,0.24138738738738738,0.12137537537537538,0.0018198198198198198,0.00076876876876876877,0.0016216216216216215,4.2042042042042043e-05,0.040312312312312311,0.014618618618618618
135116324,0.24832335329341318,0.1949820359281437,0.019628742514970061,0.24667664670658682,0.09307784431137725,0,0.0016407185628742515,2.9940119760479042e-05,0,0.19559880239520958,4.1916167664670657e-05
135116398,0.26329341317365268,0.069568862275449103,0.03477245508982036,0.10840119760479042,0.13067664670658682,0,0.00024550898203592813,0.00025149700598802393,0,0.39264071856287425,0.00014970059880239521
2064729309,0.63672533333333337,0.01192,0.066159999999999997,0.14496000000000001,0.018159999999999999,0.000544,0.012074666666666666,0.027210666666666668,0.0011573333333333333,0.075946666666666662,0.0051413333333333337
2064729793,0.103216,0.12936,0.107056,0.31342933333333334,0.17654400000000001,5.3333333333333337e-06,0.0031253333333333333,0.12470933333333334,0.0055519999999999996,0.033744000000000003,0.0032586666666666667
2065524674,0.80235199999999995,0.001616,0.014090666666666666,0.0093546666666666674,0.0078933333333333338,2.1333333333333335e-05,0.0015839999999999999,0.0067146666666666665,0.000736,0.15535466666666667,0.00028266666666666669
2183279459,0.069098666666666669,0.30752000000000002,0.33905066666666667,0.015152000000000001,0.11694933333333334,0.0043733333333333332,0.021957333333333332,0.001072,0.00068800000000000003,0.02912,0.095018666666666668
2183292799,0.162768,0.36950933333333336,0.21697066666666667,0.12782933333333332,0.034170666666666669,0.000192,0.016271999999999998,0.013269333333333333,0.0018400000000000001,0.032250666666666664,0.024927999999999999
2183301183,0.20050666666666667,0.084496000000000002,0.11034666666666666,0.19917866666666667,0.19439466666666666,0.00092266666666666669,0.031727999999999999,0.025322666666666667,0.00033599999999999998,0.12665066666666666,0.026117333333333333
2183306153,0.050847999999999997,0.38833066666666666,0.274976,0.18242666666666665,0.011370666666666666,0.0046026666666666664,0.0026080000000000001,0.0014613333333333334,0.001408,0.0016693333333333334,0.080298666666666671
2183308589,0.059797333333333334,0.69021866666666665,0.11371733333333334,0.071258666666666665,0.015082666666666666,0.0017013333333333333,0.0016106666666666667,0.00099200000000000004,0.000464,0.0022666666666666668,0.042890666666666667
2183311503,0.20144000000000001,0.28755733333333333,0.16364266666666666,0.23927466666666666,0.027744000000000001,0.0030560000000000001,0.011930666666666666,0.011706666666666667,0.0029386666666666667,0.014458666666666667,0.036250666666666667
2183317649,0.17154666666666665,0.33647466666666664,0.17812800000000001,0.14304533333333333,0.06356266666666667,0.0089119999999999998,0.017178666666666665,0.014597333333333334,0.0032000000000000002,0.024165333333333334,0.039189333333333333
2183319977,0.15371199999999999,0.095877333333333328,0.079306666666666664,0.22380800000000001,0.28573866666666664,0.0044640000000000001,0.038149333333333334,0.056789333333333331,0.0034133333333333333,0.040517333333333336,0.018224000000000001
2184089934,0.18785066666666667,0.020357333333333335,0.20017066666666666,0.12159466666666667,0.33614933333333336,0.0011573333333333333,0.034581333333333332,0.008410666666666667,0.00046933333333333332,0.043418666666666668,0.045839999999999999
2184100902,0.14235733333333334,0.30982933333333335,0.33647466666666664,0.14302400000000001,0.027786666666666668,0.0027626666666666667,0.0041013333333333336,0.0025439999999999998,0.0014346666666666668,0.0011146666666666666,0.028570666666666668
2184117824,0.63462933333333338,0.00089599999999999999,0.010485333333333333,0.24096000000000001,0.018741333333333332,0,0.0021280000000000001,0.023610666666666665,6.3999999999999997e-05,0.068335999999999994,0.00014933333333333332
2811278670,0.37084266666666665,0.41348800000000002,0.041599999999999998,0.1308,0.0059466666666666669,0,0.00015466666666666667,0.0021653333333333333,5.3333333333333337e-06,0.034997333333333332,0
2835779103,0.21845866666666666,0.10338666666666667,0.029562666666666668,0.38421866666666665,0.040693333333333331,5.3333333333333337e-06,0.0028053333333333333,0.0022079999999999999,0,0.21819733333333333,0.000464
288044415,0.083704819277108433,0.48043975903614455,0.10171686746987951,0.11121686746987952,0.0056084337349397587,0,0.029927710843373492,0.0023975903614457833,0,0.18120481927710844,0.003783132530120482
288051306,0.071729729729729727,0.39696096096096095,0.10478078078078078,0.21321921921921921,0.026054054054054053,0.00025825825825825824,0.0324024024024024,0.0022462462462462464,0.0013873873873873875,0.14798798798798798,0.002972972972972973
2950994233,0.42306133333333334,0.17340266666666668,0.014538666666666667,0.18971733333333332,0.0073706666666666669,0.00041066666666666666,0.00048533333333333333,0.0010293333333333333,0.002032,0.18795200000000001,0
2951008473,0.052021333333333336,0.19004266666666667,0.16179733333333332,0.41684266666666664,0.077653333333333338,0.00072000000000000005,0.015018666666666666,0.0035253333333333334,0.0019733333333333334,0.07767466666666667,0.0027306666666666668
2951061755,0.107792,0.24621866666666667,0.097194666666666665,0.31580266666666668,0.19738133333333333,0.00041066666666666666,0.0053866666666666663,0.00057600000000000001,0.0018506666666666667,0.025167999999999999,0.0022186666666666665
2951064223,0.04878933333333333,0.281136,0.21426666666666666,0.34732800000000003,0.077562666666666669,0.00072000000000000005,0.0055040000000000002,0.00036266666666666668,0.0015413333333333334,0.016869333333333333,0.0059199999999999999
2951069467,0.13161066666666665,0.072608000000000006,0.014842666666666667,0.56290666666666667,0.034058666666666668,0.00060266666666666672,0.014165333333333334,0.007018666666666667,0.0015893333333333334,0.16058133333333333,1.5999999999999999e-05
2951102363,0.065365333333333331,0.30310933333333334,0.12592,0.095290666666666662,0.33346133333333333,0.00086933333333333329,0.0057600000000000004,0.0040639999999999999,0.0026453333333333333,0.031280000000000002,0.032234666666666668
2951841806,0.35311999999999999,0.156496,0.053749333333333336,0.17496,0.012762666666666667,0.00043733333333333336,0.0025279999999999999,0.013887999999999999,0.001616,0.23043733333333333,5.3333333333333337e-06
2951846628,0.017157333333333333,0.27273066666666668,0.35126933333333332,0.26905066666666666,0.053466666666666669,0.00078933333333333329,0.0039519999999999998,0.0015146666666666668,0.0017013333333333333,0.014944000000000001,0.013424
2951859592,0.085802666666666666,0.12325866666666667,0.12974933333333333,0.55069333333333337,0.029258666666666665,0.00074133333333333332,0.0057333333333333333,0.0032053333333333335,0.0018293333333333334,0.068975999999999996,0.00075199999999999996
2951861710,0.048298666666666663,0.130832,0.15456533333333333,0.53976000000000002,0.053498666666666667,0.00079466666666666672,0.0044640000000000001,0.0015893333333333334,0.0018133333333333332,0.046207999999999999,0.018176000000000001
2951910186,0.10454933333333333,0.330208,0.11410133333333333,0.090303999999999995,0.25268800000000002,0.0012266666666666667,0.007253333333333333,0.0023679999999999999,0.0029493333333333333,0.052282666666666665,0.042069333333333334
2951917734,0.30221333333333333,0.094746666666666673,0.021653333333333333,0.20636266666666667,0.024559999999999998,0.00048533333333333333,0.0014293333333333332,0.0083626666666666658,0.0081386666666666673,0.33204266666666665,5.3333333333333337e-06
2951944040,0.063909333333333332,0.070720000000000005,0.10051733333333333,0.62803200000000003,0.11237333333333334,0.00091200000000000005,0.0029226666666666667,0.0022986666666666667,0.0014186666666666666,0.015973333333333332,0.00092266666666666669
2951950136,0.056021333333333333,0.013872000000000001,0.022442666666666666,0.21649599999999999,0.57150933333333331,0.00065066666666666669,0.0049493333333333334,0.00055999999999999995,0.0015413333333333334,0.10864533333333333,0.0033119999999999998
2951965474,0.12563733333333332,0.057002666666666667,0.088922666666666664,0.17479466666666665,0.30630933333333332,0.00099200000000000004,0.019546666666666667,0.0035786666666666666,0.017472000000000001,0.19453866666666667,0.011205333333333333
2980998033,0.12158933333333333,0.042826666666666666,0.039866666666666668,0.47927466666666668,0.094357333333333335,0,0.0057866666666666665,0.016117333333333334,0.00020266666666666667,0.19861333333333334,0.0013653333333333334
2980999601,0.21230890052356022,0.051973821989528796,0.064633507853403147,0.47535602094240836,0.013036649214659687,4.7120418848167537e-05,0.0033298429319371728,0.002424083769633508,0.00020418848167539266,0.17667539267015706,1.0471204188481675e-05
2981858036,0.36434666666666665,0.0079413333333333332,0.021381333333333332,0.42364266666666667,0.046991999999999999,0,0.0011573333333333333,0.0020746666666666665,0.00040533333333333334,0.13115199999999999,0.00090666666666666662
2981859930,0.271424,0.0026933333333333332,0.0039839999999999997,0.44630933333333334,0.020906666666666667,0,0.00053333333333333336,0.00083199999999999995,2.1333333333333335e-05,0.25329600000000002,0
2981862012,0.018490666666666666,0.00098666666666666672,0.50953066666666669,0.10593066666666667,0.26704533333333336,0.00058666666666666665,0.00089066666666666667,0.0025013333333333333,0.00050666666666666666,0.021589333333333332,0.071941333333333329
3114732891,0.14267733333333332,0.031424000000000001,0.24365333333333333,0.28737600000000002,0.22626666666666667,0.0028960000000000001,0.002032,0.0020746666666666665,0.0051466666666666666,0.050832000000000002,0.0056213333333333332
3472230091,0.077973614775725592,4.2216358839050132e-05,0.058369393139841685,0.22878100263852244,0.34198416886543537,0,3.6939313984168865e-05,0,0,0.042997361477572563,0.24981530343007916
3472330055,0.18150933333333333,0.0013653333333333334,0.086613333333333334,0.14538133333333333,0.45813333333333334,5.3333333333333333e-05,0.007018666666666667,0.00027733333333333332,0.000192,0.11129600000000001,0.0081600000000000006
3472449933,0.21051733333333333,0.13413333333333333,0.01448,0.26858133333333334,0.21318400000000001,4.8000000000000001e-05,0.007829333333333334,0.0025973333333333334,0.00096533333333333334,0.14709866666666666,0.00056533333333333338
3473162568,0.32224000000000003,0.11204799999999999,0.025477333333333334,0.13229333333333335,0.32836266666666669,0,0.004293333333333333,0.00049600000000000002,8.0000000000000007e-05,0.074319999999999997,0.00038933333333333333
3473255564,0.22450714285714285,0.022171428571428571,0.06015714285714286,0.46253571428571427,0.18580714285714287,0,0.0052571428571428569,0.0043785714285714287,0.00022142857142857142,0.032078571428571429,0.0028857142857142857
3474151758,0.14899999999999999,0.25204285714285712,0.12007857142857142,0.31573571428571429,0.056742857142857143,0,0.0015071428571428571,0.00165,0.0003357142857142857,0.10277857142857143,0.00012857142857142858
3536116282,0.486288,1.0666666666666667e-05,0.38886399999999999,3.7333333333333331e-05,0.056218666666666667,0.029642666666666668,2.1333333333333335e-05,0.00082133333333333331,0.019983999999999998,0.00062399999999999999,0.017488
3629159169,0.16800000000000001,0.013589333333333333,0.077205333333333334,0.12316266666666667,0.53566400000000003,5.3333333333333337e-06,0.0018933333333333332,0.0033493333333333335,0.00021866666666666668,0.076303999999999997,0.00060800000000000003
3629163439,0.24374399999999999,0.038608000000000003,0.087957333333333332,0.21296533333333334,0.14314666666666667,0.00029866666666666664,0.0048106666666666671,0.0053813333333333335,0.00055466666666666663,0.254992,0.007541333333333333
3629171779,0.034645333333333334,0.11478933333333333,0.43314666666666668,0.13111999999999999,0.017824,0.0010186666666666666,0.059957333333333335,0.012565333333333333,0.004698666666666667,0.14177600000000001,0.048458666666666664
3629979914,0.31452266666666667,0.0085813333333333332,0.093018666666666666,0.36809066666666668,0.030949333333333332,0.00051199999999999998,0.014565333333333333,0.0030826666666666667,0.0079413333333333332,0.15709333333333333,0.0016426666666666666
3632560595,0.22216533333333333,0.36821866666666669,0.045397333333333331,0.27553066666666665,0.034293333333333335,6.9333333333333329e-05,0.0053173333333333336,0.025269333333333335,0.00019733333333333332,0.021232000000000001,0.0023093333333333334
3633366466,0.12520000000000001,0.18442666666666666,0.063093333333333335,0.28838399999999997,0.016213333333333333,4.2666666666666669e-05,0.0056800000000000002,0.0040480000000000004,7.4666666666666661e-05,0.30681599999999998,0.0060213333333333334
3710731224,0.18465116279069768,0.41014470284237725,0.032237726098191213,0.096821705426356583,0.18427390180878553,0.00035142118863049098,0.0032816537467700259,0.0036795865633074934,0.00073385012919896639,0.079395348837209306,0.0044289405684754526
3897478187,0.06869039145907474,0.43859074733096087,0.10150889679715303,0.22474021352313167,0.038078291814946617,0.00025622775800711745,0.0061138790035587184,0.0062277580071174376,0.0026761565836298934,0.087302491103202845,0.025814946619217082
3898269458,0.053530054644808742,0.2600273224043716,0.33885245901639344,0.18382513661202185,0.057491803278688525,1.6393442622950821e-05,0.00480327868852459,0.0021584699453551914,0.00049180327868852459,0.049890710382513664,0.048912568306010928
3908173658,0.16915508021390374,0.11158823529411764,0.01570053475935829,0.11520855614973262,0.21518181818181817,0,0.0059839572192513365,0.010887700534759358,0.00011764705882352942,0.34005882352941175,0.016117647058823528
3951789739,0.053344000000000003,0.30119466666666667,0.080815999999999999,0.30361066666666664,0.022474666666666667,0,0.0047466666666666664,0.0010453333333333332,4.2666666666666669e-05,0.23184533333333332,0.00088000000000000003
3951800783,0.12436800000000001,0.35070933333333332,0.029706666666666666,0.22755733333333333,0.024431999999999999,0,0.0031733333333333331,0.0015839999999999999,7.4666666666666661e-05,0.23781333333333332,0.00058133333333333333
3951806833,0.051514666666666667,0.67326399999999997,0.083509333333333338,0.052821333333333331,0.037311999999999998,0.0052586666666666667,0.010469333333333334,0.016234666666666668,0.007861333333333333,0.039567999999999999,0.022186666666666667
3951834477,0.054821333333333333,0.47022399999999998,0.060794666666666664,0.195712,0.063210666666666665,0.0011199999999999999,0.020416,0.049759999999999999,0.0032320000000000001,0.072565333333333329,0.0081440000000000002
3952579860,0.12436800000000001,0.35070933333333332,0.029706666666666666,0.22755733333333333,0.024431999999999999,0,0.0031733333333333331,0.0015839999999999999,7.4666666666666661e-05,0.23781333333333332,0.00058133333333333333
3952588018,0.059736654804270463,0.41226334519572955,0.028362989323843416,0.020790035587188612,0.1369252669039146,0.0026690391459074734,0.00035587188612099647,0.0029323843416370105,0.0021352313167259788,0.010284697508896797,0.32354448398576513
3952607184,0.109696,0.39784000000000003,0.11727466666666667,0.123776,0.069818666666666668,0.0031786666666666669,0.008757333333333334,0.081072000000000005,0.014832,0.061722666666666669,0.012031999999999999
3965822399,0.028384,0,0.871776,0.00496,0.00014933333333333332,0,0.035248000000000002,0.00022933333333333334,0.0029546666666666666,0.056208000000000001,9.066666666666667e-05
3966587496,0.24027184466019416,0.40412944983818772,0.021624595469255662,0.049430420711974107,0.21649838187702267,0.0010550161812297734,0.0017475728155339806,0.0012750809061488674,0.0053333333333333332,0.05724919093851133,0.0013851132686084143
3996164462,0.069829181494661927,0.43612811387900358,0.10088256227758007,0.22965124555160144,0.039252669039145906,0.00013523131672597865,0.0063629893238434159,0.0062704626334519576,0.0025053380782918151,0.08319572953736655,0.025786476868327402
4251521178,0.20488533333333334,0.32256000000000001,0.039104,0.167296,0.055567999999999999,0.0024586666666666667,0.0052533333333333329,0.00029333333333333333,0.00084800000000000001,0.19456533333333334,0.0071679999999999999
4308661997,0.17925301204819277,0.26132530120481928,0.0028253012048192771,0.26424698795180723,0.0213855421686747,1.2048192771084337e-05,0.00075301204819277112,0.0038915662650602411,0.00012650602409638553,0.26609036144578313,9.0361445783132533e-05
4308678217,0.15851204819277109,0.039873493975903618,0.012608433734939759,0.55518674698795178,0.033873493975903612,0,0.0010843373493975904,0.0035301204819277107,6.6265060240963859e-05,0.19515662650602408,0.00010843373493975903
4308743207,0.40800602409638553,0.02619277108433735,0.011024096385542168,0.50717469879518073,0.0069879518072289157,0,0.00018072289156626507,0.0011204819277108435,1.2048192771084337e-05,0.039289156626506026,1.2048192771084337e-05
4308770173,0.11436144578313254,0.11450602409638554,0.01686144578313253,0.21350602409638555,0.040536144578313255,1.8072289156626505e-05,0.0014939759036144578,0.002969879518072289,0.00053614457831325298,0.49422891566265059,0.00098192771084337359
4308895697,0.045361445783132531,0.012162650602409638,0.029692771084337349,0.44100602409638556,0.042108433734939762,0,0.0010542168674698795,0.00087349397590361446,8.4337349397590357e-05,0.42765060240963854,6.0240963855421684e-06
4309410298,0.30466867469879516,0.055463855421686747,0.020373493975903614,0.38250602409638557,0.058843373493975906,0,0.0038373493975903616,0.011307228915662651,0.00057831325301204817,0.16094578313253011,0.0014759036144578314
4309475372,0.23329518072289157,0.027090361445783133,0.019084337349397591,0.21768674698795182,0.26777108433734942,0,0.0055240963855421685,0.004566265060240964,0.00012650602409638553,0.22451807228915663,0.00033734939759036143
4309531528,0.026006024096385541,0.15675903614457831,0.014728915662650603,0.38351807228915663,0.11267469879518072,0,0.0060722891566265058,0.0031566265060240964,0,0.29699397590361448,9.0361445783132533e-05
4309636706,0.017734939759036145,0.010042168674698796,0.019578313253012049,0.48006626506024097,0.062662650602409636,0,0.0012289156626506025,0.0010421686746987951,7.2289156626506021e-05,0.40753614457831328,3.614457831325301e-05
4312634071,0.049891566265060243,0.0078975903614457825,0.040054216867469877,0.10533132530120481,0.42980120481927708,7.2289156626506021e-05,0.020897590361445784,0.00076506024096385545,0.00039156626506024094,0.34115060240963857,0.0037469879518072288
4312636941,0.10441566265060241,0.020530120481927712,0.043343373493975906,0.13604216867469879,0.3926385542168675,6.0240963855421684e-06,0.036180722891566264,0.00032530120481927711,0.00011445783132530121,0.26379518072289154,0.0026084337349397591
4312639443,0.16898192771084336,0.00096987951807228916,0.044524096385542167,0.074060240963855425,0.20387951807228916,0,0.0039518072289156624,0.00031927710843373495,0,0.5028433734939759,0.00046987951807228915
4313364034,0.1316265060240964,0.0029939759036144578,0.041066265060240963,0.1323433734939759,0.23144578313253011,0,0.0015481927710843373,0.00016867469879518071,1.2048192771084337e-05,0.45877710843373493,1.8072289156626505e-05
4313369118,0.05166265060240964,0.0089999999999999993,0.047945783132530118,0.14309036144578313,0.41753012048192772,6.6265060240963859e-05,0.022957831325301204,0.00071686746987951805,0.00035542168674698797,0.30570481927710841,0.00096987951807228916
4313371366,0.090246987951807231,0.017807228915662651,0.038698795180722889,0.16377108433734941,0.35242771084337349,0,0.057295180722891567,0.00083132530120481928,7.8313253012048196e-05,0.27737951807228917,0.001463855421686747
4316681859,0.095338666666666669,0.43001600000000001,0.061530666666666664,0.39883733333333332,0.0019146666666666667,5.3333333333333337e-06,0.0027733333333333334,0.0012853333333333334,6.9333333333333329e-05,0.0072106666666666664,0.0010186666666666666
4316702171,0.29224,0.10813866666666666,0.19294933333333333,0.20677333333333334,0.10802666666666666,0.0078506666666666673,0.011440000000000001,0.0069439999999999997,0.00029866666666666664,0.046047999999999999,0.019290666666666668
4316736733,0.06483733333333333,0.56091199999999997,0.15489600000000001,0.12925333333333333,0.0023733333333333332,0,0.029482666666666667,0.00050666666666666666,5.3333333333333337e-06,0.054501333333333332,0.0032320000000000001
4316743975,0.078282666666666667,0.25515199999999999,0.467696,0.188496,0.0012106666666666667,0,0.0084320000000000003,0.00020266666666666667,0,0.00028266666666666669,0.00024533333333333335
4316746457,0.12019733333333334,0.36076266666666668,0.12532799999999999,0.35308800000000001,0.0045866666666666668,0,0.0041173333333333331,7.4666666666666661e-05,0,0.031605333333333333,0.00024000000000000001
4316751509,0.086176000000000003,0.22233066666666668,0.45972266666666667,0.22043199999999999,0.0028373333333333332,0,0.005744,0.00024533333333333335,3.1999999999999999e-05,0.0015626666666666666,0.00091733333333333337
4316754111,0.15712000000000001,0.051664000000000002,0.0212,0.53373866666666669,0.044826666666666667,0,0.010319999999999999,0.003392,5.3333333333333337e-06,0.17732266666666666,0.00041066666666666666
4316759251,0.076560000000000003,0.0015786666666666666,0.35451199999999999,0.32856533333333332,0.20768,5.3333333333333337e-06,4.8000000000000001e-05,0.00027733333333333332,0.00048533333333333333,0.028661333333333334,0.0016266666666666667
4317425172,0.14000000000000001,0.59430933333333336,0.027621333333333335,0.038704000000000002,0.19444800000000001,0,0.00094399999999999996,0.00041599999999999997,0,0.0022560000000000002,0.0013013333333333334
4317467692,0.040282666666666668,0.27372266666666667,0.17829866666666666,0.38565866666666665,0.0017866666666666667,0,0.017247999999999999,0.0017226666666666666,3.1999999999999999e-05,0.094149333333333335,0.0070986666666666663
4317472438,0.095077333333333333,0.39788800000000002,0.20496,0.19674133333333332,0.0032799999999999999,5.3333333333333337e-06,0.050154666666666667,0.0013866666666666667,1.0666666666666667e-05,0.045850666666666665,0.0046453333333333329
4317474802,0.083498666666666665,0.42538666666666669,0.24450133333333332,0.20909333333333333,0.001552,0,0.031231999999999999,0.00012266666666666668,0,0.0039093333333333332,0.00070399999999999998
4317482112,0.13898133333333335,0.49586666666666668,0.063749333333333338,0.17456533333333332,0.0043146666666666663,0,0.00696,0.00016000000000000001,0,0.11507733333333334,0.00032533333333333334
4317495448,0.046810666666666667,0.023189333333333333,0.51405866666666666,0.083034666666666673,0.31153066666666668,5.3333333333333337e-06,8.0000000000000007e-05,0.00012266666666666668,0.00024000000000000001,0.011002666666666666,0.0099253333333333329
4317497880,0.20991466666666667,0.45672000000000001,0.078591999999999995,0.14508266666666667,0.052544,0,0.0034399999999999999,0.001008,0.00013333333333333334,0.052346666666666666,0.00021866666666666668
4476079117,0.084587962962962962,0,0.50384722222222222,0.19687499999999999,0.00018518518518518518,0.00035648148148148149,0.082291666666666666,5.0925925925925923e-05,0,0.11983333333333333,0.011972222222222223
4476079181,0.036699074074074071,0,0.86842129629629627,0.052749999999999998,0.00010648148148148149,7.8703703703703702e-05,0.022879629629629628,1.388888888888889e-05,0.00078703703703703705,0.0099074074074074082,0.0083564814814814821
4476079309,0.040391705069124421,0,0.83903225806451609,0.050023041474654376,8.7557603686635947e-05,0.00034101382488479262,0.042032258064516131,9.2165898617511517e-06,0.0010092165898617511,0.017133640552995391,0.0099400921658986171
4476079389,0.033254079254079257,0,0.86770629370629371,0.045044289044289046,0.00027972027972027972,0.00052680652680652678,0.045724941724941723,2.7972027972027973e-05,0.00032167832167832167,0.00034498834498834498,0.0067692307692307696
4476080461,0.38375632183908048,0,0.54236781609195406,0.052317241379310347,0.00021149425287356321,7.35632183908046e-05,0.0025425287356321837,7.8160919540229886e-05,6.8965517241379313e-05,0.00014252873563218391,0.018441379310344827
4476080501,0.30421911421911424,0,0.58512820512820518,0.049804195804195803,0.00019114219114219115,0.00022377622377622378,0.038969696969696967,1.3986013986013986e-05,4.1958041958041961e-05,0.0025034965034965036,0.018904428904428904
4476855112,0.031883720930232555,0,0.83064186046511623,0.063348837209302331,0.0003627906976744186,0.00011627906976744187,0.062725581395348839,1.3953488372093024e-05,0,0.0025255813953488373,0.0083813953488372089
4476855160,0.030412993039443156,0,0.96195823665893276,0.00077030162412993039,0.00025986078886310905,0.00012993039443155453,7.4245939675174008e-05,1.3921113689095128e-05,0.00025522041763341067,1.3921113689095128e-05,0.0061113689095127609
4476855212,0.040454128440366971,0,0.85439908256880737,0.01518348623853211,0.00044954128440366975,9.1743119266055046e-05,0.017380733944954128,0.0002889908256880734,0.004270642201834862,0.058912844036697248,0.0085688073394495409
4476855358,0.10719266055045872,0,0.82033027522935775,0.050990825688073393,0.00013455657492354741,0,0.020311926605504588,1.2232415902140673e-05,1.8348623853211008e-05,0.000691131498470948,0.00031804281345565748
4476856270,0.082305555555555562,0,0.54802314814814812,0.15793518518518518,0.00017129629629629629,0.00019907407407407406,0.087768518518518523,6.0185185185185187e-05,0,0.11654166666666667,0.0069953703703703705
4476856682,0.052287037037037035,0,0.8746666666666667,0.018921296296296297,0.00031018518518518521,0.00020833333333333335,0.0059074074074074072,0.00022222222222222223,0.001912037037037037,0.036976851851851851,0.0085879629629629622
4476856880,0.034819444444444445,0,0.72122685185185187,0.055425925925925927,0.000125,0.00023611111111111112,0.11523148148148148,2.3148148148148147e-05,7.8703703703703702e-05,0.064939814814814811,0.0078935185185185185
4476856946,0.081111111111111106,0,0.61076388888888888,0.13444907407407408,0.00029166666666666669,0.00023611111111111112,0.079138888888888884,7.4074074074074073e-05,0,0.07256944444444445,0.021365740740740741
4476858062,0.18723041474654378,0,0.6681889400921659,0.11917972350230414,0.0003317972350230415,0.00030414746543778803,0.010649769585253457,2.304147465437788e-05,0.00029493087557603686,0.00018894009216589863,0.013608294930875576
457715096,0.021843843843843844,0.19738138138138139,0.43973573573573571,0.038552552552552549,0.002954954954954955,0.00037237237237237235,0.0053753753753753757,4.2042042042042043e-05,0.00034834834834834833,0.29018618618618619,0.0032072072072072072
457718082,0.016234234234234233,0.419981981981982,0.20263663663663664,0.074360360360360367,0.13132732732732733,0.0004144144144144144,0.027135135135135133,0.0016276276276276276,0.00058858858858858859,0.089927927927927934,0.035765765765765768
457721934,0.026660660660660661,0.27312912912912912,0.25023423423423424,0.1476936936936937,0.1278858858858859,0.00010810810810810811,0.013723723723723723,0.00097297297297297292,0.00039639639639639637,0.11848648648648649,0.040708708708708706
457722692,0.022108108108108107,0.37362762762762763,0.23786186186186187,0.082636636636636632,0.10222822822822823,0.00078078078078078076,0.012894894894894895,0.00055255255255255253,0.00027627627627627627,0.1170930930930931,0.049939939939939941
461593568,0.023885885885885885,0.23998198198198198,0.32390990990990992,0.093783783783783783,0.081495495495495493,0.00082282282282282286,0.016402402402402403,0.00014414414414414415,0.00016216216216216215,0.16180780780780782,0.057603603603603601
461597998,0.013597597597597598,0.34919519519519521,0.14517717717717718,0.14932132132132131,0.18457657657657658,0.0012552552552552553,0.0079339339339339343,0.00062462462462462465,0.00057057057057057056,0.070528528528528533,0.077219219219219218
461600955,0.17364564564564564,0.12594594594594594,0.14943543543543544,0.38810210210210211,0.079633633633633627,0,0.0058378378378378375,0.0023363363363363364,0.00052852852852852857,0.074030030030030031,0.00050450450450450449
461601946,0.052432432432432431,0.17449849849849849,0.15811411411411411,0.56191591591591594,0.026744744744744746,0,8.4084084084084086e-05,1.2012012012012012e-05,0.00032432432432432431,0.025807807807807809,6.6066066066066071e-05
461602133,0.2891231231231231,0.073531531531531538,0.19211411411411411,0.16431831831831831,0.0808048048048048,0,0.00016816816816816817,0.00013213213213213214,0,0.1998078078078078,0
462896945,0.11514714714714715,0.1464984984984985,0.36624024024024027,0.1313993993993994,0.090978978978978983,0,0,2.4024024024024024e-05,0,0.14967567567567566,3.6036036036036038e-05
465191337,0.1015015015015015,0.018720720720720722,0.11768768768768768,0.66652852852852851,0.024492492492492492,0.0021021021021021022,0.002942942942942943,0.00052852852852852857,0.011621621621621621,0.052426426426426427,0.0014474474474474475
466220980,0.09071471471471472,0.081843843843843841,0.28935735735735735,0.32258858858858858,0.043879879879879881,0,0.0014414414414414415,2.4024024024024024e-05,2.4024024024024024e-05,0.16987387387387387,0.00025225225225225225
470006382,0.055651651651651653,0.075429429429429429,0.42661861861861861,0.1888108108108108,0.023291291291291292,0.00014414414414414415,0.0088108108108108114,0.00015615615615615616,0.00014414414414414415,0.20420420420420421,0.01673873873873874
470019825,0.11585585585585585,0.16221621621621621,0.4422762762762763,0.092540540540540547,0.034702702702702704,0.00066066066066066071,0.015981981981981981,0.00099099099099099106,0.00026426426426426428,0.10377177177177177,0.030738738738738738
470032783,0.047543543543543544,0.21157357357357356,0.18840240240240241,0.35244444444444445,0.037213213213213213,0.00046246246246246244,0.0087267267267267263,0.0011531531531531532,0.00076276276276276273,0.13542342342342342,0.016294294294294295
4761830880,0.069017964071856286,0.001718562874251497,0.15966467065868264,0.74069461077844312,0.021994011976047903,0.00010179640718562875,0.0016107784431137724,0.00041317365269461078,0.0012694610778443114,0.0029461077844311376,0.00056886227544910184
4898405013,0.17703012048192771,0.018379518072289158,0.0086867469879518076,0.34029518072289155,0.20227108433734939,0,0.0059879518072289157,0.013716867469879518,0.00045783132530120482,0.23278915662650601,0.00038554216867469878
4900990689,0.15649397590361447,0.22720481927710842,0.035409638554216867,0.36440361445783132,0.13410843373493975,0,0.0061024096385542169,0.0013012048192771084,0.00065662650602409643,0.073626506024096386,0.0006927710843373494
4904458042,0.049680722891566262,0.092060240963855428,0.12006626506024097,0.26343373493975902,0.12952409638554216,6.0240963855421684e-06,0.013234939759036144,0.00036746987951807229,2.4096385542168674e-05,0.32876506024096386,0.0028373493975903615
4906971826,0.25337349397590364,0.047578313253012046,0.090777108433734946,0.2053132530120482,0.18308433734939758,0.00081325301204819274,0.014012048192771085,0.0042349397590361448,0.0002710843373493976,0.19213855421686746,0.0084036144578313252
4909428001,0.0051024096385542169,0.47823493975903614,0.1264578313253012,0.23498192771084336,0.00031927710843373495,0,0.0061867469879518071,0.00013855421686746988,0,0.14856626506024095,1.2048192771084337e-05
4910005618,0.052722891566265064,0.17017469879518071,0.091337349397590362,0.46570481927710844,0.0065843373493975907,6.0240963855421684e-06,0.0034457831325301206,0.0069216867469879522,0.0021204819277108435,0.20078313253012048,0.00019879518072289158
4912099789,0.036518072289156628,0.33016265060240962,0.041253012048192768,0.2374277108433735,0.010668674698795181,0,0.0039939759036144579,0.00098795180722891559,0,0.33792771084337347,0.0010602409638554217
4912686098,0.085879518072289163,0.22556626506024097,0.026072289156626505,0.44822891566265061,0.075777108433734947,0,0.026132530120481928,0.0059337349397590358,0.00086144578313253014,0.10456626506024097,0.00098192771084337359
4918999221,0.11406024096385542,0.0026265060240963857,0.21167469879518072,0.42788554216867469,0.015114457831325302,0,0.037650602409638557,0.0012771084337349398,6.0240963855421684e-06,0.18916265060240964,0.0005421686746987952
4919012305,0.16477108433734941,0.011813253012048193,0.30803614457831324,0.33765662650602407,0.044728915662650602,0,0.024951807228915664,0.0041204819277108435,7.8313253012048196e-05,0.10230722891566266,0.0015361445783132531
4919012315,0.034777108433734938,0.061740963855421688,0.31137349397590364,0.10707831325301205,0.082259036144578315,9.0361445783132533e-05,0.031596385542168676,0.0015963855421686746,2.4096385542168674e-05,0.30710240963855423,0.062361445783132533
4922244491,0.031385542168674702,0.092759036144578311,0.062939759036144585,0.10322891566265061,0.15875301204819278,1.8072289156626505e-05,0.026343373493975905,0.0018373493975903615,6.0240963855421684e-06,0.50559036144578318,0.017138554216867469
4928814004,0.22504819277108434,0.042204819277108431,0.0078253012048192776,0.27846385542168672,0.31383132530120483,0,0.0081626506024096383,0.01246987951807229,0.00033132530120481927,0.11103614457831325,0.00062650602409638557
4930867307,0.20727710843373495,0.054680722891566266,0.034445783132530119,0.23013253012048193,0.020379518072289157,0,0.0085301204819277117,0.0022349397590361447,0,0.44228313253012047,3.614457831325301e-05
4934528512,0.14142771084337349,0.010048192771084338,0.055602409638554215,0.15645783132530119,0.14310240963855422,0,0.0031626506024096386,0.004644578313253012,0.0001746987951807229,0.47858433734939759,0.0067951807228915665
5041767379,0.0053119999999999999,0,0.53390933333333335,0,0.0072053333333333336,0.0086613333333333334,0,0,0.00036266666666666668,0,0.44454933333333335
5041772573,0.093946666666666664,0.047157333333333336,0.53588800000000003,0.010026666666666666,0.031503999999999997,0.029098666666666665,0.0031466666666666665,0.0029226666666666667,0.0038826666666666666,0.01968,0.22274666666666668
5041829373,0.091967741935483877,0.042793548387096772,0.080116129032258065,0.43981935483870965,0.05214838709677419,0,0.00040000000000000002,0.0010774193548387097,0.00023870967741935483,0.2913290322580645,0.00010967741935483871
5041872853,0.018186666666666667,0.091023999999999994,0.56511466666666665,0.059738666666666669,0.0020373333333333333,0.071242666666666662,0.0016479999999999999,0.00022933333333333334,0.0048906666666666664,0.16841066666666665,0.017477333333333334
5042020745,0.074373333333333333,0,0.62409599999999998,0.0012800000000000001,0.095855999999999997,0.0026453333333333333,0.001456,1.5999999999999999e-05,0.0021173333333333335,0.067573333333333332,0.13058666666666666
5042415222,0.24016000000000001,0.036906666666666664,0.29475733333333332,0.18170666666666666,0.018794666666666668,0.0046026666666666664,0.0013173333333333333,0.0088266666666666667,0.010506666666666666,0.191216,0.011205333333333333
5098166243,0.014852589641434263,0.4563027888446215,0.31714741035856575,0.06376892430278884,0.039474103585657373,0.0051633466135458167,0.018111553784860557,0.004565737051792829,0.0013306772908366533,0.03854980079681275,0.040733067729083666
509939988,0.065882666666666673,0.44285333333333332,0.11408533333333333,0.27371733333333331,0.033301333333333336,1.0666666666666667e-05,0.014378666666666666,0.0034453333333333332,2.6666666666666667e-05,0.040960000000000003,0.011338666666666667
509939994,0.089365333333333338,0.371776,0.17058133333333333,0.19499733333333333,0.057594666666666669,2.1333333333333335e-05,0.018783999999999999,0.0047893333333333329,6.3999999999999997e-05,0.067338666666666672,0.024688000000000002
509940000,0.077493333333333331,0.025354666666666668,0.14029866666666665,0.52865066666666671,0.027296000000000001,0.000112,0.021413333333333333,0.002,2.1333333333333335e-05,0.17578133333333334,0.0015786666666666666
509940004,0.15216533333333335,0.10706666666666667,0.21114133333333332,0.31635733333333332,0.021562666666666667,0,0.0023733333333333332,0.0012693333333333333,1.5999999999999999e-05,0.18627199999999999,0.001776
509940010,0.029541333333333333,0.096159999999999995,0.35897066666666666,0.413408,0.025392000000000001,0.00036266666666666668,0.0074186666666666663,0.002032,0.00014933333333333332,0.050741333333333333,0.015824000000000001
512080155,0.15188266666666667,0.28490666666666664,0.095386666666666661,0.24179733333333334,0.060890666666666669,0,0.030858666666666666,0.0013653333333333334,5.3333333333333337e-06,0.11242666666666666,0.020480000000000002
512080161,0.063173333333333331,0.353296,0.064341333333333334,0.38666666666666666,0.025786666666666666,0,0.0089066666666666669,0.0026080000000000001,3.7333333333333331e-05,0.092133333333333331,0.0030506666666666668
512080165,0.107584,0.094106666666666672,0.23116266666666666,0.38782933333333336,0.018277333333333333,0,0.00084800000000000001,0.00094399999999999996,1.0666666666666667e-05,0.15745600000000001,0.0017813333333333333
512080179,0.039130666666666668,0.10111466666666667,0.17612800000000001,0.52878933333333333,0.061552000000000003,0.0023413333333333333,0.0022880000000000001,0.001152,3.1999999999999999e-05,0.035082666666666665,0.052389333333333336
5175913491,0.00029999999999999997,0,0.25108947368421053,0.24462105263157893,0.31150526315789473,0.0002105263157894737,0.0044842105263157893,1.0526315789473684e-05,1.5789473684210526e-05,0.1638842105263158,0.023878947368421052
5175914251,0.064549019607843136,0.010633053221288515,0.22439215686274511,0.50459383753501397,0.023719887955182074,0.055809523809523809,0.012044817927170869,0.00034733893557422967,5.6022408963585436e-06,0.098935574229691875,0.0049691876750700284
5175915255,0.0075393939393939395,1.2121212121212122e-05,0.73788484848484848,0.064448484848484852,0.01026060606060606,0.021903030303030303,0.021951515151515152,0.00045454545454545455,0.00052121212121212124,0.09926666666666667,0.035757575757575759
5175916261,0.27496533333333334,0.016474666666666665,0.02368,0.46674133333333334,0.047295999999999998,0.000368,0.0011573333333333333,0.00072000000000000005,1.5999999999999999e-05,0.16466133333333333,0.0039199999999999999
5175918109,0.00055737704918032785,0.015830601092896177,0.15401092896174864,0.5931639344262295,0.080617486338797811,0,0.0007868852459016393,1.092896174863388e-05,0,0.15208196721311476,0.0029398907103825138
5176517974,0.00033865814696485623,0.00037060702875399361,0.12269009584664536,0.7375015974440895,0.0028242811501597445,0,0.014255591054313099,0.00017252396166134184,0,0.12178913738019169,5.7507987220447287e-05
5176518500,0.10925699745547074,0.0028040712468193384,0.21649363867684479,0.53493638676844779,0.0024376590330788804,5.0890585241730277e-06,0.021847328244274808,0.0005241730279898219,5.0890585241730277e-06,0.11168956743002545,0
5176521224,0.040755162241887903,0.010867256637168142,0.32987020648967552,0.30552212389380529,0.023569321533923302,0.0069557522123893803,0.0024719764011799411,0.0012035398230088497,0.0026784660766961651,0.26912094395280234,0.0069852507374631272
5176522476,0.028000000000000001,0.11683815028901734,0.083855491329479767,0.4870173410404624,0.069884393063583822,0,0.0009826589595375722,0.00086705202312138728,1.1560693641618498e-05,0.19545664739884394,0.01708670520231214
5176522936,0.00069866666666666666,0.0068266666666666666,0.09651733333333333,0.78245333333333333,0.032543999999999997,5.3333333333333337e-06,0.0035626666666666667,5.3333333333333333e-05,1.5999999999999999e-05,0.073530666666666661,0.0037919999999999998
5250931111,0.091701333333333329,0.024458666666666667,0.078,0.55533333333333335,0.120208,0,0.0046719999999999999,0.0025226666666666665,4.8000000000000001e-05,0.12292266666666667,0.00013333333333333334
5250931819,0.024095999999999999,0.00038933333333333333,0.63440533333333338,0.18678933333333333,0.0013173333333333333,8.0000000000000007e-05,0.005888,0.00028266666666666669,1.5999999999999999e-05,0.13688533333333333,0.0098506666666666673
5250932835,0.060517333333333333,0.0035200000000000001,0.52836266666666665,0.14213866666666666,0.075466666666666668,0,0.0032266666666666667,0.00022933333333333334,0,0.17157333333333333,0.014965333333333334
5250933271,0.079616000000000006,0.0054826666666666669,0.076570666666666662,0.79938133333333339,0.010469333333333334,0.00025066666666666667,6.9333333333333329e-05,0.00029866666666666664,0.00041599999999999997,0.026976,0.00046933333333333332
5250933407,0.035119999999999998,0.025637333333333335,0.75036266666666662,0.11693333333333333,0.020511999999999999,0,0.0045066666666666666,0.00030400000000000002,6.3999999999999997e-05,0.044586666666666663,0.0019733333333333334
5251533776,0.24174399999999999,0.00093333333333333332,0.046112,0.5824853333333333,0.066933333333333331,0,0.0049013333333333331,6.3999999999999997e-05,0,0.056821333333333335,5.3333333333333337e-06
5251533840,0.056543999999999997,0.026127999999999998,0.090522666666666668,0.64289600000000002,0.040101333333333336,0,0.0031146666666666666,0.0011573333333333333,3.1999999999999999e-05,0.13945066666666667,5.3333333333333333e-05
5251533966,0.023913279132791329,0.00010840108401084011,0.29294308943089431,0.38960975609756099,0.02392411924119241,0,0.00018428184281842817,0.00037398373983739836,0,0.2689268292682927,1.6260162601626015e-05
5251534158,0.29849066666666668,0.00060800000000000003,0.23221333333333333,0.23627200000000001,0.077605333333333332,0,0.00039466666666666665,0.00092266666666666669,0,0.15349333333333334,0
5251534830,0.18929599999999999,0.0012373333333333333,0.0015626666666666666,0.35808000000000001,0.35681066666666666,0,0.001936,0.00044799999999999999,0,0.090597333333333335,3.1999999999999999e-05
5251535082,0.090293333333333337,0.098858666666666664,0.53589866666666663,0.10820266666666667,0.0084906666666666672,0,0.00028266666666666669,4.2666666666666669e-05,5.3333333333333337e-06,0.15735466666666667,0.0005706666666666667
5251535492,0.026442666666666666,0.0068799999999999998,0.52285333333333328,0.082400000000000001,0.0090880000000000006,0,0.00043199999999999998,0.001456,0.00020799999999999999,0.34997866666666666,0.00026133333333333331
5251535776,0.089909333333333327,0.054538666666666666,0.52195733333333338,0.26447466666666669,0.031615999999999998,0,0.0036746666666666668,0.00078933333333333329,5.3333333333333337e-06,0.030485333333333333,0.0025493333333333331
5251535876,0.10661333333333334,0.058352000000000001,0.23006399999999999,0.36699733333333334,0.027722666666666666,0,0.015727999999999999,0.00017066666666666668,0,0.16749866666666666,0.026853333333333333
5251536390,0.12790399999999999,4.8000000000000001e-05,0.15284800000000001,0.24640000000000001,0.21164266666666667,0,0.0085439999999999995,0.00059199999999999997,5.8666666666666665e-05,0.25175999999999998,0.00020266666666666667
533818818,0.10026133333333333,0.46632533333333331,0.042634666666666668,0.10980266666666667,0.11179733333333333,1.5999999999999999e-05,0.0039519999999999998,0.00072000000000000005,2.6666666666666667e-05,0.16115733333333335,0.0033066666666666665
542075748,0.13422933333333334,0.40074666666666664,0.10589333333333334,0.090511999999999995,0.24100266666666667,0.00010133333333333333,0.0054879999999999998,0.0027626666666666667,1.0666666666666667e-05,0.006469333333333333,0.012784
544579844,0.045594666666666665,0.132384,0.086405333333333334,0.60922133333333328,0.026106666666666667,0,0.0049653333333333338,0.0015573333333333333,0,0.090725333333333338,0.0030400000000000002
544583874,0.091871999999999995,0.017925333333333335,0.11090666666666667,0.61506133333333335,0.059594666666666664,0,0.00040000000000000002,7.4666666666666661e-05,8.0000000000000007e-05,0.103536,0.00054933333333333331
544696551,0.18075733333333333,0.44150400000000001,0.081317333333333339,0.17566933333333334,0.024240000000000001,0.0012693333333333333,0.016554666666666665,0.0096640000000000007,0.0034666666666666665,0.062346666666666668,0.0032106666666666668
544700743,0.11612266666666667,0.084069333333333329,0.11522133333333333,0.56399466666666664,0.10182933333333333,0,0.000192,9.6000000000000002e-05,1.5999999999999999e-05,0.017898666666666667,0.00055999999999999995
544706421,0.14800533333333332,0.020053333333333333,0.09648533333333334,0.548288,0.058021333333333334,0.00010666666666666667,0.015498666666666666,0.0058026666666666669,0.00019733333333333332,0.10062400000000001,0.0069173333333333335
5655937322,0.36767601246105919,0.34261682242990654,0.10761993769470404,0.027912772585669782,0.096398753894080993,0.0061682242990654208,0.00093457943925233649,0.00708411214953271,0.0079190031152647968,0.010056074766355141,0.025613707165109034
5937150857,0.21476266666666666,0.010853333333333333,0.030309333333333334,0.10245866666666667,0.166576,7.4666666666666661e-05,0.00072533333333333336,0.0011893333333333333,0.0010826666666666667,0.47094933333333333,0.0010186666666666666
5937151975,0.18091733333333335,0.00059733333333333329,0.32023466666666667,0.125472,0.054704000000000003,6.3999999999999997e-05,0.008208,0.010048,0.001088,0.29531733333333332,0.0033493333333333335
5937710790,0.10493333333333334,0.00018666666666666666,0.23801066666666668,0.16285866666666668,0.049285333333333334,0,0.0086933333333333342,0.0012053333333333334,0.000192,0.43130133333333331,0.0033333333333333335
5950655857,0.11690030211480362,0.27838670694864048,0.018483383685800603,0.15075528700906343,0.28293051359516619,0.0012386706948640483,0.012972809667673717,0.0055166163141993959,0.0018549848942598188,0.12137160120845922,0.0095891238670694871
5950661603,0.24700302114803627,0.016453172205438068,0.026030211480362539,0.21604229607250755,0.019178247734138974,0,0.00058006042296072512,0.0039274924471299098,0.005927492447129909,0.46454984894259821,0.00030815709969788519
5950671491,0.22914199395770393,0.00051963746223564959,0.11292447129909365,0.17059214501510575,0.37163141993957705,0.00018126888217522659,0.0050996978851963748,0.00014501510574018128,0.00010876132930513595,0.10398791540785499,0.0056676737160120845
5950680091,0.18254984894259818,0.11444712990936556,0.026634441087613293,0.18288217522658609,0.31357703927492447,0,0.00047129909365558915,0.00036858006042296071,0,0.16922054380664653,0.0098489425981873116
5950693927,0.037039274924471302,0.5712870090634441,0.042163141993957702,0.1108036253776435,0.17496072507552871,6.042296072507553e-06,0.0090392749244712998,0.00053172205438066467,6.042296072507553e-06,0.045444108761329302,0.0087190332326283985
5950736297,0.16794561933534743,0.00042900302114803624,0.24681570996978852,0.2205558912386707,0.23940181268882174,0.00094864048338368578,0.0021812688821752266,0.0011359516616314199,0.040966767371601209,0.040084592145015106,0.039534743202416921
5950741397,0.096181268882175222,0.098308157099697882,0.084972809667673718,0.20233836858006043,0.39198791540785499,0.0019154078549848943,0.00094864048338368578,0.00056193353474320244,0.047975830815709969,0.042060422960725076,0.032749244712990934
5951203404,0.11116012084592145,0.18464652567975831,0.023722054380664652,0.11914803625377643,0.16575830815709969,0.00024773413897280966,0.0049909365558912389,0.0063564954682779453,0.0056072507552870094,0.36887613293051358,0.0094864048338368576
5951260060,0.07177039274924471,0.056350453172205439,0.05734138972809668,0.10258610271903323,0.43755891238670697,0.00023564954682779457,0.00047734138972809669,0.000229607250755287,0.00013293051359516617,0.15748036253776435,0.11583685800604229
5951264886,0.0069969788519637461,0.67801208459214501,0.017027190332326286,0.15506344410876133,0.054326283987915405,0,0.00089425981873111785,5.4380664652567973e-05,6.042296072507553e-06,0.08497885196374623,0.0026404833836858005
5951279654,0.027238670694864048,0,0.023317220543806645,0.083129909365558918,0.72984894259818733,8.4592145015105737e-05,0,0,0,0.0063746223564954685,0.13000604229607252
5951285958,0.11192749244712991,0.069021148036253782,0.083178247734138969,0.49405438066465257,0.02503323262839879,0,0.015498489425981874,0.00025981873111782479,6.042296072507553e-06,0.19152870090634441,0.0094924471299093656
5984516153,0.099339805825242725,0.41188349514563105,0.23242071197411004,0.1779611650485437,0.031572815533980579,0.00011650485436893204,0.0011650485436893205,0.0076375404530744338,0.0014045307443365696,0.0066860841423948218,0.029812297734627832
5984516769,0.17299200000000001,0.42925333333333332,0.13711466666666666,0.17843733333333334,0.044752,7.4666666666666661e-05,0.00024000000000000001,0.0069973333333333337,0.000544,0.0066293333333333334,0.022965333333333334
5985080896,0.14271197411003236,0.10554045307443366,0.084634304207119745,0.13520388349514564,0.049430420711974107,0,0.0019417475728155339,0.013941747572815534,7.1197411003236249e-05,0.46295792880258901,0.0035663430420711973
5998975793,0.10250485436893204,0.011618122977346278,0.15210355987055016,0.064977346278317152,0.1432556634304207,0.00022653721682847896,0.022174757281553398,0.010841423948220064,0.0011585760517799353,0.46992233009708739,0.021216828478964403
5998981575,0.076853333333333329,0.20099733333333333,0.10530666666666667,0.122992,0.12381333333333333,0,0.022096000000000001,0.004176,0.00012266666666666668,0.33454933333333331,0.0090933333333333335
5998982367,0.065386666666666662,0.5093226666666667,0.20528533333333332,0.070959999999999995,0.10700266666666666,0.000192,0.0043093333333333334,0.00051199999999999998,0.00041066666666666666,0.012762666666666667,0.023855999999999999
5998990995,0.053770666666666668,0.59277866666666668,0.15940799999999999,0.071728,0.077039999999999997,4.8000000000000001e-05,0.0069226666666666664,0.00070399999999999998,0.00027733333333333332,0.022026666666666667,0.015296000000000001
5999518796,0.088805333333333333,0.28571733333333332,0.077231999999999995,0.078144000000000005,0.17219733333333334,5.3333333333333337e-06,0.0042506666666666665,0.00073066666666666668,1.0666666666666667e-05,0.29026133333333332,0.0026453333333333333
5999524850,0.047946666666666665,0.36473066666666665,0.15287999999999999,0.073690666666666668,0.22670399999999999,0.00010666666666666667,0.016752,0.0094933333333333328,0.00098666666666666672,0.077951999999999994,0.028757333333333333
5999531210,0.091773462783171528,0.36405825242718448,0.19249190938511326,0.059618122977346276,0.22300323624595469,0.00010355987055016181,0.01054368932038835,0.00081553398058252426,0.00032362459546925567,0.028932038834951455,0.028336569579288026
5999532820,0.046245333333333333,0.45625599999999999,0.11241066666666667,0.088858666666666669,0.22939200000000001,2.6666666666666667e-05,0.0093546666666666674,0.0015466666666666667,0.00021866666666666668,0.041466666666666666,0.014224000000000001
5999647578,0.049722666666666665,0.057599999999999998,0.30576533333333333,0.16843733333333333,0.10540266666666667,0.00025066666666666667,0.0091146666666666668,0.0051520000000000003,0.0014186666666666666,0.24005333333333334,0.057082666666666664
6231951817,0.024160000000000001,0.54441066666666671,0.27035199999999998,0.019882666666666667,0.010250666666666667,0.0039466666666666669,0.010101333333333334,0.0031253333333333333,0.0010826666666666667,0.015781333333333335,0.096906666666666669
6798572025,0.11115196078431372,0.58939705882352944,0.094828431372549024,0.0061078431372549018,0.013627450980392157,0.010024509803921569,0.0017205882352941176,0.0036911764705882355,0.0033088235294117647,0.0056813725490196081,0.16046078431372549
8492075597,0.026672000000000001,0.41741866666666666,0.22082666666666667,0.17631466666666668,0.0098879999999999992,0,0.025674666666666665,0.0040426666666666666,0.00088000000000000003,0.116608,0.0016746666666666668
8492102621,0.17702933333333334,0.09548266666666666,0.18454400000000001,0.23755733333333334,0.016015999999999999,0.012853333333333333,0.034133333333333335,0.015184,0.025573333333333333,0.19997866666666667,0.0016479999999999999
8492106849,0.077130666666666667,0.000112,0.14161599999999999,0.48890133333333335,0.00067199999999999996,0,0.036901333333333335,0.007802666666666667,2.1333333333333335e-05,0.24463466666666667,0.0022079999999999999
8492110865,0.31918933333333332,0.035936000000000003,0.069994666666666663,0.28620266666666666,0.019034666666666665,2.1333333333333335e-05,0.012837333333333333,0.0047679999999999997,0.00095466666666666671,0.25074133333333332,0.00032000000000000003
8492150179,0.18783466666666668,0.0059093333333333333,0.097023999999999999,0.43351466666666666,0.011813333333333334,4.8000000000000001e-05,0.029141333333333335,0.016538666666666667,0.001248,0.21526933333333334,0.0016586666666666666
8492166039,0.14758933333333332,0.059712000000000001,0.094858666666666661,0.39320533333333335,0.015653333333333332,9.066666666666667e-05,0.040965333333333333,0.017194666666666667,8.0000000000000007e-05,0.22873599999999999,0.0019146666666666667
8492167659,0.021701333333333333,0.46189333333333332,0.065392000000000006,0.350464,0.029605333333333334,0.00019733333333333332,0.017178666666666665,0.0053013333333333332,0.0039199999999999999,0.040480000000000002,0.0038666666666666667
8492178225,0.12865599999999999,0.10866133333333333,0.075424000000000005,0.49900266666666665,0.029013333333333332,0,0.0085493333333333341,0.0044426666666666668,2.6666666666666667e-05,0.146208,1.5999999999999999e-05
8492197487,0.00042133333333333335,0.5843733333333333,0.18918399999999999,0.10458666666666666,0.00095466666666666671,0,0.0015893333333333334,0.00071466666666666662,0,0.11795733333333333,0.00021866666666666668
8492309101,0.12816533333333333,0.23660800000000001,0.13150400000000001,0.32366933333333331,0.017776,0,0.055082666666666669,0.0083733333333333333,0.00028266666666666669,0.097535999999999998,0.0010026666666666667
8493294360,0.042122666666666669,0.092421333333333328,0.73597333333333337,0.118784,0.0038506666666666667,0,0.0022986666666666667,0.0015253333333333334,8.5333333333333339e-05,0.0025279999999999999,0.00041066666666666666
8493296918,0.00094399999999999996,0.118544,0.74882133333333334,0.121488,0.00022933333333333334,0,0.0082613333333333341,9.066666666666667e-05,7.4666666666666661e-05,0.0010560000000000001,0.0004906666666666667
8493307976,0.10739733333333333,0.24521599999999999,0.11479466666666667,0.09776,0.2172,0.000112,0.0079360000000000003,0.0047146666666666665,0.003424,0.19608,0.0053653333333333331
8493324986,0.023477333333333333,0.045263999999999999,0.82317333333333331,0.077605333333333332,0.0028479999999999998,0,0.0010933333333333333,0.002624,8.5333333333333339e-05,0.023706666666666668,0.00012266666666666668
8493392970,0.098117333333333334,0.072570666666666672,0.056794666666666667,0.29845333333333335,0.24527466666666667,0,0.026074666666666666,0.017285333333333333,0.00017066666666666668,0.18277866666666667,0.00248
8877200925,0.068350684931506853,0.46401643835616441,0.21006027397260274,0.092750684931506844,0.074843835616438356,0.044202739726027396,0.0012547945205479453,0.0015232876712328767,0.0074465753424657532,0.015994520547945205,0.019556164383561645
8877203469,0.0045227963525835864,0.16514893617021276,0.159161094224924,0.081756838905775078,0.12074772036474164,0.0023951367781155017,0.013185410334346505,0.04403647416413374,0.012218844984802432,0.010534954407294832,0.3862917933130699
8877204767,0.019923529411764705,0.0019176470588235294,0.020570588235294118,0.12226470588235294,0.073364705882352943,0.12869411764705882,0.0027058823529411765,0.019858823529411766,0.41587647058823529,0.17571176470588235,0.019111764705882352
8877205941,0.012366492146596859,0.20963874345549738,0.085036649214659685,0.001293193717277487,0.00048167539267015706,0.16844502617801047,0.0014031413612565445,0.00042931937172774868,0.029492146596858639,0.46530890052356022,0.026104712041884817
8877216049,0.033027027027027027,0.40731531531531534,0.074966966966966961,0.20729129129129129,0.0064144144144144145,0.099027027027027023,0.0034834834834834836,0.00025225225225225225,0.005369369369369369,0.00088288288288288289,0.16196996996996996
8877217453,0,0.50540540540540535,0.029705705705705705,0.074720720720720724,0.0021921921921921922,0.07785585585585586,0.10798198198198199,0.02396996996996997,1.2012012012012012e-05,0.00036036036036036037,0.1777957957957958
8877218909,0.031747747747747745,0.43841441441441442,0.045393393393393391,0.0028408408408408408,0.0018918918918918919,0.12832432432432433,9.0090090090090091e-05,0.00021021021021021022,0.0078738738738738743,6.6066066066066071e-05,0.34314714714714717
8877220281,0.038270270270270274,0.48000600600600601,0.19467267267267269,0.0069609609609609614,0.0027267267267267266,0.050090090090090092,0.0013033033033033033,0.0005345345345345345,0.036396396396396399,0.069609609609609616,0.11942942942942943
8877221455,0,0.061536423841059604,0.020026490066225165,0.59380132450331125,0.037198675496688739,0.039251655629139071,0.1152251655629139,0.014245033112582781,6.6225165562913904e-06,0.00039735099337748344,0.11831125827814569
8877224307,0.14874474474474475,0.079519519519519521,0.24847447447447449,0.047987987987987986,0.14415015015015015,0.024630630630630632,0.0046666666666666671,0.016402402402402403,0.0058018018018018017,0.11263663663663663,0.16698498498498499
8877228503,0.3421081081081081,0.15203003003003002,0.07881681681681682,0.086828828828828836,0.2268048048048048,0.0045705705705705703,0.005033033033033033,0.016156156156156155,0.0037597597597597596,0.07412012012012012,0.0097717717717717718
8877804938,0.150199203187251,0.03795219123505976,0.29119521912350599,0.018972111553784862,0.043816733067729083,0.013521912350597609,0.0018645418326693228,0.00053386454183266933,0.0024063745019920319,0.38878087649402393,0.050756972111553784
8877807358,0.020102102102102101,0.1675975975975976,0.11918918918918919,0.0603963963963964,0.066594594594594589,0.019645645645645644,0.0093033033033033032,0.043213213213213211,0.019741741741741741,0.25027027027027027,0.22394594594594594
8877813508,0.18963963963963965,0.17585585585585586,0.029111111111111112,0.44278678678678679,0.10684684684684685,0.00051051051051051054,0.00046846846846846849,0.0093393393393393399,6.006006006006006e-06,0.044768768768768771,0.00066666666666666664
8877830126,0.058558558558558557,0.26706306306306304,0.25190990990990991,0.041819819819819817,0.0051471471471471473,0.084066066066066064,0.00017417417417417416,0.00015015015015015014,0.023081081081081083,0.010234234234234234,0.25779579579579581
9067737103,0.40787733333333331,0.26626133333333335,0.012650666666666666,0.22656000000000001,0.0010826666666666667,0,0.00032533333333333334,0.0048746666666666669,0.00080000000000000004,0.079541333333333339,2.6666666666666667e-05
9067738157,0.17941866666666667,0.38591999999999999,0.059818666666666666,0.21245866666666666,0.042895999999999997,5.3333333333333337e-06,0.033669333333333336,0.0040853333333333332,4.2666666666666669e-05,0.079749333333333339,0.001936
9067738777,0.22505066666666668,0.11932266666666666,0.036826666666666667,0.48137600000000003,0.031600000000000003,1.0666666666666667e-05,0.0048106666666666671,0.0021973333333333333,1.0666666666666667e-05,0.09805333333333334,0.00074133333333333332
9067739127,0.42602133333333331,0.15746133333333334,0.016223999999999999,0.32883200000000001,0.021365333333333333,1.5999999999999999e-05,0.0043306666666666667,0.004496,0.00068800000000000003,0.040474666666666666,9.066666666666667e-05
9067742495,0.33614933333333336,0.21747733333333333,0.053989333333333334,0.273088,0.00016533333333333333,0,0.028799999999999999,0.0011413333333333334,2.1333333333333335e-05,0.088837333333333338,0.00033066666666666666
9067744841,0.11536,0.42675733333333332,0.060277333333333336,0.34108266666666665,0.00086399999999999997,0,0.015584000000000001,0.0012586666666666666,2.1333333333333335e-05,0.038757333333333331,3.7333333333333331e-05
9067745863,0.054448000000000003,0.52041599999999999,0.096133333333333335,0.24591466666666667,0.0016000000000000001,0,0.026202666666666666,0.0021066666666666668,0.00012266666666666668,0.052954666666666664,0.00010133333333333333
9067746215,0.043541984732824425,0.61580152671755728,0.061068702290076333,0.18529770992366412,0.0034809160305343512,3.0534351145038166e-05,0.022580152671755727,0.016351145038167939,0.00047328244274809161,0.050977099236641218,0.0003969465648854962
9069963392,0.21225066666666667,0.41014933333333331,0.066634666666666661,0.20876266666666668,0.05263466666666667,0,0.023071999999999999,0.0029759999999999999,0.000176,0.023114666666666665,0.00022933333333333334
9069964412,0.11285866666666666,0.44368533333333332,0.010570666666666667,0.23954666666666666,0.013957333333333334,5.3333333333333337e-06,0.02904,0.0025333333333333332,0.001088,0.14591466666666666,0.00080000000000000004
9069965246,0.18274666666666667,0.0084533333333333335,0.036853333333333335,0.36657066666666666,0.19150400000000001,4.8000000000000001e-05,0.017402666666666667,0.0018240000000000001,7.4666666666666661e-05,0.19391466666666668,0.00060800000000000003
9069966916,0.28693333333333332,0.30444266666666664,0.038058666666666664,0.324272,2.6666666666666667e-05,0,0.00064533333333333337,0.0025119999999999999,0,0.043061333333333333,4.8000000000000001e-05
9069968528,0.27792,0.44925866666666664,0.017680000000000001,0.24797333333333332,9.066666666666667e-05,0,0.0027093333333333331,0.0017173333333333333,5.3333333333333333e-05,0.0025973333333333334,0
9069973156,0.081925333333333336,0.12869866666666666,0.12144000000000001,0.65034133333333333,0.00019733333333333332,9.6000000000000002e-05,0.0016800000000000001,0.00080000000000000004,2.1333333333333335e-05,0.013253333333333334,0.0015466666666666667
9069976672,0.033850666666666668,0.45166933333333331,0.11514666666666666,0.23732800000000001,0.0012906666666666667,0,0.044575999999999998,0.00098133333333333341,5.3333333333333337e-06,0.115024,0.00012799999999999999
