10041229826,0.31845825727004612,0.38257830618294525,0.0026937991278471823,0.24675484770823358,0.14375488440247924,0.0011131013222752198,0.38828971018526925,0.72830576377944289,-0.63238404641014834
10041267194,0.29312276772003432,0.40784249667782935,0.0026367860825069101,0.27680171678116117,0.19850651147654627,0.0008378666323328709,0.51435059135105754,-0.16784234152649796,-1.2287492275792025
10041290516,0.19525464509619483,0.3569017873623338,0.0026849066367404741,0.24553019648114374,0.13039428695057595,0.00095919373330765419,1.3466574768983992,0.13080160457983694,-1.156252986412514
10041384303,0.27981722288588495,0.40378503881774558,0.0026849736934167179,0.27519184299030397,0.15687600759178932,0.00095565563542058347,0.55364857092305408,0.043787050157940377,-1.0650258916775333
10427928396,0.20692253449641959,0.32295212857174477,0.0028065526387285222,0.26443412070410488,0.14123962654303884,0.0009646444717504194,1.5372615503525104,0.87745947412085878,-0.89496622858581121
10427994505,0.2413639634025436,0.37233962663027248,0.0012821875483789134,0.24261523039645136,0.33167465423841846,0.0012261536866098857,0.79575647383657278,0.25592976761141373,0.84046986240887767
10427997426,0.27038836191554017,0.30013972012708001,0.002031500663847152,0.24533397010550617,0.29306057052822121,0.00099598669302307006,0.64293770215884971,0.42279033693056223,0.037033249529927939
10428014596,0.10989136732464938,0.30226419580166081,0.0023721921107264623,0.14226671159505738,0.22430609305917684,0.00064437611367491236,4.1251726949786276,-0.074404456066268249,0.32598142578583894
10428041154,0.30279837288032463,0.34253821590444933,0.0026224017634240123,0.27870143083230076,0.16132767519945065,0.00075633551422796762,0.4019059891625677,0.5973928223117414,-1.1220319092733924
10428093793,0.20804613344915868,0.35942630104255324,0.0022561412623696279,0.22057257827972593,0.22415693219393454,0.00086897260550596403,1.3311480662745776,-0.17672224524770544,-0.40529381164093314
10428164733,0.35340905320200822,0.25679251249443996,0.0024233799718057039,0.25508369909283718,0.17168456814832539,0.00073739442111826921,-0.079871896928286099,0.47591231760541236,-1.1759479487516764
10428180233,0.38882871162759813,0.20301277336030313,0.0026500529595338365,0.28855281516252795,0.18409732421315361,0.00098883764677867056,0.13340692477158436,1.0706932772896753,-0.64404780591279054
10428221063,0.18732327542580943,0.36352218208369941,0.0024592475304369421,0.25101922070748978,0.15132114330670529,0.00098609008258344075,1.8614470312530877,0.87319985559092628,-0.68439036909398676
10445086536,0.16524325562185818,0.18825105152628718,0.0023685692989874876,0.19928140382555345,0.1314865760822771,0.00055418178092141862,2.2574342526509552,0.013765067441025524,-0.73384955316263967
10445375913,0.29804895617880206,0.15074699003832931,0.0021799026246545512,0.26920708733155213,0.11458643553216502,0.00060532972123507052,0.66268475649445258,1.1336678096273929,0.19929659575733155
10686632825,0.15224237788836004,0.29051524329929534,0.0019586951126581414,0.22919928836067605,0.12939620020768156,0.00090376200221201585,2.1849284910495506,0.012236919402552579,0.37316566423042835
10686637655,0.2978119837459392,0.25253780526919412,0.0018816993464052466,0.31955430342923247,0.23580508055988725,0.0012670786055293929,0.82809509525597103,0.54406380013470335,-0.29442941568687209
10686650375,0.087204964556303805,0.28236774092045719,0.0020300027396187767,0.059115820861619678,0.099325054354547207,0.00051442986965401791,12.070079301993413,0.29465507936691077,-0.091383261218161871
10686675996,0.28167644703346023,0.057338328630923273,0.0026059106700084206,0.2911289707870926,0.086915352376867594,0.0013374278936538039,0.44969027532235695,2.7191926566503151,-0.19497255644552808
10686677944,0.26843979267897289,0.13308063923454141,0.0022170284575023609,0.30279909214947337,0.13102137262440972,0.00089758932340353698,0.99188259771142184,2.3684998626962384,0.043500087382707213
10686683314,0.20909121319646226,0.17944764262925955,0.0021722535091288713,0.2767685344997925,0.17134806917581646,0.001236307320755251,1.3928811591834791,0.79748726189918306,0.4465011732441414
10686686044,0.16890604026058248,0.40944268185875254,0.0017792195886772676,0.31966444779159131,0.24250659217121093,0.001340399451045035,1.9261278473637451,-0.12117932973464604,0.27256078174454967
10686690554,0.27138606147336319,0.24377902536262791,0.0019236641825919917,0.30249911405787955,0.19949569853695384,0.0010766747039176816,1.0023250482516985,0.62569645458240108,0.36740545615824793
10686694456,0.080041262029165519,0.34345278267625834,0.0014759722538774354,0.078814330291054516,0.15243584145369732,0.00055049128554620925,9.0760813279912824,0.02471193347819917,0.1391965586436533
10686860083,0.23428925094233813,0.31877342826517324,0.002412455823759159,0.27529460226131464,0.26176728515307979,0.00082272258528831208,1.0186794435345843,0.18224218928911112,-1.2205866248164416
10686863483,0.30803356241227942,0.27651788620234202,0.0021351121056618128,0.23767195337627567,0.13754916701304909,0.00095974397650921831,0.63167371328552846,0.26974912677881813,0.20534882255828624
10686864713,0.13256929004952922,0.20525459707061211,0.0013865085515243432,0.15043586376584372,0.11542836419566653,0.00053493276491079129,3.8981115090172977,0.48401196025230081,0.96536925761082526
10686868393,0.079128581602521925,0.44761532258712772,0.0022717798543627999,0.18374408974455925,0.16181581819256263,0.0010027827205627074,4.4260096073311708,0.16173392890918623,-0.52923358864841952
10686877993,0.26710737148927094,0.34803723549497878,0.0020523796697261274,0.22400052692968117,0.25020450141781941,0.0009085371026581288,1.18031156586041,-0.2417313190716458,0.1509656106655603
10686882603,0.25351998472062826,0.22772138441261663,0.0022265943775656282,0.25899218886132908,0.15136914474719546,0.0008684882569161001,0.82524617334996442,1.1504538255284156,-1.0130448927358624
11429035764,0.12032224253630716,0.3195841263452604,0.0019687850929128938,0.16467144434133654,0.17326025833835865,0.00084643730949941754,3.6190732009387809,-0.062529742838333111,0.6961849226777207
11429040214,0.37145973368989255,0.31177817639556654,0.0019188952761754815,0.26311183402968008,0.17945386854147444,0.00078782464336084714,-0.1404951565631658,0.687952897112174,-0.79303415500136276
11429070336,0.32545562740513406,0.32258184675655088,0.0022884721056001906,0.25606900446428377,0.19625019871368701,0.00097812418510644767,0.23596257185737327,0.19766086087797319,-0.32834035174793164
11429170003,0.076586080963046116,0.30097737976853411,0.0019714236678201494,0.03862742758684571,0.11438041475464872,0.00075061250495850448,17.507119703750192,0.68673856641766906,-0.15850499133138826
11429175363,0.13348359340548402,0.40525034377229802,0.001223045905421006,0.17850698344477114,0.21920026492571665,0.0011038615603825054,2.8040252988795871,0.1453501639726146,1.331372085956837
11494181795,0.20393773836059251,0.2443831545843953,0.0018942114366267881,0.2843057506716633,0.12979926407378245,0.00069631139690033337,1.7837940270706836,0.17196276972692656,-0.33426743158541167
11494188455,0.19177194475782167,0.2923725939297504,0.0017500296808918908,0.27124164489458724,0.15856463831657305,0.00082301267522147696,1.9836922444742033,-0.16433115787970332,0.83851262624055889
11494195405,0.31298137969681639,0.35193352279501927,0.0022029276534665139,0.24806615173150856,0.16695033985257227,0.00084689416067176479,0.33201500873924117,0.085998805147456198,-0.60435448401374303
11494476485,0.16626924984715849,0.50083337909524117,0.0021309061232857389,0.21746789324928253,0.15575888815038516,0.0010896750479160082,1.6952782692960651,1.1207433486587752,-0.51002676296110294
11494476694,0.2021546841876796,0.40559504499004084,0.0023573928796617656,0.25242272059923987,0.14029838421022692,0.00090543791251284668,1.402377235169229,1.1554110085198106,-0.99481313076850486
11494541456,0.18824699623956198,0.40247129827093925,0.0024282611303344912,0.2459911235952435,0.14477929632969647,0.0008618061241156995,1.5730171929668342,1.0800031151682559,-1.0276493472408128
11494558263,0.16177603426133258,0.45097794893739374,0.0020970272971933481,0.22096400277821343,0.15208478815070567,0.00089471560917098267,1.8971589641537261,1.0294487200512259,-0.65497822434382491
11494570706,0.30223873358975023,0.44669194144018043,0.0023830004254772092,0.27332447488546846,0.10411044884316147,0.00050879344005952702,0.20606110920284171,0.76930992033986789,-2.4186538601616445
11494572763,0.19403968016506143,0.45786476389955483,0.0022014541689091148,0.23313492811478684,0.16279225666887867,0.0010034164850267464,1.3467981495440284,0.90906900965374049,-0.57879023524184525
11494578336,0.32864841355250402,0.33066852886107989,0.0023639429757786115,0.27057403415373604,0.1481378599255686,0.00060697314019558595,0.042989115765297764,0.3902864686783758,-1.5779864376442332
1806437297,0.42504161251419015,0.17089240078270237,0.002309799861591526,0.44180463628802424,0.12872903275979544,0.0011559516982136777,0.25825275157970667,0.36137345158361656,-0.069147348737865599
1806444675,0.3081055807540935,0.20522525248404244,0.0025672772010760414,0.42914017508383862,0.14201490510482687,0.0009087724471652475,0.84169699173845935,-0.025042165619761983,0.0019958968528454063
1806449883,0.29326811267070568,0.24534022473129072,0.0019427835242855995,0.35784340210856463,0.19774414525185846,0.0010033502105991879,1.0774595039404513,1.4992834921886231,0.042054386917872257
1806451331,0.59973839154039865,0.14839498799256287,0.002376823765218299,0.36652158121590123,0.13324090603085631,0.00076316069355694953,-0.51257365752818895,1.864265493209045,0.27565769759749975
1806453489,0.43025111464871868,0.12381755530778282,0.0022512364577725358,0.32741148560419409,0.11164473143223451,0.0010938074975969318,0.010510665224915857,2.7677176292550816,-0.016203100946547158
1806455411,0.39065403075289729,0.13035965778470113,0.0022383910188387823,0.31254645558577238,0.13838324978558678,0.0010254901975686741,0.20405426569078677,2.7764301045673276,0.04560449210272359
1806459121,0.36049652729508469,0.22058376228083654,0.0022199152531077069,0.34082884714615108,0.17726320499831921,0.0008350607308237689,0.58412845017692916,1.8121560106309347,-0.10046591310798537
1806463491,0.37060099611660885,0.089718403596702842,0.0023435187491990198,0.33371348392978029,0.081467228049079771,0.0008387919000965255,0.33067018070466775,2.1243698608616417,-0.31535051650830409
1807288870,0.73547586304495127,0.17289027674342045,0.0024189427861076446,0.38857115856909519,0.10342700082814253,0.0011964543351993785,-1.2625415835137559,0.50917496199618939,-0.45039859091252338
1807291566,0.48014986855009029,0.25734161139819312,0.0016339616660258427,0.34085433032773232,0.1751735133498788,0.00091028138499393417,-0.035430531851989078,1.5265210251599404,0.43603306114323964
1807296328,0.32353009043154235,0.18115763048893624,0.0019923444418812495,0.35552867359187462,0.11293301853416698,0.00087038683506969374,0.75797698578069628,0.53675552261900561,0.72241837124911312
1807313938,0.41562302797281414,0.1061539446803326,0.0020004747302319343,0.31707731502441072,0.078679238982402561,0.00080523896732091922,-0.064107489979269572,3.6745877150881143,-0.26362880597195654
1807314902,0.28924646686762545,0.15308550221368175,0.002508284177879766,0.26127320875837234,0.087810634464191753,0.0010054417114064259,0.73975488717552051,0.05520910267171019,0.064283814556962499
1807316072,0.31692274422757305,0.057958587727399466,0.0022710352838650385,0.33351441231904011,0.065814618211528952,0.00043600895770957537,0.77554964207681554,3.1238340597480629,-0.98135408294276649
1807319362,0.2707283667369057,0.12304637820663866,0.0023015666384721724,0.36498774392633437,0.096332485416712202,0.0010402331817410929,1.0899402247546079,0.99749078997060125,0.16558516186527222
2432861455,0.3681549837908894,0.24459693686569148,0.0021176102319617617,0.2806783322371964,0.14669838900234008,0.00095475383508468676,0.2161845707664673,0.71495118235852595,-0.24219524458065825
2432861631,0.36855252105577385,0.21277310665197244,0.0020826441522490955,0.26857616674253459,0.13852194259098038,0.00093766444954449001,0.13342694761251597,1.1063914856543284,-0.38677598271335073
2432861753,0.31779167149250348,0.21514919759121315,0.0023296198487756867,0.24826503516805543,0.14165747522096481,0.00053326873786561295,0.30173914271342389,0.97687636350413776,-1.4585790438937345
2432862469,0.32993781592743221,0.19134834065655926,0.0019726584749456284,0.27116366283671667,0.13521398927065023,0.00085277711094707898,0.40904390139890395,0.78024314740639134,-0.2577948636791112
2432862785,0.10574588155277237,0.3001502099140223,0.002228950219146447,0.096619095927198181,0.08221946835046326,0.00057057229300676142,8.0103107886752891,0.64302807896375969,0.20848725708840452
2433675496,0.21272913377577268,0.34059099101802964,0.0021324497347170908,0.27401514743998678,0.12925236412903821,0.0011470340677070896,1.6051866013520704,0.42026066718735999,0.10012306362963927
2433675624,0.32530405329520146,0.19185414297171907,0.0017229666948605392,0.36818254131637979,0.16066778796573833,0.0012375096068677359,0.66361691299890702,0.75838793737968124,0.92896865022491837
2433675744,0.43764617256927979,0.33405627432372498,0.0023239430167883114,0.40214127033356745,0.1464003250308088,0.00074923091560824778,0.18253925041313676,0.79527348392410147,-0.36543663661248599
2433675946,0.35342710252335852,0.3200463388696479,0.0024115598615915977,0.26205431806962387,0.17204603125942369,0.00084163615147191616,0.25630564474808354,0.15770091512627432,-0.36173450041556426
2433676300,0.40484045407538238,0.27366921890495033,0.0021520270255031811,0.23794824703357254,0.1840952740078938,0.00092963939479949193,-0.2472174417662622,1.0807737841410614,-0.78631917080285596
2433676472,0.37165316663765552,0.20059292181566979,0.0018170890170450024,0.26910141828834055,0.13223408827502631,0.00095542511852424194,0.044777481531700129,1.1587005131198336,-0.18972850665351615
2433677046,0.29381979641207406,0.21348184817164856,0.0022765792438804769,0.23847641457028107,0.12696082573795023,0.0006488268882982709,0.47641694762901932,0.79209470581577346,-1.3114844546918556
2433677360,0.46269376800186274,0.23681880752499612,0.0025728700448546141,0.20294667863948881,0.14695015231423533,0.00095545741015495541,-0.6664718669463765,2.9334141834576108,-0.71990482368182551
2433679204,0.10972334124479043,0.29137419204240567,0.0020939922388823417,0.24477953210879019,0.14105983913856401,0.00098029465588860649,3.040695526801048,0.87168191322003563,-0.45840589885072847
2433680752,0.3345842521775762,0.32995003590304695,0.0025737666846082788,0.30937840060497568,0.11096595915620922,0.00075237517393080152,0.34121546054594165,0.39222302000793025,-1.3484005502095329
2828701151,0.33245862338790078,0.36796167953716236,0.0024023569191332981,0.29410005618975199,0.2344386718299481,0.0010721662249984737,0.44645086488170893,0.27393133154923344,-0.41522049352787538
2828701349,0.086735224769175556,0.57651162326489291,0.0018531769627063563,0.13362472296493599,0.26975136517583215,0.0011792873894299542,5.2526285764974903,-0.81239949894779406,0.63309690797925577
2828701829,0.24422507534937488,0.27117597627138784,0.0025968612277328215,0.22635058310701303,0.20812432923508059,0.00095172218531661904,1.3813911828681427,0.97874021031481861,-0.59304426661735088
2828701983,0.18159768365888176,0.35485292496164439,0.0020460281635256996,0.16527173679610868,0.29391813282846202,0.0012359050357855456,2.8904949105755988,0.76565979270261431,0.28171563047347037
2828702301,0.23647588939674696,0.34055414606928336,0.0015333138536459787,0.22968609602425819,0.25967519278245144,0.0012674617803610135,1.1825607336681452,0.6934312727137838,0.75235714830820288
2829537930,0.18089568476989618,0.53394929398778612,0.0021002199974366137,0.25792625377058437,0.2734056948740935,0.0014243771420986131,2.081500830944143,-0.16756565788007824,-0.05074463677876747
2829538232,0.19911888315889034,0.23195198428660685,0.0023229942945018726,0.24734675374319137,0.16855276055151447,0.0009728995941521068,2.1183901763967676,0.50604916830685209,0.5308605309768285
2829538310,0.14281134359367006,0.29863356662463025,0.0019585051493012525,0.13024462513660937,0.2089909358134375,0.0010779995055639701,5.0433821497569218,1.3461425741134543,0.60186724628538668
2829538424,0.14791687004487908,0.31596397423593481,0.0022586999256695279,0.13564592348297555,0.16732765656020029,0.0008194689687963222,3.9272194819667954,0.68540306594276346,-0.28013095320804832
2829538628,0.1520324551920828,0.46725771783842768,0.0016919815250544567,0.13743658837719444,0.23907754104681664,0.00088801925759127045,3.7848018767782166,0.20248819692329131,0.5884071999798558
2829538812,0.1262930973204722,0.61660444209885112,0.0010482303524287323,0.092308584844367325,0.27735935878214896,0.0011033833996893074,6.2633000081326378,-0.46215433759897817,1.1726139355533789
2829539120,0.12057556857958028,0.71548465117291948,0.0011099491375118947,0.16443626648836224,0.33585300035303395,0.001366764361438715,3.9904707435564521,-1.057602316993616,0.8733256810634904
2829539204,0.1422329236095132,0.4699383324782867,0.0019945980161475128,0.22648302344514237,0.22028543067655909,0.0012300696413505578,2.3947921692228369,0.23839304875837666,0.0094593251373375001
2829539274,0.0892206672800539,0.63502676625673082,0.0013639207074202619,0.11526393130214317,0.25888041546124824,0.00076095465308881002,7.0367990334184656,-0.52825397122375839,2.0331149727028448
2976144,0.1499190301601562,0.37073927818762759,0.0025313135973343195,0.33356803352774872,0.075239383015973632,0.00048400443748658148,2.1226029454455606,1.262144995141306,-0.60967487158040223
2976167,0.41447930421738871,0.14127170608972889,0.0024856704344482896,0.33124631607376409,0.14699749723816566,0.0010715399992540617,0.055652519348803615,1.3145188299066615,-0.50392733860215588
2976176,0.24505881573720115,0.19814479113174968,0.0021937160989363748,0.26333701989213787,0.14392557570280029,0.00095595883286481447,0.91319263036099441,1.6671526164571002,-0.22106755367451794
2976181,0.21960177226262878,0.17583897621514449,0.0020796293528129758,0.32394141299403384,0.12360882524519048,0.00086848970984545906,1.5328541476463913,0.87982432361432328,-0.40923404044860645
2976189,0.084195069292044247,0.45851450841157482,0.0022345593848519421,0.018815275523862592,0.13115581345055785,0.00053552870916758887,24.425233406269683,0.10983931052790902,0.16443403223507896
2976199,0.08839883020601591,0.49821178513163983,0.0025412449570677317,0.033345181441633565,0.1286339534152115,0.0005594867548600397,23.545354246664935,0.41536089925506908,-0.077358155329221717
2976213,0.08820028994500427,0.49568744142257143,0.0024490144200947756,0.01687236240276957,0.11719414097803486,0.00058309553061906426,25.910975426255913,0.11851537294358919,0.093746691538743515
2976218,0.31186729791067058,0.125037263474118,0.0020987017301037848,0.37288031970047991,0.10980772856859472,0.00079399332891245825,0.93292370415419579,2.6906687032467556,-0.38535100567245462
2976220,0.25547290817978363,0.10098422880721894,0.002221198369857594,0.36588175034188825,0.054864573123659291,0.00022824160189664948,1.2906094922879983,0.9584900422498932,-0.957765741190724
2976227,0.32473925383428925,0.18790608500708647,0.0026803373881837031,0.29158453457803546,0.15849209871177708,0.00089298658815479312,0.34684699965823035,0.54533248835697778,-0.087522445157563522
2976228,0.30725992124899187,0.13426878616034563,0.0024957794489297259,0.31957424138758755,0.099813921622721305,0.00092321474454991521,0.71162527663189512,0.79398118702813614,0.29517215375058797
2976229,0.076783241576493827,0.3964145516553903,0.0018918269588618253,0.067219411944233823,0.14119908949558674,0.00075088603784724864,9.4179135591216188,-0.82904936235490412,1.1431327126703299
2976230,0.24428240243560781,0.2350236885235624,0.0022666215558117256,0.36201753937183989,0.19192927705814464,0.0012549372406540919,1.1253118593246756,0.094112260018508351,0.34602738467406363
2976232,0.17152218132235283,0.33952225626203802,0.0023163098500575017,0.30234871444534883,0.24942752049336628,0.0010522324295111408,1.8388061369268587,-0.27960901915688513,0.41224435549154204
3259031037,0.13659536495965638,0.29130915138275704,0.0020910536357808167,0.14002340494187532,0.1873531538213894,0.0011395386675148924,3.7074053438404082,0.13059318872456291,0.51175830443194126
3259032369,0.27024256204962432,0.27765716995109263,0.0021619870101243607,0.25117720129201615,0.18002966690708866,0.00081524215909025333,0.68374592169175441,0.54673330531289566,-0.5383476032137654
3259033655,0.32156538753275077,0.27483628160073909,0.0016323265205688828,0.40517568561772338,0.18350190760072096,0.00092164906956669732,0.7496303922736216,0.65754916941026131,0.95760427074005616
3259034411,0.068410976949831989,0.58482044438252823,0.0022301071895424306,0.076642244188057304,0.17085006656629237,0.0012067978688542638,9.9532174682788597,0.022958715796706979,-0.29883924323510624
3259036071,0.67367244807085291,0.22255893803181195,0.0020945744969882727,0.42691427918188407,0.10628324418049379,0.00078879860370246666,-0.86306852941305323,0.89065528712793085,0.11084836102341529
3259037865,0.35282509372669857,0.21869974679327644,0.002235904180443388,0.31470622958291256,0.13028254457861144,0.00091488776047275657,0.38002998225771262,1.0458458753442081,-0.17825706615894607
3259067025,0.10804323117925804,0.38779558249951751,0.0016723772497757245,0.16932398181621564,0.23459940069591692,0.0010571050591311566,4.3489795326067027,0.55438478512138356,0.48957088614209787
3259067845,0.60858189956874353,0.073985011465874592,0.0027704505036513765,0.28756257667726121,0.083837307211354822,0.0010933394109053618,-1.0965637886082424,1.7760940954920199,-0.13040964418252712
3259068153,0.13839277581467796,0.26052545220280265,0.002150261632705285,0.17010697161356361,0.1295778362668859,0.00056202874582605912,3.3308555139743588,0.070407550941917835,0.7350966065637824
3259863278,0.22469271798605539,0.1740192296691519,0.0026329899372034586,0.28296163331806506,0.20185719375984351,0.001112878866642482,1.6658266586091173,1.6035171332108027,-0.81867362345128614
3259863724,0.25525488676478442,0.20151106502256907,0.0019485314673842911,0.32282011542142586,0.10891725328173044,0.00067797165985373131,1.2669813286062745,0.64611415504467928,0.67833967504807102
3259867328,0.35040590794896814,0.35464062038727812,0.0024925459028574608,0.42148033833910226,0.22087410229934737,0.0011495738401444237,0.58899597036962459,-0.14936169378005751,-0.27628675912357503
3259869418,0.14788932547051284,0.32682926690156566,0.002151721912084984,0.20597391681258981,0.15104929049840979,0.00080748479745485001,2.6116654355383333,0.29255778055191967,0.28246571378840346
3259898966,0.1400685733369052,0.47040788880578166,0.0023519998359601097,0.13069675399971614,0.29190575839439459,0.0008737861227963487,2.9072528793986021,0.28273399250544362,-0.14425189270756872
3259899290,0.32232079886553772,0.12184359823794787,0.0020480630731769035,0.33635486536637749,0.090857030546424453,0.00068110951543584109,0.68200501932044566,3.1671668355827607,0.14315502105234124
3292055233,0.1490091538158948,0.38668760579392786,0.0024426458292195179,0.1607009335624508,0.36539350928569259,0.0011267341639352032,2.4941696552866999,0.33448751160024004,0.11555884573582725
3292081585,0.1910999054051076,0.20252181197200306,0.0027396887083160795,0.22799528436929664,0.21612490575669269,0.00055394493409081588,1.8826100709986227,1.6893868886880437,-1.4441251905162145
3292090591,0.18963068806480068,0.13766873635087207,0.0020553412466677709,0.22877771573617303,0.19924815146313343,0.0013785120373782434,1.5718839578632282,2.2295123995502468,-0.19516231103012655
3292095023,0.057235180142404113,0.59666153201176875,0.0012616937121666108,0.13664442728248039,0.2228236146738152,0.00071191804324036493,5.4803044238997067,-0.83162882406282357,1.8984956961259079
3292117677,0.075768981978031003,0.62815832769752766,0.0010105591635464482,0.035880555290642595,0.15648470560345876,0.00059582215391839222,17.012027792759465,0.034266292989456909,2.623706236803693
3292144501,0.23591457850909697,0.11119527223612012,0.0029064114633662219,0.25132519811155207,0.083397009246592019,0.00094316479303892448,1.0530605063737404,3.9152119892677706,-0.76375698063487241
3292294323,0.066826466729279707,0.49646056398412919,0.0026078357019071034,0.040187277170872324,0.21630467802668876,0.00085259759982952228,19.408096619601569,-0.07101863047301224,-0.39648024304342511
3292317977,0.081365949542576324,0.47538033526244966,0.002350215682810782,0.035086707163920455,0.11046379596070181,0.00067503687946209902,7.5981068583067364,1.0472269727142109,-0.20681547212499674
3292872806,0.28003584301109469,0.2210956802465697,0.0023771450343077162,0.26259470137178798,0.25524965254851056,0.00069309517562693435,1.3733927360469065,1.4886518102104966,-1.1821625266900266
3292900142,0.074705516711656553,0.51621090203931319,0.0026432579753915921,0.085211710485935677,0.15608600561005787,0.00076670128121697338,6.9840657950491511,0.75654625142824194,-1.026182242921535
3292905084,0.046527607990370805,0.53515716681654735,0.0019372815953208006,0.11337941276188472,0.16546234519263545,0.00081727415580816335,8.0315825823704508,-0.030046896737118533,0.057345714789834717
3292945476,0.1258639013184342,0.23711613840595902,0.0025524051387021776,0.22929402960369519,0.21323719992711515,0.001044166734204503,3.0602289329105807,1.0341407114436021,-0.10857354341048728
3292953130,0.26447223216003474,0.22297186466506255,0.0025222696283364347,0.25483412878045913,0.218590924061769,0.00092435879426474047,1.0598312544703519,1.391206110907355,-0.62478404964315948
3293118354,0.092267562610227949,0.50589677491422003,0.0021229558047088761,0.11653613658233676,0.20969946086552829,0.0010108687822661386,4.8099404395020775,0.074084381966228949,-0.12430416105210212
3293128036,0.079344619832312793,0.49026250885713868,0.0025937097420373088,0.064246736423365161,0.14907040648613809,0.00094859557730003318,3.2307970223564544,1.5936046608434917,-0.65805656488868758
3298430031,0.26803955387562201,0.40860519414683749,0.0024826937741894424,0.34312140601307539,0.29460473536899606,0.00068346405731785278,1.0781005768087173,-0.28318890267331526,-0.51804489106093965
3298432953,0.072585491843248778,0.47069410373385373,0.0023008131083791863,0.10704913625967261,0.21893481229981929,0.0010772758724813445,5.7245983043539388,0.065317972613256087,-0.073205873216346778
3298433135,0.046367424240561401,0.62327031452778925,0.0021726792536480265,0.036029864031501081,0.2093321021180039,0.00082149550712671551,22.91027903292651,-0.47816374517348842,-0.11387639831770004
3298433747,0.12560111252315698,0.13238329463706408,0.0013241831450826939,0.12673137590736727,0.09647503989965249,0.00086025463524678667,4.4277719967946023,0.76371887216284828,1.5957717409091707
3298433827,0.24139393905778772,0.31444315333004075,0.0022151379522545823,0.22567445150076276,0.24696476965434352,0.00078699566246518186,0.80008947706575151,-0.0026245189588830729,-0.45395110115564602
3298434111,0.16056378221767051,0.26359947780806403,0.0014053528499664001,0.20292394400409985,0.17166501089152406,0.00076266820184180844,2.8121719464908304,0.45182658353543798,0.16106846023563806
3298434489,0.25083765781119577,0.19925445094845218,0.0016749134832639656,0.296140599197243,0.13439479350408745,0.00069566626097164192,1.1920766874797417,0.4921917171950928,0.82292131045102068
3299257052,0.1920964143537561,0.38317933760567707,0.0019684654435286799,0.21185121550822061,0.2534171020288315,0.0008247119440565146,1.2082423635003181,-0.17097650031316042,0.17749147492513018
3299257220,0.058435049156256358,0.55053595096272956,0.0026106826549732701,0.047970974855039927,0.11420293141777739,0.0006031858907340706,17.018701363298714,-0.29053447916502662,-0.75151815034342506
3299260498,0.11683361329763649,0.39502261973483949,0.0016718101261581665,0.1643719554213901,0.17773427449625537,0.0013906283166883664,3.0603529979509561,0.33325458463546415,0.50190391426917225
3299260714,0.062209198302196018,0.46441357130246874,0.0025482586161709544,0.10736216541538642,0.17812163182909854,0.00083376347973188958,7.4436714707772724,-0.30415211471484116,-1.2623913232777446
3299261094,0.20046095022342886,0.17609980469777783,0.0014312251185443733,0.28037542742394517,0.21107519114390366,0.0013466738791042597,1.5324541266617531,1.3513479385681397,0.62387277039396305
3299261206,0.099188510124845655,0.33550577916076219,0.0020428450595922332,0.11357679014902049,0.21788685242125067,0.0010293263648516633,4.6322474727515051,0.35617801073561167,0.16011131928330885
3299261746,0.29389044017888871,0.11008361162255362,0.0020731386057336633,0.27526063151677943,0.095448268498301417,0.00081961931472336721,0.895799917941831,1.5260716813278237,0.42286150730896188
3299261820,0.17005731589840295,0.1620374782658591,0.0017870362173013595,0.19640017867583218,0.10016690930006386,0.00071467048736622088,2.6872164043564757,-0.0088649282333560266,0.64030610393827869
3530529589,0.28236853220011993,0.19013144915662469,0.0018430941125207564,0.28782723185899106,0.21111008850623861,0.00087673249915497242,1.3049208346670667,1.8054410196964055,0.41189726581687736
3530756445,0.25000046834061446,0.30011302679155688,0.0024018780879147407,0.21593344878328247,0.23725410082560969,0.00076949612960938772,0.90093160692241525,0.4477061726248579,-0.34785936337280715
3530758573,0.31102917108464895,0.26535990526732678,0.0021094404921182235,0.27866197096316309,0.24714105779799686,0.00091633763252789056,0.76187371326305675,0.93702518448026562,-0.32816915380464307
3530767989,0.33458930731538217,0.21277848645925451,0.0019692300499806778,0.27324734914773202,0.18656970395332287,0.00094172918057150413,0.77598513667950908,1.2781118973864478,0.063171881958044851
3530775049,0.37817262747033692,0.18201780842969575,0.0020897503421760098,0.28699229995192688,0.1605624430190469,0.0007455204431661295,0.67186017101939344,1.3534661113572815,0.41065274375839722
3530782343,0.2406342956433595,0.37788792974254565,0.0019146323003974091,0.27206936337678234,0.15506617427575645,0.0010578945167088057,1.1132483704923193,0.70389478079798362,0.061731462677420718
3531574692,0.095982520904043883,0.33501698576623223,0.0023356090119183298,0.18716973728353709,0.15453460926769608,0.00071283845507679985,4.2948991333064876,0.19964087947658105,0.039526737664397758
3531576730,0.19325166742136884,0.28852002114292885,0.0023462793694732191,0.3318880338837914,0.15557779831564519,0.00072991853667039321,1.8714619058195687,0.61133706620989814,-0.62029442839619697
3531584126,0.34629253252563813,0.19565681627520429,0.0021862856849928806,0.29033249532716138,0.18956511460323747,0.00083001889090766239,0.69340502457177189,1.4899105639830466,-0.20126654309089656
3531586644,0.38647074223118821,0.18883599019683273,0.0019659515570933424,0.29058848906711476,0.17094124627037952,0.00077160249049179348,0.57934682449378561,1.4206828467499018,0.47097374519282292
3531591574,0.40094736183185409,0.22737893784476856,0.0021492177675251924,0.3136064601315075,0.21060750940323086,0.00093789336045834023,0.3599242476097132,1.5028480865593508,0.024427926972068435
3531736142,0.24518562752851231,0.36694415021308713,0.0024015591131615142,0.30900362373023577,0.15571855362254924,0.0009884539195165248,1.2097583721583358,0.8160144630212991,-0.50510130928296515
3770735523,0.21085048165545872,0.40557794008674475,0.0026840987312572477,0.23333247613505792,0.22856045336384392,0.0009341414323843579,1.0767020753129501,-0.32141040265455961,-1.1112833388534531
3770743117,0.18849119399751482,0.37883023813091427,0.0026215535973346067,0.21165022047427071,0.24816808544568036,0.00075386448567493596,1.2299463679732554,-0.42538786816096724,-0.77056359454335488
3770747503,0.088647337196193346,0.35467600857444315,0.0026221693194920818,0.078642596390664177,0.13804925391514566,0.0010017413680442782,8.2274095556465117,-0.52324282763201579,-0.052053199561934459
3770755143,0.29378866880727922,0.15194298471891218,0.0024156634730231907,0.22799445308543956,0.14405136295219131,0.00060679978848274263,0.61724990084387521,0.5134286002715609,-0.35799559349063559
3770770479,0.13815198237624213,0.33331255654617353,0.0020984248314746025,0.20984418188203369,0.18052551624301516,0.0010328180213567792,3.2499860375249003,-0.058888874284324891,0.46720462205382352
3770779865,0.51036121541580926,0.15351303607297759,0.0020790710444700449,0.36822414017942895,0.14168115655455901,0.00064137065130547054,-0.04138576159626238,0.63326092504794751,-0.89524745105642922
3770801661,0.19631418052988833,0.14578271806763793,0.0023324461668587947,0.23725014942868158,0.093480821302424383,0.00059476700305170435,2.4268815341136323,1.2197756035729099,-0.23059523979109953
3770817415,0.40587006431806971,0.11493619501141761,0.0018728146200178574,0.35466825145394876,0.083855449162814913,0.00062810052100296194,0.3842877996302495,1.4294885952686824,0.71723304618509276
3770828505,0.10303888026505445,0.29880889468170824,0.0025000128155831698,0.12272520615029744,0.20706942763616576,0.00096143529918823079,3.9847856331659415,-0.030130423282221132,0.11197278410623236
3770849041,0.11445115851234948,0.25502219255953168,0.0024911938075094131,0.191484046795632,0.19799922809319692,0.00096224968949199235,3.5724397240283197,0.24294099078087594,0.2376481464242132
3771541084,0.13545399485007958,0.30077289133205531,0.0025875674074073637,0.158637026862398,0.22968752652059041,0.0010142182061870287,2.0944395042043129,-0.24478868929531047,-0.16107156387155688
3771560958,0.48109559813904218,0.24967655084654236,0.0021230959579643786,0.3726261869126401,0.22610769326179278,0.0011239522672068386,-0.022249652967307198,1.3784383094315316,0.38485176939521804
3771568410,0.56269615847942478,0.24922427127633803,0.0017680981366141066,0.42109224674364648,0.1537295497228818,0.00087658600743425856,-0.32210824695760187,0.66633595218302943,0.23091248174956164
3771573376,0.18201939779989032,0.27522021517258033,0.0024775252185055547,0.25542599090815515,0.22810461826252881,0.0012260342200303036,1.4035449074689568,0.16924111540532669,-0.2908499496548233
3771662660,0.20680186217579902,0.32915373782905227,0.0022778589978211671,0.21773331652481751,0.19952848194956721,0.0011208731245347539,1.5110165323389708,-0.023681410714009494,-0.002010022168083994
3985550,0.20996245571988414,0.34620863778052591,0.001941494198483811,0.30471350003207587,0.20125367195081537,0.00086237000697198505,1.7879267048249907,0.82630290097150616,0.11556506969741723
4458396589,0.26372814097968611,0.35751304907681208,0.0025690759759064742,0.31295863981372002,0.15010441124304702,0.0010362678438498125,0.90872273899130906,0.45826978073693031,-0.32210553074019888
4458397575,0.5832630223852262,0.20375685958955297,0.0021297772856591806,0.36768226949801269,0.15935433419181683,0.0012061688704940617,-0.68211122117829059,1.9413019774333247,-0.23187323688639774
4458397675,0.75985765368891456,0.22100479958244149,0.0021334821991541436,0.25261059055545687,0.16759142477604685,0.0010759068626958845,-2.0971325461523653,1.261759509063259,-0.02894421531463913
4458397751,0.1146060991999672,0.50359231197690246,0.0029744091496335706,0.18250477320004266,0.19897774735099116,0.00095988576419338322,3.1743463533077247,-0.047520795534662194,-1.2200393076309086
4458401155,0.33045637821967461,0.21484269008369936,0.002462047141631851,0.28854008987229979,0.12413993668457375,0.0010346757453294133,0.6377130934205899,1.0881085077147215,-0.06336498122495958
4458401195,0.41653857180289855,0.17095064546562527,0.0027505861189588026,0.2507244194876565,0.1494684801963021,0.0011980603098795401,-0.1348390437008819,1.8673463407679163,-0.4798798474357171
4459175892,0.25037031543919702,0.37118489775212249,0.002642255870818528,0.30720477023507353,0.12907271076666746,0.0010883927257019849,0.94086243317582041,0.56417615061814086,-0.57731275912020241
4459176664,0.58552954126846213,0.28787067390024973,0.0024238303421757999,0.41628883058047866,0.21681201050796053,0.0011719523302407549,-0.55008151922072668,0.55911369843745506,-0.37544809681205316
4459176836,0.54166496812089793,0.23532423520939832,0.002276884193258714,0.40981435023020707,0.15127603891538394,0.0011821633852909647,-0.33465197194456081,0.48778694232083875,-0.096456098172460661
4459177390,0.073428834129260698,0.55266026822970937,0.0024291293092397262,0.15231322597589128,0.2816111790324986,0.00095295192035283469,5.3623351015639544,-0.24067750987365089,-0.055704473146441141
4459177806,0.25655396634214933,0.3579060216150689,0.0023501437293348623,0.26850334302062717,0.18283740151766562,0.0010806329684707665,0.89303967375730564,0.45448711505644157,-0.54156625560892724
4459177970,0.1578842343849737,0.31426706742838761,0.0023930913135970944,0.29160382986524824,0.22886586463591341,0.0010506731979208017,2.2216661561816746,0.61647685376318484,-0.040669374911823271
4459178080,0.35584747135625944,0.25824509883243946,0.0023829564628987999,0.42571462756905942,0.16769129927214463,0.00092178767568275115,0.64547493652909937,1.0362322884492561,-0.13290942556879295
4459178306,0.35143255865039258,0.29310369234235717,0.0020696082634882418,0.36898650429724683,0.24512304862269704,0.0012151717370752827,0.54627213950083164,0.60100972892303084,0.10270806568693536
4459180662,0.36215777505218821,0.39561604482209894,0.002074917893117909,0.27245287485460273,0.20664136593050297,0.0011887841096306926,0.40892784342449495,0.81097600056691288,0.10268748670347451
50494601,0.14828074124865584,0.17401910687068234,0.0026046016285358646,0.20190834516164174,0.18614069973806191,0.00087421906427510821,1.9382701978049381,1.3974939291776884,-0.95037131369758832
50494635,0.13861953431454951,0.46344914088154449,0.0020862273178514947,0.2349823330880316,0.28067453168501993,0.0012130170902539029,2.7415759530156469,0.2249722434113389,-0.49389574024673588
50729151,0.18092820977172594,0.11325748079559816,0.0026553842092877965,0.15281700492367517,0.11328108131531946,0.001165806429480568,1.5318307229082964,3.6471914952592468,-1.225624170227523
50729167,0.15816905897323905,0.25506922180756669,0.0018767774965999671,0.14503657521334223,0.14095232980374661,0.0012355169573270007,2.3347941544845994,0.67845479031273115,0.199653161038506
50729190,0.27601271134958771,0.19424200603351091,0.0018392166503126235,0.19835801869864567,0.2220335974060203,0.0014688122301594201,0.1502767246497165,1.4018636994771072,0.18365435108538683
50729239,0.11460862252539762,0.52802174657418766,0.0022190761532590421,0.040332608953299043,0.13370527761350126,0.00090527191949325435,10.438195291047627,-0.57846314241389785,-0.33161943059283022
50729250,0.28219743745542714,0.10190197482535954,0.0028747902471492532,0.2740107790792678,0.12787555083937266,0.0011100202902874418,0.95395967010299365,2.4476132715040579,-1.3294805210036447
50729266,0.2176700839292576,0.17942748331029018,0.0020627699793991216,0.18320120298652576,0.15274761241378954,0.0013073562020579756,1.3126642413470766,1.1833306182201249,0.18277151840630598
50742683,0.12149530939547355,0.5491066908093909,0.0022071131769065997,0.070338627159236417,0.21865438493578307,0.0010622572689335983,7.9466960511538343,-0.31756846548369955,-0.17703980260093072
50742712,0.41808159768851116,0.15166432778549169,0.0027260162394485542,0.21780646618089178,0.15927325783110477,0.0010130504286008826,-0.41319351918879399,1.5901924039092841,-0.83017169367069965
50742725,0.14005012719751025,0.24859187806578403,0.0021775368601054598,0.067069607245921328,0.13337439197545561,0.0013025730562180114,4.9495258606316606,1.0639173586050366,-0.0024232919082768398
50742869,0.17500831940084569,0.31001127999499156,0.0018107442028611066,0.11776997145041694,0.18038539564817027,0.0010820519334160388,2.0900837511397103,1.0294396598018332,0.24839378060494482
50742900,0.14544131789833606,0.22984292123214142,0.0022213301657800031,0.12606866950883341,0.17311496152428149,0.0012382706740524689,3.8105504101605003,1.2223050277637473,-0.16996536633411452
50742923,0.29230834338154782,0.12708361536707516,0.0024389323509325352,0.27236279022191812,0.12990074168561117,0.0010569768961511787,0.93966964448829404,1.7420536753972111,-0.12464150315163788
50742944,0.27601721922960926,0.10418684259656991,0.0029264373404024324,0.31712348076821334,0.10916490231330754,0.00092232312704164539,1.0946193026970472,1.2942180360054072,-1.0295495023510743
5350121769,0.35021288009991736,0.26627438169723189,0.0028628230965971101,0.23051692738875662,0.22359009878268529,0.00096934603213692035,0.11561799800286843,0.16187969757527484,-0.22912788611859236
5350122301,0.076578531261148636,0.38359096214362515,0.0018169236613278196,0.16626726007045742,0.13438122642097439,0.00051306356032560711,5.085055088458148,-0.027638831445132846,-0.083934819007457806
5350122501,0.20564021402513311,0.2176455124523447,0.0014898151102637079,0.30950210899426034,0.16033634760418389,0.0009504353289438392,1.6200761529700018,0.457963181752092,1.196683720105518
5350122803,0.20432851623741141,0.21852087571502557,0.0026008608388752613,0.34093557055571772,0.17528151504608494,0.00097341597726383522,1.4173667177614946,0.25986732858131378,-0.42784978264563855
5350123101,0.67036863652073653,0.086154067299611031,0.0027048349437226995,0.24380512356991485,0.11005963491856816,0.00067030085005941747,-1.7636016362018005,2.9470696031898989,-1.8028762141490167
5350124151,0.36082195720932903,0.20638436111962505,0.0021644515352224726,0.42807442772252069,0.11773594432679757,0.00071697680299767988,0.60881328214617902,0.63861235478818301,0.17203160591374164
5350124993,0.26095551464982092,0.10607030930851175,0.0015058922984479985,0.28027379520108742,0.089094576191693114,0.00058539484899073821,1.3531269965932455,1.2963136856099706,0.60585574830090294
5350133147,0.34525319358600931,0.1305387378037364,0.0029536266797420821,0.23246764461122682,0.16081625199776264,0.0010293608455233104,0.0079803715654089818,3.1644484878604513,-0.80681501269136835
5350735036,0.13302587008769159,0.33418555144031642,0.0023388819132206772,0.23477082172960861,0.17723363936768477,0.00085868702358898972,2.4695035111081465,-0.071709995173989641,-0.40728347419082817
5350736476,0.45082650345463099,0.14337480809161751,0.0029033125444609675,0.43752422349491377,0.10368350776114484,0.00085138437903181945,0.08663177159244953,0.55386563756376184,-0.99474975960371259
5350737652,0.28560027160639923,0.14254833678672971,0.002524986290394307,0.32553383669361885,0.1470098571041033,0.0011524400318452231,0.8801777897302473,1.1186432371571355,-0.14977676939805232
5350744768,0.37670728117244617,0.13902594599488788,0.0023068077455233528,0.30395454734505734,0.13331760660314002,0.0011863770343123691,0.27250314185162167,0.73710548341498483,0.33874624214036836
5350746618,0.26611382900825564,0.094121444648846225,0.0027598051417344893,0.27105276313460547,0.16950140100067851,0.00084872966400499888,0.88911550187370414,3.6293078058814081,-0.47598211186003969
5379788598,0.30647733102474561,0.26152193708444116,0.0023659179290007335,0.33173214839830228,0.16374161658633068,0.0011430189265027888,0.82464184184882039,0.24190004609992602,-0.081014658503914247
5452759540,0.23797180453264155,0.29374284903917164,0.0025042637344608628,0.33538283336426317,0.14611283010876405,0.00093187445499756953,1.3281004710053432,-0.08194361377348669,-0.57087151381778412
5715385311,0.2365631246805375,0.4007839475706752,0.0024504034243236776,0.21674915230735853,0.30148555743757111,0.00083381700457530134,1.1895246906521353,-0.18595970999731645,-0.63006589168849558
5715410211,0.1936336108622006,0.18288801908563218,0.0023174878995259733,0.22792385582530167,0.15564806624472785,0.0011079422129861242,1.7028290269593338,0.73887153556831853,-0.20807906265337678
5715411349,0.18200325112784546,0.36746005333179088,0.0023743096962705705,0.14540432995516009,0.18971298726267438,0.00065718043777319047,3.2785744376396257,0.53363806823837467,0.1465976649135608
5715422061,0.10751663535539173,0.257965893119391,0.0022536436550044253,0.078948528621648043,0.09765097735845478,0.00054658160467806216,9.374748952404282,1.382740255845377,-0.86044941962607835
5715442729,0.1935057021745222,0.3449696744380269,0.0023648129591180992,0.24612166454159823,0.22640373336051792,0.001147555608480702,2.1680018103841174,0.15094330042628434,-0.24268447329679319
5715451325,0.11203554983165985,0.22084527013041474,0.0020200914725105887,0.15140627470178378,0.099361070144762823,0.00051442209293271876,4.7958885877581929,1.1827882491261035,0.89825823994760423
5715452149,0.25589395136045456,0.19594848574688403,0.0022846448186590262,0.36842359053465557,0.14845042369518469,0.0012307877277966659,1.1343642756402961,0.18856349328462721,-0.11496382969081347
5715459675,0.34943026303860625,0.16973880645304856,0.0027771379008072515,0.22829562662816322,0.11407506306154411,0.0006277939835199472,1.1721213197542708,0.034561547493147764,-0.21886848623075442
5715461357,0.61812235807064031,0.18332881966621645,0.0020654103293604757,0.41607850247028461,0.14959048692411006,0.00058017523557337314,-0.68417249654183687,1.2052267416743618,-0.47806379553300832
5715948986,0.070632629910551012,0.39972470550137928,0.0021353202614373423,0.11542268299333069,0.2388068256426249,0.0014577480173412316,6.2325928898382861,-0.58926745253269486,0.044037283233422403
5715960076,0.32872329243426279,0.35629413916268526,0.0022166266717928364,0.23868557835981891,0.19745020162835503,0.0010566511060112838,0.3112565076693013,0.40144938149155662,-0.3275563520933979
5715966740,0.18073951806027022,0.14028754295800183,0.0024402687376643985,0.26034472293184407,0.13512343553915979,0.00096268449949639,1.7455713324779487,1.2412086775541702,0.24240489105086951
5715982488,0.10355549786643194,0.48183213716975087,0.0025500976752532109,0.064384479302777631,0.089269846436776712,0.00057697946708916306,10.604955930008162,1.1107416864843691,-2.2358866687475834
5715994160,0.11593073748415916,0.5475442518187944,0.0029142153530687756,0.12427906201964521,0.2131370923332872,0.00082160520348684575,5.3955394885137107,-1.208591272789185,-0.50425674669290133
5716020802,0.094949312122756688,0.2768956782075489,0.0020262170344735415,0.14672583064008424,0.20290060187039874,0.0010888208237658055,3.6823208972516341,0.27211673788755952,0.48129034018849726
6044948309,0.27580793632007888,0.43044820469715495,0.0022605114955785749,0.25566622337624217,0.1483773982220937,0.00082179794742149584,0.59362700592306605,0.25643842477846374,-0.82037831865874855
6044953317,0.11007970809858529,0.45287912676963504,0.0024992783288477305,0.14637422408914982,0.16948881514024777,0.00090805781509407794,3.858414963139956,0.31617037365222139,-0.93846407855571501
6044961427,0.24483653270419978,0.53523567483078116,0.00093485684993009242,0.23936902500194965,0.38914670246540178,0.0012567985193972116,1.5788405420047513,0.008342982836665307,1.1331823353514128
6044966447,0.24193476893214966,0.38324854008175641,0.0011189786902475515,0.2252919416511861,0.31163207051727415,0.0013387716544492284,0.93820274897101963,0.64294250842961331,1.1010674900841981
6044975521,0.08498657468128816,0.58999223487955454,0.002244926515442669,0.05484103894316212,0.15329485432378342,0.00052027392782415444,12.506633674817849,-0.98208759908397891,0.5154924012270895
6045501062,0.54353715191727969,0.24941894411442025,0.0020298272151735449,0.10550298299299946,0.13091125931812889,0.00083917604369518144,-2.5631013509088514,1.1187842280531242,-0.70801150887557196
6045504436,0.068989262838718743,0.44918255831246673,0.0023724912367037564,0.064894134655069075,0.15395119552853281,0.00057298489597871875,11.436234287118804,-0.040992797887281114,-0.32498981181213454
6045505368,0.074931579331089515,0.27927936093541461,0.0024006950352424283,0.11557512228937691,0.15926150520731727,0.0012974038522677006,6.1942532316653747,0.045749656786809187,-0.28077986329234855
6045506808,0.67534402236277857,0.16167161834916166,0.0022474641240548109,0.39188193012794287,0.10346231631045218,0.00053807139900219412,-0.90597983773911461,1.8901786108291319,-0.71907012460927267
6045508512,0.10621616434461904,0.48804983686318526,0.0019508907650903019,0.10723424466062793,0.23040012252198089,0.0013304302004884488,6.3495363666052089,0.84237296850299836,-0.30009197817977507
6045512648,0.29629519612280691,0.44484860263179415,0.0020258403998463922,0.27603811037780324,0.1874043029130853,0.0012781466239344655,0.50142970386595209,0.15896230238463116,-0.017297716717435772
6045517224,0.21331740696376655,0.26925044178532148,0.0021689525362039268,0.1896315181899477,0.19088156895193922,0.0010832382233702906,1.8379931153820253,1.4118288639387797,-0.082819948951107003
6045523048,0.091722847797226545,0.63393833765877428,0.0016851658490324207,0.07871648361404282,0.22462392096752745,0.0009144619503413232,7.2478983921675217,-0.94084235963115936,0.95399359536973394
6045526832,0.10564353119690445,0.48019360990998167,0.0023747767166473351,0.11816261183206478,0.22726435366319112,0.00065622511959430503,5.5080296733825369,-0.49015555242648118,0.57454858170827738
6045528844,0.12044141553314379,0.41859904016285049,0.0026106786825576748,0.15447012666929771,0.21899579570880692,0.0010420844765162386,3.7917287350610427,0.18535446064247199,-0.096470728160537034
6494667935,0.32230781698181538,0.71711094069771453,0.0024772970432947951,0.25739351584064457,0.21312630387693068,0.00052060320946043643,-0.043967128128452083,-0.047848131645112348,-2.078845450100971
6494668899,0.1293874764568301,0.66245560494816214,0.0017244497092247064,0.28277082225043887,0.31294193511809604,0.0010800446953200828,2.5730362254153412,-0.65554463561674159,0.32944620045925488
6494669993,0.28318441367834335,0.62900140291752016,0.0023251913505201011,0.24312409842564006,0.2195247085556887,0.00085426743317697966,0.49995316971222548,0.010955589129340068,-1.0519934875401029
6494673379,0.10012329787126463,0.51514045103988426,0.0021496939615508804,0.079922659426572326,0.1705033046182049,0.00065931485719181355,6.9170135159067287,-0.88258032880569748,0.51167777185109176
6494678493,0.48590129430366447,0.30909028102897895,0.0024552902614265715,0.23268692779756212,0.19467180188595146,0.0011278661849225674,-0.87873497742738027,1.5916295339178685,-0.7530821473055832
6494683873,0.24142685281357962,0.36203999872107023,0.002339620081442193,0.23542794654780083,0.1793237644357919,0.00087359678923785609,0.99402692780738211,1.3635215370469891,-0.97260850740724203
6494684361,0.26873782904857174,0.29068488971236567,0.0023633849304898515,0.34070398913765398,0.2197441335391955,0.0007882528822436228,1.1913244748168381,1.1023366483697778,-0.27781567347706793
6494684929,0.11911349333343274,0.3071154475276468,0.0026650456685057547,0.17874856473908537,0.24899691294400217,0.00094881930892524459,3.9977783425683961,0.80346608764210481,-0.44606828489799749
6494688491,0.35052218898068394,0.44246507312730821,0.00195982972591968,0.40841539914385788,0.29920588828821865,0.0008274025026571689,0.61301098092552486,0.51934401016668286,-0.22462730753845914
6494691793,0.067695398224341313,0.49569087102001613,0.0016337313620634927,0.1521677004800957,0.1954958192917868,0.00069932240926671931,5.650883951895195,1.1078633482345677,-0.42948152914038368
6494694223,0.32785308443772232,0.46951856399930086,0.0018752841884560249,0.38494557705643845,0.27715447397326165,0.00099975656370176807,0.73220052399900648,0.43604030115825076,-0.022240190556521676
6494696673,0.080830116369803903,0.55514128344459657,0.0020805973216584581,0.18494369408666381,0.22598183662843965,0.00087538184645167671,4.5919720178454133,0.29082124788989822,-0.28086691825923327
6494704507,0.19754261920713437,0.60347616758179123,0.0021223385323038721,0.34782345993694297,0.25263917984074347,0.0009100031614219247,1.6920455278258777,-0.57360613870572386,0.11490544975841074
6494711785,0.28053698916484809,0.46863771957177763,0.0024203876309988647,0.26736584484182191,0.19541054255036236,0.0011006755094435611,0.53061461009851985,0.4211362390489431,-0.81422683281007402
6494713897,0.36081062954368254,0.32847960573066554,0.0025730495431992642,0.42904557282665268,0.14957462218435771,0.00068176319819005285,0.50864548966405321,0.38543365512142103,-0.77998861689540377
6624553847,0.22822338456374791,0.46670630018997694,0.002246913652302166,0.23010723570381836,0.19965122647408423,0.00123746282951988,1.206122211559266,-0.099142139444146238,-0.17388313279327799
6624557893,0.2484453769636126,0.43846991099302057,0.0023884507812099447,0.23067017260040132,0.21149709776975326,0.0012000379371791073,0.94590037402905836,-0.055258669985250988,-0.27214570573719421
6624567857,0.20606523218771716,0.33521524563067151,0.0017030258982874353,0.22552033388773698,0.21213457225616084,0.0010596508031378853,1.734024236125987,0.60544744574004072,0.63131226138946905
6624571617,0.37876894699258212,0.22298461728176405,0.0021700574848413342,0.22449561980437302,0.15842616429521592,0.001105527261669651,0.36297441509278927,2.0051781180815205,-0.29731372846696985
6624575811,0.36006939135049837,0.24768996913631119,0.0015875325986761061,0.27996578902074948,0.158447493226273,0.0010764318584204444,0.39777863573214867,1.4793291097093209,0.71478914002574978
6624577709,0.33470350328967091,0.21244046804583858,0.0016307574933641118,0.3077333678146435,0.20463263127396691,0.0011683928135653545,0.76499446645422697,1.4349237502977099,0.76564332936702351
6624594987,0.2254923462822071,0.25023955796621788,0.0022996561100224805,0.2661081070916882,0.18293488727187449,0.0010815122577435116,1.7534657795034099,1.4233838188088108,-0.32964019218834928
6624614089,0.29437855082675896,0.20522494116837628,0.0024410332448593941,0.30915336246870639,0.16052879406201023,0.00098122831986070498,1.0838064328435264,0.86041384353048944,-0.21494801835610836
6624618545,0.25187440349309903,0.26273659284132728,0.002465430348846275,0.1559915722571909,0.14524264532074058,0.00083047622510664569,1.3002483574661909,1.6078916077162018,-0.44195942718732156
6624622199,0.33064476416794342,0.34933036059199157,0.0030095565653617323,0.19880776629656935,0.1848472010249709,0.00089481880435251691,-0.11097757113613581,1.1040772749165637,-1.5554895374160651
6624627301,0.17899605626221057,0.50939642617599157,0.0014029125961747249,0.23227544275671688,0.16411904565460231,0.00059081477830092951,2.6943168163511517,-0.15929994749074647,1.0974096626923466
6624630103,0.26632021700097397,0.36378994780893492,0.0022386130450290261,0.20065214820326366,0.19811632393393849,0.0011742042552758025,0.73105375639861958,0.99383080456475947,-0.33221051077540059
6624633633,0.10533909611408045,0.38354893098579584,0.001529242043143632,0.1581203353148608,0.21060006103305984,0.00091811198865925298,3.9788086756816203,0.50790071463753539,1.4231504295194575
6624637155,0.15315179734056675,0.49438330973139755,0.0020766016777605482,0.16342532137013283,0.2047047975791205,0.00091684546813550129,2.1878502873718237,-0.43430259681215005,0.24728482854395764
6624639513,0.1815519036146083,0.35618247851007778,0.0016666509173949222,0.23691870220255196,0.22815898495285525,0.001111311313391973,1.6958950877487471,0.19722107713237769,0.74588232561949486
8556154591,0.37557091717819246,0.18913147243521219,0.0026302838600536596,0.2743963469966037,0.13988668127908646,0.0010509364275006964,0.084880350833072285,1.0018522217602819,-0.74938304895970098
8556154803,0.48738058981477544,0.20561441767103217,0.0023486673740866402,0.23777633650106994,0.18027472878518547,0.0011577126082836311,-0.14098349639818744,1.2914782132589979,-0.52104272647204253
8556155103,0.50495518376868898,0.23781617813082459,0.0023937415660641036,0.25209579688117245,0.18876226761127748,0.0012043092130577327,-0.12575221999675903,0.89994099610882661,-0.27248399190517691
8556155157,0.24268136182228339,0.34103780872611467,0.0028049473484555673,0.26036475066729375,0.16368489072281267,0.00090465271271012381,0.90299262730597951,0.36128456941903792,-0.38427071503510096
8556155563,0.26094938476248658,0.35588351474724339,0.002397915386389561,0.28380869899701444,0.16072629261444915,0.0012127037977069397,0.88600817946690924,0.3782799297542716,-0.17929493676975056
8556155993,0.097965364949184397,0.48517347749484002,0.0029657573753683608,0.14952960466024715,0.17036260701316566,0.00083702280149229656,4.854766554113418,0.15227956545515806,-1.6966381469254559
8556157009,0.479327288329567,0.23688421225001011,0.0027244904165062188,0.24083799330976277,0.1429857818879933,0.00078451644776870088,-0.83153810082438828,1.1960263041339547,-1.6717579426553129
8556157095,0.48877453857455078,0.26919854696652717,0.0030226345354353447,0.22091687500671728,0.12380238018109781,0.00061173717684028526,-1.2876960271202764,1.3999944186293942,-2.4281342305685207
8557264584,0.49659492826428808,0.23106016373564753,0.0024995250442136235,0.25547290569404457,0.18828490366254408,0.0011831748570958586,-0.090151393919181255,0.97138341101391135,-0.34694010431370648
8557265018,0.24483540204565057,0.3706092340444927,0.0026736951018838111,0.27136365959629599,0.18725694544003246,0.00090837608135646987,0.92120387611633447,0.57062378276437198,-0.33120324527727135
8557265366,0.31508048859256865,0.34564446864701054,0.0022742035422269862,0.36770026512914233,0.14687790583756444,0.00097508682739046258,0.77003221960887525,-0.4761460182473527,0.58054622437736192
8557265820,0.22782129749007995,0.39886843816457673,0.0034866480686910322,0.24181792859219967,0.14738717651796129,0.0004532046645599538,0.80114892746769006,-0.10273121907295954,-2.8176904691103317
8557266074,0.21153310700140676,0.44706871617037103,0.0022668448955528104,0.27469979431744362,0.18878982080969825,0.001072308355342182,1.1227198519692503,-0.34307686590031611,0.24745205836033871
8557266302,0.22456390031306644,0.35423089510430239,0.0028412287786745605,0.2714269806169865,0.17192913146658106,0.001000434286388386,1.2109120590550693,0.3896307678425982,-0.73550373898206167
8557266548,0.26295902057330522,0.33405045595478988,0.0028971477841853825,0.28721083118435137,0.1772937593132814,0.0010243305240494815,0.87426101573533088,0.6252040261376538,-0.91632497284157954
9960411914,0.39190725258658327,0.18008445676622004,0.0020576318957121766,0.27482821114344091,0.19227901170979148,0.0013271658857245986,0.15442308481357278,1.7667722836373436,0.099898154737815575
9960426144,0.36328085683787287,0.14653099240645093,0.0024154354581560808,0.32076251361903191,0.16703286941183557,0.0013667695189690141,0.46213505362950352,1.3138346953067725,-0.10339502446294258
9960455216,0.3937737477257926,0.20619794778839051,0.0017273326054080098,0.31289162144617294,0.19432467139067819,0.0012542789882183211,0.40773905328108428,1.115132861514722,0.66116600582204899
