10474547324,0.30040812899979258,0.31560113180297356,0.0018283473125722189,0.18078500485069557,0.14800925665748257,0.0011746753080643631,-0.092143650736801572,0.83683381065972895,0.59898760212488777
10482519424,0.2047830572779171,0.29844511996703232,0.0016450378777390848,0.099104160524996474,0.1644105309161949,0.0010729969174430149,0.66946254109179648,1.6317073106493014,1.0405047040779745
10482728394,0.1910184461545191,0.31218303304045314,0.0018498665436369633,0.11457833332994895,0.19463556594783052,0.0012687623373507087,1.7156756623041054,0.51314391976794149,0.31913624902623383
10482935065,0.15866848636968128,0.11657841775637574,0.0030275451922508489,0.12630025230004188,0.11324818702290813,0.00046860462758732826,2.3223863774760916,1.7510803151619845,-2.1781416378875189
10490159076,0.095896274389257713,0.14099203186545481,0.0029929136518292349,0.040824891337189917,0.17206681025332907,0.00041909101822535841,14.422542427311393,1.8565405735393619,-2.4228152981367788
10490170984,0.10544880526523874,0.12903975939374693,0.0029978399099727811,0.075134163255421882,0.14226193309535765,0.00046454463016052354,7.8999960593061553,2.499294050483845,-1.633200824328934
10523789076,0.11975110044439059,0.1512496823253468,0.0022216280409590784,0.20738120578855976,0.16982997723945703,0.00064591814787987414,3.0051505625611785,1.0148028957079536,0.136332604595402
10523798314,0.15838135025178451,0.26539053814016694,0.0020159790689895495,0.21877817274947919,0.18785775415386835,0.00072200727845188599,1.7009823682548493,0.011942188758458152,0.13117954563792145
10523803074,0.065664558011378937,0.17275991957006007,0.002117466116636115,0.12951922045445094,0.16588418668768168,0.00049620255010216971,4.6475357732128622,0.42660269897694797,0.31120667348643505
10536056213,0.15361093445598675,0.11571134802118241,0.0022414443047430303,0.1701780346399217,0.0934292069632746,0.00041798789916597077,2.4674531640294077,2.1337232698584851,0.5259310738007269
10536057123,0.036873252473808522,0.090606064956465449,0.0021402049800656291,0.094278653406169075,0.17815594917303804,0.00045148625593178875,5.4849060986807023,1.8319215600208687,1.4441998278298889
10536163974,0.046109630944671437,0.077676226678923099,0.0022581725387676417,0.092324887606688402,0.10662416988018425,0.00048870836491430409,4.8582930080456777,0.93320840713282427,1.0716655188124686
10536426625,0.064342398447400237,0.22765623206184554,0.0023258033581448076,0.11467963484111955,0.21442451295647896,0.00071946287011511573,5.0820073118783897,0.41139733923045574,0.41869518048043886
10559720545,0.13312926403083003,0.42204370152552084,0.0022604270972704957,0.20775786621177503,0.24408066723531316,0.0005010323923895771,2.0250957339687061,-0.23351952009806792,0.67051563226911826
11367666426,0.27811318134858909,0.70653696611582917,0.0018864363787084591,0.40920765110596263,0.23146968648120259,0.00071782365961708678,1.1538398046451517,-0.70941505211701683,0.97272780781978041
11367687715,0.076681561143833871,0.47387850059924386,0.002201811315352306,0.027963462577362163,0.12605063889242707,0.0010623764945994765,22.970576670430528,0.20156533925520265,-0.040285313505608829
11367698445,0.069181101962999744,0.23594822761826534,0.0020775371911703777,0.065928229972268243,0.12570098446172731,0.00075870815985270039,12.434695312794846,1.4174656205825567,0.58623531362853376
11367710756,0.22964614493981481,0.10785697203307403,0.0020512721256435353,0.36006444319966852,0.10874190358362883,0.00082392127130008442,1.4647546864153569,2.4621257536023222,0.44545969999352758
11367716826,0.067920631738030326,0.37062468898634371,0.0027027183123142155,0.011385809271262551,0.14108113301706937,0.00061778952774035932,17.911812250683322,0.86983022414039091,-1.3638849302916263
11367731175,0.061569836862304765,0.26405483149858161,0.0022750973349358046,0.026382986982907045,0.073370561636472431,0.00071446663756107021,27.995356709224183,3.2812846582817903,-0.22454887387175984
11367738404,0.062586754220316329,0.44492166780275832,0.002452766122523872,0.056970498135727653,0.17264993594468384,0.00053646681971150243,14.07619042256929,0.31426511283636704,-0.58304452628060122
11367749426,0.10017254886496253,0.30074591529790512,0.0029747875672675437,0.12404610448563423,0.19750007621418864,0.00062303947746661695,6.6428232520909063,0.61323574446344919,-0.92563045379535946
11367760666,0.11273092696035178,0.29143739878100555,0.0021785053334766216,0.16345086715754253,0.15099612924660941,0.00097540268555371438,3.7404542269561416,1.5785684476201962,-0.089876558221195349
11367788084,0.071189217411875602,0.28331961076460976,0.0023584424101148688,0.0065494913024727172,0.11249544757303066,0.00059925802037480761,-0.46235448312842092,1.080886050472107,0.18408413183627334
11367797404,0.064313037357026565,0.23550794928437344,0.0020793797719287962,0.043657126835378091,0.11037578298695098,0.00086532982645406628,17.008899318925746,1.3347820375333357,0.28576010751072578
11367807584,0.054150647215188939,0.32320839630406034,0.0017496789984910079,0.033322809798462444,0.078461309018500833,0.0009423749189378665,20.843891671030651,1.8148677643593187,1.0572842396867399
11367820773,0.077094449963438824,0.47852040215633135,0.0024200359067255489,0.064090950902992577,0.17828975337390876,0.00088082972021016784,12.7887078134482,0.938922242128156,-0.83075127506577073
11367841723,0.075584508565762487,0.35676145395062303,0.0022810268630798786,0.033383435387887253,0.1175467298898781,0.00061635212536365373,19.649250064358181,1.4012500925449718,-1.4548188807076785
11367884653,0.42933919201899073,0.47087169350885749,0.0017881107866806547,0.18457483721664628,0.24808567634150733,0.0011206012968430429,-0.37473333373303713,0.54320190222103815,0.14274892817767265
2312989469,0.11079053293768604,0.53677544664594334,0.0020227095424837334,0.12947331900087156,0.24447271864606071,0.0007387664236852662,5.0459852615703973,-0.42464443215302439,0.69299973081619592
2312991971,0.18718701302735088,0.24029845039787073,0.001687409991029091,0.24416723618441061,0.085529703136365709,0.00055811944789950973,2.3014562333985453,0.41352467027570194,0.14014101737429976
2313001011,0.09129670224248633,0.54821512129127803,0.0018775699602716625,0.096468214854213613,0.12442843955959815,0.00052896632757275209,7.8235517716627996,0.53209724088933852,-0.5529813701854458
2313005255,0.39632454655155602,0.18633370621306217,0.0013280860387031087,0.4029443469977641,0.1115728010213607,0.00028435304544102902,0.38758834011075777,2.2992568322886564,3.2507674432914171
2313009581,0.11131667553997242,0.53651568924662763,0.0023954363398694138,0.01574651494906899,0.13612375994828665,0.00078833722383648359,1.3285252539526711,1.0721675963284827,-0.56133406429522292
2313010863,0.2635963945452498,0.29081148160900377,0.0015685351787773491,0.29888328498219191,0.17986760678438443,0.00056870523304783089,1.1759063154259137,1.086344300925763,0.18703746477005298
2313044423,0.12308974398959303,0.53669789097515896,0.0017048003075737679,0.1997213984246079,0.13693874541646328,0.00065607646029401927,3.5527813086937119,1.0743632795628477,-0.73789145195370331
2313044951,0.11902758134424944,0.48608683150422799,0.0019388691323849975,0.18118746462678134,0.17353745575107837,0.00070057410734797635,3.7235518263485434,0.42817638763785409,-0.98278614551674837
2313793778,0.24012860942888997,0.54605352514476335,0.0013588996232219764,0.26244447814533861,0.30529273254299455,0.00092663055758964927,1.6412929592449041,-0.506509842920839,0.30315443591134383
2313794286,0.30047472635891059,0.29867827761683791,0.0025393941817244275,0.26924430890393203,0.2462791903872607,0.00097143125786475269,0.58628653393520946,0.23981877963571255,-0.026444636815660016
2313794806,0.080747614104093438,0.57888775537123294,0.0021805943355118363,0.03040671799978702,0.17322894813880971,0.00059805799070994055,22.22766243306484,0.058872794339877688,0.4749576853251295
2313806826,0.085053732535527823,0.72508107959290435,0.0015599697757273168,0.12283212912954705,0.18840597277625498,0.00067641964908675108,6.7674621823369776,-0.62960719130425125,0.49850326246414195
2313807296,0.09911878852022625,0.70459480881833703,0.0015268549634756374,0.16175920758708079,0.18966440726745626,0.0006902727687019965,4.792187207073475,-0.33921556212562354,0.27395132058503502
2313814382,0.16546323912444622,0.47155840127787957,0.0021743686274509344,0.26034089846190839,0.26352223554181525,0.00057106771858281649,2.4490710436458745,-0.5969810160849589,0.24800525873302562
2313824004,0.099766520072465878,0.62492551751172698,0.0019831570831728854,0.03846062424930094,0.20317774170038319,0.00073301094654670677,10.675681219743311,-1.0471746921832219,0.85344916199291154
2526819633,0.28627363146146695,0.15107916002723024,0.0024111774855823239,0.26150839754441579,0.13400912005721499,0.00094231079852297595,0.94232183526166879,1.4181117374803269,-0.20313938224470238
2526821247,0.31181949890742139,0.11383193844560713,0.0022743966166858831,0.31116558692371837,0.094331225144493033,0.00036463159038754601,0.77100152370322028,1.243236907211579,-0.54613416400650572
2526822293,0.34700209535963616,0.095536937331111363,0.0021846854799435285,0.27521995924000803,0.10000212937497675,0.00067517045498739282,0.48910139539887304,1.7984244776078639,-0.45390287089533199
2527635810,0.30250130548228943,0.20616505253572631,0.0023406737306161237,0.2461469959334226,0.17689908114032704,0.0010527638881680562,0.91721751445280286,1.358004988973248,-0.11537257786815529
2529883965,0.12247916367245955,0.44232558275971912,0.0023902970652311555,0.1081798289913313,0.18846269864145226,0.00067877446341753171,3.9544628141981457,-1.3162116568077682,0.35896710534505666
2529904153,0.27195973834992854,0.20778902846240105,0.0021208616583364985,0.26341950726995178,0.19074013156734737,0.00080157891294774101,1.0278765384940816,1.1973100259055252,-0.2454827304087098
2529908955,0.22052500424007609,0.28427903599229176,0.0024470226528257632,0.27209466764181778,0.21234674642392909,0.00091554660534796484,1.6238993622101954,0.14694036246554618,0.20104000869838723
2529912059,0.19302156640627413,0.23415091829159848,0.0019061231628860011,0.17063127229560068,0.17209549416674855,0.00068651477328442341,2.5305556307981925,0.94064635085323578,-0.26982617899007549
2530700122,0.12560281815819999,0.24953136797097519,0.0022011722670767903,0.10918233724327192,0.12258509603528812,0.00041942107475293567,6.0608716675763317,0.13645068882526937,-0.33505519633863395
2530717492,0.28031216836734224,0.15446366255166027,0.0018380188132766707,0.2888647309689657,0.12469041214623436,0.00058715995018039776,1.0014096427124966,1.5351693681090266,-0.047073340860638593
2530722110,0.12560592728128825,0.43701725445488981,0.0023381268537741033,0.23681604970253484,0.13762426977000256,0.0006470976399610772,2.990414476058362,-1.0102895301685015,-0.7063081889864713
2530723970,0.13472878879683645,0.28517712367141412,0.0023483599641158466,0.16231086894040175,0.21813220939789491,0.00068031014423044264,3.0531853734902024,0.45649867912320558,0.49667250612874791
2530726828,0.33772575673683231,0.11089234564997702,0.0022939267461230847,0.28372167474915438,0.11524010279822079,0.00040802254928270126,0.56166262530323818,1.7880624781497405,-0.20326258831773178
2530728110,0.11310063773505495,0.32032836774088874,0.0017511337485580055,0.1509047282292566,0.23666395103628851,0.0013485779594161248,3.8291192516953334,-0.014727125188440366,0.56266045412463039
2530731872,0.36901904228359877,0.17010686278001835,0.0021797182006921072,0.24689037118406909,0.13274466593904405,0.00098515941024511782,0.10345353534853241,2.0128212274567905,-0.166234514265026
272681965,0.24162031424714578,0.67942421695212418,0.00018473895681134575,0.29659964827406338,0.38621348110529979,0.00053210996150690893,1.2630308988556946,-0.9237154857573201,5.2992246743842992
2783318887,0.41637031220172632,0.30676591484466104,0.0018650507138279291,0.37626516751554101,0.27687333314289519,0.00076189427005742482,0.35930262962117082,0.70893873670711882,0.28128015261920664
2783321037,0.34792135442607974,0.27936495467530076,0.0017484423529411403,0.35366842408115251,0.24146980760205672,0.00092071172324810599,0.71142834816982492,0.97601710947199216,0.66743648271149181
2784174718,0.33903307741001737,0.18017029164731208,0.0020001314776367115,0.31914071964152746,0.15887965196233259,0.0009739037072679942,0.67426148655385543,1.9303305113966298,-0.1791371455323145
2784176470,0.49392863859210939,0.2767337770400633,0.0023756814763557003,0.17560194073458626,0.19263881093640581,0.0011710398368059353,-1.7802907512125876,0.40589453724453489,-1.0698065037877484
2830852009,0.21615668241028158,0.1011463530641717,0.0023144884377802799,0.18769052748722137,0.076890665651976484,0.00040988312721138259,1.3527979950880724,6.7936634970548848,-0.87836279065757394
2830862791,0.37272566216610964,0.23873248718016821,0.0023828915852875587,0.2457090800094541,0.17340220076099155,0.00081206528866360067,0.031691140446942177,1.112006039510097,-0.16931398247637994
2830891655,0.35633188221327844,0.06484679587305503,0.0023172365090349187,0.25701647141808792,0.098901574276941767,0.00080934870462236782,0.34998188628738586,6.4395910991097622,-0.46994721030436182
2830902241,0.16044713779722716,0.066273628413921731,0.0028109722722029196,0.24462083519557601,0.061739123450192682,0.00071455480513660859,2.5001822580832718,7.6900929146081154,-2.1345444468778005
2830930075,0.43944037368422001,0.065651937216334333,0.0023150589670640443,0.26550011638782295,0.071780062145033061,0.00066515278916573885,-0.25054268308837757,4.163906136606105,-0.9399971763276862
2830940393,0.24584850738050112,0.13426754647591266,0.0026439773010379702,0.24113586509168836,0.099862974902383175,0.00051678120276980617,1.2377916089476151,0.91307233356010442,-0.64067038461391301
2830957447,0.34816422233810818,0.080736468010837947,0.0024238114776363538,0.24277207608832804,0.095063169195409608,0.00053172436031502296,0.29189424450019924,2.9313164276616503,-1.2128330133291965
2831712528,0.32414967021175622,0.12692040096503945,0.0017649552223503518,0.24675941669555013,0.1100340490549131,0.00035079293394385145,0.31999270994935997,4.0040329707695186,0.35814038774005502
2831723610,0.22194945281626044,0.25508677823594095,0.0022345658644112895,0.21603444190298249,0.29630824765443514,0.0004680242045863504,1.5063607692705869,1.6674203942620907,-0.15887921682900449
2831732456,0.094151260292468536,0.21629799100132699,0.0023752791695501644,0.1132867924626496,0.092137932482818347,0.00064686010716376243,6.6597173898011963,3.3782562367950324,-1.2650072202384239
2831734788,0.21866027912074976,0.14675532193700142,0.0022922854491860775,0.26397250298468966,0.14311036337206939,0.0006415858008367016,1.5571275744144093,3.2657070024888619,-1.364376434359013
2831758218,0.19265729341483076,0.15506096894398641,0.0017693107163908358,0.205329813520644,0.14595069827398716,0.0004505731949312169,2.0068910811113598,1.986101933277935,0.23647766684116908
2831778296,0.44505214990197461,0.093811506536974648,0.003048716975522042,0.28708053312145015,0.09212432749685151,0.00070975317156437851,-0.3164540688004715,4.1952418196905601,-1.6617540056148619
2831788216,0.27777575153244083,0.18140781151129975,0.0024893047289500634,0.24874113208728804,0.14629620965417653,0.00059131712279930756,0.74849881873050261,1.2797573070736108,-0.78810363166565167
2831800840,0.29755769709425667,0.051649762401928249,0.0028697412174806154,0.24065031291979955,0.077352087040813158,0.00045482821171053593,0.70943895228733433,7.4027561677022957,-0.85862036653732909
285683956,0.55517470721182416,0.81230965235336405,0.00030349320005099904,0.40822860897705526,0.21482140386918624,0.00049373196139196297,-0.32767874429386951,-1.607885013659945,4.4013783912598647
285685885,0.33828456179101929,0.66822536405902699,0.00094685896193790376,0.37165882354757379,0.26623719219538444,0.0012655998042381995,0.86882227366339138,-0.84962183935425151,1.3542892025071223
285686822,0.65319287098919521,0.53531583348703449,0.0010782423580674371,0.21299326398231389,0.23271928738794401,0.0011551705969106256,-1.0394850227527583,-0.12288097726841266,1.2931014039107389
285688613,0.52384479158356323,0.72889607249045063,0.00099124960143567972,0.34684108502886363,0.2529372251009403,0.0013169262607059693,-0.20005355938131819,-0.74885110640423447,1.274529270535061
285689135,0.81550577773905442,0.75708881992180677,0.0015756156965269056,0.22646737236267378,0.19860129715787198,0.001039851136218934,-2.7387276884222556,-1.2106016016271863,0.55976679935250284
285689351,0.52026052710702186,0.69359240817563361,0.0016212812508009404,0.34086159864669857,0.20864272315278501,0.0011014472291600832,-0.10365956094735067,-0.52382199418595898,0.48574810153229731
285689616,0.35607675483854556,0.69355310585646113,0.0018664397180566878,0.33244532895424656,0.23401269457362667,0.0012312990268085015,0.7237240717881841,-0.42359464895501858,0.38095786867899784
285689770,0.52615474819322561,0.59793000260611662,0.001686802552864378,0.33406808501982621,0.24506142639074094,0.0010117757072665196,-0.13621819122743864,-0.12874432492581564,-0.046386721157128559
285689999,0.36889740916628389,0.81125964318460042,0.0012017436575677992,0.41316241880007293,0.23362005346277784,0.0013318311448646185,0.63974459815921014,-1.6678149118757346,0.91500958904737451
2906571999,0.085650248515923816,0.57776027094510696,0.002010940820694548,0.055639342335733782,0.24419780383321796,0.00093330076068083795,8.7548492237411413,-0.23976902396436653,-0.043305112275246006
2906577391,0.45074722330073969,0.16526037768382157,0.0019934683215982389,0.36509957686647271,0.1917278109223999,0.0010950767907160353,-0.027499369829837913,2.5308761893272367,0.11873540837806092
2906578189,0.3372890224404636,0.39437747293553643,0.00098544151216258414,0.36685051248649786,0.26350272489825072,0.00095196759470534862,0.7196037071213448,0.032229016248134408,1.0510148985944512
2906583495,0.14749389812035724,0.22019888238803587,0.0027643400008637228,0.17130984573876767,0.30132169972637551,0.0010911441984831059,2.2902379449109667,1.194032445977486,-1.1390937806065946
2906589201,0.4924339122138473,0.13415631180465637,0.0016853809828943169,0.38708497892440452,0.14017476380748337,0.0009587593740537436,-0.24878742984784108,2.7880269731816076,-0.028800620680689466
2907068295,0.15872696695680205,0.45612469514335985,0.0014305956818228289,0.054008455194885181,0.17130446458547785,0.00085972707724077412,5.7848960977478878,0.16221569367562308,0.69541174277699203
2907069437,0.43962985130610793,0.22514357086178302,0.0017292895589607808,0.13554530351643104,0.15297008787890309,0.00059201398200214818,-1.6549062706930362,2.7838666241430028,0.49404626156777914
2907416708,0.3618367581900564,0.2243463818651214,0.0024402870383798667,0.27245215445306042,0.2789438217721294,0.00094294833487165827,0.45766053425919412,1.777740015019921,-0.42132018380434727
2907419942,0.16785526458287536,0.5733228142547252,0.0012362822079926116,0.26596569717154916,0.28453842764091086,0.0011356919580620115,2.3233801769794802,-0.35124132678834535,0.72843068334802441
2907425156,0.38964864631740109,0.18926129245137094,0.0010033447066859914,0.38461983062950389,0.13461473841982227,0.0010740473858203484,0.38361077928685794,1.1543418616791872,1.1484753310818696
2907426412,0.35298513983899882,0.31190651316223256,0.0017154653294454607,0.26608401313411195,0.2110823975944717,0.0011295751460036637,0.34047905949745311,0.78946713363246335,0.37996171279436508
2907428134,0.3713684391313346,0.23481039950018759,0.0024860581211629661,0.24094010026149612,0.20539500141703565,0.00091482652117042841,0.00087685006748502493,1.306335920620294,-0.51163632048978336
2907432046,0.61868539238381681,0.1059087031821547,0.0019165905328903659,0.31650447278266358,0.11037492617922295,0.00074147406556004903,-0.99380902568042795,3.7928415285759867,0.00012346419110793381
2907432762,0.32738325911410476,0.18663106949886313,0.0021228491462401845,0.25081641579877689,0.23511524141165072,0.0011078006307922005,0.65218459242155336,1.4935387677119232,-0.41262850043211624
2907433870,0.52538589824348603,0.2881587859850952,0.0022052612059909188,0.33404478366986395,0.24661865843584754,0.0011255835239014158,-0.53997902305551815,1.1202921739276031,-0.019337615531533889
3035203913,0.41151978526305699,0.41769299082846051,0.0015535459593590919,0.21634902192019628,0.25110121308117173,0.001092484350660318,-0.21224572903483724,0.4620915003476006,0.67408383929575499
3036035670,0.42613909235694131,0.3544794923660976,0.0019751470100477062,0.23671636442076535,0.27209281268414914,0.0013069114162588321,-0.45481495649901887,0.63917775461059279,0.058254366126639881
3036040244,0.40484902604538087,0.49738964630939281,0.0016557609222337673,0.19605428257974339,0.241519338634403,0.00064772310699418533,0.61077270429839425,0.060819697644041756,0.8331655591056899
308207507,0.42520799612457577,0.10728263283599422,0.0021834332846337153,0.34244873524573943,0.090096825658827234,0.0010226842530671406,0.048569651869603589,1.2387100389382675,0.2893285841785137
3470954391,0.42070128702075194,0.39652252751454681,0.0023710323472259211,0.21195238558336962,0.31502258199219713,0.00078145389527389895,-0.45861027485843431,-0.095415627360149663,-0.93732866512038715
3470957417,0.26512411392661389,0.19682124560748041,0.0017553250597771939,0.22327239944387789,0.16824485209522611,0.0009710120672346195,1.1244539017573605,1.4993388427849179,0.41928644379905078
3470959207,0.083627067385846174,0.46591507889527217,0.0020947634601155003,0.014175052045227628,0.13649739540971492,0.00052242672724069983,-1.3522143267653821,1.2990942242649457,0.46868905202892824
3470961005,0.090152123116940583,0.37676886975485024,0.0023556889299911391,0.044487146847083145,0.24514404401209849,0.00069967653861281373,9.0362151403407243,0.55388216933880785,-0.83673413373027594
3470967057,0.095977586490129968,0.52787534804344627,0.0013584412555578337,0.078944743012543214,0.21936263928932936,0.0010782978891072962,5.230376786090865,0.53190811416134065,0.4919196779222495
3470983121,0.13287588291202401,0.37504842019657259,0.0017658782658090469,0.096570698045954195,0.16584062165119653,0.00099296634039286523,3.8956831678757093,1.1927478168067003,-0.46809145427206023
3470984953,0.13677726483031585,0.51694596023967632,0.0021289501727793855,0.14383294533701482,0.29552393085875595,0.00076940153809818088,2.5580951611229636,-0.75635264667205149,-0.26147799339151317
3471778308,0.091993418611681463,0.39088990195074358,0.0022260365094043779,0.030004901369803591,0.25638371563665885,0.00069656694397640813,1.273579517456644,0.43505927854444559,-0.56731454278574578
3471781758,0.079738480620931057,0.52680308368501416,0.0019569753836880311,0.018059792543466572,0.15451196895133679,0.00061755201197509534,1.6115456868547497,0.69156393686615669,0.79923085668051763
3471783700,0.09092555006678596,0.45694808599684139,0.0019100930688473426,0.016294319380905531,0.15153029021110082,0.00052057900021630166,6.204525603918893,0.043451553273002888,-0.56044655287356082
3471785688,0.20582923059437333,0.19925586906721063,0.0018538227269944245,0.1777569888563858,0.17614836056122027,0.00053494566864243363,1.3223768122732382,0.70097010701836104,0.11832643498815616
3471787882,0.22856869886542527,0.16688115177601723,0.0017529258901346281,0.19582863808140308,0.124973858695573,0.0004352972596716149,1.0961421781603411,1.0447224471120731,0.28754344594479098
3471789724,0.12152306594985024,0.258894095886118,0.0023720513131352807,0.056604370365983689,0.11900758535443084,0.001043053866689618,5.9139086957277032,1.5883353877175443,-0.63469793580079714
3471791988,0.091587147692880011,0.44571023957015282,0.0020193412328129677,0.031218685055644298,0.14575136909035014,0.00077169429419450617,11.259037104241713,0.32943671007569253,-0.27145163659054738
3471793832,0.098329952860727002,0.3622175325938064,0.0025914286143119297,0.034134012528108548,0.17520615312443807,0.0011683802603520343,14.320795258438457,0.75412029979512907,-0.36367357977767073
3543080943,0.20006013247400378,0.51998697071274169,0.0014774102363583237,0.12128725178451173,0.2907733161860292,0.000585388581748053,3.387277756022772,-0.3925413151013083,0.73858618495099404
3551796565,0.31581038563834163,0.34235676255343983,0.0020885647816213746,0.23290925612370636,0.19709885647701936,0.0009560867064935249,0.52705239485836353,0.71288200070492502,-0.27747181289858897
368382247,0.11461249900083118,0.71744744246883208,0.0018077455747788069,0.13363240259218168,0.23613923793390296,0.0012746653515636026,4.6470937326789219,-1.10241995257309,0.22569546015431483
368382456,0.26197445357137011,0.53882079796520999,0.0016401328773679579,0.28227233155102466,0.23617362007238285,0.0014176166812859508,1.0891263605451795,-0.085023811711063907,0.67088321346598112
3769934649,0.2432544268498848,0.36676799240049562,0.0023249763834421837,0.20946024620430082,0.17676094747514978,0.00098694699485206254,1.2345286860527855,0.35847948162945448,-0.16158424579839117
3769944403,0.31282950746260174,0.25689703342767373,0.0014605407766243425,0.27434880416966217,0.14742847931011635,0.00072414226871877704,0.86757509990396908,0.66718397704954702,0.47539020823060368
3769947373,0.27067172628669184,0.31603982871762865,0.0017073981186721987,0.21894526640368828,0.20653501373518141,0.001035339489393466,0.99367688572956514,0.57226149604246279,0.38089207667422814
3769974753,0.26225098643924305,0.3311200700480883,0.0021099029193899785,0.23814062992445034,0.19832273555200688,0.00085342004388288487,1.1309409370998726,0.29753610963740912,0.13707842629097083
3769976991,0.36813810036518008,0.23546104326824494,0.0022857602050491703,0.22824065711907199,0.17702644261736425,0.0012391287181156322,0.080626199196192141,0.94559422635871104,-0.29996680194849473
3770006391,0.3262995007215298,0.26665358251747812,0.0017289295296679362,0.22076435891709731,0.2172948306901368,0.00088231028245216851,0.46911534174759884,0.81823921738126515,0.38749382269698812
3770028511,0.40938076971143539,0.076652747135039181,0.0019283521517364864,0.22751210358900148,0.067016467883275352,0.00058528425879095214,0.090761725202015156,3.5323896201468554,0.07478494009492441
3770063713,0.36807235778610298,0.17806598979718316,0.0022701477483019991,0.23892656348690161,0.19570432601270313,0.0010857333627694297,0.11717353895120554,0.98494972866605479,-0.59543738594231344
3770706544,0.19033465561169816,0.3678098146397234,0.001676796309111835,0.2066950631825106,0.23480563523490225,0.00098460810651538298,1.7098723491979684,0.088123415323389909,0.030625736796748196
3770718872,0.37431587412139999,0.28189897296580263,0.0023711107625271361,0.20500428556650643,0.18954792165556039,0.00091203121279542082,-0.38366916990340216,0.65881335514614225,-0.15134729133409452
3770758676,0.39429254487765431,0.20420947668244799,0.0022406163783161206,0.29910761864466989,0.1820398707998121,0.00084269619944424528,0.5059088941197023,1.2869760494269333,-0.20236968224546634
3770802824,0.3747665308352886,0.14839603614932048,0.0021282561476354748,0.25681167515816189,0.1852504911174018,0.00072925819849533398,0.29280032213493529,1.7717613442738058,-0.38940387703183499
3770815688,0.20697484066784094,0.35561902184031702,0.0018103226348839471,0.18651081593376084,0.21731115532380274,0.00100867922669773,1.8266422057798131,0.35163286872050342,0.13464252970972326
3770824426,0.34219225419346078,0.13256215519939463,0.0022544317826475035,0.25227393223579825,0.13821693475831587,0.00069044019308032078,0.43733927387442439,2.1370336739931197,-1.1397619636434093
3770988666,0.27380491335593904,0.24637750094729638,0.0021389607074199161,0.23905068812469005,0.14932809064215363,0.0010795937316914752,0.68331211443632967,0.3371535435186519,0.085604263386218141
3786572822,0.33810382346643747,0.27772235149331626,0.0016810393784789017,0.24972233307366487,0.23444722959444245,0.00088001356057667993,0.58831983107485231,1.408170418365414,-0.18001462456111678
3843274923,0.13310724680505759,0.90603295581679055,0.0023980273978257589,0.15880132506246453,0.1238407106380536,0.0011757460046563787,4.2695413442134074,-3.0093935580601441,-0.6290771562447055
3843296395,0.11159872322207129,0.50417265050345583,0.0018338517185696359,0.20151779509285211,0.35790271929375489,0.0013501326778569212,3.4757961428207165,-0.20792332585476386,0.22198803520726373
3843301371,0.18556348396413444,0.17085126776832152,0.0019180361194411862,0.28813142023813759,0.13048483470797967,0.00031118859773259237,2.0356839108690208,2.1388167769717139,-0.83555400968965154
3843307163,0.16564882793258992,0.35135329914489005,0.0017836722810663222,0.11107054676436805,0.24391932225391869,0.00084419721384029376,2.8815894216715936,0.95123308612003388,0.099452795331894439
3843319247,0.18152580772259055,0.403552084167004,0.001440709634755894,0.27128531311595333,0.32676079913327516,0.00068766328650289436,2.2855179291705263,0.75858047694769815,-0.1673233807896102
3843321335,0.18281795124374756,0.2700089969051282,0.001973866871716265,0.16125332050248983,0.27798363948776189,0.0010372868554582996,2.846076358243339,1.9881405595272394,-1.0178318448165782
3844066618,0.17102998503229222,0.83876084373504378,0.0019739177239524435,0.25100490651837615,0.28422119896211195,0.0014398793962116573,2.231084361391952,-2.1553312433957563,-0.13897670283891095
3844070684,0.15088783551567367,0.29694483252720938,0.0021260211098295049,0.18787900013591793,0.20997144791735059,0.00088115211487178814,2.6248109951208147,1.280069514459242,-0.54062705770477348
3844074154,0.10206974724395884,0.25534641766601912,0.0021014884321813487,0.072667139526142566,0.16214173762230738,0.00070846812582548314,9.2523811601014536,1.9326511067797916,-0.60381923690319028
3844086536,0.10352390740610555,0.33269648014267927,0.0019179867435597079,0.11865260402941408,0.23535835792294807,0.0011807843326082654,3.9501112979444479,-0.098458832842546598,0.70015383320926095
3844091610,0.18303257863870517,0.25754574956269993,0.0017554125046244545,0.2418416764770159,0.22288676814506012,0.00042554255122737765,1.9219286155266435,0.97374378736001155,-0.49708544710083463
3844097096,0.1247473543658367,0.61035100784450957,0.0017808737767525272,0.13440469220215917,0.21925723825721166,0.00090244076554186266,4.6609987028811339,0.10171183221739259,0.019632622623533103
3844099134,0.11984196002720728,0.54748185984858511,0.0020931012584902795,0.12876288113412096,0.20967728858780621,0.00077815369520005569,5.9491522799278451,0.64243615378027275,-0.21610796415248801
3844103166,0.11624673484478833,0.48649292337067146,0.0021122031628860445,0.18224914088734334,0.25578507501382791,0.0009240354525037257,3.9058550753661412,0.18160321674076521,-0.77198422280555801
3844105198,0.32508667666159441,0.38098946505795683,0.0015300565820113286,0.30411336546734891,0.33906548120218721,0.00082379612060113304,0.93199562860022134,0.78937214022994118,-0.077899230541246478
3934445785,0.11174516142516427,0.76232378580839399,0.0017542363103482781,0.072614543707022319,0.30393669304470766,0.00069741712958165691,6.2906103708481957,-1.5400846238611317,-1.0080075665718469
3935226068,0.49240816643763324,0.27929325352130696,0.0025134616056761397,0.20188597323937563,0.16562011297144297,0.00086904383103104531,-1.1792787836207217,1.4233952646875634,-1.1671593452231153
3935233154,0.11963482814459662,0.78719226028666878,0.0021118824058306983,0.1193141274707451,0.2391301277306267,0.0013756175477132452,5.1444119160387638,-2.0929121754081965,-0.22201283474271286
3944417741,0.12083235095690874,0.21287723345082155,0.0020701253040813277,0.090126938079272537,0.18419020154391058,0.0011234292491879819,6.1655021807474579,1.4071029651560434,-0.31303008664294979
3944424229,0.25693054727987646,0.094616349167618005,0.0021707413316386808,0.19215078181254011,0.11241828552535743,0.0009384461604053599,1.1374467979288154,1.8682260314108718,-0.35616899955530196
3944714517,0.15519458387976545,0.42889818457309975,0.0020634338725838337,0.15711128198466315,0.22512096501108558,0.00095226286340638594,2.8262796718513994,0.35021194768005182,-0.21356205958905153
3944717189,0.15787822816172994,0.21691877671690363,0.002886695451407047,0.05819582874513704,0.1254614307386758,0.00072711700129969082,5.507203323343413,2.1005641108248563,-1.6859263043982706
3944717785,0.12254254204864902,0.078964551037051439,0.0030913097299470442,0.0086033979078863915,0.023138075807621322,0.00026684273524122,1.2136878429448867,3.2642658831898141,-5.6302303626585628
3944721537,0.23687992389677121,0.19036920194451709,0.0023784613610149459,0.20223239436220858,0.16388842079395749,0.00099630136640241492,1.1887972107335871,2.2370076262898486,-0.3685105993488752
3944724351,0.20340097146699265,0.14481957833948444,0.0022244165599874066,0.10912143260972416,0.094195287492935931,0.00076345617418078365,2.3616249657220756,1.897886741814651,-0.6120437788920905
3944725421,0.11093789035493334,0.66261350119244578,0.0019194154115841596,0.051623221912090005,0.22177587822946349,0.00090999002735016614,12.650943621250548,-0.82601535445635454,0.44936361368380096
3944780599,0.12652875811824044,0.25403486497037325,0.0023325774602174845,0.16522559097729048,0.18213090102236876,0.00095512322209375462,4.1528589470108548,1.0472036485817853,-0.33761907783914774
3945202422,0.097912962054888836,0.24683709326057368,0.0017103508121730691,0.10006437415605232,0.16084391842395712,0.0011253801968003465,6.8040162888881133,1.2551718983211066,0.21175029261107531
3945206018,0.23360789393082618,0.10195597277981244,0.002554153952922997,0.20463822521123215,0.14540405538734394,0.0013251676133844571,0.60892682587295965,2.3176595637502171,-0.29863757016438053
3945498430,0.14608781906229479,0.23201238684123016,0.0022191884084119423,0.096335933000031973,0.18572913684232381,0.0012148406153178685,4.0946787351263634,0.34820455847125736,-0.14432164574123449
3945505712,0.24729556042699366,0.20436673525814825,0.0023956538624387192,0.20891470714336732,0.16292879745249375,0.0010400955871589009,1.0635426599622904,1.689187822393083,-0.10079029366858343
3945509304,0.22071433399016474,0.39312473287023303,0.002139482649123713,0.20271037605419981,0.22359806488646672,0.0010408619308116067,1.2240017882847476,-0.10773861770266036,-0.0032210687481472773
3945512630,0.25705354521026524,0.37330385184289266,0.0021273886855110967,0.2927355320451599,0.26505734222600141,0.00078221219812486288,1.162241971386863,0.92158865918638622,0.39868851715068304
40217552,0.26510605284088318,0.20613419565332181,0.0019107850641873136,0.27151656403026231,0.18570243622748911,0.0013137807279913856,0.79498399215741278,1.7067391987745046,0.38763387002694794
40217553,0.23106460797107251,0.20991021791441922,0.0020933777470195898,0.19693176993523764,0.23020633346478425,0.0015603791284168368,0.37919236254571798,1.0957401883517617,0.18269162571667127
40217554,0.23164302807324325,0.34215903581264634,0.0020801330313979182,0.17694758825781995,0.31975862816437794,0.0014553411938926794,0.19753635937439884,0.58113500237669524,0.13728481519856689
40220515,0.09234433197728685,0.47769726071241603,0.0018643739815372021,0.018577051137145459,0.15700930975942146,0.00058874180137613748,24.290165408401847,1.2893225401896327,0.91620616562370738
40220519,0.13154301463602314,0.4633953631986385,0.0022449650647183169,0.21689282079442707,0.32137975000178443,0.0012760004179486598,2.7318522819726545,0.024599882655410486,-0.26702575235467613
40220520,0.10112353715530377,0.7572313255679084,0.0016114985928488517,0.1025450132254165,0.18537827812512486,0.0012616630132767097,6.9821749501668879,-1.3681882928388756,0.41769046674166721
40220521,0.068140342099663354,0.48690667135966836,0.0026484396472071423,0.097449008193790793,0.41901029033580428,0.0011829841654266663,5.146341029745563,-0.23061984230333021,-0.19568697041937783
40220522,0.093848175838168277,0.63419067205752744,0.0021156158400615047,0.04593222682777915,0.15408543489891671,0.00073236286422995709,14.244914311146358,0.55552653023432674,-0.60603177358463034
40220523,0.097192990681677804,0.48388371396283714,0.001881817352300163,0.015009350277767895,0.096895761986946827,0.00051512749678731917,2.5566957743969261,0.71800573435967496,1.038314152996225
40222616,0.085174987002494332,0.70663227484885482,0.0023855944636676611,0.031073247703842063,0.19318225984710044,0.00096217954943353325,10.02950186712498,-0.48716852338440003,-0.23554794576938029
40222617,0.092711886251691231,0.71549666426818659,0.0026327551146994046,0.012343603062666915,0.10050297365801959,0.00056185514335409573,13.736410425426648,0.38295284240739125,-0.76216337071828211
40222618,0.097469433468997807,0.65247848630622418,0.0025454748788926759,0.0096802640741088814,0.10311078967636024,0.00064306604821310427,0.15564011635532901,0.30236922672815786,0.10574084966723524
40222619,0.1000235225973222,0.53971464287576176,0.0022206684403431741,0.074276265229343733,0.26196256259445572,0.00090079856351701773,6.3410296808389113,-0.75642668615893938,0.3641973056347278
40222620,0.18225370957465603,0.36580428389774,0.0022932884685376389,0.28552005012553078,0.28179356010772172,0.0011903779492753723,2.152474261305787,0.37811436783888397,-0.099689725865601972
40222623,0.091567158547941341,0.48367875169790803,0.0018393253876713266,0.062483195791333455,0.22921975424990937,0.0010239721932711707,11.435845440916788,0.35122476319292878,0.11504487099123765
4086056583,0.41225954456180797,0.33106501423397761,0.0018454610550573385,0.23268994118532452,0.24062684060352066,0.0010856647147381784,-0.35571362936463724,0.76561344996868153,0.14414460332022391
4086059767,0.40582231554913717,0.27557123771062381,0.0017140090032361174,0.25252577355292688,0.24760585147809575,0.0012633058311581769,-0.39212414016171715,1.3028033099181511,0.20854874757396133
4225595785,0.40489338117186485,0.35042581666891698,0.0016408302189155472,0.33472955247597064,0.20689813098448398,0.00086353484532420387,0.35571785830000929,0.57473932501439129,0.31391686139802477
4225600815,0.4143564331996516,0.31843877704381185,0.0017673055650688457,0.26302341751330183,0.21502078930254062,0.0010479900639930946,-0.30785299323317339,0.69805427085212135,0.058421829535858796
4225603749,0.43874739173961474,0.34317056722960937,0.0018402747845884697,0.25774057729556554,0.16404488199124881,0.0011110231265602875,-0.51152961792467766,0.53227112400159071,0.10293949103852632
4286173391,0.49607436844191305,0.14989625505797613,0.0022748472596764557,0.26825763591261836,0.17605385268575249,0.0013224622073782831,-0.29644299303825972,1.9937391239905276,0.29798051699368289
4286176767,0.39011263177424399,0.21435543393867976,0.0024134476611102217,0.24862363404399582,0.15943060282750246,0.00073704746420874101,-0.25775044629947358,1.0349342311086391,0.051377478466140936
4286177739,0.12330037683342779,0.42960007888522028,0.0021841513461151305,0.12923838172913096,0.25091557270772952,0.00071992738057839235,4.1450302549217461,0.61426664419228461,0.69206900065750254
4286182811,0.29654192562858062,0.20083986536268827,0.002742807981053046,0.27109738867889072,0.15914947187829293,0.00065933136909513475,0.63193740758996964,0.82538798160399074,-0.2148866879687725
4286189159,0.39521063411037505,0.099130748774196989,0.0027359587128409756,0.2752456629155115,0.076011447895681719,0.00043361319360265909,0.21855867877480201,0.97809797083127337,0.34306483520577508
4286195785,0.26308721390815781,0.081037274946897789,0.0024273948837089717,0.33383589951003995,0.073803852024680469,0.0011326862689478299,1.2662545236555232,1.4556603826935912,-0.38845068056128013
4286196741,0.39724422745495208,0.19732901185894705,0.0022899134606033816,0.25656099196460325,0.11125449992164567,0.0012796691653221377,-0.00752280441725424,0.90063637029726795,0.073789752864092992
4286914204,0.35301703304622067,0.080938607994511996,0.0024059597116353427,0.36116691961308417,0.070778492038323412,0.00091721740324530641,0.44877043052938742,0.88073777499688166,0.56485761774850751
4286916166,0.35984118079625671,0.13505339337396405,0.0026323566216659598,0.28614378698650783,0.10535963609636714,0.00066953364378137287,0.41669011690404939,1.0008412194089999,-0.20476188885097202
4286923028,0.31624205025503732,0.13027597184753725,0.0025354765002782286,0.27634731683095753,0.10192253411844993,0.00073566862158066561,0.48689238817091068,0.88727361888202749,0.042083822408385561
4286923810,0.30986787531622306,0.087912459872410351,0.0021153352187290721,0.24061844633604801,0.062181412592282839,0.00072066667126559662,0.73115172812440044,1.6377263716679364,0.27227759252728689
4286929742,0.33379713003129585,0.29919206894408484,0.0024522804669974063,0.24576035423412376,0.14958270246493185,0.0011923038607462482,0.22723427626446183,0.78382118424640823,0.14134264822222897
4286931914,0.39895122229515201,0.11091494779155442,0.002351159107980662,0.25370529374862383,0.096273582116058326,0.0008189116567565637,0.11062336053596887,1.6450247019039836,-0.062276253984185043
4286935686,0.32050406735013798,0.067511602065831164,0.0024803920747701377,0.25687968988144305,0.068509760542425829,0.0010931854860806798,0.81919443591567986,2.142658554337586,-0.37384216893294309
4286936488,0.34562488613941511,0.08948059832279906,0.0025798664351650751,0.27886512457830614,0.078119034388851205,0.00069482929061781031,0.50620169804992166,2.4937434901878541,-0.19868419063969836
448441805,0.25993659427399002,0.21241848033141189,0.0015572789542483651,0.24672614812257987,0.17861632174404488,0.00090043286529085476,1.0825013334777289,1.4751669725564449,0.16802891813021731
477025836,0.26210362671345649,0.25131015072767543,0.0013943514238112737,0.26410103991646439,0.17941425582412204,0.0010882599111348462,0.79903133889437139,0.70941951636217215,0.44251001476085389
477042293,0.18386211511767644,0.48374537140652552,0.0010531548173779756,0.29917841367470727,0.14682802655695812,0.00047281304730189671,2.1289918060492332,-0.12509600438338597,1.5236847392267134
477044465,0.16563563422145652,0.24488134393487207,0.0019080788414709499,0.25522025765805817,0.11630996704551909,0.00039945864682068154,2.6276699748794803,0.081577125065748962,1.5073646719355602
477044873,0.23951251937329085,0.20993123348829654,0.0019913401102139554,0.29856599809331341,0.15709983960650778,0.00047234154337961814,1.675684303273818,0.64065697327063975,0.48677721122997097
477045951,0.54839134201913486,0.22039990628067968,0.0017897460976547203,0.38102993611213043,0.16099444385323464,0.00088016212997085166,-0.17192778938002243,0.3438606079627875,0.49953738238537648
477046843,0.33026537637241488,0.32052076338372443,0.0017667425964371633,0.25724186155295486,0.23054644541439667,0.0010799222262970157,0.45059628558022952,0.47433497834799104,0.37215078815023211
477047199,0.40348098539015759,0.38910558595756517,0.0011762644726388037,0.21272435876825002,0.24652713285809802,0.0013064224325383784,-0.66027087498110659,-0.20553666083997799,1.4763543042253562
477345920,0.080963460046141661,0.29200821964368223,0.0022578372420864082,0.059046270143486956,0.052190377468277149,0.00040932831778294442,13.756047851019945,0.10974051507202025,0.94269947494793382
477357740,0.26711115358293036,0.22375071320901019,0.0018689879072150209,0.27868211019812134,0.17576280389352922,0.00078272238168064262,1.262125800530042,1.1115495420408943,0.69740999709847495
477363715,0.081350875303835654,0.703867640456869,0.0018868798564655391,0.047938201540091999,0.074201933141034904,0.00032818053631723402,16.018710911631306,-0.53166876304855215,-2.0307609941867089
477366829,0.21114394433925915,0.3269423579404343,0.0018245792233756559,0.24014514500573683,0.21355803671925883,0.0012026948420766849,1.4500999333904516,0.21488236585802101,0.39083095594194339
477367927,0.16315966893518305,0.25842066822596776,0.0020800930924002176,0.21300105287293641,0.19079909354448255,0.00090956048135361974,2.6610472933104887,0.42673418529603258,-0.37421738164496365
477372419,0.12657099648722533,0.42074958169795279,0.0018972731513515447,0.236984870839718,0.19123410390332771,0.0008795276072552197,3.0861764860425627,-1.102034290998124,1.3182249816193179
477373393,0.09502207648218082,0.4608008247083788,0.0023095173856208023,0.11730619774243238,0.1565091143172902,0.00058829200823122421,6.9673971318647201,0.39614725448944893,-0.45873157798059089
477374463,0.31511937201113882,0.14264460119370989,0.0019752544816093727,0.32362080598282078,0.13624018695159984,0.0011234885895838409,0.86582284651181118,1.9148806480984144,0.4715083635423869
4805371335,0.2997831430447756,0.36257122955008075,0.002109257260028234,0.2551548007702133,0.21253946174616881,0.0013691053968080328,0.54961116809760036,0.33398342128823161,-0.21594785046306769
4805371907,0.288418411783259,0.25757594316285032,0.0012816784518774008,0.14735589037701075,0.16109273143043654,0.0010274398985746344,1.2675810396312088,0.69222559992358945,1.1584409020899431
4805373157,0.28437601014892461,0.22412488986795395,0.0016607853184671425,0.21816555218248077,0.1391760971580025,0.0010946575934976575,1.3267456440186167,0.65724989896408903,0.38631689953555587
4805375885,0.42370329854639194,0.3699420306219432,0.0024047865077533237,0.23617854071332403,0.22715116697360938,0.0009490708556963071,-0.59891380046021891,-0.35714819729234409,-1.130384969572154
4805378035,0.30542811051651425,0.15944583358155376,0.0021961898141740765,0.2367479997779732,0.12883813781249512,0.0010689634977685775,0.45367630634684508,1.1327377482351415,0.039027366175531472
4805378823,0.40876651388482732,0.23822287341630902,0.002457601968472529,0.22645049341913176,0.152460590597715,0.0013774133615701973,-0.24582885359207896,0.31498669347825781,-0.1302564228221908
4805997452,0.46086308960635697,0.31109802291904093,0.0026371531769832329,0.22588563745293183,0.17816647600566765,0.00099565066158131496,-0.92064621337129593,0.27956977279888567,-1.1758929570154764
4805998074,0.2851731070793227,0.20426897769396699,0.0014565567499682005,0.27547611057243321,0.2177058147165436,0.0015053579870119491,0.2009996521201913,0.90356241464972409,0.36737799876031263
4806006054,0.33075459737872159,0.23552168700675388,0.0019790093451236015,0.21897977735774288,0.16351797373311033,0.00091474263891745168,0.74324502935298498,0.62870932937131718,0.12092499681000064
4806007504,0.34713635574960888,0.24181933075675779,0.0017758899295141951,0.20686732536110755,0.18388875059865817,0.00091256991545609039,0.63989742820958395,0.67908651493348349,0.64949258232133333
4806011196,0.48170553320844006,0.14376014039640533,0.0017537956990900092,0.22468439977225066,0.1264484649472247,0.0013007457703770207,-1.0561751994343902,1.6546234248201606,0.34079743107548088
4806012538,0.26516992291579727,0.28396583745468612,0.0021690933640906096,0.13058685904280382,0.15485754537726598,0.00055318552169303489,2.3062724544801956,-0.59862249079067165,0.58056341323626381
4806014250,0.47212931313044265,0.16519546491609211,0.0016518810098678557,0.24729476005467158,0.11775802104229857,0.0012255325515286256,0.12344292644394815,0.88687212914114988,0.74288980731546472
5207029843,0.15263496067044646,0.17400625544679152,0.0021402889350249613,0.23812292120036893,0.096898817188610792,0.00047417473411055609,2.4990303980922435,0.71392705880615581,-0.59265204279348793
5207030867,0.1519070194091815,0.088167992641908874,0.0023055013712673989,0.17796340565059951,0.053626655965654968,0.00056589637906502295,2.9473126350872381,2.0493917338371412,-0.4080159918583528
5207618276,0.07405385521591018,0.56083422782859316,0.0022161070817273559,0.009128536524806578,0.16029180954726366,0.00067982848643265517,4.3758443019974829,0.82130452104903962,-0.37899295421224943
5207619966,0.080740806338456608,0.36419136708992872,0.0022750173557664964,0.022489838515484972,0.14533649141290406,0.00074820334123236508,32.0143069915732,1.9801814462082943,-0.70309464815202394
5207630438,0.29661384740826063,0.19966358264884679,0.0021714215763167098,0.25120026395378142,0.1517475939511265,0.00091343055127786972,0.73411994315067175,1.4402660525489708,-0.46009098113400954
5336468641,0.27610390793624262,0.18971622442233635,0.0021834333666538664,0.36029647728385655,0.17148617193974808,0.0011706919998134551,1.079423792632441,0.43115999242923153,0.049055571539052191
5336492721,0.17846000554917357,0.2869372633762507,0.0020267490144815388,0.28873847692482141,0.1630298017904746,0.00093659283241596697,1.9276769292301479,0.12520687913320297,0.25891066301498855
5336576895,0.27021649117112168,0.23495964884036841,0.0023230703267971722,0.3066030314529839,0.22041064416418008,0.0011018812505695871,1.373565682073647,0.85926022594813711,-0.41151127233193557
5336594367,0.47165445743597378,0.20346947826455375,0.0014599331744202682,0.39376292074811947,0.22507488485411969,0.0009203033102924478,-0.111056581450429,0.85318155765555337,-0.39082190551059204
5336603721,0.24275510605825312,0.34533401226528898,0.0021507761425091526,0.3596801565953141,0.14122893069929973,0.00091454525495914386,1.3689754342091787,-0.19533015361524669,0.0080286457945567252
5336657907,0.13401737925101054,0.3938431005623626,0.002451621581442721,0.20920381649515055,0.21819207943538585,0.001054157057383033,2.365386382044997,-0.59941223350553086,-0.26879742057220174
5336667665,0.29229130163611544,0.17847523607786128,0.0017951272484941279,0.30752122438762841,0.10969458012510332,0.00085273802231777232,0.74769173244171838,1.6626126617911046,0.23043510363971184
5336691683,0.53722843711518575,0.06580473728796038,0.0032258184185571734,0.17406001689337339,0.092944505040611636,0.00086462436151355339,-1.8376703570345276,6.2446872950653658,-2.7748998988809643
5336700087,0.32051945311853897,0.25438686306689906,0.0020697545866973028,0.31438692949645736,0.23027306665784622,0.0013831150882238049,0.52818596116968841,0.4192575770909876,0.080287078845584295
5336709067,0.32289496666133499,0.26540264828184079,0.0022221400384465516,0.34714501745173204,0.22607294552685578,0.0010323628365795381,0.7514705364302926,0.22419965290993457,-0.43247300943054268
5337200320,0.33607806372443128,0.33193465821107121,0.0024490086787131212,0.3832718725570527,0.30312520658533504,0.001107520009307338,0.80559519220346998,0.45871124568265059,-0.34877569001185771
5337290332,0.37735502106518337,0.20169925518665599,0.0016426675688837051,0.32858983435527356,0.12529354539762516,0.00098601765601582614,0.20673896031259742,1.7538421650779186,0.23329762827441922
5337297744,0.33221038062914132,0.26284718578989757,0.0012479537408689983,0.35487031122674506,0.26204022062263399,0.00095582894052703021,0.60474601999981414,0.62758654578668738,0.12253094876615389
5337331686,0.29767814500371576,0.26737127391126098,0.0024368985467125757,0.27651120593978157,0.20407413416823939,0.0011788327074948289,0.67454341314889898,0.68072300866959512,-0.35947472751010917
5340248760,0.40791826307894469,0.19132772925454017,0.002121757149814186,0.29186444807575107,0.17127127491039831,0.0013095404906991559,-0.088259038287184066,0.84486209564844705,0.0043083539232931355
633466358,0.33976327437131854,0.21524914512408816,0.0017605381314877815,0.18947683214067129,0.15439089238323001,0.00089826979473937591,0.20738971042742421,1.4038382470018476,0.63009527725505043
6339770591,0.38817013685085444,0.31613696835526667,0.0025288165224498552,0.24308687226101203,0.19601134798367895,0.00097469571849727711,0.3287743493366187,0.11809255503560617,-0.75297441725927894
6779631882,0.52183295800916318,0.2700377803378905,0.0019970460778488139,0.37022511634178734,0.11653601794987692,0.0010454783647235288,-0.10038167525648579,0.10420559809006803,0.3121296923942174
6779632264,0.42602750315712457,0.18931406933652528,0.0019601604045062998,0.27572120250067889,0.11040995111855589,0.00096774295511974561,-0.1128306454553626,0.75211973787408781,0.11993920090522098
6908787505,0.35848503550131122,0.3038792164923329,0.0026189583191983585,0.32254573951172999,0.2425778030451152,0.00095068697888110796,0.6204271000888143,0.69987055233817419,-0.79627733876485729
6908787687,0.52052685157458245,0.33768125733956827,0.0018178712969023941,0.40255820194432707,0.26014421940477406,0.00094842406421449311,-0.15786554093422386,0.738191068532843,0.45931510992768093
6915331919,0.3657516889787919,0.28951928291844825,0.0017573239191378577,0.37585561883239821,0.27681181582395853,0.0010003286671736789,0.73784611459723326,0.86018490326736041,0.11188132814941568
6915332073,0.78366051971337425,0.28525786958983285,0.0015215252492319252,0.11229472439966698,0.12369190712607445,0.00066892058558801388,-1.4140308604315621,0.2265351602962753,0.94089046415607935
6915332205,0.28588665870143104,0.22040301208651727,0.0019483184045415848,0.33509055237983848,0.14221600958773539,0.00094871539149961814,1.0782340848836183,0.18576831364244892,0.40432402801095313
6915332351,0.16766204828553191,0.31481542598561496,0.0027257715468328269,0.27013741142554332,0.32416889367664098,0.0010694214055372079,2.5450858832541829,0.89592201830211105,-0.45170079889942977
6915332487,0.19141468987853197,0.3243231033005034,0.0019479753052659857,0.28712436898746108,0.25487046033782323,0.00099043676344730681,1.9605308971282938,0.38757055767973742,0.28240879807827374
6915332615,0.30321644155997929,0.21352111473728125,0.0022886809178612735,0.25511199650032335,0.12591864157335245,0.00080595630524328511,0.45940794577427907,1.7847496654492583,0.11485432511506329
6915332765,0.38318319370596832,0.26172799509997502,0.0021032666182868049,0.32304515157216729,0.2005175944295457,0.00072902399742255707,0.4333795891858403,1.2321260597105073,0.21262124966381887
6915332873,0.39008554938939111,0.25961437398346854,0.0021353834504958965,0.28999696363881083,0.11433224782037679,0.00058987715863225072,0.17633760715819208,1.1057554492484474,0.33092052069625788
6925748265,0.44831482295535241,0.23410315754430963,0.0018393054721008277,0.40513870228282706,0.10762182107624554,0.00098490179506501127,0.26596019020832862,-0.33803437142792747,0.38773831686861721
6925748381,0.28470808484836746,0.23865569978356807,0.0026921631707748869,0.26459713776059368,0.10270830903842551,0.00060289250766760126,0.48348999677893328,2.415681054109311,-0.46419146943166173
6925748483,0.42877715456712828,0.17796647831715615,0.0020137858006419305,0.31252507475600533,0.092768546870553664,0.00097470662235485687,0.069975230623337964,0.97416091834756302,-0.14442195107037395
811688950,0.47847129756569551,0.19960090164645083,0.0018348407125460386,0.26631128487513961,0.17949522373029478,0.0010746432530906913,-0.6744276160066458,1.2178275640892564,0.88515895484518825
8633728015,0.24155107802393555,0.18250485221401005,0.0016819359938484676,0.10155672949519731,0.15791515156322011,0.00073462405324469426,0.87819645348925468,1.7723417700126178,0.613086921850718
8634837968,0.23433931369417421,0.24550675587593943,0.0021022130770217457,0.053963382349026916,0.14061880023367787,0.00074252464183690073,0.83012608907569096,1.9683476621986391,-0.70353693142029528
8634838736,0.34597390020620489,0.48546096802902688,0.0018031961040624218,0.21711797050591658,0.16621503960638045,0.00063149740681673477,-0.032501282311130766,0.083002827289868936,1.1612974626846455
8717206597,0.2527356424692847,0.10500042894181078,0.001933332732963463,0.22628291399110229,0.067015428758398513,0.00043672207477993795,1.2881489645476325,1.4556566334133909,1.0784950915036822
8717209265,0.044533286696759322,0.76019460881711443,0.0014301014740229576,0.053231064261617188,0.27144199132426167,0.00072874172562652597,9.8112421278764099,-0.73384536135184186,1.5026631347727637
8717209603,0.34722084630754008,0.17107698566142607,0.0021590058387801151,0.28323652489465273,0.086195136502502587,0.00041378479477429287,0.10197282808158487,0.11159797127157767,-0.13353493251124582
8717209869,0.36031597034064727,0.20336630298305264,0.0018491161655771161,0.26645654955403164,0.086737918681808968,0.00064236808610050947,0.0090678541340492944,0.043094816636176293,0.7359748518701118
8717210207,0.22347781498944289,0.20083879618307118,0.0016850772677175795,0.21978348669957623,0.23953722136511305,0.0010379814613585268,1.3596132379423742,1.3652453209901358,-0.14783935383058613
8717210517,0.1308355800793829,0.26798348878406336,0.0013857038369858566,0.17646026436169091,0.17344637745008737,0.00080181429620760627,3.4555055571483937,0.61525771176604205,2.1444922172570924
8717210833,0.31290734002269921,0.12605777519005806,0.0019986982647698746,0.27765401671799123,0.10828339377024976,0.00075908927762262564,0.75763593052238876,1.6113732634441627,0.050803956570644675
8717211785,0.26100688966572783,0.09448607186625442,0.0019572983109060341,0.2534658708036408,0.06563323855630232,0.00053448405859697157,1.311891773582607,1.0304165989797109,-0.45372588602863539
8717212077,0.25836447170901006,0.11294214609187236,0.0020169748045622783,0.24490469870338422,0.077725568645281809,0.00036683420663821757,1.0942575150986471,0.52190864976584028,-0.74424384041109781
8718320116,0.086096807899710734,0.35926934773598085,0.0020707818314277195,0.024140410902358387,0.15634186522323468,0.00052414435936942196,26.643952553999405,-0.054498308930011272,-0.25215869308330396
8718331282,0.34071629917626411,0.064390729214971312,0.0019137190106368902,0.29065546773342593,0.056332426642107893,0.00051722884933614287,0.51552966179576198,1.9055010795147578,-0.37864464445715418
8718331592,0.27872246879713519,0.081072020178689266,0.0019985681814685729,0.25470773503502964,0.056925456665377579,0.00047121977845484241,0.95262990889382149,0.91035248954538261,-0.45437460363352045
8718332522,0.37224426046289116,0.23315793311468885,0.0016893878149428741,0.2830358850880722,0.15524762341350343,0.00070130549110504785,-0.015867870955415909,0.41901856683913963,0.94264918089181748
8718332840,0.34100741409429464,0.14733152695684532,0.0018498440907343816,0.28215998439110762,0.080421285896030606,0.0006167598979159659,0.37156477524467146,0.44673486600015505,0.60414073810573132
8718333100,0.38261826438908331,0.25761350967163893,0.0019587518646672088,0.23922849488354256,0.12867125406119298,0.00066380039579102071,-0.31004651103515179,0.85876503915253211,0.5311390003406774
932902011,0.29206018021370234,0.24683412906502844,0.0019350365969547231,0.269513556754164,0.18093449824381835,0.00081410831464528261,0.94827242094863451,1.221280968463456,-0.059262059517730156
933771314,0.23837037824829124,0.14166841432083638,0.0018434851634677157,0.26217414128442562,0.13251798532127373,0.00089575624002286947,1.3393170299150579,2.2798211228882437,0.1732442219439489
