1079760961,0.25485657282545759,0.23265872640290189,0.0015185251636360274,0.31184425009785793,0.26186612230248318,0.0012287056975066042,1.2022377051776632,1.604582527947521,0.59066272923236973
1079772069,0.29812161945170867,0.19489281370121428,0.0014891362529563139,0.29796957629623683,0.21601582350484011,0.00090990827973422804,0.93648659425554526,2.1005177392797871,0.64582260056911822
1079785271,0.28353127628835828,0.20281422266624516,0.0015662019574360626,0.28394559958596249,0.21086992672972543,0.00076046562421021085,1.0616107554742777,1.3617848738898863,0.71366504215201865
1079804377,0.13000927815536856,0.27933086979390348,0.0023893075353789185,0.18412658749964972,0.22281422084743335,0.0010385199352294196,3.8695680779517176,0.76643202458576531,0.11454515472925729
1080650308,0.36492474997428132,0.13087049894483604,0.0012763699230813584,0.29863663365550092,0.13819275219116181,0.00069939171300408844,0.44555920654577341,3.0078600021561313,0.86015937781210594
11400972336,0.22813074564592287,0.15247813453799056,0.0019428436048501484,0.22468209401161646,0.17285924496540389,0.0012517478933071963,1.7936972560578659,2.2404141373645912,0.61494378988150744
11400976535,0.2493748687953706,0.23897285689758158,0.001816980440648219,0.22909371039869492,0.20423158607893566,0.0011302083806597528,1.2142957443198805,1.849264791896291,0.55386442248668066
11400980065,0.30842890262469891,0.19960174857904228,0.0019061440217609574,0.26993254710342285,0.21208961399137427,0.0010598599096021137,0.84997185719722934,1.7567358291279596,0.56610455535879267
11400999874,0.35260087751988528,0.20130402589064086,0.0020756803862680712,0.26864032592984666,0.2016899556256331,0.0010986998725486124,0.3868126841548486,2.0028640551409813,0.30032362982711436
11401005065,0.42319244272064283,0.45677010112228683,0.0025234313898671958,0.2602520865714828,0.3032236758411771,0.0010266234307604507,-0.31236635050850758,-0.038628390599243147,-1.0505390574778264
11401010844,0.35339203479903675,0.35193843707188016,0.0023801997152861649,0.27466137101086274,0.30246492076525738,0.0010108994699292667,0.27557277528560081,0.59053175025539195,-0.47780900722874553
11401032154,0.29273971624511125,0.17729310427579797,0.0020954607202355829,0.26466917697435849,0.20106175336904047,0.00092580472985215919,0.90013243123875997,2.0338541862091302,-0.014552109441390801
11401054334,0.28607468870828268,0.24304759773616619,0.0016696047373786346,0.28167217783755633,0.22261103952844882,0.00091703148237595332,1.1153430946365983,1.2143286349405784,0.6117538106354764
11401073634,0.19951452876554332,0.38915795587624402,0.0013428884478480286,0.18938586086542381,0.22221371430155967,0.00088839339490455146,2.4063821804157945,0.53879574525277352,1.4684711256869565
11401076336,0.33299016930172914,0.17253663303883254,0.0021408664950992233,0.27560612926236955,0.1831274630682784,0.0010799977034025724,0.75390612235001175,1.8631471542493812,0.17772968149594839
11401079976,0.27168146240484536,0.2681417570331861,0.0023332612994993152,0.24068373467578727,0.19233811851425356,0.001219371485245995,0.72832811315767021,1.3535297836983078,0.11812556315502337
11401095044,0.30969998317701808,0.22294250750400674,0.0024976553023606301,0.22339481923784582,0.17973849162044181,0.0012503255358690311,0.44924740502421961,1.6061783664922029,-0.045236946393345794
11401096703,0.39472404962368374,0.14589592143678926,0.0020999040101230717,0.30618981652702815,0.19277825635704862,0.00093646748326518868,0.20314854843578642,2.5619293528345541,-0.30132423077386228
11401098864,0.29784760474227689,0.25173816470236238,0.0018901568234898742,0.26943371594749971,0.24310606399445445,0.0013207417805044155,0.64928443621130594,1.1998222635039568,0.56769811229016975
11401200993,0.39758532125587481,0.23480870351077862,0.0024728470107937502,0.2423126795758023,0.17654270390416021,0.0013447258502910517,-0.12854657082086571,1.5699518455108319,-0.40342421740753065
1763632205,0.42733587486377078,0.12023498390889487,0.0022140022042802755,0.36797030505396133,0.15725631423663036,0.00088867154885798603,0.17128405926573823,2.4102808590056526,0.2501642665123332
1763635451,0.22170439867443176,0.18943752874660558,0.0016605664077918099,0.26580704506605352,0.15430443019787168,0.00080495767534369332,1.6268038884397351,1.1959971337763906,0.48721390563511652
1763638935,0.35678913160880654,0.1871699947414274,0.0018859926489810765,0.35855645956545756,0.17057420501492385,0.00095200842232658913,0.46583021264376945,1.1864610965312998,0.17602310014257178
1763641129,0.42328000262058746,0.12901842461434074,0.0019883488504418784,0.34272132474729272,0.15980300479655707,0.00091273203833570655,0.14969363620670392,2.3379960434971627,0.63891768400145121
1763642759,0.24362448711592113,0.12766906277621506,0.0018322552044085139,0.24564410520553931,0.12967279345366134,0.00080720266761138699,1.301541413251792,2.8645247144388493,-0.057276193112053439
1763664011,0.15109328049702334,0.24465420321933906,0.0021965943355119429,0.23389286700558717,0.16596610085418242,0.00072723498171984452,2.8401995460743987,1.0923771648450395,-0.11002073421328619
1763665829,0.25901993699817322,0.60889611832620472,0.00070971292067172759,0.30029800316693755,0.24843144380823728,0.001011797728255982,1.3023511487665118,-0.3724337832160251,2.0133922884984514
1763671667,0.20677854217836494,0.2652385253948058,0.00090056152761765912,0.23150025814235387,0.20168479053566016,0.00090953635870264123,2.1385044446330261,1.3999049725086923,1.3692039228754609
1763673039,0.39777875316570177,0.34383100722797089,0.0018472372574649338,0.39863839426885284,0.233033698823187,0.00095018509623634288,0.44156326322526712,0.85521000700412564,0.17220178582085702
1764482158,0.37836985144700847,0.33881767913000105,0.001409730370370163,0.19077289030589331,0.24057338434806283,0.001206527735573118,0.3852044027815324,0.5455132991197329,0.57344191035669034
1764485396,0.37569566277310534,0.16639894605125158,0.0023400840087148809,0.24828969997310935,0.15838420717724469,0.0011107965248887781,-0.075275801155059399,1.5382337548221696,-0.3494656627693018
1764492226,0.25558848696088599,0.17817981369521874,0.0015679699807765117,0.25761213288182661,0.17077563594834955,0.0008345371957573063,0.95941278716539935,2.2236057933874878,0.17791405280351422
1764496714,0.21619716455310514,0.21921594293426849,0.0017783670895808598,0.27159280743191572,0.17419096939962964,0.00087940588588556043,1.8589459517869622,0.94055606135870773,0.47874483756744363
1764523648,0.47552225653046515,0.56593904055869371,0.0008157332718187264,0.41705620201317101,0.26090425310548038,0.0011436078542259095,0.053161105145531011,-0.32371292166808663,1.6238605001948314
1764528664,0.35399093319708269,0.15008573246155793,0.0023870393233371189,0.33168755033420966,0.16992107207073973,0.00069604728764075788,0.57333713721968416,1.9237220566972237,-0.240864122715929
242641135,0.59442783236626806,0.34348495045225413,0.00087192515699091718,0.0099124994986949273,0.10230317066822389,0.00056120872031130854,-8.870842369170413,-1.4158835872753659,3.0431322879922416
243216999,0.30783091563197135,0.21392647249905378,0.00049947927720125256,0.3270145376530994,0.21149586713414603,0.00071848687932156657,0.54932265372747346,1.0477753944704744,2.66892953735876
243217057,0.27369399074614004,0.1594109461913488,0.00020978868640257825,0.31774107783519601,0.21155386166097431,0.00035737161447155664,0.49086569179830369,1.5733012043149768,6.0871650914074404
243218074,0.13998793541985893,0.26618160744202618,0.00032249643470447253,0.26518092395158827,0.29130842716228089,0.00044692911252028355,2.3439930786167342,0.66947116714153398,2.2974314588689153
243219574,0.14657857547693756,0.28917233183134866,0.0015630698756887796,0.16170163981023258,0.12661623823865853,0.00058173101716841441,3.7426276739002664,0.28486470126949232,-0.00064269666784846338
243220388,0.30185314707867678,0.25222328556686185,0.0014809175957965675,0.22276334548691223,0.12868123651881794,0.0010967079583397616,0.46599479948106132,1.1945190567019119,0.13242634761430999
243220569,0.16397386175783504,0.35990699742547522,0.0012618069562988594,0.10959085157884073,0.13620805077687251,0.00074002969749077218,4.752511508298217,0.43892533821824198,0.97982655594944235
243220980,0.20234268066047717,0.23925121403663543,0.00049933689093932293,0.14667303226535949,0.15290298092065482,0.00049204380726023463,2.4643028244825649,1.7145226036749086,3.0940679674731624
243221345,0.18456907265498776,0.22331805229600357,0.00051144726899930053,0.18858576000230445,0.19678382642893891,0.00076463467381796631,1.8398946774800715,1.1958353574423304,2.7881861622885853
243221425,0.16486196152412938,0.34293244767594144,0.00079686126874298441,0.17980736227319646,0.23922557605323222,0.00086377444160865859,2.6546085761627642,0.56223912394443754,1.3449244605074693
243222439,0.17945487626533854,0.34897749519380328,0.0015886653646032889,0.1555405969573363,0.17213088601906265,0.0010427297737462063,3.0870386898017417,0.82035311459017168,0.59518825797033259
243222498,0.15889727399806014,0.17693778223387777,0.00043902138151979199,0.19356970218352901,0.20146375316054768,0.00073357009509621444,2.0245476487542735,1.8046605589490359,3.5917709040521237
243223285,0.2987041271045075,0.12113502012480624,0.0022753727335641191,0.19846935327152837,0.070337257361489866,0.0010105205665584106,0.80391393560447655,1.4904409394028171,0.30972391838166724
243223344,0.3034237119965989,0.17844752597125402,0.0020895475893885377,0.21770671686685744,0.080212557858028707,0.00089985995334877409,0.76457508623860038,1.4906709326644911,0.016525771295431608
243223453,0.38967615973437975,0.17779521663340833,0.0016513827399717883,0.20385642133954932,0.10567957531664893,0.00070588382184923854,-0.17769988492031433,0.75000827680828042,-0.60478868256740059
267986381,0.493694401889894,0.2152867002209907,0.002079234591823615,0.33309322133030134,0.26974569744288868,0.0012224053393953313,-0.18866314873818857,1.8149685887702531,-0.11173647020156101
2800022495,0,0,0.0015219337321436151,0,0,0.00084905303272667402,0,0,1.0043409378837898
2800022765,0,0,0.0019444538913604109,0,0,0.0011219715771389794,0,0,0.016091113647986172
2800026713,0,0,0.00168351316147533,0,0,0.00092652270452338672,0,0,0.17405142161375017
2800026939,0,0,0.0019458633147198378,0,0,0.0011311675379146349,0,0,0.010044467818150941
2800027169,0,0,0.0015920230219565851,0,0,0.001081683710724765,0,0,0.5111062213483194
2800027615,0,0,0.0017674119271568832,0,0,0.00083749134346290134,0,0,0.024075512037331388
2800865380,0.13652078788749156,0.15369066541226159,0.0015184303501422681,0.035116814851252696,0.078726169882566518,0.00087740690695469836,8.7368781144490288,1.4454585016031118,0.84495984790330669
2800870138,0,0,0.0019765758794438445,0,0,0.00091666031030499787,0,0,-0.1421490251651357
2800870418,0,0,0.0020446330898372155,0,0,0.0009052292619282005,0,0,-0.12875521580801549
2800870692,0,0,0.0019571085303851207,0,0,0.001139187713861705,0,0,-0.0010387733506380835
2800870804,0,0,0.0015455261255998816,0,0,0.00092594161373611239,0,0,0.35683401279417815
2800871058,0,0,0.0016801063101962337,0,0,0.0010865222473543277,0,0,0.44508014242092436
2800875062,0,0,0.0018856344609290343,0,0,0.00082886233800945678,0,0,0.13111233887205873
2800875336,0,0,0.0016467461370291089,0,0,0.0010119837342474148,0,0,0.34681622022811398
2800875890,0,0,0.0022514201207285882,0,0,0.001063021342163024,0,0,-0.23844223365537906
296734012,0,0,0.0014964416781256039,0,0,0.00058232431977241889,0,0,-0.48631725830893319
296734019,0.19586725347996853,0.13949758119407679,0.0019816084596707257,0.16102258978790682,0.14377993255848751,0.00081988291722249302,2.8358104231221279,2.3603638322450231,-0.090074364982446586
296734025,0.39055686703053599,0.22563569687582161,0.0015671988482138419,0.25407040714992674,0.26872149673919321,0.0011136901378012512,0.072401826754202564,1.5813490022139587,0.22345018850628987
296736016,0.34043523409574339,0.10947484396299283,0.0016775856825683338,0.32426740215477923,0.10697270188599269,0.00055284934068735409,0.81648108170806732,2.8371639547478487,-0.1724892021832086
296736020,0,0,0.0015574860673822812,0,0,0.00089853045351618221,0,0,-0.0081385358380864584
296738576,0,0,0.0016011563120213233,0,0,0.00060571201251494254,0,0,-0.2495092793156452
296738580,0,0,0.0017130915459865612,0,0,0.00066547773221368382,0,0,-0.29494900450728573
296738583,0,0,0.0017939426854766689,0,0,0.00063064760785977501,0,0,-0.58641434438947315
296740225,0,0,0.0017828768560948173,0,0,0.0006825735671366108,0,0,-0.44164980191726494
296740233,0,0,0.0018480516964484448,0,0,0.00062854807403565341,0,0,-0.68978108445002861
299114458,0.25922836864643761,0.18245742930461817,0.0020549780691879343,0.32598588589192762,0.15597084555641588,0.00073254160260674355,1.2787534842607142,1.8414284827830811,-0.17814906345970682
299115791,0.38737492303574023,0.16945913772422222,0.0010979642156574532,0.27775793978475039,0.19764037448105229,0.00078740387364533684,0.14184269342247552,2.5133545082347553,0.74081741363771381
299115796,0.36162314072973056,0.15841456733489215,0.00099752532232353177,0.27297954776892291,0.19058785648495663,0.00073178889355867088,0.47918095612902073,2.7579609728889594,0.85167630073696032
299118588,0.540501071904398,0.19121158619791112,0.0012885807606915053,0.29880843653591582,0.19516653714002363,0.00088287013321605105,-0.71453386790830931,2.2954022761968322,1.2003339019455688
3485941445,0.10363875437489456,0.27284599280257921,0.0023691160516876924,0.020104284368239921,0.076791815495755256,0.00067628335245949796,15.357565524997019,2.7068495767242355,-0.61000122878348251
3485942395,0.11288067360634593,0.28629098776632211,0.0025006342791233207,0.058698445581445907,0.14821622263572018,0.00092881727130877598,10.704590853526382,1.6058555947110114,-0.29608960215917962
3485949813,0.10904708313178407,0.32229566597083709,0.0019727493340297849,0.028693802607582853,0.041686909036519906,0.00063112461808254787,18.195098785151792,1.1735194390903296,0.060032662541304613
3485976381,0.11449665270361888,0.37668078911879971,0.0026065736882989639,0.01414708521386422,0.069648103667468084,0.00072151704156090519,-0.4157412163092607,1.0521174246188583,-0.20813277137022942
3485985187,0.10449542350474371,0.36434090719168105,0.0015898765090349991,0.075713649817943707,0.083330826637360841,0.00069197885825766805,10.022023911950063,1.9027784324004708,0.47223725278940254
3485999357,0.09679794866054181,0.19205092588639669,0.002120659593269575,0.016634270070882737,0.079641968834589641,0.00061629735438457629,2.3580831208981383,2.7863728691260885,-0.017111044765790857
3486001485,0.11669240543116283,0.38347762544670011,0.0023337143218595587,0.012502805158938935,0.039263604817902913,0.00058273171010870487,3.0863909803145342,0.91583880048522492,0.13928951343745774
3486757968,0.13562314349682369,0.17197387467595582,0.0027769102193462838,0.036330472022343144,0.054314030473969287,0.00096203738835909077,15.461008082791935,5.3635000715134913,-0.86085749110694298
3486762700,0.11739490632511468,0.26554517218517687,0.0027115552538681592,0.019440822594239893,0.080189498888413813,0.00078690744589590548,5.1555573053027004,2.0592853032898759,-0.37812784165925206
3486775468,0.11000600893095044,0.34693362163287456,0.0021031079009555653,0.030874342186829162,0.045152039246230374,0.00065934263224918502,18.136299841775472,1.4427776157919281,-0.037618194282571744
3486785310,0.13003551576694619,0.29718108737186422,0.0029802569840771207,0.011717960233392727,0.062764253120802915,0.00054356156942056877,28.671180630634986,3.2268615432643646,-1.663445434368388
3486788246,0.10914500446517308,0.29857929292557267,0.0022169964864557968,0.063588634536218519,0.10472206052424725,0.00088003841884400091,11.370045230129568,2.5064594179483457,-0.23356924457998757
3486795312,0.090144691426687698,0.2422481001437885,0.0023909640736468614,0.049972650834373154,0.12525330195358278,0.00086942089668977222,13.280248317263545,2.3030998730901016,-0.33075138362859974
3486797886,0.13176502721653499,0.23683033920016178,0.0030261403551825887,0.012010135460123163,0.056479391405260627,0.00056335828881941686,1.8388650098097619,0.78165574946089766,-0.77360854359224629
3486806664,0.11322470816111603,0.3216345252464668,0.0022397611585287299,0.095920950382729783,0.15606540105315447,0.001090909316494072,7.4854043170177462,1.7214643073471185,-0.25717646402680511
3676723431,0.42716555452461485,0.11972340320680294,0.0022887942613892573,0.23597128852941493,0.10913944793672632,0.0011138614798863796,-0.18130625324293051,4.2668548692968136,3.4559009015133101e-05
3676728263,0.19193453433968377,0.1335078636599244,0.0022621740541002027,0.24120400622720725,0.09107138504834647,0.00061468638906236005,2.2967517932347641,2.219553374889272,-0.69833052850412924
3676729687,0.16585881347017251,0.16547787071068401,0.0021802815611016747,0.1845171924989594,0.11996026538519838,0.0006459519665639726,3.2670745753517805,1.9689494672706744,-0.40915041384565476
3676824993,0.33030238537630696,0.1589064203635164,0.0024074522504044346,0.26582290231507838,0.15668699852088205,0.0011333931881792397,0.58081804878176724,1.9856951299186074,0.017664467175180158
3676830461,0.31832226739204261,0.60624710938299353,0.00063053872788606039,0.30257177083745512,0.27355821064946079,0.00094987935782591326,0.98172691809947543,-0.1914625319129831,2.1533574051630557
3676833557,0.31270291465175237,0.42322209148613843,0.0005404714518441676,0.36870648531783917,0.43078388054482492,0.00093020761921995543,0.60206792388600228,0.27353197547204167,1.7849145711544587
3676835261,0.45250059804675358,0.48772718158357148,0.0010865018651870124,0.32920388582610688,0.2770198513002512,0.0011597859272783719,0.043099732744002653,0.15849700380635004,1.1855198487434671
3676845881,0.22064211039446427,0.20584947391417799,0.0015345332876128312,0.22971062746163134,0.13085929694342524,0.00091340295957542358,1.8702604214192744,1.0972743687210502,1.0265436158474475
3677554550,0.33271219939062036,0.28104159886537911,0.001154305678227253,0.24628062856182603,0.23227753692894676,0.00079649775118503254,1.0300441260739182,1.5004122895351206,1.3285037757453142
3677556170,0.40067995417227426,0.14683364498401161,0.0018366641612777297,0.29902413498392427,0.16032397333712289,0.00087541658747786926,0.33636245054495667,2.2505220944066808,0.13312059329831361
3677557996,0.26951574063154066,0.19677594074084254,0.0018017783412016071,0.19005794873606313,0.18926525197625274,0.0010321430327309498,1.6810075090046728,2.1343840911746783,0.10499187552770944
3677642648,0.13327733887128757,0.25437576025262243,0.0021377005561962767,0.070833711236595667,0.12115230991863825,0.00072981834881871634,6.3087723893114163,1.4546412900682715,-0.32482135256612266
3677644214,0.27920892508063239,0.13023279990839326,0.0014999763777617822,0.19528338308980625,0.097139261498484217,0.00084545929901484393,1.4088122232543574,2.4799902001694951,1.3245360015335013
3677655026,0.19082413631577641,0.38765865307019359,0.0011572719663146258,0.13800316829252349,0.17576573562270414,0.00077624530205247099,3.0667437267712216,0.1260398569476249,1.8365772793668027
3677655946,0.26649370964205893,0.24552926581172008,0.0014219978686876038,0.22916482575988767,0.19836586905032202,0.00093958914171762744,1.1712881340851735,1.3701536258370555,0.74608278652274007
382180583,0.30497784279021078,0.37675071109856317,0.0023054866897346451,0.24190461596016685,0.19611178764779208,0.0010755624743187535,0.63950505966012561,0.32462062306230088,-0.51963470835257142
382180684,0.32239338190169198,0.15939432349756316,0.0020247177957195346,0.24949938514386621,0.12800822847545909,0.00081944625082076383,0.68005744101968391,1.7345597140000384,0.060878372956968095
382180783,0.36680891359125728,0.13940307244704811,0.0018873971549403189,0.27948890205089,0.11729799324268153,0.00092523561707950723,0.30493782214016529,1.7425500004671008,0.023168468350921272
382180874,0.21834851858558491,0.3061102769973163,0.0021789491016275388,0.16962506094705643,0.15094030676955605,0.0010550742348107885,1.6394996799352834,0.70473212344399816,-0.10626056785893227
417793033,0.37564549682394061,0.16413883579072586,0.0021741468460847306,0.21176181469444755,0.13936015206225091,0.00078671747040463596,-0.01469407033323733,1.606212614306636,0.28048845770491554
417793156,0.41795309491361871,0.24737726798972301,0.0022994319928231733,0.24704310347814501,0.20874925417804358,0.0010929289969034257,-0.16945422759531423,0.75165252164207286,-0.19208295358476668
421994275,0,0,0.0020951908742867062,0,0,0.00084069836228653938,0,0,-0.06695504128767181
421994283,0,0,0.0022926344677165109,0,0,0.00099935366418701802,0,0,-0.41843832451197699
421994294,0,0,0.001707605983967755,0,0,0.0009445193861287119,0,0,0.34429696357559192
421994302,0,0,0.0023942329253016847,0,0,0.00080586655793467798,0,0,-0.42602827117435443
421994311,0,0,0.0011174969861657551,0,0,0.0011223579104898947,0,0,0.73284552326214947
421994323,0,0,0.0026124163783160536,0,0,0.00084319606764337771,0,0,-0.82997334772391373
421994338,0,0,0.0020097508990208545,0,0,0.00079523292304350252,0,0,0.30139014058193642
421994350,0,0,0.0018026742405985066,0,0,0.0011154780974948905,0,0,0.63068686756883885
421994357,0,0,0.002239161719877408,0,0,0.00078924707492714693,0,0,-0.21315401419270069
421994369,0,0,0.002239047999290142,0,0,0.00081365203209473127,0,0,-0.58198505183827354
421994384,0,0,0.0019036450245788073,0,0,0.00095397427023163385,0,0,0.20206796879873654
421994402,0,0,0.001763841400897783,0,0,0.00081425509422680372,0,0,0.53950327305991097
421994409,0,0,0.001546339448616815,0,0,0.0010500121439488341,0,0,0.50832876726913212
421994419,0,0,0.0016467181261644506,0,0,0.00090339434446321269,0,0,0.69915181089807144
421994427,0,0,0.0017231795962591356,0,0,0.00094506604567306672,0,0,0.076370806646787415
4672308602,0.27341587704257353,0.27998904834416288,0.0018109247709885399,0.33065090342631676,0.27416417848008962,0.00094663849588431926,1.1173768181055803,1.2616174926826045,0.12582294461615376
4675290746,0.59959323629539574,0.10630980904868206,0.0011543581349411696,0.33291210937671134,0.066953773225787439,0.00022184935980160608,-0.84542042173022269,2.6008156273246623,-0.36363416723136216
4678405185,0.28959076571593056,0.15196610110966299,0.0024475858433074295,0.2459914466523635,0.11390368935769939,0.00091667920610424922,0.72308447097632611,1.7051351837004085,0.15822337798711414
4678405209,0.24823970386666647,0.22398252401326663,0.0020596847366396573,0.22672018352224574,0.13969846605896508,0.0010361944482361887,1.1131117838754445,1.6655270090862881,0.21158119808380432
4678405231,0.20951204375337509,0.21026154914443965,0.0024186595206357325,0.21068706503049395,0.15620244378110906,0.0010976434676952631,1.689049020981898,1.7467352256400959,-0.47018724302122761
4678489785,0.17492704247492613,0.18911440561709375,0.0022984792122782618,0.23327191813756948,0.18138980277392258,0.0013702065167373709,1.651779648411581,0.65903562357914469,0.080229560180331033
4678489799,0.23449972088254326,0.17330957603661964,0.0020232230348987577,0.26265653091377367,0.18040096685258147,0.0011138656889142771,1.3138912882376366,2.0569497688872063,0.39750110174022119
4678489805,0.27981375698297695,0.20354422150645488,0.001998315433722633,0.26366890957488881,0.20819704142493156,0.0012465870220812257,0.80027732116993611,1.7037177418647951,0.3212545371737015
4678489817,0.40903836475299571,0.11915448938828528,0.0021491000006901048,0.24840426853180886,0.12303810031346248,0.0014689309355563926,-0.1889984700370754,2.7737014241524092,0.076431099032907748
4678489825,0.19812794689057142,0.14486911890629942,0.0018460129798069712,0.24122973600361444,0.13545208761820399,0.0011448780359438512,1.6664697079818109,1.708176515989229,0.82842667584679053
4678737084,0.17113599849794975,0.36844108095403971,0.0016656153897510048,0.2019985319188923,0.24642665317879872,0.001064047980328546,2.5899368835474483,0.67142354793757264,0.48957349655931265
4678737106,0.16575682920150711,0.32747805878308711,0.0014739047855845025,0.16219655141588854,0.21651350691035104,0.00083074709526560959,2.9810105380966623,1.178091310011661,1.0520437300045518
4678737118,0.20197455396573566,0.39418344752896572,0.0014435129740518584,0.2341276792456678,0.26352816551967356,0.0010172599708602994,1.9988860428441095,0.50868232228889543,0.82534189934598212
4678812482,0.35433474851296104,0.096377194476333902,0.0019208715210869644,0.24539257520101898,0.095677307010065771,0.00058637580369633928,0.28081510666727594,3.1583799584507144,-1.0228435802825746
4678891154,0.14196487133702804,0.63034394514410097,0.0011444177849606633,0.20617868598726685,0.23606417404227806,0.00086032842846202253,3.1194642829122388,-0.39613388832642121,1.1623619208873901
4814629597,0.092482703721260023,0.4294777502215944,0.0016378548791005467,0.07966319366199219,0.23518060902444013,0.00045755012134086491,7.6802802285595639,0.49501280851765334,0.23322648215295239
4814631825,0.09193785492282934,0.41363441701931353,0.0017723489579545063,0.070683304463762253,0.22581314936801572,0.0003958900578602585,7.5864042757157497,0.56685407695874646,0.11886386873645553
4814634085,0.098846868869737398,0.43470350029045579,0.001653010611534206,0.058433946122640107,0.18151152452412161,0.00041399831841384195,10.888293993451592,0.26112512338340083,0.14358108941559436
4814750197,0.050881524531752181,0.6151010973433485,0.0019646212302269032,0.07630432338795555,0.22027940359969203,0.00044372605326237501,7.7801346636290898,-0.5710015635748974,-0.72153114167491417
4814762565,0.06573537868493276,0.62181382538666641,0.0015658792356371446,0.070851465835163135,0.22235420836815609,0.00041756105414144349,7.444749496207149,-0.18827275898181747,-0.016682087735742642
4815249870,0.0999605077308693,0.45823532966632957,0.0014765023847376469,0.049861500006586672,0.18682840332863038,0.00046362157958439572,14.632455664086795,0.36680837170219432,0.10446225500807922
4815260460,0.087197563964867913,0.53567550228419325,0.0015687717244350649,0.060962270514108921,0.19263455381459857,0.00039494403675077033,9.2903093483872148,-0.030501272838393809,0.27026844048761156
4815262450,0.09854702648408202,0.46373434905072097,0.0016080445843767322,0.023235088627904354,0.17805393865388544,0.00047924846408855029,12.483091408241918,0.065201224498739177,0.031585863706850292
4815285674,0.11905699674133063,0.68234278831912731,0.0012871430138328382,0.26702900187783218,0.29244529749386683,0.00058717241841181437,2.8718757790674627,-0.95847622591008896,0.65781078561239936
4815287512,0.21230931708511119,0.67442432453843859,0.0016368019230301807,0.37945219086188575,0.25583553283528215,0.00051375969121552159,1.5356881880412816,-1.4802691365756591,0.42954813994387525
4815293126,0.21758883596325426,0.59516993270468255,0.0021166887764350164,0.37264042035529349,0.22894143385207649,0.00039830768588964503,1.5722865876103278,-0.95346072603014875,-0.28060945273881155
4815295122,0.085604697297817597,0.57816075410091061,0.0015884107406137233,0.16980671708029951,0.23716485197550491,0.00041596338381517277,4.7344883283529144,-0.43801982387473365,0.028918218567768751
4815297254,0.065405863877844278,0.58735740772159795,0.0017389263773575315,0.1095382851056171,0.25439281462510344,0.00041803115924791821,6.7063644863865939,-0.34880218212572389,0.38231791216545763
4815387988,0.084203345787032827,0.53313145537013273,0.0014940880442149312,0.048554466718250464,0.20947050665996431,0.00051746439964110334,6.2629931894937982,0.24621745540225298,-0.081500398714131714
4815390600,0.092538278954446343,0.52006277401024914,0.0014518524060392053,0.033755652677556994,0.19582828511734188,0.00049074462735062489,0.95150054856547839,0.60049966489531947,-0.035034416516076659
4824801346,0.22143715617575468,0.13434927962054322,0.0022628472760952575,0.17840585046641955,0.18411483303010578,0.0011482835024887532,1.3432482554621914,2.8810228332078704,0.07469400818598125
4826103283,0.35522903316447713,0.16578588339881417,0.0017814328232730204,0.24625343562987431,0.19257086488486982,0.0010478942503653556,0.32123298530618044,2.0117523454756348,0.19509603995270092
4841285059,0.2976667409247119,0.10974028355893092,0.002023583790849594,0.20692791258122448,0.12876342322967754,0.00093905692176059761,0.81728627487813366,3.6483146076185196,0.039446221714966617
5734110465,0.1814507132440687,0.21524382665623118,0.0021487852605280278,0.21665683537523184,0.15061626796181415,0.00080197050519144959,2.4664637034612658,1.5999967393293733,-0.31119487414332253
5734111885,0.13885589954677149,0.27670174337498216,0.0020739308676149667,0.18463660851883562,0.13931150483900781,0.00073266501999789838,3.5832518827564694,0.53602032950509049,-0.12367998853028707
5734659764,0.16737979053958055,0.22093775387824058,0.0023119925678735248,0.17722620854679366,0.15170954644633283,0.00075419921762605042,3.1076935676358568,1.4123126911101862,-0.58299921187537473
5734661194,0.14538237250665778,0.25909919419245031,0.0024572413276944022,0.21750671920627451,0.14518864069078788,0.0007317106339572116,3.0546773417300011,0.60736136219236669,-0.5682418735291116
5737198833,0.11759374062558112,0.31845136985242628,0.0023296399975522826,0.097486715245366867,0.15471728422454523,0.00079955763761994849,6.2165810980550633,0.85694215426722931,-0.57535864074175092
5737199547,0.1061654818879768,0.39103536899667418,0.0024599287043444306,0.15358349930438187,0.14590391583961626,0.00070330010158382481,4.9471007759219896,0.10307951772205598,-0.64576327761447405
5737200773,0.12583567939866683,0.3376052091550284,0.0023957267717543995,0.19487826281690945,0.18697401381137166,0.00082976422514992082,3.5459790573021652,0.18575779514035867,-0.31891771269372615
5737202051,0.14789826294400946,0.3084443280339858,0.0021201378341662754,0.22294966388624954,0.1679522919278767,0.00074143764847872152,2.9235742009785146,0.71250168724694607,-0.23852528169958145
5737747778,0.108436817224888,0.3406148472741507,0.0023895593863759415,0.0767490102963964,0.15254522967622125,0.00070900108245396858,8.3441841684300542,0.75258809802048188,-0.83144669240554092
5737749272,0.12046584422206133,0.30951459138726767,0.0024386668560139563,0.11579471530428125,0.15986485786076293,0.00080619288895759564,5.4398027171966268,0.65759600152056241,-0.80638750872780096
5737751012,0.10656036932731471,0.33491743790965373,0.0022228817429193332,0.13031039146627868,0.13386327341784207,0.00062401907624571337,5.4626588649019281,-0.043480446945619096,-0.47076967126993713
5737752190,0.11609508369340761,0.27213153056870515,0.0023402603511469082,0.13685821103127449,0.12735476166135731,0.00061738928123432151,5.0181579186247882,0.47513864971656911,-0.63710947927509731
5909022967,0.38991167822752709,0.57376768802877642,0.002002908837326347,0.35484355762463354,0.27753191115128123,0.001076484192351398,0.25899509645243779,-0.050261899829865016,0.11655931345439827
5909971151,0.35680779373788818,0.60973097170096813,0.0012633302275747503,0.31375082265398463,0.31176333773716131,0.00084891109000344561,0.31091132754674056,-0.14965997342700088,0.92834569964574298
5909974117,0.51653771734801923,0.52786070933799256,0.00081339258520354266,0.27182336573134497,0.3150881509886248,0.00071711826811452222,-0.71785062635789632,0.011227220412976836,1.45465836670102
5910077683,0.36376618611938544,0.23313434173538242,0.0015361338732043114,0.29262111806893265,0.22091317704643637,0.0010246854641240775,0.43472639366453025,1.7203820366699101,0.26632218633654259
5910079335,0,0,0.0015308886741412235,0,0,0.00073291837357482889,0,0,0.36797325963800509
5910084259,0.32219048056544297,0.17670726142366233,0.0017834802738147099,0.25481973169216082,0.11221342598744496,0.00076716332412502637,0.61042483885546228,1.1256134193084744,0.4570564509109285
5910089397,0.36457658544588351,0.1652291802456457,0.0020385188879765881,0.30090002338325977,0.16319850243068379,0.00097656762281431034,0.42082590014096977,1.6558847894056024,0.27803456570629526
5910102005,0.39839604222427716,0.31197837420015367,0.0016781685953543405,0.25072584607007725,0.26726644154176787,0.00094042249604007761,0.041124432612556126,0.73320220733060215,0.098772492237964638
5910538288,0.51914430227665009,0.58163551361062593,0.00096937426469152581,0.27174839489724378,0.24796679758976534,0.00096505687350980122,-0.72166152359084768,-0.46293940792454852,1.4882511294688032
5910544912,0.20464331274986208,0.68481674197866604,0.00093617936275384582,0.27793933751326494,0.26033473668377832,0.0010106258864116819,1.8267138670953642,-0.72724510346866555,1.16646233817877
5910548240,0.22070785521000999,0.58341419982092191,0.00096460372714137464,0.29259801852628969,0.35522682978591497,0.001055569328516465,1.514133504968763,-0.42816701685139746,1.0554589226742996
5910640882,0.30548372447147043,0.26104650642210597,0.0012357089731022991,0.23950506883379882,0.14515306603192699,0.00082436571916337314,0.69816351627212958,0.8495328701875674,0.91363239354983805
5910651282,0.36791473792479995,0.21245750459677243,0.0019664524501431151,0.26077977972509053,0.17147320690405687,0.0011207157902003984,0.27855210541794118,1.1241554057912657,0.57313271009208111
5910655870,0,0,0.0021791396009619799,0,0,0.0011682212791970931,0,0,-0.44817527191909406
5910658174,0.36569111496565521,0.21311703277529015,0.0017456277038283223,0.28908213290102636,0.17897169727931392,0.00081634973201325704,0.42094251693470347,1.1814507561273822,0.42174265748513245
6754793561,0.17988178962210441,0.11861557119026474,0.0020425141919768229,0.18207208258279475,0.13212259147903616,0.0012016354826448084,1.7867793680905719,1.6942622172531043,0.52284591842161443
6754812921,0.1603620017331899,0.079822315678855241,0.0020803460412663621,0.18515111068254286,0.10997749159521697,0.0011084492980983564,1.6089150991935812,2.4564609627384972,0.15679714426266064
6754820905,0.12568668803414684,0.18764867832329807,0.0022842612943737963,0.15754905651075635,0.16479724728824069,0.0012209194101964018,3.0685953602042151,0.84259664568104875,0.040759689072928533
6754825559,0.12793603663472039,0.32571680665149616,0.0022619731692938043,0.039564282105320384,0.12709970727193254,0.00069465109673237364,12.780700530171798,0.83389333032525992,-0.25878400088555126
6754834695,0.12703603290602949,0.23899586116824156,0.002228282742534793,0.067368823661716537,0.12663537409458428,0.00056572922085048683,8.2469138103735435,0.72734630691845636,-0.25338332507777406
6754838873,0.13088042249818985,0.37838904385621164,0.0023124855978469299,0.13791232200037934,0.1439156235011943,0.00067537918838050785,5.5844827902216654,0.63901853579142376,-0.57073850090675515
6754842711,0.27976876307843018,0.17422954083148126,0.0013529960066640751,0.20580760737591031,0.16335536688171817,0.00081288944123621566,1.6224276441486793,2.1593577689794792,0.5382832679988957
6754847251,0.25535140981304577,0.12762467757449994,0.001897480251185375,0.20295412348965172,0.11469210002982033,0.0008635501809888767,1.389736413129004,1.4503121085220427,0.40292593959459505
6754851079,0.24880148948149317,0.11377091408477798,0.0020685679251570238,0.17284340648540222,0.052950204111386241,0.00091815482784871516,1.4382898906614983,0.53543598286520233,-0.12821386872841545
6754855347,0.32767485049111433,0.12552961759618833,0.0022233477790592707,0.27114039565158443,0.1167639274407262,0.00080379599051448375,0.65760056832430513,1.7887173298848564,-0.39028511288741674
6754859387,0.39132204099527762,0.0685174572711717,0.0020445917518902507,0.18953847249280162,0.06102037435016356,0.00051952003426689269,0.24797637544828471,3.1721252702402665,-0.21342408973178531
6754863197,0.13298350512626494,0.111068463805832,0.0025475248801739049,0.18556920321587225,0.13914679954182005,0.0010969587673421079,2.4798585673489404,1.5180929942594437,-0.044160073225077631
6754866751,0.26344318396356059,0.095676562536850765,0.0017636811277714224,0.20883974811859607,0.13041660044829093,0.0012503211216376251,0.75417862929531165,2.2714166055363849,0.4733742282457985
6754878301,0.14188155055963891,0.1784911622418951,0.0016617957195950246,0.18451328882309539,0.19803748081007774,0.0013570752526676929,2.2437063015473471,1.0449192233208491,0.3813858210050603
6754882129,0.19419869301119858,0.15609524601158864,0.001854166202742316,0.16238104015249563,0.14264682439113835,0.00096596149997624269,2.284979657499643,1.503120892236719,1.0589923414362579
7621473930,0.2601147914732207,0.076431871790903383,0.0027617154837867148,0.27621843013772357,0.090497071920920533,0.0010645876210647483,0.94483995006967525,3.0277811402811419,-0.34539048784728849
7621474796,0.27878536703115636,0.14612486396944105,0.0021044532000509424,0.28513164047339523,0.15100543571115604,0.00099348947767232852,1.1940474510381724,2.3034703109415018,0.26019620399909932
7621475744,0.29991871948183918,0.14267378232317207,0.0021291847750864509,0.31144583078354643,0.15081055703908913,0.0009411829642903052,1.0551513116515372,2.1812722765525274,0.03346356496086459
7621476628,0.29569686255474514,0.20424418748183412,0.0020097463232089685,0.33158820616110957,0.16801325014265814,0.0007630123173669503,1.3365639802204645,1.2595631649335006,0.004225539534697443
7621478192,0.38055686127284427,0.20770836604748955,0.0013080290144815391,0.24305482477970172,0.15757995435791169,0.00079283646687092213,0.62145072605541785,2.1627171594068568,1.6158289747440246
7621481014,0.29904904789299658,0.25730357540904025,0.0012321728976034622,0.27308250641473136,0.23043232827189408,0.0007872093109756224,1.1505859289918892,1.364359469536645,1.0192217769393064
7621481940,0.35405895867093429,0.1488726811231689,0.0023939430065357029,0.31088897147937783,0.14841117709694293,0.00093702658561380233,0.63268082756579658,1.6221666591661776,-0.36513454343625634
7621482824,0.36243254269400138,0.32736281425164926,0.0014728965577342321,0.29260538202688169,0.26461370861407774,0.0010020802262606431,0.53902898880231143,1.0812357643130841,0.48473632067995709
7621483744,0.25964266844212086,0.19601032906948712,0.0019371041496859126,0.24838490444728209,0.15165320313618558,0.00082862108351457729,1.5371097965397917,1.5520440643282538,0.40017482685816769
7621485256,0.38510440395253964,0.19740212601992235,0.0013144214686658657,0.26365259220793963,0.15080196599487047,0.00077133209095204712,0.55716880203822949,2.1209919658054495,1.4424621971589244
7621486156,0.29235689731499442,0.18757711868612553,0.0023110884736639685,0.3295635866609346,0.17512189696021099,0.00079325212824883455,1.2463741068428476,1.3612042543905867,-0.41484691612408775
7621487114,0.35329762464151238,0.19278860199665512,0.0017882989414327677,0.26419587056029997,0.15286339488449269,0.00097092473350940303,0.23839087041302237,2.3335995726920991,0.23053144412729412
7621490054,0.37687026727830625,0.15129219610672806,0.002205381683967546,0.26569959292260503,0.16272050492119616,0.0011748247868589522,0.13636849342747015,2.7693633014683359,0.073792161382793403
7621490904,0.31894638322231611,0.19531550261002228,0.0018658394976288578,0.25535531754862256,0.2115956294809142,0.0011793267768718579,0.75375113710014618,1.9962929987869786,0.45376861280728403
7621492756,0.37610267702094929,0.16288558333250538,0.0023496248724844738,0.30708337019153181,0.21432042847079685,0.001309502624567496,0.2138472178780936,2.0385354411851897,-0.10090933668305573
819681179,0.34698761203194478,0.20735233274679987,0.0017302881045750439,0.3029494595348351,0.19120939641091855,0.0011114707689423185,0.6958571955631716,1.4981619522506431,0.32784468983822362
819723003,0.39466513078499554,0.25185328743862206,0.0019720926207866547,0.30122724368266335,0.20942929771547009,0.00097412904775612903,0.34629696740677157,1.540877443285867,0.44025454769628009
819729391,0.29484903268660961,0.18791790126166252,0.0019688770128105633,0.29668464823975216,0.14205408332655753,0.00076041783554399119,1.1564551464464805,1.6131333230884679,-0.28583928524723695
820540882,0.30962047141334936,0.17977028677748438,0.0018471562219658899,0.3022110833649902,0.1617730125507561,0.00094518880491939114,1.0251415285947463,2.1691432009056473,0.15989820787742404
820551032,0.34293616492361312,0.16100364828403782,0.0020527117877738366,0.30001176277334479,0.1262319868148894,0.00089266122690698365,0.75320365092973107,1.4015047945742469,0.377016471213727
820567200,0.31970076771063699,0.29525625490138357,0.0021716174394462886,0.30305290486445408,0.26231237272013153,0.00092949858055393355,0.84257904342259804,1.0179931863492142,-0.10300041265788845
820570356,0.27818821502256569,0.27933933789191068,0.0015290919697552102,0.25940260193391274,0.2176622561116644,0.00098893947627485797,1.319328054371554,1.3670649589582085,0.61967451542256313
820603106,0.33049793583948189,0.25527858351889049,0.0019163442983466746,0.29601106288407963,0.21596354981033064,0.0009981264543652208,0.90532873046320494,1.2581383049181947,0.42228982354557326
820625612,0.29254357364542355,0.26827814610783651,0.0020715380238366856,0.25677378181637012,0.18323209227948081,0.0010961262968211551,0.86185041508557025,0.80638250326909655,0.44574447594678929
8266173547,0.36548050662309112,0.31826429743332596,0.0017452312438510408,0.27720782041176256,0.25580884888839966,0.0011429879480717021,0.10735497335736495,1.0196914360989209,0.2107210308114473
8266176663,0.43111584305023798,0.27541626011126991,0.0019289005042215973,0.2837526307095618,0.27903263575574339,0.0012784549613507458,-0.16606620451375961,1.2755416203400487,0.19435515203099493
8266180779,0.32010736577773408,0.35490571587934472,0.0016462367367418948,0.2681220956614272,0.27080665771564222,0.0009409908942956634,0.56171676108759239,0.88885460090113289,0.63777636537878757
8266274967,0.33388734423667688,0.25064779232618845,0.0018023497818059257,0.24032447703465756,0.20322850493925068,0.0005512214462546777,0.59523709619168796,1.4539222347557079,-0.16616438261614752
8266301691,0.36018732887453631,0.29067956354036573,0.0020709551868847587,0.24642840366309524,0.2294124169070153,0.001403302286944559,-0.0031917391978041007,0.99554723104973741,-0.29277575869336581
8266304841,0.35138030035992707,0.36951182693843954,0.0020332004306964895,0.26004881817467768,0.30805638572138228,0.0012899336408777695,0.18109356527929571,0.57832625835329399,-0.0018555769847428032
8266314667,0.31984567464249519,0.34128871375461206,0.0017153621834966096,0.25819625124772422,0.26196625121328282,0.0013309144716056221,0.37470377059579579,0.8276311670255001,0.25458536316711766
8266333697,0.39357296814670878,0.53671876205881186,0.00237662391062702,0.25409898501454181,0.25816838798332936,0.0011412303617435663,0.012739699844855601,-0.4394353624937255,-0.47543761972798654
8266337299,0.4455587382306519,0.30771946575277287,0.0022467370751750714,0.24353461944211319,0.24765303837606248,0.0011625894450900997,-0.71787299183240127,1.008282619134399,-0.58406915773084245
8266340301,0.38703650737177031,0.27195737703095196,0.0019060662468886357,0.26415139953699973,0.25891838260511707,0.0013182995494985226,-0.05257798650621856,1.3300874135690122,-0.06095397035327433
8267235708,0.42789969991115884,0.32781590236566255,0.0020022313518737876,0.27511224478859608,0.24979128875364406,0.0011499681810202759,-0.21475817186176785,1.2264107888035236,-0.34743615030453484
8267361298,0.30861703878865498,0.44168665258243522,0.0020279335364109382,0.26289763730137783,0.24136661672983539,0.0012751649346909261,0.32847437238378974,0.48189816691269749,0.26981245950143623
8267375900,0.32077025604476411,0.35445475706407809,0.0017579388384923013,0.2602196247432621,0.27927759723373846,0.0012734593584147896,0.37341248349470674,0.70550011790442391,0.38858355509526954
8267379220,0.38688760721119864,0.38257561902704051,0.0017237259664247475,0.25676338007760857,0.23107781192736782,0.0011904688451620769,-0.12679106657848299,0.69849710488489081,0.013159622773982719
8267403622,0.44072185235146605,0.41179019419983132,0.0021194088464585193,0.24131597891535786,0.29934822774724845,0.0011179399136661348,0.024235671291663024,0.24167954502291433,-0.18691966786513986
84441115,0.58504632831847736,0.1336611162294695,0.001121965602973453,0.37049587914260923,0.16316176839233873,0.001022811971163218,-0.77403531755261412,1.5606212315904691,0.32167908020298869
84441153,0.35657606966752164,0.30262658610158655,0.0022001944277842038,0.27036064018098266,0.18085212967416012,0.0011504514634187012,0.048053553260694402,0.5929267645684283,-0.17046580749088747
84441168,0.24043072084673878,0.4560430874747558,0.0022893594771242411,0.24488363174590283,0.17784391715607548,0.0010220257510627343,0.87654364910497906,0.69058837919201699,-0.41231298360537944
84444684,0.19949015063409825,0.71529251389389081,0.0015103976214276508,0.32811004814470579,0.24500523680234917,0.0011549048888902836,1.4549008539333621,-1.0118684687130741,0.54900562747796822
84458398,0.27970630526793094,0.31191173006331341,0.0013424875560681924,0.32814885401117577,0.15298567715738756,0.0013142606407895907,1.2449746727658837,1.5765516132750301,0.59347775957394278
84458462,0.77208304684987272,0.14205990385750999,0.00073937437395870428,0.1844501700316182,0.11581322089671366,0.00062580354953903328,-3.1205232362260795,2.3023990045249429,1.521759675126952
84458500,0.698949274185104,0.1444310418628269,0.00067400431628867024,0.2791523233811623,0.11754006697175409,0.00076109088095568098,-1.841185963057381,1.2990795116720024,2.3516085979923251
84458531,0.68578573736609461,0.17069952613291389,0.00057869057541983979,0.27301751477319292,0.13361527427400355,0.00073960658959043471,-1.7849723190085114,1.1040649011237953,3.0078835393895536
84458576,0.78300932622977626,0.1050887252123005,0.0012009620094835065,0.20104822503656117,0.079376320588243329,0.0011452800316842182,-3.0067631714292031,1.2048074682434102,1.2679009339304577
84469870,0.27197071726172589,0.18734444601968953,0.0021824359205637207,0.31552000979463579,0.11740892767969928,0.0012192325600723524,1.1934113789614367,1.317670791223897,-0.33270046253792823
84522771,0.49621936723229831,0.24268100670327164,0.0023393114648199136,0.18591855743591904,0.1408132716968338,0.0015692333604451778,-0.79067776368289788,1.6805291591899671,-0.17771805393985504
84532459,0.47542753737689397,0.16633893392384269,0.0021634726336019145,0.30186843609109709,0.1197980991480922,0.0009233312211441645,-0.22581074885338914,0.9609264642153944,0.35513620246288452
84532518,0.57930421672665533,0.16512086368735493,0.0020378959887219382,0.24973643303484666,0.14544681316629032,0.001113418185391659,-1.0426193503289414,0.9868717824815133,0.5989177029852164
84532530,0.57187752165059469,0.26639389417885118,0.0024149092195310932,0.18536491742289732,0.15096426218956602,0.0010966662251981223,-1.5714974976739087,0.46078988020355038,-0.6171585090507189
84532558,0.35396468506419559,0.17698813617741121,0.0018253187953350704,0.29657640552582831,0.11525348013621964,0.0011100794452087121,0.39874681778154103,1.5988957448340004,0.35283949614571941
9324318413,0.39824614701954913,0.11137854218795465,0.0025647818494274476,0.30690936958729603,0.10231493849990408,0.0011451064313743515,0.017334001257173708,2.5382987116380042,-0.15228750767076335
9324326243,0.39775809488807451,0.10544774036683484,0.0022003158192167964,0.3006749759300032,0.10942774534911008,0.001066148989205221,0.022256763923309279,2.3295879832860371,-0.028112870474933816
9324357215,0.34719228921478534,0.35772760253245439,0.001370848098275462,0.33163652034276853,0.2943231037667694,0.0011194355477891307,0.60780996890041405,0.84086943436318928,0.900019062736931
9324361619,0.31254423640806506,0.34349851218056549,0.0013158143068235878,0.24494971701513094,0.28779038137660456,0.00094072588712604049,1.1383346545663613,1.080992997623514,1.144536482440047
9324366369,0.21064694901205375,0.21620267805899046,0.0016786963308828961,0.18576304997820486,0.16504546985315463,0.00082710010848902385,2.1468982116214033,1.603775434416709,0.48883128173460716
9324370737,0.18473766577054596,0.18481000203384268,0.001565759230694424,0.19655964974543974,0.15896077891416699,0.00087898429582109253,2.4980722463311196,2.4197346686736574,0.42840620930328804
9324375591,0.41391008481524072,0.078796712932229979,0.0017209022479768325,0.33007157213040778,0.096532946287253354,0.0008737164050794592,0.078102911498231758,4.3988088594169037,0.57336132937668183
9324388571,0.50969860074241591,0.068058297014275487,0.0020832401810238019,0.32037615649780554,0.11790849961836765,0.00089045975528057064,-0.44283496972959319,5.0296693970794921,0.44391783030305748
9324393411,0.474722818897722,0.056399999376779197,0.0022725373466182469,0.34260522360411089,0.075176140993611196,0.00072923800475971801,-0.21207464670325674,5.486748305406989,-0.61847532908276348
9327110356,0.3930700054719079,0.078393493240945453,0.0024335081502479985,0.31520728480639054,0.086185630502453189,0.00086300249626387361,0.17998175722213916,3.6017376672409935,-0.23952685414900404
9327118380,0.30742364352965668,0.43395775847787021,0.0011368264291305493,0.26059812776704905,0.28987791492142917,0.0011218934584361195,0.86431527870186964,0.46802113812627899,1.2818263778277776
9327125986,0.14100405211256617,0.15745363135847304,0.0025100527600598389,0.22671666646660285,0.15052123020072231,0.00075785654574998665,2.8466282563459702,1.8261443406408753,-0.30811279818054421
9327129776,0.28653364717190716,0.22303944285686364,0.0023640637752856096,0.25700144751226961,0.11914113549400979,0.0010189083323747196,0.55582571963983851,1.1346137790213622,-0.038959872958496906
9327173930,0.38973304638145956,0.055777844236919373,0.0020788000907899008,0.31403909652749029,0.076770802786567435,0.00078568196623977438,0.17912011226068025,4.4286907009734637,-0.54439079177234406
9327178314,0.37721081449930727,0.053799108376727953,0.0021493315360634965,0.31974809526928638,0.082194356942192126,0.00070738982941273587,0.29086682892899512,5.6006922461693396,-0.67505571192011393
948426121,0.11236293876468059,0.15807882833778641,0.0016237212529715045,0.15384173603960197,0.081278152150829425,0.00054066614580863934,4.7275152883511282,1.8179637433653575,-0.077485119817560399
948517193,0.24784072621138162,0.22221445686804764,0.0011066474069061157,0.25638441709243992,0.20642177205246651,0.00072178464119727534,1.4521042294657796,1.5524493737236231,1.1589693569701069
948633075,0,0,0.0013819979148698791,0,0,0.00091117510926377605,0,0,0.45469274397203646
948727397,0,0,0.0014294303530750392,0,0,0.00096973195191992748,0,0,0.42845127601959859
949287700,0.32858372762199978,0.084126644378663726,0.0024030755553707652,0.29737667854508398,0.10102989376009894,0.00075937847011460188,0.57342148438785079,2.4109428618826723,-0.55087987076362721
949386486,0.30203009283418031,0.21125119611070689,0.0015031933432855813,0.27717838463074679,0.18280013840872417,0.00062744491648063965,0.8497286539487473,1.0620906802767869,0.17670175358164131
949428072,0.27893987948098248,0.21559876813441053,0.001481019289185406,0.27048088510840979,0.21510161907106914,0.00089822528222455449,0.99986703178322855,1.5565546255097886,0.40443930064514627
949499384,0.29072457697563542,0.23526905111487614,0.0017315697242802433,0.26755835350494594,0.23419478856897677,0.00088178233652373705,0.78233848739777823,1.5150675056013787,-0.26144226113192648
949531782,0.3069938828789065,0.22396147147929715,0.0014153636433053105,0.30766588104847897,0.25815253366532603,0.0010029693448063211,0.94914107998074926,1.6750715063743435,0.22227135220149521
949554410,0.23682882120181226,0.23658362600646587,0.0012017988923178958,0.25698739783717772,0.20719234506170756,0.00078288186919723993,1.2704777311672462,1.4891750960709589,0.65258174749547182
9545326009,0.37885940435984272,0.16516880914343149,0.0020880064385493252,0.24923548023547101,0.15055598471296286,0.0011053779443190705,0.33299094127403506,2.2668670780147742,0.1213692444931551
9545335019,0.12931006696159028,0.21826266473828115,0.0020206039318210528,0.14346887554440355,0.14551131622417071,0.0006501254459320531,4.8607064968255722,1.4070947169020529,-0.35648415326436944
9545488523,0.36676723137523187,0.24369147377072026,0.00096102016147635218,0.27051764491266611,0.20038974132503842,0.00067758926942072741,0.40906543451666078,1.6629687805495004,1.4148947756352874
9545496881,0.47377913753827022,0.1596331266348236,0.0012098957631679727,0.28916000746088955,0.1426658075887218,0.00075888693526843774,-0.22293827784482401,2.1791924637953404,0.68673017063958419
9545507983,0.17069466123688759,0.26252345250004699,0.00034514298603096618,0.29160059022584822,0.39705329444487569,0.0008423530620249543,1.550448189174555,1.0689550449940564,2.6895208547686003
9545539175,0.36051961318543896,0.17821398296783664,0.0017161401922337063,0.23606637923359411,0.17748372676111118,0.00086754845656105556,0.29510914370808794,1.8541263541623387,0.51939976202447879
9545558487,0.25146548188823392,0.26171355303763855,0.0014088913084710048,0.20616161039183561,0.22002512663623278,0.00063992786419352586,1.2298553543278916,1.1523347058382083,0.96746550353571736
9545641061,0.36115710671440621,0.24026036180093907,0.0021214606484687088,0.1998308952969399,0.24228431766907521,0.0012010141385916625,0.090802812220171211,1.5411775716992515,-0.1262906145447576
9548119788,0.3509879290071255,0.14164770083820052,0.0022196184236831806,0.3119161321313223,0.16172189593083092,0.00069523937056238747,0.68777686004494809,1.7926015778410787,-0.61421292087628654
9548126836,0.3052127231578744,0.22517048164352643,0.002504632085095322,0.33371275512115994,0.1833223459230964,0.00081136906143375927,1.0707496929202442,0.77176141030621925,-0.052832019044474127
9548145406,0.33824985786858114,0.18381778115433198,0.0021913110342175602,0.31988839577775569,0.16393465540289737,0.00071162567882307058,0.79531217768088303,1.4241578734553606,-0.16026384734902566
9548270782,0.41199910242505883,0.28305807884974948,0.00075815164423945745,0.29990159078123191,0.26641705588052617,0.0006016312338783488,0.21801288814953984,1.3882174236622122,1.5395703009598212
9548317540,0.29759252129038266,0.56651215403859667,0.00052168317414175917,0.24640848045161293,0.29130347215880287,0.00082722815753705691,1.3973403390759673,-0.039773934953571601,2.7427299147248032
9548335934,0.20776495204435619,0.4652337547422889,0.0011689139459183069,0.2321598304652977,0.25200927132193396,0.00079673439929489641,2.2315262435682448,0.39282667346888411,0.33237091437518912
9548413276,0.37813359332427349,0.21806325290417664,0.0013185194207355579,0.28156793220049509,0.19976737182191728,0.00079522875084208472,0.45380214452868323,1.7507404309879613,0.6969628805786624
