11848435566,0.53112000000000004,0.030730666666666667,0.23509333333333332,0.069274666666666665,0.020106666666666665,0.0058293333333333331,0.013887999999999999,0.010234666666666666,0.023040000000000001,0.034138666666666664,0.026544000000000002
11931826675,0.037893333333333334,0.0025226666666666665,0.32300800000000002,0.080799999999999997,0.013306666666666666,0.091455999999999996,0.039168000000000001,0.0053920000000000001,0.30954133333333333,0.050485333333333333,0.046426666666666665
11932030623,0.050911999999999999,0.010090666666666666,0.42152000000000001,0.15325866666666665,0.085152000000000005,0.0066773333333333337,0.12172266666666667,0.032149333333333335,0.021850666666666668,0.075008000000000005,0.021658666666666666
11932547526,0.32040000000000002,0.0012213333333333334,0.23242133333333334,0.28720000000000001,0.095301333333333335,2.6666666666666667e-05,0.0071413333333333337,0.0093173333333333337,0.0040853333333333332,0.014357333333333333,0.028528000000000001
11932875205,0.41724266666666665,0.0014666666666666667,0.096005333333333331,0.10932799999999999,0.030725333333333334,0.0034293333333333333,0.00094399999999999996,0.0052053333333333335,0.0019946666666666667,0.33248,0.0011786666666666666
11932887235,0.044475836431226767,0,0.53790334572490706,0.0097026022304832708,0.0036356877323420076,0.26930111524163569,0.0029665427509293681,0.00046840148698884759,0.026869888475836431,0.0078810408921933077,0.096795539033457251
11933273473,0.035203125000000002,0,0.81581770833333334,0.013427083333333333,0.010317708333333333,0.065171875000000004,0.00015625,0.00010416666666666667,0.0056145833333333334,0.0014270833333333334,0.052760416666666664
11933453424,0.061422594142259417,0,0.58111715481171544,0.021489539748953974,0.0091506276150627609,0.1802845188284519,0.003104602510460251,0.00012552301255230126,0.010355648535564853,0.030334728033472803,0.10261506276150628
11933493993,0.021343434343434345,0,0.84395959595959591,0.012363636363636363,0.0046010101010101013,0.060393939393939396,0.00011111111111111112,4.5454545454545452e-05,0.0037676767676767678,0.0004797979797979798,0.052934343434343431
11933848736,0.041946107784431134,0,0.6424191616766467,0.016934131736526945,0.022886227544910178,0.17199401197604791,0.0027245508982035927,0.00045508982035928142,0.0078982035928143717,0.0037245508982035927,0.08901796407185629
11941303485,0.046360465116279073,0.0015174418604651163,0.31489534883720932,0.068011627906976749,0.0034767441860465115,0.32596511627906977,0.015156976744186047,0.002703488372093023,0.13756976744186047,0.017674418604651163,0.066668604651162797
11941809575,0.022784482758620689,0,0.61666379310344832,0.0068491379310344829,0.0042887931034482759,0.24346982758620689,0.00085775862068965519,0.00025000000000000001,0.006775862068965517,0.0043017241379310345,0.093758620689655167
11941861445,0.021166666666666667,0,0.56887916666666671,0.010720833333333334,0.0037333333333333333,0.29809166666666664,0.0010583333333333334,9.1666666666666668e-05,0.0083833333333333329,0.0071541666666666663,0.080720833333333339
12181469424,0.12187199999999999,0.00040000000000000002,0.49704533333333334,0.060069333333333336,0.14036266666666666,0.004757333333333333,0.088458666666666672,0.0023519999999999999,0.0096426666666666674,0.029392000000000001,0.045648000000000001
12181478664,0.437168,0.003392,0.11397866666666667,0.26446933333333333,0.046783999999999999,0,0.00029333333333333333,0.0024586666666666667,0,0.13145066666666666,5.3333333333333337e-06
2276555071,0.19253333333333333,0.10597333333333334,0.0058506666666666663,0.38151466666666667,0.04479466666666667,0,0.00041066666666666666,0.0032746666666666666,0.00076800000000000002,0.26486933333333335,1.0666666666666667e-05
2276558761,0.53125333333333336,0.006181333333333333,0.0044799999999999996,0.27230399999999999,0.018010666666666668,0,5.8666666666666665e-05,0.001232,0,0.16644266666666666,3.7333333333333331e-05
2276565433,0.5078826666666667,0.146976,0.010597333333333334,0.018832000000000002,0.015744000000000001,0,0.00021866666666666668,0.000464,2.6666666666666667e-05,0.29925866666666667,0
2277345318,0.21885333333333334,0.65726399999999996,0.048149333333333336,0.046432000000000001,0.027359999999999999,0,5.8666666666666665e-05,0.0014773333333333333,0.00010666666666666667,0.00017066666666666668,0.00012799999999999999
2277346734,0.36293866666666669,0.37362133333333336,0.0037013333333333334,0.21858666666666668,0.023151999999999999,0.00010133333333333333,0.00058666666666666665,0.0031413333333333332,8.5333333333333339e-05,0.013930666666666666,0.00015466666666666667
2277349260,0.37995733333333331,0.1336,0.040736000000000001,0.22843733333333333,0.14739733333333332,1.0666666666666667e-05,0.0030293333333333335,0.0034186666666666666,0.00029333333333333333,0.060063999999999999,0.0030560000000000001
2277350882,0.44137066666666669,0.28387733333333331,0.077013333333333336,0.069130666666666674,0.059136000000000001,0,1.5999999999999999e-05,0.00092800000000000001,0,0.068447999999999995,8.0000000000000007e-05
2277353078,0.085786666666666664,0.00010133333333333333,0.47923733333333335,0.14677333333333334,0.22264,0.000176,4.2666666666666669e-05,3.1999999999999999e-05,0.0015626666666666666,0.001488,0.06216
2277354398,0.14442666666666668,0.193328,0.38822933333333332,0.048634666666666666,0.082474666666666668,0.0085120000000000005,0.00083199999999999995,0.00041066666666666666,0.00069333333333333334,0.062885333333333335,0.069573333333333334
2277357422,0.32256000000000001,0.011354666666666667,0.25550400000000001,0.116704,0.14613866666666667,1.0666666666666667e-05,0.0062560000000000003,0.0013173333333333333,0.00019733333333333332,0.12589866666666666,0.014058666666666667
2277359774,0.41886933333333332,0.021637333333333335,0.13748266666666667,0.15794133333333332,0.07903466666666667,0.024181333333333332,0.018933333333333333,0.019712,0.044250666666666667,0.032938666666666665,0.045018666666666665
2277362222,0.48369066666666666,0.19511466666666666,0.11978666666666667,0.065984000000000001,0.024490666666666668,2.1333333333333335e-05,0.00052266666666666661,0.0023093333333333334,3.1999999999999999e-05,0.080474666666666667,0.027573333333333332
2542064007,0.11094894894894895,0.14822222222222223,0.27922522522522525,0.094246246246246251,0.023939939939939939,0.034126126126126123,0.00019219219219219219,0.00024624624624624625,0.00012612612612612612,0.28264264264264266,0.026084084084084084
2542064665,0.16824024024024023,0.0026486486486486487,0.165987987987988,0.062924924924924922,0.067141141141141142,0.0025645645645645644,0.084774774774774769,0.0036456456456456458,0.0031051051051051051,0.42909309309309307,0.0098738738738738743
2559567578,0.36375375375375374,0.33670870870870873,0.13720120120120119,0.12085885885885886,0.0031291291291291293,0,0.00015615615615615616,0.0010510510510510511,1.2012012012012012e-05,0.037111111111111109,1.8018018018018019e-05
2559568764,0.18213813813813814,1.8018018018018019e-05,0.67055255255255253,0.0038078078078078079,0.0023783783783783785,0.0078918918918918918,0.054402402402402406,9.0090090090090091e-05,0.00079279279279279274,0.052774774774774776,0.025153153153153154
2577256765,0.11434834834834835,0.00012012012012012012,0.34934534534534534,0.023375375375375377,0.040216216216216218,0.02747147147147147,0.0019639639639639638,0.00045045045045045046,6.6066066066066071e-05,0.37635435435435438,0.066288288288288283
2578089040,0.36132732732732731,0.18591591591591591,0.28298498498498498,0.021069069069069069,0.0064324324324324328,0.0007867867867867868,0.00016816816816816817,0.00034234234234234234,5.4054054054054054e-05,0.1377057057057057,0.0032132132132132131
2970861385,0.22909909909909909,0.11332732732732732,0.022834834834834835,0.49044444444444446,0.083777777777777784,0,0.00017417417417417416,0.00034834834834834833,0,0.058450450450450449,0.0015435435435435436
2970868951,0.25378978978978978,0.18174174174174174,0.032894894894894895,0.4068048048048048,0.095543543543543538,0,0.00030030030030030029,0.00057657657657657661,0,0.01795795795795796,0.010390390390390391
2971710476,0.099189189189189189,0.067951951951951958,0.70576576576576577,0.073669669669669674,0.03992192192192192,0.001015015015015015,0.0039579579579579575,0.003033033033033033,0.00011411411411411411,0.0018498498498498498,0.0035315315315315315
2972708359,0.32961538461538459,0.015423076923076923,0.062269230769230771,0.27257692307692305,0.17238461538461539,0.0016923076923076924,0.0058846153846153848,0.00053846153846153844,0,0.13953846153846153,7.6923076923076926e-05
2972710017,0.23046700507614212,0.025786802030456853,0.04834517766497462,0.19525888324873097,0.13383756345177664,0,0.00065989847715736041,0.00026395939086294414,0.00033502538071065991,0.36012182741116749,0.0049238578680203043
2972869611,0.23104832713754647,0.016996282527881042,0.2386096654275093,0.013635687732342007,0.028037174721189592,0.00031226765799256508,0.001553903345724907,0.0013903345724907063,0.0021412639405204463,0.46465427509293683,0.001620817843866171
2972872955,0.072686930091185417,0,0.63255927051671734,0.20222492401215805,0.012881458966565349,0.0013191489361702128,0.014583586626139818,0.00042553191489361702,6.0790273556231004e-05,0.039331306990881457,0.023927051671732522
2972884059,0.10803003003003003,0.038756756756756758,0.25784984984984988,0.2481021021021021,0.083417417417417414,0.00031831831831831832,0.0051171171171171172,0.00015015015015015014,0.0016936936936936937,0.25604804804804804,0.00051651651651651647
2972884821,0.17775975975975977,0.022384384384384386,0.21290090090090091,0.0093993993993994,0.053405405405405407,0.014990990990990992,0.0021561561561561564,0.00072072072072072073,0.012324324324324324,0.25684684684684683,0.23711111111111111
2972886257,0.083867867867867874,0,0.37686486486486487,0.50239039039039035,0.036504504504504508,0,0.00028228228228228226,1.2012012012012012e-05,2.4024024024024024e-05,4.2042042042042043e-05,1.2012012012012012e-05
2972886817,0.31513661202185794,0.03851912568306011,0.029836065573770491,0.0075737704918032783,0.21221857923497267,0.00099453551912568315,0.00023497267759562841,0.00018579234972677597,5.4644808743169399e-05,0.28859016393442621,0.10665573770491803
2972887303,0.29196407185628742,0.013820359281437126,0.094203592814371254,0.17917365269461077,0.084413173652694615,0.10131736526946107,0.021538922155688624,0.0019281437125748503,0.020712574850299401,0.18229341317365269,0.0086347305389221553
2973556560,0.74676190476190474,0.0014285714285714286,0.003130952380952381,0.13111904761904761,0.0084761904761904757,0,0.00066666666666666664,0.00096428571428571429,0,0.10745238095238095,0
2973558128,0.29950943396226415,0.047547169811320754,0.056981132075471695,0.12418867924528301,0.22467924528301886,0.0001509433962264151,0.0012830188679245284,0.00018867924528301886,0.0004150943396226415,0.2449056603773585,0.0001509433962264151
2973732902,0.12184984984984985,0.030432432432432432,0.15726726726726728,0.30529729729729732,0.086516516516516512,9.0090090090090091e-05,0.009249249249249249,0.00021621621621621621,0.0039759759759759759,0.28417417417417418,0.00093093093093093093
3422896185,0.52708108108108109,0.31651051051051049,0.043339339339339339,0.0061141141141141143,0.0044324324324324328,0.00013813813813813813,0.0012012012012012011,0.00055255255255255253,0.0028168168168168166,0.097789789789789791,2.4024024024024024e-05
3422943551,0.93077477477477477,1.2012012012012012e-05,0.040522522522522524,0.0025045045045045044,0.0093573573573573574,0.0013333333333333333,0.00575975975975976,8.4084084084084086e-05,0.0012132132132132132,0.0065585585585585587,0.0018798798798798798
3434464711,0.062546546546546553,0.21142942942942944,0.28853453453453454,0.31855855855855858,0.0059579579579579576,0.072072072072072071,0.021885885885885886,0.00043843843843843842,0.0056456456456456458,0.00035435435435435437,0.012576576576576577
3434622443,0.031189189189189188,0.10300900900900901,0.31889489489489492,0.010762762762762763,0.018054054054054053,0.081603603603603608,0.016990990990990992,0.00014414414414414415,0.0037357357357357358,0.37681681681681684,0.0387987987987988
3434794279,0.094186186186186183,0.27512912912912912,0.041801801801801805,0.21648048048048049,0.093471471471471473,0.00069069069069069072,0.014720720720720721,0.00065465465465465466,0.0012132132132132132,0.26145345345345344,0.00019819819819819818
3434847955,0.87934534534534536,0,0.095297297297297301,0.0090090090090090089,0.0014534534534534536,0.0007027027027027027,0.011105105105105106,1.8018018018018019e-05,0.00012012012012012012,0.0018678678678678679,0.0010810810810810811
3434856139,0.11504504504504505,0.00036636636636636636,0.82080480480480478,0.027963963963963966,0.021357357357357356,0.0001021021021021021,0.0043423423423423427,0.0055375375375375374,0.00067267267267267269,0.0015375375375375375,0.0022702702702702702
3434861765,0.46042642642642645,0.0039399399399399401,0.15967567567567567,0.35141141141141141,0.021195195195195197,0,0.00063663663663663663,0.00064864864864864862,3.6036036036036038e-05,0.0020300300300300301,0
3434911449,0.044090090090090094,0.39566966966966965,0.22473273273273273,0.13267867867867869,0.0133993993993994,0.039477477477477478,0.036882882882882884,0.00078078078078078076,0.0022942942942942943,0.10366966966966967,0.0063243243243243244
3435262790,0.033867867867867871,0.43401801801801804,0.16027627627627627,0.037063063063063062,0.0067687687687687688,0.14042042042042041,0.022570570570570572,0.00083483483483483484,0.0048708708708708704,0.14135735735735735,0.017951951951951952
3435457260,0.068414414414414412,0.19702702702702704,0.30858258258258259,0.35171171171171173,0.013303303303303303,0.02735135135135135,0.017357357357357356,0.00023423423423423424,0.015687687687687687,0,0.00033033033033033035
3435522620,0.1601021021021021,0.46938738738738739,0.2571891891891892,0.038936936936936936,0.048774774774774772,0.0012612612612612612,0.0072912912912912915,0.002954954954954955,0.0023303303303303302,0.0050570570570570572,0.0067147147147147146
3435563002,0.53714714714714717,0.012870870870870871,0.1161021021021021,0.3053753753753754,0.013123123123123123,0,0.00387987987987988,0.0012612612612612612,7.8078078078078081e-05,0.010012012012012012,0.00015015015015015014
3435593588,0.038120120120120123,0.15645045045045045,0.079285285285285279,0.38472672672672675,0.054426426426426429,0.0019219219219219219,0.018228228228228227,0.00036036036036036037,0.0023243243243243243,0.26356156156156157,0.00059459459459459464
3435674982,0.093033033033033036,0.022582582582582583,0.038264264264264262,0.6734894894894895,0.039417417417417416,0,0.068984984984984982,0.0133993993993994,0.00011411411411411411,0.050612612612612615,0.0001021021021021021
3862834515,0.57281325301204822,0,0,0.23004216867469879,0,0,0,0,0,0.19714457831325302,0
3862837233,0.15672072072072071,0.050108108108108111,0.30668468468468468,0.033657657657657658,0.054882882882882886,5.4054054054054054e-05,3.6036036036036038e-05,0.00065465465465465466,0.00015615615615615616,0.39479279279279278,0.0022522522522522522
3862839903,0.13706906906906907,0.24931531531531531,0.10814414414414414,0.2093093093093093,0.25053453453453456,0.0024744744744744744,0.014864864864864866,0.0013393393393393393,0.0021021021021021022,0.022732732732732734,0.0021141141141141143
3862843013,0.14741141141141142,0.038126126126126127,0.063873873873873874,0.25006606606606607,0.14000000000000001,0.0013933933933933933,0.014936936936936937,0.0023363363363363364,0.0023963963963963965,0.3362222222222222,0.0032372372372372372
3862851419,0.10454054054054054,0.10476876876876877,0.082126126126126131,0.31423423423423424,0.14652252252252251,6.006006006006006e-06,0.00017417417417417416,0.0023843843843843844,5.4054054054054054e-05,0.23750150150150151,0.0076876876876876875
3862854863,0.3326126126126126,0.0082642642642642636,0.12852852852852853,0.16818618618618619,0.07627627627627627,0,0.00044444444444444447,0.0063783783783783786,5.4054054054054054e-05,0.27909909909909908,0.00015615615615615616
3862857911,0.136656,0.060858666666666665,0.113632,0.25097599999999998,0.132576,0.0013546666666666666,0.0080053333333333331,0.0015573333333333333,0.0050826666666666668,0.28718933333333335,0.0021120000000000002
3862885131,0.47206626506024096,0,0,0.46991566265060242,0,0,0,0,0,0.058018072289156626,0
3862885865,0.12214414414414414,0.19833033033033032,0.24709909909909911,0.14197597597597597,0.070156156156156155,0.00054654654654654659,0.0005345345345345345,0.00082282282282282286,0.00097297297297297292,0.21590990990990991,0.0015075075075075075
3863621498,0.62032533333333328,0,0,0.30108266666666667,0,0,0,0,0,0.078591999999999995,0
3863653990,0.31827027027027027,0.22792192192192193,0.15938138138138139,0.17396996996996997,0.063435435435435436,0.00012012012012012012,0.00069069069069069072,0.00080480480480480483,0.0011531531531531532,0.053513513513513515,0.00073873873873873876
3863661214,0.18769369369369368,0.0047447447447447446,0.02917117117117117,0.11913513513513513,0.31763963963963965,0,0.00018618618618618617,0.00064264264264264268,0,0.34056456456456458,0.00022222222222222223
3863669406,0.06000711743772242,0.42996441281138792,0.19740925266903914,0.089758007117437727,0.026498220640569396,0.0028967971530249109,0.0026263345195729538,0.00012099644128113879,0.0021779359430604984,0.18662633451957295,0.0019145907473309609
3863671864,0.11348948948948949,0.1551951951951952,0.096660660660660661,0.2762822822822823,0.21515315315315314,0.0015495495495495496,0.036552552552552554,0.00196996996996997,0.011033033033033032,0.090636636636636639,0.0014774774774774775
3863676858,0.14186186186186187,0.33052852852852854,0.12091891891891891,0.23957357357357356,0.08913513513513513,0.0010330330330330329,0.023981981981981981,0.023327327327327327,0.017471471471471472,0.012048048048048049,0.00012012012012012012
4573468447,0.12922500000000001,0.647725,0.072037500000000004,0.075374999999999998,0.056474999999999997,4.375e-05,0.0058999999999999999,0.0042750000000000002,3.1250000000000001e-05,0.0082187500000000004,0.00069375000000000003
4573468731,0.3091556886227545,0.27523952095808385,0.011970059880239522,0.09740718562874251,0.14103592814371257,0,3.5928143712574853e-05,0.00019760479041916167,0,0.16492814371257486,2.9940119760479042e-05
4573468857,0.052209580838323354,0.48200598802395211,0.22431137724550898,0.035916167664670658,0.084574850299401191,0.0089760479041916166,0.00022754491017964071,0.00013772455089820359,0.0017904191616766468,0.036395209580838327,0.073455089820359282
4573468987,0.31008284023668636,0.0049585798816568051,0.26936686390532544,0.27946153846153848,0.049982248520710058,0.020142011834319528,0.0047396449704142016,0.0015562130177514792,0.012307692307692308,0.043461538461538461,0.0039408284023668642
4573469157,0.22362388059701493,0.42090149253731346,0.17877014925373133,0.048788059701492539,0.035277611940298506,0,0.0025611940298507462,0.00012537313432835822,0.00013731343283582089,0.069576119402985068,0.020238805970149255
4573469955,0.18586982248520709,0.018810650887573964,0.27683431952662724,0.022804733727810649,0.18963905325443786,1.7751479289940828e-05,0.0011242603550295858,0.00024260355029585799,0.00058579881656804734,0.22730769230769229,0.076763313609467462
4574103166,0.085024539877300617,0.39853374233128835,0.28174233128834358,0.014674846625766871,0.034748466257668711,0.0051165644171779143,0.00023312883435582822,4.2944785276073619e-05,0.00051533742331288349,0.0094785276073619633,0.16988957055214723
4574103220,0.1031622418879056,0.38126253687315637,0.32831858407079645,0.0074513274336283188,0.00023008849557522125,0.02744542772861357,0.0016047197640117995,0.0032802359882005898,0.0046312684365781712,0.027233038348082595,0.11538053097345133
4574103282,0.034209580838323352,0.016335329341317366,0.34222155688622752,0.10948502994011976,0.056934131736526949,0,0.0024071856287425151,1.7964071856287426e-05,0,0.33089820359281436,0.10749101796407186
4574103466,0.32895977011494254,0.006775862068965517,0.22154597701149426,0.31179310344827588,0.068235632183908046,0.0042183908045977008,0.009695402298850575,0.0012931034482758621,0.010701149425287356,0.03454022988505747,0.0022413793103448275
4574103592,0.39310179640718562,0.0068922155688622751,0.0064670658682634734,0.34180838323353291,0.22502994011976049,2.9940119760479042e-05,0.00097604790419161672,0.0047604790419161673,0,0.019137724550898204,0.0017964071856287425
4574103766,0.31563333333333332,0.012694444444444444,0.019655555555555555,0.13573333333333334,0.45986666666666665,0.00012777777777777779,0.00078888888888888889,0.0016277777777777777,0,0.0088388888888888892,0.045033333333333335
4574103872,0.098394957983193282,0.61554621848739499,0.059268907563025212,0.058731092436974788,0.10084873949579833,0,2.5210084033613446e-05,0.00015126050420168066,0.00013445378151260505,0.066882352941176476,1.6806722689075631e-05
4574103934,0.07433827893175074,0.33170919881305638,0.13753709198813058,0.056445103857566764,0.32105044510385755,5.934718100890208e-06,0.00015430267062314541,2.3738872403560832e-05,0,0.055317507418397624,0.023418397626112759
4574104082,0.61323753665689151,3.5190615835777129e-05,0.24870381231671554,0.023612903225806451,0.0212316715542522,0.00024046920821114368,0.011167155425219941,0.0017008797653958944,0.00075659824046920817,0.076656891495601176,0.0026568914956011731
4848907167,0.26066066066066068,0.36618018018018017,0.15834834834834835,0.029957957957957956,0.093645645645645648,0.025345345345345344,0.001069069069069069,0.0022102102102102101,0.002228228228228228,0.049825825825825829,0.010528528528528529
4848910083,0.13823423423423423,0.64144144144144144,0.081771771771771778,0.0085285285285285287,0.078342342342342344,0.016096096096096097,0.00045045045045045046,0.0018978978978978979,0.00043843843843843842,0.021477477477477476,0.011321321321321321
4848917555,0.3845225225225225,0.43939339339339339,0.088510510510510509,0.017261261261261263,0.0030990990990990993,0.0090810810810810806,0.0016276276276276276,0.0038918918918918917,0.00022222222222222223,0.026372372372372374,0.026018018018018018
4848922425,0.47398798798798797,0.42954954954954955,0.066114114114114109,0.006036036036036036,0.0040780780780780785,0.0040960960960960959,0.0019819819819819821,0.00079879879879879879,0.00012612612612612612,0.0021021021021021022,0.011129129129129129
4849516402,0.54876876876876879,0,0.00040840840840840841,0.24557357357357357,0.00032432432432432431,0,6.006006006006006e-06,0,0,0.20491891891891892,0
4849519998,0.40252852852852855,0.057525525525525527,0.11246846846846847,0.11557957957957958,0.00030030030030030029,0.03628228228228228,0.11666666666666667,0.028462462462462462,0.0022642642642642643,0.11611411411411411,0.011807807807807809
4849524912,0.29880480480480481,0.51275075075075072,0.022894894894894893,0.054282282282282282,0.0016456456456456457,0.00031231231231231232,0.0015555555555555555,0.0014774774774774775,3.6036036036036038e-05,0.097573573573573574,0.0086666666666666663
4849533980,0.41145345345345347,0.39505705705705707,0.044810810810810814,0.00763963963963964,0.0037537537537537537,0.044888888888888888,0.00019219219219219219,0.004216216216216216,0.0035495495495495495,0.030738738738738738,0.053699699699699698
4849535064,0.42229429429429427,0.095315315315315313,0.0683963963963964,0.01145945945945946,0.049879879879879879,0.0312972972972973,0.00059459459459459464,0.0056456456456456458,0.0061021021021021018,0.28499099099099101,0.024024024024024024
4849536680,0.39375975975975974,0.39948948948948948,0.081771771771771778,0.0096456456456456459,0.0075015015015015016,0.027549549549549551,0.00027027027027027027,0.0010570570570570571,0.00082282282282282286,0.031387387387387389,0.046744744744744743
4870860687,0.33338738738738738,0.54259459459459458,0.0039159159159159159,0.020972972972972972,0.00081681681681681681,0.0013753753753753754,0.02231831831831832,0.041897897897897898,0.00097897897897897897,0.02675075075075075,0.0049909909909909914
4871464946,0.236996996996997,0.34026426426426426,0.0099579579579579577,0.030522522522522522,0.090984984984984987,7.2072072072072076e-05,0.11507507507507507,0.14831831831831832,0.013603603603603603,0.014162162162162163,4.2042042042042043e-05
4871468744,0.28611411411411414,0.51321321321321323,0.00067867867867867863,0.0089489489489489489,0.11330330330330331,0,0.028480480480480481,0.036372372372372369,0.00034234234234234234,0.012546546546546546,0
4889196603,0.10958433734939758,0.010246987951807229,0.046120481927710844,0.61848795180722893,0.038885542168674701,0,0.003566265060240964,0.0018072289156626507,0,0.1713012048192771,0
4889200657,0.077162650602409635,0.00028915662650602408,0.81460843373493974,0.0073554216867469883,0.077150602409638558,0.00023493975903614457,0.0014457831325301205,0.00022891566265060241,0.0033554216867469878,0.00043975903614457834,0.017728915662650602
4889207749,0.3645843373493976,0.0010843373493975904,0.0053734939759036149,0.39700602409638552,0.065234939759036145,0,0.0024277108433734939,0.00093373493975903619,0,0.16317469879518073,0.00018072289156626507
4889210017,0.28633033033033034,0.0014474474474474475,0.00043243243243243243,0.65574174174174171,0.0058258258258258259,0,0.00075075075075075074,0.00067867867867867863,1.2012012012012012e-05,0.048744744744744745,3.6036036036036038e-05
4889216723,0.12347590361445783,0.0002710843373493976,0.024096385542168676,0.30106024096385542,0.48043373493975905,6.0240963855421684e-06,0.0058674698795180722,3.0120481927710842e-05,0,0.062198795180722889,0.0025602409638554218
4889795778,0.1515421686746988,0.006132530120481928,0.015228915662650602,0.3095421686746988,0.082060240963855419,0,0.0096084337349397596,0.0058433734939759034,0.0007409638554216868,0.41925903614457832,4.2168674698795179e-05
4889815742,0.090656626506024102,0.00074698795180722891,0.08157228915662651,0.49655421686746987,0.093969879518072286,1.2048192771084337e-05,0.036813253012048193,0.00036746987951807229,2.4096385542168674e-05,0.19740361445783133,0.0018795180722891566
4889820560,0.35667267267267266,0.0066246246246246246,0.0053153153153153157,0.24742942942942944,0.044372372372372369,0,0.00099699699699699689,0.002228228228228228,0,0.3362822822822823,7.8078078078078081e-05
4889820746,0.5815964523281596,0.0021906873614190689,0.019898004434589802,0.22073170731707317,0.036039911308203991,0,7.0953436807095346e-05,0.0002394678492239468,0,0.13922838137472285,4.4345898004434591e-06
4889822800,0.16783132530120481,0.034987951807228919,0.19802409638554216,0.24009036144578313,0.093879518072289156,0.0057108433734939755,0.064807228915662651,0.014963855421686746,0.02486144578313253,0.14473493975903615,0.010108433734939758
4889822936,0.31331927710843371,0.1631144578313253,0.16946385542168674,0.088867469879518074,0.18925301204819278,0.00059036144578313249,0.0051204819277108436,0.00097590361445783137,7.8313253012048196e-05,0.053090361445783135,0.016126506024096387
4889825988,0.4660963855421687,0.093542168674698792,0.15163855421686748,0.11022289156626507,0.13325301204819276,8.4337349397590357e-05,0.0042530120481927714,0.0015963855421686746,7.2289156626506021e-05,0.034253012048192769,0.0049879518072289157
4889826160,0.23204216867469879,0.01,0.022469879518072288,0.31753012048192769,0.32442771084337352,1.8072289156626505e-05,0.0074397590361445784,0.0072048192771084337,0.00074698795180722891,0.052855421686746985,0.025265060240963855
4889829186,0.22456456456456456,0.024162162162162163,0.027405405405405404,0.37587387387387389,0.13603603603603603,0,0.013501501501501501,0.0032012012012012014,0.00025225225225225225,0.19452852852852853,0.00047447447447447448
4889904338,0.46094460641399415,0.00050728862973760933,0.011784256559766764,0.43625655976676386,0.0057609329446064138,0.0677667638483965,0.0024139941690962097,0.00032653061224489796,0.0070670553935860058,0.0064256559766763845,0.00074635568513119535
5020368815,0.51861866666666667,0.069360000000000005,0.018954666666666668,0.024442666666666668,0.00067199999999999996,0.021690666666666667,0.15553066666666668,0.17317333333333335,0.0079039999999999996,0.0049493333333333334,0.0047039999999999998
5057822901,0.19246846846846846,0.036612612612612609,0.07131531531531532,0.058594594594594596,0.14750150150150151,3.6036036036036038e-05,0.0017297297297297297,0.00025825825825825824,0.00022822822822822822,0.48986186186186187,0.0013933933933933933
5058427508,0.83114133333333329,0.0050613333333333335,0.00076800000000000002,0.12605333333333332,0.0068960000000000002,0,0.0024053333333333335,0.0095359999999999993,0,0.018138666666666668,0
5058433014,0.125888,0.028864000000000001,0.19076266666666666,0.37309333333333333,0.027770666666666666,0.0027039999999999998,0.039866666666666668,0.0026613333333333333,0.0058293333333333331,0.18266133333333334,0.019898666666666665
5061762285,0.072746666666666668,0.024453333333333334,0.0074506666666666671,0.76381866666666665,0.071690666666666666,0,0.0025386666666666665,0.0012213333333333334,0,0.056079999999999998,0
5061762551,0.012437333333333333,0.0053119999999999999,0.0098720000000000006,0.83019733333333334,0.13930133333333333,0,0.000112,0.0019040000000000001,0,0.00086399999999999997,0
5061770993,0.017333333333333333,0.088992000000000002,0.030186666666666667,0.59757333333333329,0.24321599999999999,0,0.00034666666666666667,0.001856,0,0.019877333333333334,0.00061866666666666667
5061775187,0.11957333333333334,5.3333333333333337e-06,0.019637333333333333,0.75202666666666662,0.027914666666666667,0,0.003552,6.9333333333333329e-05,0,0.07675733333333333,0.000464
5061776617,0.040330666666666667,0.0072586666666666667,0.013530666666666667,0.87601066666666672,0.029824,0,0.0010933333333333333,0.0018773333333333333,0,0.029984,9.066666666666667e-05
5061777521,0.19897066666666666,0.00054933333333333331,0.030384000000000001,0.55056533333333335,0.10306666666666667,0,0.0016053333333333334,0.0027733333333333334,0,0.10668266666666666,0.0054026666666666667
5061778023,0.044687999999999999,0.00018133333333333334,0.069162666666666664,0.6399893333333333,0.13300266666666666,0,0.0018240000000000001,0.00013333333333333334,0,0.107776,0.0032426666666666667
5061779633,0.059882666666666667,0.0017546666666666667,0.012768,0.85606400000000005,0.033418666666666666,0,0.00064533333333333337,0.0017226666666666666,0,0.033744000000000003,0
5061782873,0.092719999999999997,0.023893333333333332,0.0052426666666666663,0.82856533333333338,0.018874666666666668,0,0.0011413333333333334,0.0065333333333333337,0,0.023029333333333332,0
5061791373,0.12949866666666668,0.0010346666666666666,0.0032693333333333333,0.78790400000000005,0.033530666666666667,0,0.00088000000000000003,0.0014613333333333334,0,0.042421333333333332,0
5062372272,0.0084586666666666664,0.009429333333333333,0.00064000000000000005,0.79370666666666667,0.16114133333333333,0,0.0023040000000000001,0.0024053333333333335,0,0.021914666666666666,0
5062387464,0.0079946666666666673,0.030661333333333332,0.014832,0.88390933333333332,0.036479999999999999,0,0.0013973333333333333,0.00084266666666666669,0,0.023792000000000001,9.066666666666667e-05
5062393122,0.18554133333333334,0.023786666666666668,0.001472,0.73049600000000003,0.015765333333333333,0,0.00032000000000000003,0.0020586666666666665,0,0.040538666666666667,2.1333333333333335e-05
5062397858,0.29620266666666667,0.0041226666666666668,0.0030133333333333331,0.62598399999999998,0.019519999999999999,0,0.0010453333333333332,0.012789333333333333,0,0.036970666666666666,0.00035199999999999999
5062400094,0.11522133333333333,0.0041920000000000004,0.000112,0.80690133333333336,0.014469333333333334,0,0.00072533333333333336,0.0022880000000000001,0,0.056074666666666668,1.5999999999999999e-05
5062923419,0.72464705882352942,0.03411764705882353,0.077566176470588236,0.11478676470588235,0.035904411764705879,0,0.012397058823529412,5.147058823529412e-05,7.3529411764705884e-06,0.00044852941176470586,7.3529411764705876e-05
5062925891,0.35386476868327404,0.081145907473309603,0.45483985765124557,0.013117437722419929,0.0045053380782918151,0.0027615658362989326,0.031601423487544487,0.0016868327402135232,0.00087544483985765127,0.049950177935943058,0.0056512455516014234
5062927967,0.18420640569395016,0.00022064056939501779,0.45864768683274021,0.14252669039145907,0.085750889679715309,0.014583629893238434,0.010540925266903915,0.001715302491103203,0.0011459074733096086,0.089245551601423487,0.011416370106761565
5062928979,0.060846975088967969,0.087985765124555165,0.32511743772241991,0.45701779359430605,0.0022846975088967971,0,0.0016156583629893238,0.0062277580071174376,0.00079715302491103199,0.058064056939501778,4.2704626334519571e-05
5062929955,0.033174377224199289,0.10614946619217082,0.45869750889679717,0.24769395017793594,0.02106761565836299,4.2704626334519571e-05,0.02001423487544484,0.0016583629893238434,0.0024626334519572955,0.10895373665480428,8.5409252669039142e-05
5062937495,0.18900361010830324,0.37784837545126354,0.033480144404332127,0.17924187725631768,0.15833212996389892,0.0044404332129963902,0.049646209386281587,0.0052996389891696747,0.0023537906137184117,0.00011552346570397113,0.00023826714801444043
5062938405,0.14424199288256229,0.11979359430604983,0.15105338078291816,0.0017935943060498221,4.2704626334519571e-05,0.018398576512455515,0.0092170818505338085,0.43953024911032029,0.084839857651245548,0.027935943060498222,0.0031530249110320284
5062939109,0.43173796791443853,0.04043850267379679,0.013641711229946524,9.0909090909090904e-05,0.00021925133689839572,0.13019786096256686,0.093700534759358287,0.2051711229946524,0.08199465240641711,0.00021390374331550801,0.0025935828877005347
5062939785,0.50739549839228293,0.0085401929260450152,0.21056591639871383,0.0066495176848874599,0.00050160771704180066,0.074463022508038587,0.0054855305466237946,0.13385852090032155,0.04971704180064309,7.7170418006430869e-05,0.0027459807073954984
5063541722,0.10027046263345196,5.6939501779359428e-05,0.81590747330960856,0.011309608540925267,0.027281138790035585,0.0036725978647686834,0.00082562277580071179,0.00024199288256227758,9.2526690391459077e-05,0.021765124555160144,0.018576512455516014
5063542374,0.38819217081850532,0.0010391459074733096,0.41664056939501781,0.060306049822064056,0.098192170818505342,0.00061209964412811387,0.00042704626334519574,0.000398576512455516,7.1174377224199285e-05,0.025572953736654806,0.0085480427046263352
5063550460,0.32440287769784171,0.0008920863309352518,0.40686330935251797,0.077690647482014388,0.027733812949640287,0.11341007194244604,0.013676258992805756,0.00028776978417266187,0.0006546762589928058,0.010798561151079137,0.023589928057553958
5073934301,0.074840579710144933,0.61352173913043473,0.16096376811594204,0.035543478260869565,0.095050724637681161,0.00056521739130434778,0.0016159420289855073,0.0033260869565217392,0.0020434782608695651,0.00034782608695652176,0.012181159420289855
5073935679,0.32949466192170818,0.09688967971530249,0.041594306049822061,0.024298932384341637,0.21244128113879004,0,0.00071886120996441283,0.0015444839857651246,7.1174377224199285e-05,0.28818505338078293,0.0047615658362989326
5632512890,0.44258992805755398,0.043748201438848923,0.008021582733812949,0.23865467625899281,0.002014388489208633,0,0.0027985611510791368,0.0024316546762589929,0,0.2592661870503597,0.0004748201438848921
5636630061,0.30423741007194244,0.0170863309352518,0.015064748201438849,0.19523741007194245,0.22462589928057555,2.8776978417266186e-05,0.00051079136690647484,0.0013741007194244604,8.6330935251798568e-05,0.2411294964028777,0.00061870503597122306
5636647233,0.38230215827338132,0.07467625899280575,0.016992805755395683,0.13261870503597123,0.22318705035971223,0,5.0359712230215828e-05,0.00066187050359712229,0,0.15023021582733814,0.019280575539568346
5636669503,0.24924460431654677,0.33691366906474818,0.012388489208633094,0.31325899280575542,0.046928057553956834,0,0.00037410071942446042,0.00051798561151079133,0,0.039086330935251795,0.0012877697841726619
5636684249,0.19249640287769784,0.044769784172661871,0.092899280575539575,0.36320863309352519,0.026697841726618706,0,0.003172661870503597,0.00058273381294964032,0,0.27505755395683451,0.0011151079136690648
5636685913,0.10067625899280576,0.014028776978417265,0.24153956834532375,0.29112949640287772,0.0034964028776978419,0.014920863309352519,0.002287769784172662,0.12589928057553956,0.030741007194244604,0.17527338129496403,7.1942446043165465e-06
5636692267,0.51139568345323738,0.041402877697841727,0.0094028776978417258,0.28205755395683452,0.0055323741007194246,0,0.00017985611510791367,0.0055827338129496402,0,0.14444604316546764,0
5637174752,0.25753956834532377,0.1190431654676259,0.086086330935251795,0.24811510791366906,0.026517985611510791,5.0359712230215828e-05,0.015661870503597124,0.0063381294964028776,0.00015107913669064747,0.2367410071942446,0.0037553956834532375
5637182266,0.65909352517985609,0.024834532374100719,0.0028273381294964027,0.074899280575539573,0.04525179856115108,0,0.0037913669064748201,0.011035971223021582,0.0044244604316546763,0.17239568345323741,0.0014460431654676259
5637183904,0.14482014388489209,0.36383453237410074,0.019316546762589929,0.25744604316546765,0.17897841726618705,1.4388489208633093e-05,0.0043812949640287769,0.0015467625899280575,0.0038057553956834531,0.025244604316546761,0.00061151079136690647
5637213132,0.15171942446043166,0.005223021582733813,0.21957553956834533,0.32250359712230214,0.10534532374100719,0.0033381294964028776,0.0068273381294964028,0.0023165467625899279,0.0010935251798561152,0.18041726618705037,0.0016402877697841726
5637265460,0.32947482014388491,0.049776978417266186,0.15897841726618706,0.21746762589928056,0.0063741007194244607,0,0.015194244604316547,0.050913669064748202,1.4388489208633093e-05,0.17132374100719425,0.00048201438848920864
5637270246,0.54620143884892092,0.099194244604316542,0.02771223021582734,0.18429496402877699,0.0095971223021582737,0,0.0029424460431654678,0.0014100719424460432,0.00084892086330935247,0.12775539568345323,4.3165467625899284e-05
5637293550,0.039273381294964028,0.0019712230215827337,0.061561151079136692,0.2336906474820144,0.29041726618705038,0.00022302158273381295,0.014215827338129497,0.0024532374100719426,0.0050215827338129498,0.179568345323741,0.17160431654676259
5637317620,0.248431654676259,0.2206115107913669,0.029035971223021581,0.071338129496402877,0.28923741007194242,0,7.1942446043165465e-06,7.1942446043165466e-05,0.00010791366906474821,0.14115827338129497,0
59041104,0.65538461538461534,7.1005917159763313e-05,0.017295857988165679,0.0066627218934911239,0,0,0.25707692307692309,0.062757396449704142,0.00010650887573964498,0.00064497041420118347,0
59041114,0.5471952662721894,0,0.020076923076923076,2.3668639053254438e-05,0,0.0073964497041420114,0.27455029585798818,0.014591715976331361,0.13558579881656804,0.00044378698224852069,0.00013609467455621301
59041129,0.13435329341317365,0.05005988023952096,0.15879041916167666,0.095353293413173654,0.0095988023952095804,0.00015568862275449101,0.096838323353293412,0.034646706586826351,0.0033233532934131738,0.30393413173652695,0.11294610778443114
59041138,0.29615339233038346,0.31329793510324483,0.12785250737463127,0.097032448377581126,0.064076696165191738,2.3598820058997051e-05,0.042070796460176994,0.01615339233038348,0.00014749262536873156,0.033923303834808259,0.0092684365781710923
59041159,0.45503303303303305,0.0056756756756756758,0.28148948948948949,0.049519519519519523,0.015981981981981981,0.00051051051051051054,0.10669069069069069,0.0022162162162162164,0.0023183183183183185,0.068048048048048052,0.012516516516516517
59041174,0.23297604790419163,0.0022155688622754492,0.17362275449101797,0.23308982035928144,0.091844311377245511,1.7964071856287426e-05,0.050598802395209579,0.0027065868263473052,0.0012874251497005987,0.18776047904191617,0.023880239520958083
59041202,0.34428742514970062,0,0,0.57232335329341322,0,0,0,0,0,0.083389221556886231,0
59041289,0.16788165680473371,0.0054437869822485203,0.20085798816568048,0.1869112426035503,0.091402366863905321,0.00047337278106508875,0.10596449704142012,0.036857988165680471,0.0032130177514792901,0.14797041420118343,0.053023668639053258
59041346,0.081250755287009063,0,0.10191540785498489,0.79151661631419945,0.0001148036253776435,0,0.016531722054380665,0,0,0.0086706948640483377,0
59041358,0.41387683284457477,0.00074486803519061581,0.01343108504398827,0.28738416422287388,0.15358357771260997,0,0.00030498533724340174,8.7976539589442815e-05,0,0.11658064516129032,0.014005865102639296
59041371,0.44179289940828403,0.013071005917159763,0.056621301775147931,0.25993491124260354,0.07901183431952663,0,0.044088757396449706,0.014177514792899408,0.00053254437869822483,0.077319526627218929,0.013449704142011834
59041393,0.39220481927710843,0.067144578313253017,0.054849397590361448,0.10445180722891566,0.071975903614457826,0.0017168674698795181,0.020409638554216868,0.0016144578313253013,0.0015,0.27403614457831327,0.010096385542168674
59041461,0.46285628742514973,0.0020658682634730539,0.24974251497005989,0.064622754491017967,0.00064670658682634732,0.002754491017964072,0.067191616766467066,0.074562874251497005,0.013544910179640719,0.061826347305389225,0.00018562874251497005
59041482,0.39370919881305638,0.025804154302670624,0,0.39218991097922851,0,0,0.015459940652818992,0.14670623145400594,0,0.026130563798219583,0
59041491,0.36272672672672673,0.00025825825825825824,0.17818018018018017,0.32384984984984982,0.012714714714714715,0,0.069579579579579581,0.010282282282282283,0.0067567567567567571,0.035579579579579579,7.2072072072072076e-05
5951112293,0.34558823529411764,0.096076470588235291,0.14466470588235295,0.20663529411764706,0.16275882352941176,0,0.0029235294117647059,0.00075882352941176469,5.8823529411764709e-06,0.039858823529411766,0.0007294117647058824
5951146197,0.35938138138138137,0.037957957957957957,0.048984984984984985,0.26654054054054055,0.076108108108108113,0,0.0011951951951951951,0.0019279279279279279,0.00021021021021021022,0.2076936936936937,0
5951168411,0.29181381381381383,0.016684684684684686,0.11290690690690691,0.25100900900900902,0.1298858858858859,0,0.0013873873873873875,0.00058858858858858859,0.00016816816816816817,0.19554354354354353,1.2012012012012012e-05
5951174457,0.24749549549549549,0.040420420420420419,0.0097297297297297292,0.4234174174174174,0.01345945945945946,0,0.0074894894894894891,0.058684684684684685,0,0.19827627627627628,0.0010270270270270271
5951178035,0.21446483180428136,0.032195718654434248,0.025290519877675843,0.26991437308868499,0.36222629969418962,0,0.0024464831804281344,0.0028990825688073396,0.0001529051987767584,0.090207951070336398,0.00020183486238532111
5951182393,0.20595783132530121,0.036873493975903615,0.026897590361445782,0.28696385542168673,0.34007228915662652,0,0.0017710843373493976,0.0025240963855421685,0.00015662650602409639,0.098566265060240965,0.00021686746987951806
5951657494,0.23082882882882882,0.2063003003003003,0.09615615615615615,0.26477477477477479,0.079039039039039041,0,0.0088888888888888889,0.0013993993993993994,0.00011411411411411411,0.1115975975975976,0.00090090090090090091
5951661240,0.21938972809667673,0.00049546827794561931,0.17725075528700907,0.27291238670694862,0.12974622356495469,0,0.0081450151057401807,0.00045921450151057401,1.2084592145015106e-05,0.1896858006042296,0.0019033232628398792
5951665592,0.19228828828828828,0.12903903903903904,0.055945945945945944,0.22708108108108108,0.18864264264264263,0.0003783783783783784,0.0039879879879879876,0.016174174174174175,6.006006006006006e-06,0.1229009009009009,0.06355555555555556
5951675164,0.14296951219512194,0.064213414634146343,0.054317073170731707,0.047926829268292684,0.32353048780487803,6.0975609756097564e-06,0.004823170731707317,0.002103658536585366,4.8780487804878051e-05,0.20312195121951221,0.1569390243902439
5951679048,0.10523123123123124,0.065825825825825829,0.0018438438438438439,0.13120720720720722,0.53440840840840842,0.00015615615615615616,0.0010270270270270271,0.041831831831831832,4.8048048048048048e-05,0.020162162162162163,0.098258258258258263
5951684974,0.21135135135135136,0.005279279279279279,0.11624024024024024,0.2287927927927928,0.057531531531531531,0.00056456456456456452,0.0029969969969969971,0.0069669669669669672,6.6066066066066071e-05,0.36563363363363366,0.0045765765765765761
5951687854,0.26311926605504588,0.082152905198776757,0.046183486238532113,0.32747400611620797,0.037755351681957185,0,0.0011253822629969418,0.00079510703363914375,3.6697247706422016e-05,0.24135168195718654,6.1162079510703365e-06
5951717016,0.2085619335347432,0.0001148036253776435,0.20621148036253775,0.39238670694864047,0.020634441087613292,0.00079758308157099696,0.024555891238670694,0.00059818731117824769,0.00071903323262839875,0.12226586102719034,0.023154078549848942
5951719600,0.36360360360360361,0.020984984984984984,0.036216216216216214,0.46539339339339342,0.057783783783783786,0,0.00052252252252252252,0.0025645645645645644,4.8048048048048048e-05,0.052882882882882884,0
6825144990,0.65481599999999995,0.12009599999999999,0.030224000000000001,0.06731733333333334,0.0059573333333333336,0,9.066666666666667e-05,0.012213333333333333,0,0.10674133333333333,0.0025439999999999998
6829079146,0.49728,0.0074613333333333337,0.026234666666666667,0.27825066666666665,0.139824,1.0666666666666667e-05,0.00062933333333333331,0.039407999999999999,5.3333333333333337e-06,0.009685333333333334,0.0012106666666666667
6829082544,0.10702933333333334,0.14491200000000001,0.53856000000000004,0.039135999999999997,0.025322666666666667,0.00032533333333333334,0.00013333333333333334,0.00068800000000000003,0.000144,0.13927999999999999,0.004469333333333333
6829082886,0.71572800000000003,0.013872000000000001,0.093658666666666668,0.13580266666666665,0.012976,0,6.3999999999999997e-05,0.0073706666666666669,0.013504,0.0070239999999999999,0
6829085108,0.28527999999999998,0.018202666666666666,0.41629333333333335,0.24929066666666666,0.017189333333333334,0,1.5999999999999999e-05,0.0023679999999999999,5.3333333333333337e-06,0.011162666666666666,0.000192
6829090674,0.22840533333333332,0.68599466666666664,6.9333333333333329e-05,4.2666666666666669e-05,0,0,8.0000000000000007e-05,0.084047999999999998,0.0013600000000000001,0,0
6829098254,0.22085254691689007,0.04164075067024129,0.25472922252010721,0.11504557640750671,0.050916890080428955,0.02018230563002681,0.0042198391420911526,0.047758713136729219,0.15863806970509384,0.048037533512064343,0.037978552278820375
6829110588,0.75878333333333337,0.0021888888888888891,0.029666666666666668,0.15892777777777778,0.030061111111111111,0,6.666666666666667e-05,0.0013833333333333334,0,0.011033333333333332,0.0078888888888888897
6829116522,0.16,0.039264,0.019749333333333334,0.45411733333333332,0.010981333333333333,1.0666666666666667e-05,0.0018453333333333334,0.27457599999999999,0.0081066666666666665,0.030245333333333332,0.0011039999999999999
6930783238,0.19864264264264264,0.025123123123123123,0.00090090090090090091,0.35870270270270271,0.1245945945945946,0,0.0053753753753753757,0.020516516516516516,0,0.26614414414414417,0
6930840176,0.39424624624624627,0.012876876876876877,0.0066186186186186187,0.1312912912912913,0.12755555555555556,0,0.00084684684684684683,0.022828828828828827,6.6066066066066071e-05,0.30324924924924923,0.00042042042042042044
6930908102,0.41349333333333332,0.107872,0.084000000000000005,0.26451200000000002,0.089216000000000004,5.3333333333333337e-06,0.0083946666666666666,0.02384,0.00064000000000000005,0.0073546666666666665,0.00067199999999999996
6943820680,0.35126126126126128,0.00054054054054054055,0.024744744744744744,0.0370990990990991,0.13078678678678679,0,3.6036036036036038e-05,0.00081681681681681681,6.006006006006006e-06,0.45469669669669671,1.2012012012012012e-05
6943832696,0.48882882882882883,0.020420420420420419,0.0063423423423423419,0.30465465465465463,0.048102102102102105,0,0.0052732732732732731,0.033315315315315314,0.00016216216216216215,0.092834834834834831,6.6066066066066071e-05
6943840258,0.11338138138138139,0.029243243243243244,0.1137957957957958,0.43317117117117115,0.15233633633633634,1.8018018018018019e-05,0.038582582582582584,0.055447447447447444,0.00033033033033033035,0.060312312312312315,0.0033813813813813815
6943850480,0.37923723723723723,0.0081621621621621628,0.021681681681681681,0.1032012012012012,0.31040240240240241,0,0.00079879879879879879,0.0088948948948948947,6.0060060060060059e-05,0.16733333333333333,0.00022822822822822822
6945497214,0.34815615615615614,0.21995795795795794,0.0098078078078078085,0.051333333333333335,0.079303303303303305,3.0030030030030029e-05,0.0033933933933933936,0.013567567567567567,6.006006006006006e-06,0.27391591591591591,0.00052852852852852857
6971253085,0.37470399999999998,0.14929600000000001,0.043514666666666667,0.21504000000000001,0.020480000000000002,0.013098666666666666,0.0028639999999999998,0.121072,0.007829333333333334,0.04970666666666667,0.0023946666666666665
6971258817,0.82905177111716621,2.7247956403269754e-05,0.0083705722070844691,0.14649591280653951,0.0051662125340599455,0,0.00077384196185286108,0.0012098092643051772,0,0.0089046321525885555,0
6971262567,0.65691906005221934,0.073603133159268933,0.018882506527415143,0.20695039164490861,0.018156657963446475,5.2219321148825069e-06,0,0.0087415143603133162,4.6997389033942557e-05,0.015676240208877285,0.0010182767624020888
6971269095,0.68384536082474223,3.6082474226804125e-05,0.25439690721649483,0.00010309278350515464,0.017876288659793814,0.0028505154639175256,5.1546391752577319e-06,0.0011649484536082474,0.00036082474226804123,5.1546391752577322e-05,0.039309278350515467
6975223343,0.21506878306878308,0.061148148148148146,0.42945502645502648,0.090190476190476196,0.10565608465608466,0.00014285714285714287,0.0015925925925925925,0.053137566137566136,0.0013439153439153439,0.016455026455026455,0.02580952380952381
6975240107,0.60364799999999996,0.013738666666666666,0.039365333333333336,0.26686399999999999,0.059631999999999998,0,1.5999999999999999e-05,0.0030293333333333335,0,0.013338666666666667,0.000368
7076937419,0.63884684684684689,0.019357357357357358,0.00083483483483483484,0.052276276276276276,0.14945945945945946,0,3.6036036036036038e-05,0.0074714714714714716,0,0.13169969969969969,1.8018018018018019e-05
7076962947,0.40370570570570569,0.010858858858858858,0.017507507507507507,0.42231231231231231,0.044258258258258257,0,0.015111111111111112,0.019363363363363362,1.2012012012012012e-05,0.065231231231231229,0.0016396396396396397
7089883505,0.37903999999999999,0.00026133333333333331,0.013114666666666667,0.039061333333333337,0.11643199999999999,0,2.6666666666666667e-05,0.0010186666666666666,1.0666666666666667e-05,0.45102399999999998,1.0666666666666667e-05
7091156673,0.43733333333333335,0.091759759759759765,0.012864864864864866,0.10879279279279279,0.30157957957957959,5.4054054054054054e-05,0.0044024024024024028,0.0038558558558558559,4.2042042042042043e-05,0.038468468468468471,0.00084684684684684683
7091178095,0.36480480480480482,0.014648648648648649,0.0078918918918918918,0.17967567567567569,0.28673273273273275,0,0.0007867867867867868,0.0054714714714714716,1.2012012012012012e-05,0.13997597597597597,0
7091526959,0.53830630630630627,0.094474474474474476,0.009825825825825826,0.028228228228228229,0.20657657657657658,4.8048048048048048e-05,0.001069069069069069,0.02021021021021021,0.00012612612612612612,0.1006966966966967,0.00043843843843843842
7093077551,0.11112912912912913,0.0056216216216216216,0.18790390390390391,0.38056456456456456,0.082918918918918921,0.00034834834834834833,0.002834834834834835,0.0063423423423423419,0.00024624624624624625,0.20469669669669668,0.017393393393393394
7294646882,0.45049600000000001,0.004757333333333333,0.022474666666666667,0.16624533333333333,0.031573333333333335,0,0.015125333333333333,0.0034559999999999999,5.3333333333333337e-06,0.30399466666666669,0.001872
7294651912,0.27406933333333333,0.058410666666666666,0.15962133333333334,0.043685333333333333,0.086602666666666661,0.0043626666666666666,0.17924266666666666,0.080021333333333333,0.066736000000000004,0.046783999999999999,0.000464
7294655744,0.48835733333333331,0.12355733333333334,0.10384533333333333,0.11877866666666667,0.0012213333333333334,0.00012266666666666668,0.090138666666666672,0.073493333333333327,0,0.00045866666666666668,2.6666666666666667e-05
7294661128,0.68555733333333335,0.036544,0.011866666666666666,0.0069013333333333331,0.0014346666666666668,0.00029333333333333333,0.075962666666666664,0.0027520000000000001,0.00059733333333333329,0.17699200000000001,0.0010986666666666666
7294672286,0.35525866666666667,0.00034133333333333335,0.162192,0.10970133333333333,0.18251200000000001,0.046901333333333337,0.0015626666666666666,0.0013226666666666667,0.0084746666666666668,0.00059199999999999997,0.13114133333333333
7294693332,0.2432,0.043728000000000003,0.019125333333333334,0.32832,0.021850666666666668,0,0.029701333333333333,0.034938666666666666,5.3333333333333337e-06,0.27734933333333334,0.0017813333333333333
7294698590,0.42506666666666665,0.017370666666666666,0.017194666666666667,0.19013333333333332,0.075610666666666673,0,0.026618666666666665,0.0035466666666666667,0.000176,0.24363199999999999,0.00065066666666666669
7294699834,0.32875199999999999,0.36532799999999999,0.081360000000000002,0.099461333333333332,0.080352000000000007,0,0.0080426666666666667,0.0040426666666666666,0.000176,0.028090666666666667,0.0043946666666666665
7294702600,0.16849066666666668,0.015642666666666666,0.016277333333333335,0.030464000000000001,0.56467199999999995,0.0014933333333333333,0.00065600000000000001,0.000368,0.00022933333333333334,0.16333333333333333,0.038373333333333336
7294703912,0.540848,0.019120000000000002,0.10510933333333333,0.075786666666666669,0.016959999999999999,0,0.00065066666666666669,0.0022986666666666667,5.8666666666666665e-05,0.23916266666666666,5.3333333333333337e-06
7294720358,0.049525333333333331,0.21958933333333333,0.0069013333333333331,0.098736000000000004,0.53495999999999999,3.1999999999999999e-05,0.007973333333333334,0.0016586666666666666,1.5999999999999999e-05,0.077530666666666664,0.0030773333333333334
7294736894,0.094511999999999999,0.18546666666666667,0.12838933333333333,0.28878399999999999,0.088954666666666668,0.00030400000000000002,0.038688,0.0055733333333333329,0.00013333333333333334,0.16519466666666666,0.0040000000000000001
7294738066,0.14954666666666666,0.10212266666666667,0.15415999999999999,0.24638399999999999,0.090469333333333332,0.0016000000000000001,0.055173333333333331,0.011754666666666667,0.0027306666666666668,0.18269866666666668,0.0033600000000000001
7294742792,0.27253333333333335,0.10349333333333334,0.0060106666666666668,0.19983466666666666,0.11422933333333334,0,0.0077066666666666664,0.010522666666666666,4.2666666666666669e-05,0.27502399999999999,0.010602666666666666
7294754056,0.19023999999999999,0.082234666666666664,0.053226666666666665,0.066501333333333329,0.05477866666666667,0.0040106666666666667,0.048767999999999999,0.0071253333333333333,0.020570666666666668,0.47117333333333333,0.0013706666666666667
7728435700,0.33784384384384386,0,0,0.27915315315315314,0,0,0,0,0,0.383003003003003,0
7728439696,0.34209609609609609,0,0,0.58815615615615613,0,0,0,0,0,0.069747747747747751,0
7755466318,0.52460660660660663,0.019225225225225226,0.12604204204204203,0.073459459459459461,0.090354354354354349,0.020066066066066066,0.0052072072072072073,0.00088288288288288289,0.00036636636636636636,0.10748348348348348,0.032306306306306307
7767231656,0.61400600600600597,0,0,0.37576576576576576,0,0,0,0,0,0.010228228228228229,0
7767233782,0.4197057057057057,0,0.22645645645645646,0.003153153153153153,0.29875675675675678,0.029441441441441441,0.0011171171171171172,6.006006006006006e-06,1.2012012012012012e-05,0,0.021351351351351352
7767239584,0.38783183183183184,0,0,0.48434234234234236,0,0,0,0,0,0.12782582582582583,0
7783922020,0.7774534534534534,0,0,0.19964564564564566,0,0,0,0,0,0.022900900900900901,0
7783924186,0.53436636636636636,0,0,0.46563363363363364,0,0,0,0,0,0,0
7783926064,0.27144144144144144,0.029987987987987987,0.12448048048048048,0.071933933933933936,0.10977177177177178,0.016654654654654655,0.0036336336336336337,0.0024444444444444444,0.00015015015015015014,0.32022822822822822,0.049273273273273271
8383346711,0.29940816326530612,0.022122448979591838,0.19021088435374151,0.18889115646258503,0.092013605442176877,0.0011496598639455782,0.048904761904761902,0.03438095238095238,0.0037619047619047619,0.088802721088435371,0.030353741496598641
8383347493,0.33164102564102566,0.00043589743589743591,0.12421794871794872,0.25344871794871793,0.054903846153846157,4.4871794871794874e-05,0.00054487179487179484,0.0032307692307692306,0.0061089743589743586,0.2253525641025641,7.0512820512820507e-05
8383348833,0.56606400000000001,0.038783999999999999,0.021135999999999999,0.24238399999999999,0.058821333333333337,0,0.0019893333333333334,0.0027733333333333334,5.3333333333333337e-06,0.068042666666666668,0
8383349115,0.214752,0.18084800000000001,0.063888,0.25919999999999999,0.19330666666666665,0,0.0069760000000000004,0.060016,0.0010506666666666668,0.016346666666666666,0.0036159999999999999
8383349441,0.43259199999999998,0.011146666666666666,0.011685333333333334,0.018016000000000001,0.15306133333333333,2.1333333333333335e-05,0.051626666666666668,0.0014826666666666666,1.5999999999999999e-05,0.31440000000000001,0.0059519999999999998
8383350775,0.12901424501424502,0.61605128205128201,0.031059829059829059,0.15023361823361822,0.044603988603988606,0,0.0030883190883190881,0.011173789173789174,6.2678062678062676e-05,0.013042735042735043,0.0016695156695156696
8383350983,0.52271573604060917,0.40351269035532994,0.018619289340101524,0.016492385786802032,0.019492385786802031,0.00039086294416243656,0.00014213197969543148,0.0036497461928934011,0.00018274111675126904,0.014522842639593908,0.00027918781725888326
8384431086,0.3240366972477064,0.00086238532110091747,0.11160244648318043,0.041688073394495415,0.18075840978593272,6.1162079510703365e-06,0.15296024464831803,0.012171253822629969,0.00051987767584097864,0.1753822629969419,1.2232415902140673e-05
8384431504,0.3510690690690691,0.081201201201201195,0.029261261261261263,0.045795795795795798,0.42498498498498499,6.006006006006006e-06,0.0039759759759759759,0.048282282282282284,0.0065945945945945945,0.0086846846846846855,0.00014414414414414415
8384432220,0.33899708454810495,0.16121865889212827,0.00060058309037900877,0.21243731778425656,0.019020408163265307,0,0.00054227405247813407,0.0054227405247813413,0.00075218658892128279,0.26100874635568511,0
8384432586,0.24995205479452054,0.094664383561643833,0.0072602739726027399,0.38933561643835618,0.033815068493150684,0,0.0022534246575342466,0.10152739726027397,6.1643835616438354e-05,0.12110958904109589,2.0547945205479453e-05
8384433912,0.14138133333333333,0.078010666666666673,0.019845333333333333,0.49254933333333334,0.082762666666666665,0,0.023722666666666666,0.031888,0.00033066666666666666,0.12824533333333332,0.0012639999999999999
8384434278,0.26705813953488372,0.30662790697674419,0.18773837209302324,0.022348837209302325,0.10405813953488371,0.0046569767441860463,0.0030000000000000001,0.0042151162790697678,0.002436046511627907,0.094674418604651159,0.0031860465116279068
8384434722,0.21149222797927461,0.23758031088082901,0.010875647668393782,0.22204663212435233,0.2328860103626943,5.1813471502590676e-06,0.0027616580310880828,0.0562279792746114,0.00026424870466321246,0.025020725388601037,0.00083937823834196888
8384439112,0.10925866666666667,0.10172266666666667,0.326992,0.11119999999999999,0.067872000000000002,0.039232000000000003,0.029152000000000001,0.041888000000000002,0.10062400000000001,0.026016000000000001,0.046042666666666669
8481036067,0.012978978978978978,0.013981981981981983,0.58950750750750747,0.11521921921921922,0.0082882882882882886,0.054618618618618615,0.0012132132132132132,0.00010810810810810811,0.022246246246246246,0.17433033033033032,0.0075075075075075074
8481036527,0.053315315315315318,0.02603003003003003,0.026192192192192192,0.49348948948948951,0.010534534534534535,0.011927927927927929,0.014498498498498498,0.0040600600600600601,0.0018618618618618619,0.34287087087087087,0.01521921921921922
8481041915,0.064000000000000001,0.093981981981981988,0.4185165165165165,0.0031411411411411409,0.01042042042042042,0.18315915915915915,9.0090090090090091e-05,0.00021621621621621621,0.0015315315315315315,0.13183783783783784,0.093105105105105099
8482122842,0.11142942942942943,0.0016096096096096097,0.35411411411411409,0.38632432432432434,0.014396396396396397,0.037195195195195194,0.053009009009009012,0.00059459459459459464,0.0058918918918918917,0.0098438438438438434,0.025591591591591592
8482126630,0.11338738738738739,0.0059639639639639643,0.32723123123123121,0.15630030030030029,0.062120120120120123,0.011129129129129129,0.0072612612612612615,0.0012072072072072072,0.00016816816816816817,0.27163363363363363,0.043597597597597598
8482129940,0.22290090090090089,0.0061921921921921919,0.25667267267267269,0.29993393393393392,0.027927927927927927,0.056720720720720721,0.0052192192192192189,0.00048648648648648646,0.00056456456456456452,0.036432432432432431,0.086948948948948945
8482131910,0.52281081081081082,0.00047447447447447448,0.050708708708708708,0.089351351351351346,0.011489489489489489,0.00049249249249249251,0.0014594594594594594,0.0011111111111111111,0.00030630630630630633,0.32096696696696697,0.0008288288288288288
8482134144,0.040786786786786787,0.093405405405405401,0.27942342342342341,0.40559159159159158,0.040744744744744744,0.059441441441441444,0.013903903903903904,0.0049249249249249246,0.0053153153153153157,0.0020960960960960959,0.054366366366366367
8482135312,0.038030030030030033,0.00091891891891891894,0.35036636636636637,0.21512312312312312,0.045771771771771774,0.025273273273273274,0.0099099099099099093,0.0011111111111111111,0.0014534534534534536,0.24906306306306306,0.062978978978978972
8482141718,0.070330330330330329,0.3148108108108108,0.2978078078078078,0.24873273273273272,0.029663663663663662,0.011489489489489489,0.0018078078078078079,0.00097297297297297292,0.0065165165165165162,0.0022462462462462464,0.015621621621621621
8482553941,0.12454054054054053,0.042744744744744746,0.3491831831831832,0.43478678678678678,0.027753753753753753,6.6066066066066071e-05,0.00093093093093093093,0.00030030030030030029,3.0030030030030029e-05,0.016624624624624624,0.0030390390390390393
8482554825,0.15774174174174174,0.0047867867867867871,0.68086486486486486,0.10058258258258258,0.017471471471471472,0.0028768768768768767,0.018912912912912912,0.0014774774774774775,0.0020600600600600601,0.007159159159159159,0.006066066066066066
8482556055,0.31414414414414416,0.061549549549549547,0.16344744744744744,0.29390990990990989,0.097909909909909915,0.0012372372372372372,0.017693693693693693,0.015975975975975977,0.0081741741741741744,0.0037297297297297295,0.022228228228228227
8483647830,0.32063063063063063,6.006006006006006e-06,0.49761561561561563,0.054384384384384386,0.015669669669669671,0.05505705705705706,0.0370990990990991,4.2042042042042043e-05,0.0075915915915915917,0.0069189189189189189,0.0049849849849849847
8483649192,0.26386786786786787,0.068366366366366366,0.080990990990990996,0.30466666666666664,0.039417417417417416,0.00043843843843843842,0.044828828828828826,0.0086306306306306313,0.015447447447447447,0.17195795795795796,0.0013873873873873875
9687286391,0.32400602409638557,0.0019518072289156627,0.026186746987951807,0.013867469879518072,0.2921265060240964,0,0.00012048192771084337,0.0014096385542168674,4.2168674698795179e-05,0.34015060240963857,0.00013855421686746988
9687293017,0.26585542168674697,0.0016927710843373494,0.22966867469879518,0.10067469879518072,0.021903614457831327,1.2048192771084337e-05,0.00012048192771084337,0.00075301204819277112,1.2048192771084337e-05,0.37928915662650603,1.8072289156626505e-05
9687295393,0.12431927710843374,0.00021686746987951806,0.18454819277108434,0.017180722891566264,0.18381927710843374,0.00012048192771084337,0.00052409638554216866,0.0013975903614457832,3.0120481927710842e-05,0.48345783132530118,0.0043855421686746984
9690520038,0.049409638554216866,0.080668674698795184,0.1811566265060241,0.19576506024096385,0.031801204819277111,0.0077590361445783133,0.0048975903614457833,0.00077710843373493977,0.0007409638554216868,0.34877710843373494,0.098246987951807224
9690523632,0.13734337349397591,0.060692771084337349,0.17269277108433734,0.23949397590361446,0.027156626506024097,0.0068734939759036145,0.0060903614457831325,0.00073493975903614458,0.00075301204819277112,0.28770481927710845,0.060463855421686745
9690524424,0.70397590361445783,0.10007831325301204,0.046403614457831324,0.063638554216867468,0.046162650602409636,0.0013493975903614457,0.00063253012048192767,0.00095783132530120484,4.2168674698795179e-05,0.014819277108433735,0.02193975903614458
9690526818,0.63058433734939756,0.01874698795180723,0.0093012048192771084,0.22502409638554216,0.041524096385542171,0,0.0021807228915662652,0.04922289156626506,2.4096385542168674e-05,0.023349397590361445,4.2168674698795179e-05
9690527760,0.48066265060240965,0.027668674698795182,0.01189156626506024,0.41915060240963853,0.0032228915662650603,0,0.0038975903614457833,0.010608433734939759,3.0120481927710842e-05,0.042849397590361445,1.8072289156626505e-05
9690528714,0.22584939759036143,0.0002469879518072289,0.089385542168674698,0.021295180722891566,0.27902409638554215,6.0240963855421684e-06,0.00033132530120481927,0.0013253012048192771,7.8313253012048196e-05,0.38219879518072292,0.00025903614457831327
9690530576,0.23768674698795181,0.0027650602409638554,0.24136746987951807,0.06865060240963855,0.080126506024096392,1.8072289156626505e-05,0.0020963855421686746,0.0067108433734939755,5.4216867469879516e-05,0.3542469879518072,0.0062771084337349395
9690531662,0.19831325301204819,0.0082530120481927715,0.24897590361445784,0.015801204819277107,0.14499999999999999,0,0.00013253012048192772,0.001,1.8072289156626505e-05,0.38065662650602411,0.0018493975903614457
9690535726,0.23883734939759035,0.073024096385542164,0.043325301204819276,0.35283132530120481,0.10816867469879518,0,0.064975903614457833,0.050903614457831328,0.00063855421686746989,0.067090361445783134,0.00020481927710843374
9690554722,0.36509036144578311,0.021626506024096385,0.021186746987951807,0.20489759036144578,0.24709638554216867,1.2048192771084337e-05,0.0015481927710843373,0.0081325301204819272,0.00031325301204819278,0.12996987951807229,0.00012650602409638553
9693996533,0.11483734939759035,0.1367409638554217,0.30186144578313251,0.01052409638554217,0.027090361445783133,0.0034819277108433734,0.00022289156626506025,0.0002710843373493976,0.00024096385542168674,0.31519879518072291,0.089530120481927711
9694026479,0.092463855421686753,0.12534939759036146,0.16727710843373494,0.17936144578313254,0.11748192771084337,0.0094277108433734932,0.039421686746987955,0.013048192771084337,0.02127710843373494,0.23082530120481928,0.0040662650602409636
