11848435566,0.2348433268450954,0.41449461763444106,0.00099849309240034197,0.25530088499510539,0.26176397270734353,0.00090727968423514574,1.7083198713461321,0.26691419248283321,1.3955018951076286
11931826675,0.40167897787239121,0.52036637998387469,0.0024311197641931725,0.41650429904367409,0.28061399337000703,0.0008554922872566923,0.58688004484242506,-0.02543846211729275,-0.38983998683890364
11932030623,0.24778794786878744,0.29615653317057505,0.0021749821350761224,0.33896858218309578,0.17862970254103891,0.00085426548884443259,1.396169059471388,0.95357484611077603,0.15728202465591201
11932547526,0.23124578789598044,0.28669957455710793,0.001322900586953775,0.24959538185564023,0.19845786952799163,0.00080567237467445943,1.7579946344725681,0.52526375254710278,0.2654068471586441
11932875205,0.18787900997309545,0.13588086921687817,0.0019724823785717163,0.27855399107495915,0.1458763284617248,0.0014568297444566753,1.6628340607451648,1.5150863559923495,0.4223940368743801
11932887235,0.091810834716678613,0.54437042282141146,0.0024660968543696394,0.098799605742338564,0.16422752600370377,0.00091482879395451988,8.2204825932214849,0.3544898313997133,-0.6663990206534276
11933273473,0.089396245131149424,0.58343651588514889,0.0021509023772907005,0.047051467170541997,0.14125682603010745,0.00062790953745156465,15.862574435334182,-0.54548945111748159,-0.98004475498861021
11933453424,0.096926592591781546,0.48912121080041354,0.0023708255756153622,0.058614417049681997,0.18742370228836266,0.00089746953946126811,12.062982862780736,0.022458359090516189,-0.67404274417302557
11933493993,0.086592863548484431,0.5856178443493103,0.0022143143856868451,0.037804975462079317,0.12766162776273235,0.00056766097871491878,19.626818118160671,-0.68344253184268877,-1.0119950920878726
11933848736,0.088144440923503126,0.50340533692147926,0.0022146659391711946,0.07392029615903227,0.1440709940205411,0.00095554103783261559,9.9388393573275806,0.2104262888266451,-0.092281565944022162
11941303485,0.21163130677050787,0.44475619444955189,0.0027549168030181039,0.31561354309326539,0.20082976193355939,0.0010398875258304603,1.9787727862831537,0.7864861014362402,-0.5350025548967916
11941809575,0.09059053600309383,0.56741449285299739,0.0024612442164153848,0.060418323320853201,0.13758279870584558,0.00066113137807688363,12.782825395095536,-0.6324471096755464,-1.0049406525644706
11941861445,0.089571008385507203,0.54702881850149065,0.0025568929898756401,0.056775147207639327,0.14252702222088401,0.00067578144866431487,13.419377695198721,-0.48178834274781318,-1.1261062812813154
12181469424,0.11815583855363378,0.38641627212297425,0.0017379737639369153,0.14620222194630614,0.18681487390182286,0.0009113825217838702,4.5836168395961163,0.79245527161516771,0.3380545222367855
12181478664,0.1429846511684463,0.16032791082427567,0.0015462199871841764,0.15333678356011118,0.1462869430797672,0.0010246561451037815,3.4071917333614627,1.1891927109206681,1.2624188503574119
2276555071,0.45953424753014682,0.1255311228038192,0.0021609383057798058,0.24521623843892673,0.16409990729148122,0.001199589117252031,-0.50437446802905472,2.8722054701138813,-0.12589871368849659
2276558761,0.32087196917517841,0.10993055163981602,0.0014965135665773153,0.29619844350342489,0.16430174998458938,0.0012123041111526222,0.45101822058651875,3.3387354263691891,0.96214277649054802
2276565433,0.27857407902093606,0.16805067850247135,0.0018520597718826278,0.26946863322679704,0.18374944247170211,0.0016762332050703729,0.63496597198727855,1.8205530189130872,0.1649606116353115
2277345318,0.46637462678275476,0.47444259837500657,0.00233441349224652,0.23249974261065245,0.1943522609818932,0.0012292524947848647,-0.82349656375530655,-0.18016773248230938,-0.88090444046136229
2277346734,0.47852506823597551,0.2444712073638064,0.002154192346532427,0.23150427979493685,0.18821673905036079,0.0014805707665070794,-0.4713017383700524,1.3037372933630191,0.069049676947531086
2277349260,0.39154640089990328,0.28557902937038326,0.0016442020761245034,0.2459673595745045,0.28087686743438028,0.0012668236049141861,0.18632425567921324,1.4231247352141474,0.56815974328982977
2277350882,0.36423663324707889,0.24934855998864142,0.001693688929898924,0.27286672481509494,0.18091665218010461,0.0013895134372854025,0.26376752483536375,1.8526780939815426,0.39024127579488299
2277353078,0.14424472871640609,0.49741210566163457,0.0015283314007432862,0.089410288240767508,0.26765454732353244,0.00065629737564033787,4.8977027326896296,0.17303656182275734,-0.34585823544576777
2277354398,0.24697457440794274,0.37477311280948283,0.0021277256439830639,0.23322339703263656,0.20167531429148419,0.0012220952548944832,1.0771221908591171,0.75875752799365737,-0.020389848994007875
2277357422,0.20132611109395293,0.32143381580605102,0.0015509772138920567,0.20871397054562157,0.24306744527653157,0.0012219742743345349,1.9595696687239146,0.70930393690069538,0.66116609013322258
2277359774,0.30601682909538397,0.49095052929812699,0.001217778269896307,0.30445763589758096,0.35157865196921845,0.001031136599460156,1.0509777616361651,0.13966347386666281,0.9185590365327021
2277362222,0.44790481479405581,0.26428429107781742,0.0018038492272199288,0.21057195922102728,0.14972225189503721,0.0014184510469446327,-0.74559597482243389,1.5937161420044204,0.49528468772785011
2542064007,0.35198513924576552,0.26218487585795136,0.0025929604806652086,0.25286438269846512,0.22177072386304503,0.0010194363361554551,0.033206997841701079,0.78681676785813737,-1.3102944767009888
2542064665,0.34667775971173898,0.21333857845602272,0.0025064838771877078,0.2738559011522998,0.22996420673670603,0.0012197928233938671,0.29528360707923906,1.6945225951294858,-0.72033734521544879
2559567578,0.40781854419984553,0.21876734017491617,0.00190809660871947,0.28079942240811007,0.1583844447710307,0.0012214715167087142,-0.19330128401343247,2.6614019690263722,-0.077810042042774585
2559568764,0.10388392438683454,0.46669601110981912,0.0018958324414380188,0.1229461075854951,0.21627619153459926,0.0012177285559909932,5.2409928682192541,0.42238455115088064,0.10710056670437607
2577256765,0.37086258728400573,0.27948489466041099,0.0024077955695027647,0.35990387225590431,0.2563428676760543,0.0011379277548429628,0.52575614283095473,0.47387880092417184,-0.62548969101333352
2578089040,0.31413062015562393,0.2522097094180864,0.0017597019395406367,0.27456475238662426,0.19293963155635624,0.0012755354901215093,0.37151266155417029,1.3563704982041926,0.17334132273299077
2970861385,0.35972341399616081,0.13730624353100049,0.0019063433444978849,0.26389977305546058,0.13133897033451203,0.00092430469982516942,0.21992453501148412,2.0431755608604032,-0.27344265417270569
2970868951,0.40210308830965713,0.17436792796194336,0.0017689060686984185,0.2696174491217061,0.16226364252845626,0.00092841602472278138,0.05635575938552783,1.9431163530432718,0.108269842431799
2971710476,0.14737294775780746,0.46106885167578388,0.0013848514258202669,0.165764994178177,0.1931591132397357,0.00078697996159091024,2.6113787496459935,0.042600878266451807,1.2337103622620289
2972708359,0.26725123653380134,0.25411162843009821,0.0015485535149202877,0.2429789816641843,0.22924101471954944,0.0011288261926062713,1.3308039986211011,0.80083868195997054,0.44562390154600751
2972710017,0.26666622549453201,0.26907714537094041,0.0020235999820451584,0.22140772763093489,0.32835261708820196,0.0013199552205040556,1.1208294934750394,1.0713270838846374,-0.22609797335394827
2972869611,0.20960171724501583,0.29878435152121796,0.0021252048039858661,0.27543301988977331,0.29793542276603086,0.0014193809006650747,1.7534563894542252,0.70638230143173775,-0.13889120645455427
2972872955,0.094669610625830014,0.29837174110315307,0.0023367223969270427,0.044333579041934197,0.13564218925723132,0.00080606015910954134,14.115469767977178,1.177004122832265,-0.79956026049847928
2972884059,0.23715517843172793,0.23755648511680777,0.002390202059037087,0.21380842030393701,0.21874182913076307,0.0010811349309799844,0.96105805415368661,0.80929003349212347,-0.65419507076450845
2972884821,0.2290158923804457,0.544938815953806,0.0020435669810524339,0.24572001875509505,0.38088481422032339,0.0013092317049046946,1.2646250606190808,-0.30562541864205101,0.043192653708006686
2972886257,0.11436831248836825,0.23460637993198272,0.0015987313726645149,0.093247110402419522,0.14213533351323493,0.00047115674046458665,6.1294117200428904,1.9832670323952284,-0.66331581444337295
2972886817,0.29504710150140262,0.47818041489002644,0.0018628203948455587,0.20676668842922605,0.37380200433249094,0.0015262217634443226,0.46674148209814287,0.16292024020700074,0.3658830037958764
2972887303,0.24485733323895872,0.29086347778392618,0.0019913866384876897,0.23686836518075455,0.29246346752398394,0.0013539029656267146,1.2482673439456697,0.91466897767861322,-0.14481068727235932
2973556560,0.43147091844691154,0.14458134295193123,0.0010339999267681664,0.32276528569245055,0.18152807126902926,0.0011205708332549492,0.033955269888742083,2.88005144481125,1.7077381410075125
2973558128,0.32162179717066469,0.26123661186360631,0.0017145539088739327,0.27274425311924805,0.23189292083479277,0.0012664889491406405,0.88828604213300044,0.8174857006663685,0.41453101091308925
2973732902,0.27864520225798906,0.18156642584828886,0.002493617400560642,0.22303816160077247,0.18568348448901675,0.0011360602752736846,0.58826078859639919,1.4242995522605104,-0.55328191749168776
3422896185,0.31099629266929052,0.37418999897373662,0.0015459004102140856,0.28302449316428441,0.29375052316652628,0.0013919105882858639,0.43778072494427323,0.8651228656824973,0.22953859609722047
3422943551,0.20428132917629105,0.4770344845758332,0.00022245498093240805,0.30877007918622779,0.43151586553573407,0.00057762833873907277,1.4555266307934496,0.081844681697628915,4.7905824727330435
3434464711,0.27806295988751195,0.41794078453591926,0.0020638007326818871,0.27522354261073134,0.32331586513011301,0.00082332172988646573,0.69140195806094074,0.24138366434572969,-0.87028056491306627
3434622443,0.23841692792412722,0.34965443049447964,0.0026116995888621599,0.22797227132078582,0.30605872883281959,0.00096961638205984976,0.91813760770571307,0.42429446467074222,-0.84870554340308579
3434794279,0.3419805685087785,0.22304267158627603,0.0023426198978677704,0.24866997376806874,0.2169214281012164,0.00096119433213967737,0.19879300738143116,1.3527438960401823,-0.61317705353062169
3434847955,0.084019757027421829,0.47991482689548787,0.00032316921304220665,0.2017276033913746,0.44761523702310918,0.00080998025060318856,3.6905781579729808,0.055918497474063786,3.1785177348608866
3434856139,0.098876669364158579,0.37753702468723599,0.001447999048644927,0.14138430271106267,0.11689638245880483,0.0005225703893772688,5.5149753577652953,1.1235016465400574,0.75223741167025138
3434861765,0.19370843745889874,0.23801070200046937,0.0012272725782298743,0.26376003965562883,0.17499559070422421,0.00064066659828193367,1.9279634240112227,1.2152880941220927,0.6408653627416756
3434911449,0.37794718172254738,0.38176528733197912,0.0024462146113817355,0.26829885682736371,0.25384639296984784,0.00074604141552262263,-0.098458510024240609,0.074275416248894208,-1.5118785913559829
3435262790,0.35831952889335761,0.43686239567422641,0.0026548078874721352,0.26650723636434315,0.28594851839588836,0.00084964128404026846,0.010972914388763027,0.17290593274852131,-1.360178374459512
3435457260,0.26596176966772583,0.34334551340709546,0.0020670116021441554,0.2443322926330819,0.27338897261476192,0.00076303112936918719,0.65457208170638315,1.0365093038626978,-0.89869032626352463
3435522620,0.3547834705905793,0.41601375674877683,0.0023987790327810337,0.24731200538982073,0.15940769841753444,0.0012619498608876238,0.031133658856709729,0.71831839901211914,-0.42603910571570558
3435563002,0.2989130927372492,0.28089405676614992,0.0010838649491475014,0.27603518113206305,0.2606970816661407,0.00074472206773263836,0.70798219775463178,1.2919453814325084,0.81735323592155806
3435593588,0.29317366837529829,0.16287106007036684,0.0024097865801208738,0.25412257346398076,0.20084636948817958,0.00088129037798192176,0.68334091887837545,2.2973639347904697,-0.74732675309737484
3435674982,0.39191427493429648,0.116807616318284,0.0022144426317897477,0.30881481482996548,0.11214815864274745,0.00073628818745178194,0.36889435612127486,3.5627614528244207,-0.69435079056803428
3862834515,0,0,0.0014706479898831928,0,0,0.0013185483968250913,0,0,1.0067212924061089
3862837233,0.33390277316972017,0.29168666013081923,0.0020487725557160543,0.24009792314424769,0.25193507052257635,0.001188065380556456,0.1841163496911172,0.72681336372601069,-0.11789033981778402
3862839903,0.29782750283299153,0.29690302169328903,0.0021862496406443084,0.21359142508744958,0.20884995476699941,0.0011009396797015082,0.72695550263379205,1.4740638628709892,-0.25071245713861395
3862843013,0.38264616725364897,0.20056094653195031,0.0023599010313657787,0.23610035975397073,0.20405195517217861,0.0011670629141176641,0.11893450444758215,1.9736107249843802,-0.29696666172924313
3862851419,0.38451020466891506,0.19342713629567557,0.0023259291586856154,0.22922532759510383,0.18281345382682321,0.0010175099742028148,0.066621118427042339,1.8974729554869079,-0.15514667402206794
3862854863,0.30531361897698017,0.25598963957618825,0.0016722579095821294,0.2304883831299368,0.2868692126042357,0.0012386469141126993,0.64051029151089123,1.1564205825324407,0.24325975930636881
3862857911,0.38237675899577112,0.21463323418300373,0.0022117131974882082,0.23488156144593114,0.20816502419291638,0.00099512610528255702,-0.0054492073612811762,1.514566082495356,-0.13790453333522359
3862885131,0,0,0.0014078116387116722,0,0,0.0009027883015667314,0,0,0.37627660976758315
3862885865,0.31720467494696392,0.2429638698592578,0.0023968227512402044,0.23520646518245936,0.1898052598198437,0.0010772847001277535,0.29230876189909899,1.4364515933155071,-0.76404818619310455
3863621498,0,0,0.0011185716262977446,0,0,0.0010423980335985095,0,0,0.9365784247364648
3863653990,0.29325280546447569,0.26999529411775414,0.0017978693803379286,0.26175146361794538,0.26226968084779551,0.0013027222870878482,0.5256165134615256,1.5837098860038286,-0.23203685050708589
3863661214,0.30376952272245261,0.37770459448168581,0.002039395797181169,0.20604616730129618,0.39575918136254196,0.0012372697573789487,0.59031520485515765,0.50631055313962314,-0.22078096409024034
3863669406,0.42150958556014012,0.2360275104207579,0.0024491783477745277,0.21222621686903373,0.22273495784098046,0.00096414218121878604,-0.78348956580329687,1.4293810909891707,-1.1443011316357525
3863671864,0.28525557224988934,0.25050705497582554,0.0023231497241184653,0.21703935580103609,0.20360929146294723,0.0010558564650450148,0.99418095854208421,1.6765650430575054,-0.36659350367061494
3863676858,0.38625541753561987,0.21909119495601201,0.00223613592831593,0.29120742538047639,0.16579661784731325,0.00097071643689293236,0.1116073899299895,1.4642727530970459,-0.27992225176173635
4573468447,0.49650947812166935,0.37797621392706143,0.0024916571510955887,0.21803297255537385,0.15984430182454598,0.0010962445493421771,-1.0672442200289765,-0.0030951273582744132,-0.35927245201449515
4573468731,0.39413230564486945,0.17585600402369725,0.0020695362216742088,0.20197266221869831,0.13514337398165727,0.00120298794882402,-0.13690301647883923,2.3407186672016569,-0.089777844143859739
4573468857,0.36259490912334874,0.43481532425868846,0.0022892743693695133,0.2226989930372292,0.25276364219754532,0.0011117509835038106,-0.24009908084946593,0.55729003397576737,-0.048076067809864259
4573468987,0.17690232083197294,0.31438949812490663,0.0014368879516071236,0.1983730805859778,0.24543640699169916,0.00093794416598310792,2.5512888678814001,0.85502601343057671,0.58841440558526503
4573469157,0.36765620030847623,0.38746521903654524,0.0023419191929623497,0.22934029573319409,0.23323198579383797,0.0012444011019552873,-0.25282913825258124,0.21766417962656762,-0.64932322300876322
4573469955,0.17601873338528995,0.36954556695277052,0.0019295861173102453,0.19829408487597563,0.25316373302428496,0.0011269865503373798,2.2329171573835738,0.16745369503108723,0.20704724486875781
4574103166,0.32391655848851542,0.40010448010480759,0.0027469491441468826,0.23067975321586329,0.18652914343598137,0.0010588241357030741,0.21223663557959721,1.1278902834961375,-0.92129471686554609
4574103220,0.31324993398767331,0.44638444490577045,0.0023182156170929416,0.27413386923744737,0.21330065535095141,0.0011058146447338055,0.36550723122788348,0.39680582026656186,-0.63298204624286281
4574103282,0.26597588978295961,0.22863834047378051,0.0024618757870648734,0.21077906427174745,0.14673965377984793,0.00093500748318911509,0.65562851327818394,0.7115787853693587,-0.44151208513987733
4574103466,0.17599068847295402,0.28052654234913277,0.0014271893657170412,0.18760541301225289,0.23003037750709057,0.00086348195273761388,2.3842795812114845,1.0703368218658913,0.45488564659623698
4574103592,0.45912006577450576,0.16037023726948268,0.0015245454650099329,0.17809779821076099,0.098932158713194079,0.0006406557618731986,-0.30462036391320035,1.2176571797777946,1.2401021053689687
4574103766,0.38878975896350038,0.30138701256602907,0.0017814276560296726,0.1653425466453225,0.16885856692268955,0.00089660376231842534,0.1873318932002436,0.89538716833526133,0.51952026416031072
4574103872,0.45825520997290881,0.34215877745801165,0.0020910916615781913,0.1721013955229263,0.20910248396297276,0.00094409717940845269,-1.1480075415409408,0.65883175533072624,-0.35266962843310401
4574103934,0.32433240672144492,0.32566473934785622,0.0020982951774994921,0.19836097047679815,0.17246045596237194,0.00096958980572087107,0.36330948281316333,1.0067943007905249,-0.00037122858987093549
4574104082,0.26179179272273356,0.28032396513018126,0.0012062467289256015,0.3478463220651431,0.18977487023377917,0.0011817874783726988,1.164998793595974,0.71822632142225384,1.1383081409071929
4848907167,0.37590731432175373,0.3576152648645618,0.0020339165463042455,0.25518601558136444,0.2414951019974495,0.0013797548820149426,0.033273115432560826,1.1060302790591556,-0.082548295088164109
4848910083,0.46638952451467147,0.38098761676769333,0.0025723834099384796,0.21983787538514443,0.20645257740311618,0.0012324696657447364,-0.83796093957888274,0.87239102458981921,-0.99709781475680559
4848917555,0.50877146905422976,0.44151432812823593,0.0019575258765109375,0.21824325303678432,0.20812032417454218,0.0013999779916944431,-1.3136905992582011,0.30598008929025067,0.070676472520356956
4848922425,0.47289856495873761,0.56222949386942911,0.0013548406076204045,0.23214329527030636,0.28355703793698317,0.0010789660777064233,-1.0922179677038168,-0.48449484305604296,0.21313115872716107
4849516402,0.09818736410661133,0.21728669335837059,0.0014609558578187085,0.11565732055115367,0.23195456217370664,0.0012469128923286246,5.8269526411560699,2.0461860109140244,0.68279594570246327
4849519998,0.42678008612423884,0.28034335612663641,0.0018847760332421945,0.32522489627557755,0.23777419497883756,0.0014201565716687231,-0.093287106530787631,1.3007540170358014,-0.15856527086404942
4849524912,0.44943367378766841,0.35007512538299412,0.0020515180001224077,0.23969823916909688,0.28846294521700511,0.0013700801396512466,-0.973646461630294,0.75676911022643423,-0.48633003961019178
4849533980,0.5107362734165688,0.36887505625817674,0.0019541338801313669,0.22088175600780957,0.2335115644483855,0.0013919492867016359,-1.2465647389107497,0.84330206181156231,-0.17968210922216102
4849535064,0.44505563255344388,0.36189274893322843,0.0018708756276459831,0.21334112884733342,0.29405224320657691,0.0014597428888138589,-0.63631403785676899,0.42201589003988388,0.27569182246905038
4849536680,0.46701501664277828,0.41465023631929715,0.0019489877882496796,0.22396428012895578,0.20815047618327931,0.0013135607093539836,-0.92140278476558402,0.30191660505037277,-0.12813129741223309
4870860687,0.53319496806850553,0.45924668612150743,0.0019030773333888131,0.23060507449092152,0.26987759564664626,0.0012771441845870681,-1.4956347352203463,-0.10357875596080897,-0.29959611486269633
4871464946,0.59439775032514364,0.28101577636691621,0.0021614998158480999,0.26302769274280013,0.17261390889629918,0.0012158610142600885,-0.6852164089941718,1.6358284298860795,-0.13153188619193787
4871468744,0.55001520289200845,0.47521960493978205,0.002195324459407622,0.1852713769015156,0.24310558880373995,0.0014676395189404956,-1.2777840931975,0.46120927338864509,-0.31767053078121044
4889196603,0.30366036070605312,0.099138855716592422,0.0021547710565444308,0.23781649643312364,0.13496820888629088,0.00088061663178505903,0.78725470398414432,3.3123188018698904,-0.10291878248779023
4889200657,0.12386564763723919,0.36240707497583874,0.0026537771848637935,0.095786291796593426,0.12489409394105891,0.00087202826064406856,4.1225119483655845,2.1344877784428662,-1.5854640418435075
4889207749,0.33072986702017909,0.16079124759225408,0.0017029395552219935,0.26854422005196305,0.22381363829660122,0.001192300911461849,0.61851507502965042,2.2300993308481161,0.4340852074640153
4889210017,0.37645704770638672,0.06059701674712123,0.0017810803652556534,0.26087443365206148,0.091283037213168591,0.00079706823150285904,0.26565791645871945,6.3501013605017311,-0.084198709488118723
4889216723,0.21886295687411716,0.30682923612780266,0.001544974361112257,0.16364018513128661,0.27112766369024216,0.00082332364190854015,2.2248872625201375,0.97571057078154766,0.78261076024125287
4889795778,0.47265505625743326,0.086495367116563665,0.0026412162143372355,0.26746796699670355,0.11541598305229216,0.0011998791306443947,-0.35979488726850878,2.9126749530095268,-0.30449812974114532
4889815742,0.14740171305789768,0.15198958264004442,0.0022581396404533351,0.11101094257344808,0.12286566655799959,0.00093281404820148102,3.3094602262752417,2.5511851316229732,-0.093997764737162037
4889820560,0.26016225863354081,0.098705540341713721,0.0020416792340214192,0.26971400240572785,0.14603780572662289,0.001274777776428467,0.77797513872180113,3.1874379651736664,0.13923183023276084
4889820746,0.36158483636330274,0.1464553497994221,0.0014167941206304779,0.24799051562293531,0.15425397544771619,0.0011273136019612864,-0.082050557860445572,1.6512634915519031,1.3062833148034092
4889822800,0.21617421692395369,0.26966275470673906,0.0021433679354093331,0.23762774332573477,0.21514806455275562,0.0010710942901193934,1.8058092005156408,1.5778296395368203,-0.12910542603655012
4889822936,0.28606334120645022,0.34134775728236399,0.0017049379525019991,0.19978321871600721,0.23690343599107985,0.0013073672002546961,0.6417894504295224,1.3084031335352233,0.44659576008045365
4889825988,0.2498685783696854,0.37072260992158795,0.0011973140080507494,0.20416885576527882,0.28555678498611164,0.0011061991602535914,1.0565845095955551,0.94937181441286089,0.99689776864116397
4889826160,0.34429620854173398,0.18638406196457755,0.0017901334519161011,0.25514628457814514,0.19747527629658435,0.0011082142213247569,0.55634762606416011,1.9277180726632568,-0.067576787790508616
4889829186,0.37582570521049175,0.13016307166453053,0.0020575615985072284,0.25197357070092774,0.14664345575998655,0.0010773740027678999,0.16538493358763345,2.7226518853745723,0.3436187886455998
4889904338,0.37355490642334915,0.14782697053791088,0.0014974860308268434,0.28636920339248578,0.24242254646302436,0.00086894136416332376,0.25870767168021802,2.5753352056970282,0.90943678145628604
5020368815,0.55320021064669456,0.35042235632883972,0.0011954891605794162,0.36672479687630444,0.22902049781555703,0.0011220320218119412,-0.42861833079573747,1.096981939912721,0.57670061044813525
5057822901,0.26803485470222999,0.19278965047282279,0.002283879727477968,0.23850044979259313,0.22692948190890036,0.0014753863570317858,0.67524507753950402,1.0459672492188188,-0.26533913170085477
5058427508,0.29054347995648899,0.10751242885128537,0.000802080676662762,0.32835176823219109,0.078330311901728636,0.00069288867074586012,0.98329533081056919,2.117056633882457,2.0668230119310373
5058433014,0.15662875580337274,0.21238262691979856,0.0021690770421631859,0.2227491639886249,0.18901005026155812,0.00097109011347692759,2.5841362542857693,1.5042332451374225,0.020419998304090022
5061762285,0.39150557866761898,0.079040362072559489,0.0021311134691784565,0.25035890271474531,0.071189556499214851,0.00062882310949103563,0.33867028761222762,2.8422415865473489,-0.26022863779734473
5061762551,0.38100878491043871,0.089556372717418342,0.0019373880199922144,0.25307372924420563,0.060700411185081939,0.00043350444893916284,0.45111585916898195,1.1128290976396662,0.17212832616219592
5061770993,0.35541196362955479,0.12968500130666485,0.0022656687325387243,0.2242201782256576,0.0781482485451091,0.00048630872886443524,0.4393525229948394,0.52741307464602549,0.0015210197131785719
5061775187,0.17753638669638599,0.091287230511694156,0.0020717329027296802,0.17876067735273221,0.080356748885140453,0.00075802294414151975,3.1510172993859182,4.2621922426079157,-0.46641125245244247
5061776617,0.39562646980090166,0.068289213383219319,0.0021338131487889235,0.25625938318418839,0.058952872636193386,0.00048352204496876402,0.17752120623649864,2.2572242230999584,-0.3691451450827512
5061777521,0.26887348834416358,0.10916835886794077,0.001962294789183628,0.23094712644433663,0.10704907687006308,0.00089162331789242931,1.6544830338025041,3.6019357675270918,-0.30278233585817088
5061778023,0.19954842722249799,0.1188494178413371,0.0022815713751120972,0.15840191896222741,0.079694419167767636,0.00065154405174242685,2.8563623073347606,1.3352329723462257,-0.46786579103752007
5061779633,0.34486494602605156,0.064322939011041497,0.0020987110803536253,0.23609195238356243,0.069921351885598157,0.0005553265631589216,0.59481098032251489,3.6166207390962755,-0.58094019157119325
5061782873,0.41537041452754431,0.075949345581716343,0.0021818353761373205,0.23223218455561354,0.070942237371385122,0.00061600285490900734,-0.039228893346528182,3.3679670686670007,-1.0686049302373832
5061791373,0.33743590044604227,0.064339128147676283,0.0019969463232089885,0.23811811038238387,0.062556279493973979,0.00069517150379559971,0.67373999027819176,2.8725609580615297,-0.52355882817937927
5062372272,0.40872396478497708,0.080936195144056755,0.0021193065641419407,0.24021479338648591,0.071802409707868317,0.00048536447061221327,0.31499735641039606,1.6230331793843842,-0.062398090926450447
5062387464,0.37102907117545098,0.081718807770571569,0.0021998188594130265,0.24607356253219376,0.063933362862936924,0.00040739412233652177,0.32718474916218288,1.8933222611584468,-0.19296451020046942
5062393122,0.41081411605484147,0.082225948019840497,0.0020571269101627336,0.23373855804515584,0.078130650950721081,0.00069875386996527385,-0.031629600499190016,2.529800295627358,-0.52339554397961974
5062397858,0.47108154612251929,0.088034201172375939,0.0017626261899269158,0.27707839864944528,0.093007139341942602,0.00081600665863712583,-0.10735614346756336,4.251405515628651,-0.20005604404818683
5062400094,0.40044011080697273,0.052314712524719656,0.0021569060515185612,0.24806147421751479,0.056519892419375238,0.00063755925051038631,0.15174860836455656,4.8651195321923577,-0.66435352317658025
5062923419,0.12559299408315283,0.29762007662406975,0.00075213051541207472,0.23856198663741199,0.37251833694863218,0.0012005406223947891,2.3678634293124885,0.98739545602497569,1.2437756971228116
5062925891,0.20195003042352039,0.39114871530356271,0.0016592773926263431,0.24591017157640691,0.26579661995094728,0.0012972141107022064,1.3693820434381556,0.51809189795544486,0.090558134793194467
5062927967,0.13618157236863854,0.34741655344407929,0.001788954535690503,0.14602049878716605,0.23017503479665491,0.0010433793781190889,3.8183293960655593,0.88919910977099059,0.42822448396231072
5062928979,0.27549883957300086,0.23761852421556914,0.0018630147452184406,0.28552954629907429,0.21918681292125333,0.00078629579944490807,0.8623663404815487,1.4119544442209671,0.31152142381227937
5062929955,0.22255347319793542,0.31432584785937062,0.0020576783361449772,0.26951376793502324,0.23478716035654501,0.00085637397027629042,1.2817958134191452,0.62824658760548446,0.18983043575343206
5062937495,0.47439032746903936,0.37000561109954549,0.0017839826670386651,0.21507542614026551,0.23289424460481029,0.00084158909595245877,-0.46996565276020896,0.77971796143773842,0.0055877969171318981
5062938405,0.56358555309949576,0.34075872230446574,0.0013828619433259642,0.38481762556778987,0.17729707932568547,0.00081627093258219562,-0.54370317028813409,0.53470707309707666,0.87527651803889595
5062939109,0.43865544928290845,0.49599595692866022,0.0014655990394482898,0.40525381930755716,0.32292082265488459,0.0013134169833293686,0.10271976685865152,0.094572124644456773,0.15583611250262255
5062939785,0.45349184098580464,0.42211405445764361,0.0010215845253682256,0.43454900856915701,0.25416615982946744,0.00095806122945342833,0.10929318654710692,0.36684507093053975,0.84111179995611918
5063541722,0.11350259942155418,0.42296052240244508,0.0017738518856010514,0.10002355173179263,0.17026670721052597,0.00083308577669496877,6.5714305004085762,1.2641869081854218,0.019383463231761145
5063542374,0.11883263527221577,0.48470183937226236,0.0010639799365424244,0.12367212865384124,0.29667833322857801,0.000902895788677346,4.7055241827740399,0.38246781643296512,1.057126045719547
5063550460,0.152094013721151,0.36522965252442052,0.0017716192167373513,0.22149316374338865,0.26619623954913119,0.0012598839188001938,2.3040271865354622,0.89280620623444007,0.092750389176222456
5073934301,0.42333923000194873,0.7270329558779508,0.0023768782352386977,0.22353416750797109,0.2871634743325715,0.00099787005307739956,-0.59565300355929007,-0.60774315758600228,-0.6604810115552
5073935679,0.34386606565300615,0.32253524500516367,0.0019426001223180782,0.25046365624594141,0.26308100627478859,0.0013790304928162985,-0.21883637251386842,0.30669595093579349,0.36024529537003469
5632512890,0.3938904159944675,0.11017774400625759,0.0019551776156927548,0.28998582779739823,0.097773188252176776,0.0012483785535157205,-0.15616698880884528,1.3380014056338712,0.45102075762516242
5636630061,0.33758756217235536,0.1828082790962646,0.0020312896810578481,0.19928892312345928,0.14234248728965052,0.0012839274190312587,0.39250345976583928,2.0171126402558097,0.21802789735293027
5636647233,0.39848341485716882,0.17757068545436597,0.0019277696735344493,0.21957576322360461,0.10802467739434722,0.001297763329658901,0.12024466097498968,1.3956246501023519,0.31377503515011268
5636669503,0.3455223425095808,0.16345978370454511,0.0022712828214935315,0.22584951735930139,0.10635289738875585,0.0012286923733481764,0.3021851900580243,3.2613414592153829,-0.18429286627111402
5636684249,0.20503592581119257,0.16801385872825589,0.0022460949441137218,0.21768930475996487,0.12090818005072121,0.0011377260681591113,1.8152643329839442,3.6569166468038055,-0.10878984973648825
5636685913,0.38629103405403176,0.20955326234916316,0.002042742166128641,0.37465953428541376,0.18858738928519103,0.00099635924139890894,0.5289249782471428,0.90061003309892529,0.49208721121911236
5636692267,0.44686530816773407,0.1060048412542316,0.0015939336005243124,0.29598488538975198,0.092115309049030203,0.0011429419562818733,-0.33620600378882498,2.077014893182243,0.83102927736155896
5637174752,0.27108728900502893,0.17814066476529791,0.0022632583483383085,0.25113360163397147,0.13746705973331139,0.0012762916309009878,0.97844840861371374,2.5053058884823449,-0.080778025574193474
5637182266,0.38585567512546487,0.16578618265847128,0.0013351801050509135,0.31304111864452205,0.14616376437089409,0.001359909090405757,0.23586273212476239,1.3270369962061854,0.99986105701315098
5637183904,0.37403977213149175,0.25393711573368705,0.0023416253294942365,0.23078951248823432,0.13660721767852671,0.0011310675469264442,0.044997046726774653,1.0275372969488621,-0.2919327928581969
5637213132,0.21913237366357011,0.20547051772812172,0.0019696134580224388,0.21050814661691925,0.16202607531118104,0.0010509232405725511,1.8069105124337876,1.0118914106222712,0.1940944702357606
5637265460,0.31598907267070597,0.18239004058391703,0.0019923195008005969,0.30972096836139046,0.13321756029388637,0.0012859092238214388,0.60419489114604041,2.9489685089491,0.34456694576512392
5637270246,0.44069655642856737,0.17000528683385949,0.0016413935979242848,0.2485582868695439,0.10953168698513609,0.0013908817428665606,-0.52566941353821184,2.5138889380582157,0.65137738861150174
5637293550,0.25845949946661056,0.19064136648320909,0.0024905503417334781,0.24748209725645165,0.13950681599420406,0.00076234734707820691,1.8272273552298681,0.73675916366671479,-0.32619649771631248
5637317620,0.40948586211888915,0.26437205990382207,0.0021463479182052057,0.19870610125505725,0.16493154786165565,0.0012968413146739743,-0.23407520540396989,0.83711103003776943,0.098413014264458962
59041104,0.3880801897115525,0.12920258565758846,0.0011253099285895884,0.42623029722939609,0.17201295786889936,0.0014068467884852387,0.28501081363114811,2.1263293549402982,0.78283230470308707
59041114,0.17890230076149044,0.24411244771888962,0.001154431454448102,0.3628609374881121,0.26577493456943735,0.0012940426110869456,1.6872646000842058,0.84835490489221743,0.45858914643273874
59041129,0.44098243422562045,0.23053275649310379,0.0026497712763626034,0.34675400626203501,0.1786139554529089,0.0012500248580519983,0.10481559834998283,2.2075234116718248,-0.61594595025243737
59041138,0.43892850713281595,0.31644392526894966,0.0019380447955688693,0.32656097950864871,0.2337290513797986,0.0012699454570396049,-0.031604291533110417,1.6003703718121018,0.0057523848923674362
59041159,0.19746313951957328,0.33648686910482412,0.0014665934215647889,0.28509658227024903,0.30725537146025211,0.0013994162481866712,1.5382278803923413,0.9804153763890413,0.39280545522214194
59041174,0.23094051086687295,0.24133110995345497,0.0019962587397292248,0.28255040041302387,0.22038923850316172,0.0012219487404576813,1.589250295771709,1.6079596785093033,0.093271865179221536
59041202,0,0,0.0016631263424707594,0,0,0.00088463323730329801,0,0,0.084083707819124026
59041289,0.33029039872688476,0.2417030128090481,0.0021482951709514727,0.34392727089457742,0.18451976418970872,0.0011074030840574677,0.78343242806949753,1.9252150844680651,-0.091011381404394603
59041346,0.070209790950644349,0.17913095424126688,0.0020741074952579991,0.065437983739820113,0.10721607727090142,0.00062087926703448596,11.334780175833703,4.9713173834423943,-0.953475625363577
59041358,0.21418384415033651,0.11865765040455307,0.0015465578882925333,0.21920229775663269,0.15470045677110528,0.0011134163416263907,1.5267762916609842,2.9228690352302888,0.43840068056971582
59041371,0.45663279237501381,0.22683386215388104,0.0015114268749616766,0.33390399854650465,0.2371281099392008,0.0011044242413021442,-0.06782037446966413,1.7693145286597796,0.49446950992508432
59041393,0.37937660296352593,0.23456411511958145,0.0019076875900370148,0.26548076472254506,0.24305291658807743,0.0013967440111935688,0.23082551430969528,1.4215392429603173,0.044379926873904171
59041461,0.4317051039303143,0.33874339582180468,0.0012977598206125552,0.39711273104950201,0.2213574166601687,0.0011177426310657837,0.098538699370008101,0.88951250845518359,0.81744555645836414
59041482,0.7235658477260134,0.17963819525063221,0.0015508861805035011,0.15272518137085492,0.18595395144760982,0.00092562388867469664,-3.3255061848872525,2.569158637558965,0.21446766374815512
59041491,0.30380514711243162,0.25063759090890741,0.0014955780694188919,0.35261097894461135,0.23363584223250897,0.0010440112310702101,0.91946714999941215,1.5388464367276611,0.29247571531844568
5951112293,0.29143008615702165,0.19729528732300095,0.0014608641020422382,0.24308940956853184,0.11496347856531172,0.001014059281725474,0.97943983222407294,0.94525127587524238,0.96325237960429344
5951146197,0.24697898910396038,0.1465909840599961,0.0017263408737457164,0.21991253249473203,0.12711626858659164,0.0011336875194382886,0.97590011197927251,1.9454257703173514,0.42094466174572637
5951168411,0.20098932662952176,0.18376940423535346,0.0017620612076897748,0.22712572230705264,0.16325696669427509,0.0010558479277903011,1.5475381741715819,1.3103368349784348,0.30773661737297636
5951174457,0.47868238476290598,0.11801121775609377,0.002044232652490974,0.28960632499311717,0.12432301815358175,0.00099886924438011347,-0.25679501486091888,3.7764800126291953,0.043810040815808672
5951178035,0.33459145100206589,0.25637898342413817,0.0016575486962788889,0.24188704473091802,0.19137751022990629,0.00089016349704538231,0.66753153424310574,0.68051059670632086,0.43069731590370014
5951182393,0.3398926039260608,0.24943363771060659,0.0016868118378936326,0.24139543468142377,0.19446639463218371,0.00089623559272216584,0.58522767967424061,0.68716670919608125,0.38261851132725011
5951657494,0.27404759845451832,0.22048507545835902,0.0020539747128904377,0.24410481269690565,0.15636037644751044,0.0011475758643406944,0.93987021075400456,1.7309218208895072,-0.11727827226384513
5951661240,0.15858113715830371,0.21551938969164616,0.0018052148662320276,0.15593174708163851,0.16956065807380857,0.0010571896817723231,3.4816004477998801,1.122121363969699,0.40801058493415049
5951665592,0.32760066825879541,0.225255381653092,0.0020087402742996162,0.27743211138371521,0.17258395512006108,0.0010252984469133538,0.7766914540315546,0.90503580652640103,-0.053502261099854377
5951675164,0.2262090282343914,0.3061864423161233,0.0021277591170374686,0.20636716412055225,0.21848553516184605,0.0010847406497482286,1.5341507168662474,0.18421833903536433,-0.21351216857351199
5951679048,0.36754723456979443,0.30175791916867684,0.0023649351773918892,0.23669628411179813,0.14541655021595443,0.00078041880929262972,0.71453025249323276,0.33796948353861039,-0.54909139202807833
5951684974,0.26658026262055862,0.1488944528663162,0.0023263638263407026,0.30855867576703183,0.162552261847697,0.0012308698625136027,0.93984263050420402,1.8866004736058617,-0.11001477240043601
5951687854,0.25336287753168346,0.12893594149943122,0.0020692434690491339,0.25870335531690536,0.12783660165611166,0.0011401634747910056,0.91080358331771671,2.4731564955141891,0.12696086762858519
5951717016,0.12373203260666303,0.20969683796845642,0.0019568891815952114,0.1636929849661278,0.16588283194463985,0.00098076743444549738,4.1511612959663715,1.9112102687536527,-0.022656101231371711
5951719600,0.31730408034815416,0.14078608664930148,0.0016274766115596207,0.28005721705162928,0.12286641255891981,0.00090587034486994057,0.64348223700069207,1.5780675644815447,0.067002021235229997
6825144990,0.5563033679195224,0.23398081104337975,0.0014061256849928218,0.35757072620553187,0.11362700812448742,0.0011995425587858508,-0.44160957130969347,0.55610062853121855,1.0535732902007935
6829079146,0.58373299339434692,0.22293178814391207,0.0013100015071125606,0.27318646759766585,0.19402004384889002,0.00081623274838467483,-0.82512443247889888,1.89974679727582,0.83860847499758151
6829082544,0.22899627135419054,0.3347123918636441,0.001951644690503607,0.21611607099150121,0.17204524051674755,0.00097568628712525567,1.0072852328424673,-0.3208616896109458,0.48127732032629411
6829082886,0.30921865379950358,0.26464508136861181,0.00092368256311673878,0.34318168108626401,0.19601067835268335,0.00050864348854476056,0.78176704156386734,1.2876919331010106,2.0640435842426514
6829085108,0.10381847153554034,0.23914521111113418,0.0014207343842111159,0.15837560744813001,0.06829886731637172,0.00049712501491741687,3.6139139439334129,1.0058646408679397,1.3916524598045232
6829090674,0.67439777523429012,0.54239031897309775,0.0013421767012684665,0.059919766851268826,0.1363044052710945,0.00068802955390949363,-2.5190312416115437,-0.16179547724199286,-1.0929345523755105
6829098254,0.30802151733472366,0.45501641891328609,0.0015097045166170258,0.35113341039452223,0.28437707714577737,0.0008466920499989412,0.88019694076547028,0.38410217325037399,0.94089196890552029
6829110588,0.43446851464610647,0.12441053523353446,0.00098591029091373386,0.37991806724893257,0.068103908725510379,0.00059707674758443044,0.25581934878556789,2.0113955622827033,1.9681768127402264
6829116522,0.78597788498402543,0.21847756572118612,0.0015175201332819493,0.21440299531459137,0.16408667753770229,0.0007017882781261488,-2.5657834177778471,1.2254904813950003,0.37352840351436989
6930783238,0.45867356758545352,0.12731437182454447,0.0020827879321073462,0.25704246357700039,0.15399620884358178,0.0011227559773098819,-0.17827774490773718,1.6388793645606083,0.0024605377137805798
6930840176,0.5004629574608348,0.15638862956473584,0.0019270996948498435,0.23765695777674506,0.15545742996346426,0.0013632127278734533,-0.67161084409447991,1.7735112278322076,0.50518795134831018
6930908102,0.42206346920467386,0.19953227963112058,0.0013433517160066238,0.26034400259366969,0.12728557991651257,0.00069745089258527128,0.11378945792322764,1.9130811305853603,0.57189505244527528
6943820680,0.38167157773471883,0.17366261360939236,0.0019777509458708932,0.24915412873418821,0.21139194632969494,0.0014525151923092802,0.18639717169315459,1.9875688193000467,0.033473988046043922
6943832696,0.39402652999043192,0.17212578415385907,0.0013807031483618519,0.30587698133493424,0.2025432527144882,0.0010490634775776936,0.30490454228916247,2.5412887301457605,0.84605116322264895
6943840258,0.3631219010100506,0.16498570786867453,0.0020563156928554587,0.29891663328606455,0.12142673472368208,0.00080226474955574453,0.65234127877529158,1.5186861401239979,-0.30461227988590955
6943850480,0.34126699672757088,0.33783711468359068,0.001418860798514744,0.22570763550520259,0.29087157009898346,0.001264660007473814,0.40524456497602573,0.63288120390205393,0.98395346772946546
6945497214,0.53525339729105936,0.22716734763905766,0.0021740941864586178,0.17454769613340945,0.18309985191428457,0.0013968881736950627,-1.1476286992976901,1.6846016373776347,-0.085805348982749538
6971253085,0.64085541872886009,0.23451860507918476,0.0014505928489041951,0.23376993068838717,0.16374883166962709,0.00087178316687946153,-1.3590027944348628,1.3846057182913445,1.116428710392674
6971258817,0.36688163645269478,0.20723725989626202,0.00074569818566947333,0.4201220332237201,0.11435246017026351,0.00059644638087965609,0.55932081342197648,2.5021561457870742,2.1129849929574998
6971262567,0.48643753059062028,0.19189606583852398,0.0011585027249009215,0.33468387640349473,0.12597677273876348,0.00067046684837506149,-0.16409247349216977,1.3181138169957065,1.5567195666514744
6971269095,0.26518184640976328,0.38136835837708583,0.00077139688541676978,0.32107812975165539,0.17739917297279884,0.00072714587767359971,1.2143757388260941,0.66673880016967801,2.0713374380024936
6975223343,0.27575817859624085,0.36568706513826071,0.0015609102726057739,0.31602689031416736,0.16854114116366342,0.00085194386638984395,1.2073915995747113,0.60711282926758414,0.72663877860941029
6975240107,0.21414564862970759,0.18775434264730004,0.0011457673202613199,0.26354524847885447,0.10603287828598937,0.00071296425878962467,1.6320904658246833,0.64262641217268257,1.1477156657265548
7076937419,0.48513346651416167,0.1927528611481836,0.0012407912410678662,0.21801355227572194,0.14743193930853912,0.0011028097632723153,-0.8284139338460681,1.2508092504986752,1.6068327271068392
7076962947,0.43232495117661501,0.12605230530097405,0.0016187655244633309,0.27557845708217127,0.12101972764210651,0.00088950723263991611,0.090981892549509141,3.6709151062306313,0.37754034715344681
7089883505,0.33347562606392073,0.16078172155237577,0.002038862509291106,0.24269784519075949,0.20003984294836136,0.0015601609522141475,0.21488004153298856,2.0491952591702645,0.063178084444806978
7091156673,0.44350929124484395,0.39885176499070063,0.0012376457657195801,0.17708105816997435,0.20506306340546646,0.00089718781296736728,-0.17047401803502485,0.20889788585731731,0.96878062853540203
7091178095,0.39145432956403042,0.30531680417763768,0.0014303841095996957,0.20111585723061592,0.26070641644547898,0.0011324839906083134,0.14770715354643621,0.80317115025730368,1.0466317735832575
7091526959,0.46894523190121046,0.27554776806782594,0.0013283797292101536,0.23894097058479369,0.18207541094515259,0.0010336479325952187,-0.18014382570797205,1.1615340648532695,1.0975316550310095
7093077551,0.38242144097071329,0.16525173488551445,0.002213559811252987,0.27065792516676679,0.16679278978682216,0.00097196424796050225,0.29161418036910197,1.0744399907341577,-0.045101221266469871
7294646882,0.28870050518065776,0.18507500337934332,0.0018739104857103776,0.25378464785270044,0.20223490307652359,0.0014837206945494308,0.54660585168086517,1.8130961168887556,0.25661054007933976
7294651912,0.43100116125243609,0.31068237353442407,0.0018281948173778267,0.35914809080365162,0.16989522676259586,0.0010523041730331752,0.14119679449627914,1.0738709927084136,0.35096437555961174
7294655744,0.42478557848736559,0.23897675319340539,0.0014247672126107924,0.31593746788186261,0.17032881259497262,0.0010751119957033122,-0.0046352576755295987,1.7459090487912767,0.13654827801784059
7294661128,0.41802658912523843,0.26929500742766194,0.0012097914340642049,0.26719007102376074,0.22440791891435166,0.0015187704392055454,-0.28960237223846313,1.2630001670916069,0.85067453678682803
7294672286,0.17364917567360003,0.45801628011341255,0.0011962430859925341,0.13501183488214821,0.29917505655291221,0.00072661418456615738,3.237857809275384,0.11739473669103966,0.94495927637942378
7294693332,0.39974090180966226,0.11073658182221457,0.0022868688658204809,0.3116468598868527,0.11026798511690813,0.0011345045851431988,0.076640427275439196,2.0833555836686659,0.011145401912439269
7294698590,0.2967963860749232,0.19100800780610128,0.0018575356555166631,0.25147286674989056,0.1801236201578896,0.0014419398130873144,0.32484725283410593,1.3864207011527587,0.28710628251173281
7294699834,0.36687971450928997,0.24380262060192506,0.0021410987158782028,0.23405300160624792,0.13579025666383249,0.0014621691791464474,0.14858301754895917,2.3686402125595198,-0.0054111010568751441
7294702600,0.27747826611092258,0.32784168416419601,0.0022703433653719659,0.17483675498161066,0.20477207448569199,0.0010378181862180811,0.54310575542395911,0.11667617363770759,-0.010435784567320696
7294703912,0.28219317114070347,0.26974864346473648,0.0015452942304240527,0.23898816132046272,0.18414963766937423,0.0014104140816385308,0.56862392440983089,0.25534508132159095,0.69407534797749726
7294720358,0.3964638807582862,0.2830547438339257,0.0022092092989872592,0.15114761888804484,0.14473467151805625,0.00092262678087931353,0.1303897304769325,0.94498147671660859,0.42192521202616823
7294736894,0.38136009340033261,0.21812624487482321,0.0025429727028064889,0.29504170468902585,0.17464323573108087,0.0010116086252897488,0.23790050882662706,1.2144272533913458,-0.68245949483370871
7294738066,0.35525870186245673,0.21268743805896467,0.0023606983570420245,0.30366232321974274,0.17802325305024824,0.0011096915276791104,0.47723892383474537,1.2680148753797031,-0.43892270476461509
7294742792,0.40608943091406247,0.14280905062965435,0.0023671273920277034,0.21642564936796019,0.11834676252483529,0.0013008697449717801,-0.13733612223851027,1.7995659762009515,0.011153646540561226
7294754056,0.26395205458902715,0.16702670846781736,0.0027415559348958197,0.25248458584862637,0.20638697997701305,0.0014006886592261949,0.99283906589127269,1.6670184173204561,-0.68179490865484094
7728435700,0,0,0.0021047138949788738,0,0,0.0014081565517306451,0,0,-0.21099105583958935
7728439696,0,0,0.0016624226533338319,0,0,0.00085121192021046582,0,0,0.11743629471269031
7755466318,0.32516804136958727,0.36636254287475517,0.0012789918407452052,0.26884797354291529,0.31907374524824411,0.0013190783756806095,0.46867935232722313,0.73918252603534451,0.80990758589708889
7767231656,0,0,0.0010678113407525678,0,0,0.0007794386070693203,0,0,0.57594475624382802
7767233782,0.15416869238849973,0.49945580721141908,0.00092501562693057988,0.13517250101704201,0.3124113424140163,0.00099844698941840447,2.2330798524021076,-0.08680661473402726,1.0520804637835002
7767239584,0,0,0.0016315721488500815,0,0,0.00094867230002371823,0,0,0.2042846429818784
7783922020,0,0,0.00080899806380781212,0,0,0.0007961934437677136,0,0,1.5100354749494831
7783924186,0,0,0.0011109769977590278,0,0,0.0004307555600315184,0,0,-0.45530742545998881
7783926064,0.32096943829350061,0.32476489200564174,0.0020615257933826962,0.29309267475203732,0.33118452596082293,0.0014507653579290242,0.77265959930352879,0.84499681773201274,-0.085541178287325895
8383346711,0.28387853856294504,0.2910520953603723,0.0017243114762244705,0.29586217583137969,0.22939801128868167,0.0011307079904689153,1.18053490192914,1.531299311907564,0.38432692749361136
8383347493,0.26192769445518638,0.30376932041313259,0.0016980723390411258,0.2641004651780034,0.2990306081257692,0.0012830815345170592,1.0825358609171125,0.70322229152319382,0.35110028877174243
8383348833,0.2725643913741177,0.21529041007486319,0.0012423708214788166,0.23993792809665931,0.16161330242769173,0.0010246955752112644,1.2195072331962187,1.4295966972520671,1.0188240699311484
8383349115,0.45251955662317761,0.26224658050659488,0.0016588978803024207,0.24841251066316958,0.18292748465038641,0.00073539345014362678,-0.042895752500696709,1.5270109892243118,0.34896455877061544
8383349441,0.32353207628358699,0.20971671193163158,0.0017906466743556721,0.23825484633795441,0.16643769358204913,0.0015563904907867963,0.57928274859478091,1.535202469724684,0.36548060048846143
8383350775,0.47894690824541519,0.41014382228636748,0.0029647824691558414,0.19799675309873188,0.20272358634722307,0.0012531139084777476,-0.75868031312152695,-0.25698814664331776,-0.83909758404281731
8383350983,0.46115174486405341,0.23498045638166923,0.001848297940854098,0.22062173684331313,0.13611942961738965,0.0016144755825864543,-0.58033306212482838,2.2586831959773725,0.25609469502150739
8384431086,0.29526416951184337,0.38711421181256545,0.0015646337858762046,0.31130499419354141,0.30198916077094545,0.0013888214483948572,1.1602507989448128,0.31940325429039101,0.51794932786852055
8384431504,0.44522659808086834,0.38388138139235101,0.0011663666434600449,0.21364315623201602,0.19804340552394825,0.00063478207253994147,0.3268052800616319,0.81360164175325334,1.0619864005031565
8384432220,0.50501877360384784,0.18129391250107954,0.0020017841086013184,0.20284372248667976,0.16015653622846898,0.0012899247108664558,-0.97838772123113926,1.8772925399403004,0.0092069823768099832
8384432586,0.58466293147447945,0.17832369794415745,0.001853792166342755,0.21145633907112421,0.17674141896687501,0.00094751318817600915,-0.91456162927151052,2.6110762705069979,0.18200047988530843
8384433912,0.43091438366526275,0.14803743996711777,0.0022057793156477685,0.24995772000762226,0.15389632047305771,0.00087533750429301719,0.02191815971062459,2.752563608329901,-0.50314482938573135
8384434278,0.3824601132085933,0.27547925625948855,0.0021169602031415593,0.26280100814755181,0.15954473581322665,0.0013956180524996413,0.071139105872989564,1.0547848794211194,0.096682124831443284
8384434722,0.54025856984902532,0.25209807411768559,0.0018792791134537392,0.18507864381576467,0.1569323513544113,0.00081878344924800458,-0.74045648334486958,1.4338713207983509,-0.0028472772296171118
8384439112,0.32766617466977171,0.46055101121108177,0.0017509524849416516,0.32829499569755849,0.26615125414442581,0.00082462299072389854,0.79827449460948707,0.26441790676656285,0.71977288135383344
8481036067,0.12084847819830023,0.42731499699187286,0.0020053885488714911,0.2037284716071161,0.28072929924722478,0.0010886374221265242,2.3675643462351332,-0.56041013322647171,0.76000101150268706
8481036527,0.41316690504350373,0.092732877427133945,0.0026013130085101423,0.32816106718374161,0.097551847649053516,0.00086434959359457794,0.14027870155536371,4.063059720632153,-0.25698178664909299
8481041915,0.20561303660693861,0.45178606851262282,0.0025813593062494872,0.2162721675070006,0.20505522831122819,0.0011206223233784355,1.2947885496939007,-0.58782939132337508,-0.51497658567428373
8482122842,0.094865368203395264,0.24413063844720545,0.0021244056513258515,0.096895361511606284,0.11953796693645825,0.00089768476581179499,6.3561664449688964,0.78952085502745539,0.43840224974440356
8482126630,0.19045211988100733,0.19811225726194293,0.0025548152997282455,0.23944046591145751,0.17453440499270997,0.0010640995077913159,1.45974225067582,0.46079945056844618,-0.1180417464589489
8482129940,0.16622727884213365,0.27277868936147115,0.0020000161637992483,0.187854070022546,0.1889697543472724,0.0011019467896191965,2.5126878757657218,0.67765473346341831,0.12581089003022908
8482131910,0.22769511520531635,0.072372613502610719,0.0018563672784659626,0.30038654073919296,0.11243037058327567,0.0015100266307770845,0.94469125049722857,2.8404651793096121,0.45922584532529481
8482134144,0.33411529482634578,0.27696946308749848,0.0022820828671808796,0.26558471246877613,0.17615317146352738,0.00067122214538376651,0.31395534604388131,0.775552931592419,-0.39991993288039163
8482135312,0.29833993437794931,0.23286092548378556,0.0026809510317699231,0.26480377291072654,0.18343581180210466,0.00079474803570347659,0.57767819360428785,0.32136290595899691,-0.52622947099945561
8482141718,0.3680957643315354,0.27373155859609649,0.0023875684681222559,0.25953171737279562,0.1725120380491679,0.0008068662118907551,-0.06932066696558277,0.55500497280067407,-1.2582786115064641
8482553941,0.26767428598251064,0.26018789049183411,0.001716075660435498,0.24135612047041544,0.19989975252289907,0.00077633606187511178,0.9709572878341256,0.44902379206982834,0.10672833858196575
8482554825,0.10764826909349384,0.3354913220003658,0.0019274407971985837,0.10647616408891454,0.12442768855522797,0.00088965207955182487,6.0962822026580152,0.54752023258228255,-0.37745913745950688
8482556055,0.37074141145102807,0.26861663131201369,0.0016735378977593687,0.29164656190089677,0.158945016668401,0.00075846404830501172,0.44691905827302403,1.037098668801028,0.30211477828193345
8483647830,0.089979867213393211,0.36619025262228788,0.0017496249652188959,0.058803335180044353,0.12739002157410484,0.0010677271773898386,9.3649521487877561,0.58159789508858106,0.0010535941251860299
8483649192,0.42669401139277224,0.17829651796769067,0.002142833675659434,0.28137122660320529,0.16327106878684594,0.0010157199285560068,0.03094565811085017,2.0160251264680586,0.0004448121423631942
9687286391,0.30779944339434973,0.26025089791133299,0.0018317882371467345,0.22824234937341756,0.24114444249196129,0.0014447103512498294,0.45067751604658729,0.60748980991901746,0.49636820705759288
9687293017,0.29004184751381445,0.22236234381267694,0.0021398520494891955,0.26510070093894217,0.19408777517128781,0.001465814759574507,0.60421136041481571,1.4116994864920087,0.16978221659529852
9687295393,0.34232448391481185,0.25532150727487812,0.0024225167336009048,0.27485026184851941,0.27384182407031205,0.0013290640937142673,0.30342232377253203,0.71353425665375603,-0.27970464237282189
9690520038,0.42895139607908878,0.24889510657633901,0.0025988036112152748,0.25248143580212207,0.25926941420768707,0.00099428957433255654,-0.34704803832101716,0.99950214590539987,-0.98549588427107615
9690523632,0.36372688860491798,0.30061887621459765,0.0022791957680780958,0.29380260600085639,0.32953309079722198,0.0011921275341855253,0.28735312324941387,0.84390089850403838,-0.63817652545079351
9690524424,0.1886907315907333,0.23024622239235507,0.00083852105075443955,0.23732307998356811,0.31108318402816754,0.0012750733017223175,1.0204776985452408,1.3955571319396545,1.3755384420951136
9690526818,0.53982006528530346,0.2453972818078993,0.0010185872903378153,0.31272787860995166,0.24452798516669003,0.00081975660773651881,-0.47328422155064614,1.9374275521827613,1.2699111439869171
9690527760,0.52382023901563135,0.14496092163639981,0.0014722198598314646,0.28649362796590599,0.16057233556221176,0.00090107969291998045,-0.71071434039212478,3.4067306064113794,0.3007456778873549
9690528714,0.25109781479018889,0.31289115214937568,0.0020551930443800134,0.22576301228017298,0.29728394473202352,0.0014185875897935547,1.0774899838917413,0.62392050111548036,0.25623088630405844
9690530576,0.33185146148111916,0.28211939105831757,0.0021413985353172581,0.26265194469376901,0.26281645797492798,0.0014598804035544555,0.45069517575533163,1.2816565127267276,0.068173254469255012
9690531662,0.3051835201796147,0.32239748083954928,0.0021232922462627872,0.25235884128430497,0.26820302240657251,0.0013846713179429804,0.47567305482271011,0.64652255440887962,0.14483032546344052
9690535726,0.40967269586465005,0.25344335903453802,0.0017796030257130196,0.29128786659319561,0.26648449114249279,0.0010408979317910339,0.20173543371351246,1.6562135076527793,-0.009390140486424222
9690554722,0.43376331085088965,0.24767240241416383,0.0016249418434984666,0.26037640504717108,0.23084842635846131,0.0010729390698917666,0.17167691781050115,1.3313019666447556,0.93602008795084057
9693996533,0.34041804626780076,0.34447482304590249,0.0024073675092526588,0.24909654850241969,0.26374883590177495,0.0012272886844703599,0.1419436163083958,0.53513347702686842,-0.53166205385430365
9694026479,0.3339759642517271,0.30514541361925768,0.0024691967408269054,0.26400142713144437,0.26655448358771783,0.0011361942915343952,0.33967802637816097,1.4379965020798968,-0.44270032784604646
