10195601364,0.038108108108108107,0.089519519519519516,0.069099099099099101,0.51822822822822823,0.08683483483483484,0.00015015015015015014,0.0092732732732732741,0.0023183183183183185,0.0011351351351351351,0.18493693693693694,0.00039639639639639637
10195615874,0.06621621621621622,0.079483483483483483,0.013237237237237237,0.69870270270270274,0.022882882882882882,2.4024024024024024e-05,0.0061981981981981986,0.0012432432432432433,0.00015015015015015014,0.11186186186186187,0
10195707104,0.057057057057057055,0.029561561561561561,0.0035255255255255257,0.90497297297297297,0.00048648648648648646,2.4024024024024024e-05,0.0012552552552552553,0.00061261261261261267,6.6066066066066071e-05,0.0024384384384384386,0
10195735684,0.12337537537537538,0.12246846846846847,0.067333333333333328,0.27350150150150149,0.073735735735735733,0,0.027267267267267269,0.00045645645645645645,0.11434834834834835,0.19745945945945945,5.4054054054054054e-05
10195754275,0.090414414414414418,0.095819819819819824,0.12687087087087087,0.35446846846846847,0.087687687687687685,0,0.0014894894894894894,0.0064084084084084086,6.006006006006006e-06,0.22645645645645646,0.010378378378378378
10195795404,0.028402402402402403,0.11120720720720721,0.050882882882882882,0.60505105105105106,0.011495495495495495,0.00034234234234234234,0.0059759759759759759,0.00025225225225225225,3.6036036036036038e-05,0.18634834834834835,6.006006006006006e-06
10195800255,0.034228228228228227,0.065525525525525527,0.073837837837837844,0.73778378378378373,0.002138138138138138,0,0.0012972972972972972,0.00030630630630630633,1.2012012012012012e-05,0.084780780780780787,9.0090090090090091e-05
10195808914,0.056582582582582586,0.13935735735735735,0.035933933933933931,0.45314114114114112,0.14284684684684684,0.0013333333333333333,0.019243243243243242,0.004942942942942943,0.00378978978978979,0.14108108108108108,0.0017477477477477479
10195811276,0.093717717717717725,0.023501501501501501,0.048216216216216218,0.7217897897897898,0.014804804804804806,0,0.0018798798798798798,0.0018618618618618619,0.00011411411411411411,0.09411411411411412,0
10195847363,0.16251051051051052,0.045435435435435434,0.0067867867867867871,0.60426426426426427,0.088018018018018021,0,0.00093093093093093093,0.00015015015015015014,0,0.09028828828828829,0.0016156156156156157
10195882726,0.057369369369369372,0.11461861861861862,0.014942942942942943,0.61874474474474472,0.088672672672672675,4.8048048048048048e-05,0.0093093093093093091,0.0018258258258258258,0.0003783783783783784,0.093285285285285291,0.00080480480480480483
10195898496,0.076528528528528525,0.034690690690690688,0.067063063063063061,0.71284684684684685,0.093609609609609609,0,7.2072072072072076e-05,0.00024024024024024023,4.2042042042042043e-05,0.014636636636636637,0.00027027027027027027
10195907123,0.044840840840840841,0.091561561561561561,0.20135735735735735,0.42363363363363365,0.024012012012012012,1.8018018018018019e-05,0.0048048048048048046,0.00085285285285285287,0.0039759759759759759,0.20491291291291291,3.0030030030030029e-05
10195933195,0.022006006006006006,0.10072072072072072,0.055633633633633633,0.77809609609609609,0.0099939939939939944,0.0002042042042042042,0.0074474474474474474,0.001063063063063063,0.0033813813813813815,0.02141141141141141,4.2042042042042043e-05
10195966583,0.058714714714714712,0.16510510510510509,0.0034714714714714715,0.59699099099099096,0.037165165165165166,0,0.0187987987987988,0.00076876876876876877,0.00039039039039039038,0.1184924924924925,0.0001021021021021021
134073694,0.33069306930693071,0,0,0.48091089108910889,0,0,0,0,0,0.1883960396039604,0
134079894,0.20992,0.00011076923076923077,0,0.14700923076923078,0.00093538461538461538,0,1.2307692307692308e-05,0,0,0.64201230769230766,0
134288445,0.19651051051051052,0.15992792792792793,0.13597597597597597,0.25843243243243241,0.061159159159159156,0.0016816816816816818,0.022204204204204204,0.0013333333333333333,0.00036636636636636636,0.16102102102102103,0.0013873873873873875
135038695,0.21525606469002695,0.0057681940700808629,0.013363881401617251,0.44531536388140164,0.021730458221024259,1.6172506738544474e-05,0.0045229110512129377,0.010560646900269541,0.0023018867924528303,0.27989757412398925,0.0012668463611859838
135039065,0.087053475935828878,0.086673796791443852,0.00065240641711229947,0.56196791443850269,0.1920855614973262,0,0.00055614973262032089,0.0027860962566844919,0,0.068053475935828875,0.00017112299465240642
135039604,0.2074638069705094,0.0071903485254691691,0.14556568364611261,0.19443431635388739,0.26879892761394103,0.0016836461126005361,0.0046112600536193033,0.008016085790884718,0.0029490616621983914,0.15826273458445039,0.0010241286863270777
135039961,0.33949318801089917,0.069727520435967305,0.053247956403269757,0.24296457765667576,0.065373297002724789,0.00029427792915531336,0.00061580381471389644,0.0056130790190735691,0.0010463215258855586,0.2053732970027248,0.016250681198910082
135040382,0.26322252010723862,0.1773083109919571,0.082042895442359251,0.30069705093833782,0.02616621983914209,5.3619302949061663e-06,0.001002680965147453,0.0077908847184986595,0.0026970509383378014,0.13906166219839142,5.3619302949061663e-06
135041471,0.058060941828254845,0.00011080332409972299,0.0010193905817174516,0.38333518005540168,0.0003601108033240997,0,0.27930193905817174,0.0024764542936288087,3.8781163434903049e-05,0.27529639889196678,0
135044805,0.07346883468834689,0.0037886178861788618,0.13299728997289972,0.47327371273712737,0.0271869918699187,0,0.00077506775067750675,0.0048184281842818429,0.00022222222222222223,0.2833441734417344,0.00012466124661246613
135045267,0.06746778711484594,0.0084649859943977598,0.14503641456582633,0.48261624649859947,0.082302521008403365,0,0.0023417366946778713,0.0071092436974789916,0.00035854341736694679,0.20349579831932774,0.00080672268907563027
135048785,0.053636363636363635,0.11714438502673796,0.0051818181818181815,0.3139197860962567,0.38462032085561498,0,0.0026577540106951874,0.0047967914438502672,0.0020641711229946523,0.11551871657754011,0.00045989304812834225
135049429,0.18883977900552487,0.020729281767955802,0.056629834254143648,0.23041988950276243,0.27786187845303867,0.0023812154696132596,0.0019337016574585636,0.0079944751381215463,0.0029613259668508289,0.20494475138121546,0.0053038674033149174
135050066,0.14025000000000001,0.024777173913043477,0.043907608695652176,0.27365217391304347,0.28453260869565217,0.0091793478260869567,0.0023641304347826087,0.0086630434782608689,0.0030706521739130434,0.20172826086956522,0.0078750000000000001
135051329,0.34159673024523163,0.074724795640326969,0.025084468664850135,0.33447956403269757,0.0089645776566757499,0,9.8092643051771115e-05,0.0064087193460490464,0.00023978201634877383,0.20837602179836512,2.7247956403269754e-05
135051639,0.27094318181818183,0.054443181818181821,0.074039772727272732,0.53978409090909096,0.0085625000000000007,0,5.6818181818181815e-06,0.0012102272727272728,5.6818181818181815e-06,0.051005681818181818,0
135051921,0.21898870056497174,0.0019152542372881357,0.011830508474576271,0.66789830508474579,0.007096045197740113,0,1.1299435028248587e-05,0.0020056497175141245,0,0.0902542372881356,0
135052383,0.26735501355013552,0.14008130081300812,0.10262872628726287,0.3233658536585366,0.033501355013550137,1.084010840108401e-05,0.00034146341463414632,0.0035447154471544714,0.00093224932249322495,0.12757181571815718,0.00066666666666666664
135395894,0.14290006131207847,0,0,0.39695278969957082,0,0,0.0046658491722869405,0,0,0.45548129981606378,0
135403418,0.35306628855015953,0,0,0.27017432283086934,0,0,0.0018714681902537689,0,0,0.37488792042871738,0
135403439,0.25767720828789531,0,0,0.37699018538713197,0,0,2.1810250817884406e-05,0,0,0.36531079607415484,0
135403450,0.11883597883597884,0,0,0.44050264550264551,0.001216931216931217,0,5.2910052910052912e-05,0,0,0.43939153439153439,0
135403458,0.6051333333333333,0,0,0.21006666666666668,0,0,0,0,0,0.18479999999999999,0
135403471,0.4955592105263158,0,0,0.47809210526315787,0,0,0,0,0,0.026348684210526316,0
135403487,0.35736434108527132,0,0,0.30964341085271319,0,0,0,0,0,0.33299224806201549,0
135403500,0.51691056910569111,0,0,0.38510569105691056,0,0,0,0,0,0.097983739837398373,0
135405610,0.3677100208285119,0,0,0.4685547327007637,0,0,2.8928488775746356e-05,0,0,0.16370631798194862,0
135422503,0.42036407766990291,0,0,0.30711165048543687,0,0,0.0010436893203883495,0,0,0.27148058252427182,0
135426569,0.22607971014492753,0,0,0.19832608695652174,0,0,0.00052898550724637678,0,0,0.57506521739130434,0
135426732,0.33183206106870228,0,0,0.19858778625954199,0.00062595419847328248,0,0,0,0,0.46895419847328246,0
1442822407,0.0060225352112676057,0.0020056338028169012,0.044242253521126762,0.72069859154929572,0.21360000000000001,0,0.0002647887323943662,0.00049577464788732391,3.3802816901408449e-05,0.0124,0.00023661971830985916
1490265543,0.0054773333333333332,0.00065600000000000001,0.087248000000000006,0.42534933333333336,0.4536,0,0.00013866666666666666,0.0013226666666666667,2.6666666666666667e-05,0.025888000000000001,0.00029333333333333333
1490268307,0.00084800000000000001,0.00057600000000000001,0.03843733333333333,0.61363733333333337,0.27795199999999998,0,5.3333333333333337e-06,1.5999999999999999e-05,0,0.066181333333333328,0.0023466666666666666
1490271201,0.0024693333333333334,1.0666666666666667e-05,0.066853333333333334,0.51675199999999999,0.41355199999999998,0,0,0.00028800000000000001,5.3333333333333337e-06,0,6.9333333333333329e-05
1490273857,0.003408,0.00013333333333333334,0.0094026666666666668,0.59757333333333329,0.38917866666666667,0,0,0.00029333333333333333,1.0666666666666667e-05,0,0
1490276087,0.00022933333333333334,0.00010133333333333333,0.049071999999999998,0.44677866666666666,0.4884,0,0,0,0,0.013605333333333334,0.0018133333333333332
1490283217,0.00067733333333333328,0.00033066666666666666,0.03444266666666667,0.48838399999999998,0.42133333333333334,0,3.7333333333333331e-05,0,0,0.052176,0.0026186666666666667
1491109264,0.15790933333333335,0.33098666666666665,0.048533333333333331,0.310784,0.053610666666666668,0.00016533333333333333,0.00496,0.0030773333333333334,0.0004906666666666667,0.083360000000000004,0.0061226666666666669
1491113882,0.011216,0.0057759999999999999,0.057562666666666665,0.67990399999999995,0.24389866666666668,0,1.0666666666666667e-05,0.0014613333333333334,1.5999999999999999e-05,0.000144,1.0666666666666667e-05
1491116284,0.0043306666666666667,6.9333333333333329e-05,0.071973333333333334,0.47595733333333334,0.44129066666666666,0,5.3333333333333333e-05,0.00063466666666666663,1.5999999999999999e-05,0.0042026666666666671,0.001472
1491119166,0.006234666666666667,0.00014933333333333332,0.087098666666666671,0.47406933333333334,0.43109866666666669,0,0,0.00087466666666666671,5.3333333333333337e-06,0,0.00046933333333333332
1491134412,0.000224,9.066666666666667e-05,0.018272,0.56240000000000001,0.41895466666666664,0,0,0,0,5.3333333333333333e-05,5.3333333333333337e-06
1491136894,0.00033066666666666666,8.5333333333333339e-05,0.024485333333333335,0.54059199999999996,0.43443733333333334,0,0,0,0,4.8000000000000001e-05,2.1333333333333335e-05
1491141582,0.061498666666666667,0.018026666666666667,0.029397333333333334,0.37009066666666668,0.47349866666666668,0.00018133333333333334,0.0012106666666666667,0.0035573333333333334,0.011648,0.029871999999999999,0.0010186666666666666
2297434789,0.240208,0.24410666666666667,0.049834666666666666,0.18771199999999999,0.071546666666666661,2.1333333333333335e-05,0.0022720000000000001,0.001936,0.00061333333333333335,0.19957866666666665,0.0021706666666666667
2297447765,0.058842666666666668,0.058431999999999998,0.079797333333333331,0.44149866666666665,0.14826666666666666,3.1999999999999999e-05,0.000176,0.0019146666666666667,0.05406933333333333,0.15423466666666666,0.0027360000000000002
2297463887,0.0029759999999999999,0.0042719999999999998,0.083311999999999997,0.81515733333333329,0.093472,0,0,0.000192,1.0666666666666667e-05,0,0.00060800000000000003
2298243482,0.011082666666666666,0.0048640000000000003,0.068447999999999995,0.78894399999999998,0.12412266666666667,0,5.3333333333333333e-05,0.00030400000000000002,0,0.00216,2.1333333333333335e-05
2298244566,0.0088319999999999996,0.0065706666666666665,0.10253866666666667,0.66348799999999997,0.214064,0,5.3333333333333337e-06,0.00018133333333333334,1.0666666666666667e-05,0.0042453333333333336,6.3999999999999997e-05
2298245122,0.017802666666666668,0.017450666666666666,0.26102399999999998,0.23437333333333332,0.27179733333333334,5.3333333333333337e-06,0.00012799999999999999,0.000368,8.5333333333333339e-05,0.19666133333333333,0.00030400000000000002
2298245598,0.014,0.011072,0.35359466666666667,0.17377066666666666,0.26941333333333334,5.3333333333333337e-06,2.1333333333333335e-05,0.00012266666666666668,4.2666666666666669e-05,0.17757333333333333,0.00038400000000000001
2298246736,0.0050986666666666663,0.0010933333333333333,0.133024,0.45233066666666666,0.40387200000000001,0,2.6666666666666667e-05,0.00016000000000000001,5.3333333333333337e-06,0.0033440000000000002,0.0010453333333333332
2298250890,0.014773333333333333,0.0097653333333333342,0.042229333333333334,0.77522133333333332,0.12357866666666667,0,2.1333333333333335e-05,0.00040000000000000002,0.016351999999999998,0.017594666666666668,6.3999999999999997e-05
2298251460,0.01072,0.010133333333333333,0.057690666666666668,0.72166399999999997,0.13288,0,0,0.000224,0,0.066661333333333336,2.6666666666666667e-05
2298252544,0.0036586666666666668,0.00016000000000000001,0.067103999999999997,0.72212266666666669,0.20685333333333333,0,0,2.1333333333333335e-05,0,0,8.0000000000000007e-05
2298253588,0.0011093333333333333,0.00010666666666666667,0.065466666666666673,0.79646933333333336,0.13683733333333334,0,0,5.3333333333333337e-06,0,0,5.3333333333333337e-06
2298256116,0.0026666666666666666,5.8666666666666665e-05,0.06892266666666666,0.75419199999999997,0.17414933333333332,0,0,0,5.3333333333333337e-06,0,5.3333333333333337e-06
2298257124,0.027818666666666665,0.0016000000000000001,0.069173333333333337,0.67989866666666665,0.075845333333333334,0,0.00013866666666666666,0.00057600000000000001,1.0666666666666667e-05,0.14482666666666666,0.000112
2298257598,0.0074879999999999999,0.0028106666666666666,0.089978666666666665,0.76389866666666661,0.042229333333333334,0,0.0005173333333333333,0.001232,1.5999999999999999e-05,0.091786666666666669,4.2666666666666669e-05
2337424153,0.084329989711934158,0.038009580761316872,0.064718364197530867,0.71420878343621397,0.0030221193415637861,0,0.00047421553497942388,2.4112654320987653e-05,0,0.095212834362139911,0
2337424251,0.40559895833333331,0.018960583847736627,0.0021540637860082306,0.55351401748971196,0.00049832818930041153,0,4.8225308641975306e-05,8.0375514403292188e-06,0,0.019217785493827161,0
2337424383,0.28313882458847739,0.017103909465020575,4.8225308641975306e-05,0.4174704218106996,0.0013663837448559671,0,0.00048225308641975306,0,0,0.28038998199588477,0
2337424477,0.079587834362139911,0.026531957304526749,0.025326324588477365,0.46954571759259262,0.027408050411522635,0,0.00065104166666666663,7.2337962962962959e-05,0.00016878858024691357,0.37070794753086422,0
2337424539,0.29864326131687241,0.0032552083333333335,0.011525848765432098,0.65510866769547327,0.0004099151234567901,0,0.00034561471193415638,0,0,0.030711484053497943,0
2337424645,0.18060378086419754,0.020744920267489711,0.072016460905349799,0.56802179783950613,0.0097173996913580245,0,0.00028131430041152265,8.0375514403292188e-06,0,0.14860628858024691,0
2337424745,0.13619630915637859,0.022006815843621397,0.019241898148148147,0.67930169753086422,0.013446823559670782,0,0.00013663837448559671,0.00015271347736625515,0,0.12951710390946503,0
2337424793,0.21887860082304528,0.082200038580246909,0.07744984567901235,0.59264885545267487,0.0021299511316872429,0,0.0012377829218106996,0.003576710390946502,0.00032953960905349796,0.021548675411522635,0
2338258414,0.077184606481481483,0.076702353395061734,0.0039946630658436212,0.70377604166666663,0.00071534207818930041,0,0.0012699331275720165,8.0375514403292181e-05,0,0.13627668467078188,0
2338258482,0.10734953703703703,0.0099585262345679021,0.052187821502057613,0.65839602623456794,0.0053449717078189298,0,8.8413065843621403e-05,8.8413065843621403e-05,0,0.16658629115226337,0
2338258648,0.24406024948559671,0.040653935185185182,0.000257201646090535,0.67142489711934161,0.00019290123456790122,0,6.430041152263375e-05,8.0375514403292188e-06,0,0.043338477366255145,0
2338258706,0.52703028549382713,0.012779706790123456,0.0069122942386831273,0.30025880915637859,0.0079571759259259266,0,0.005955825617283951,0,0,0.13899337705761317,0.00011252572016460906
2338258922,0.1541843492798354,0.02344553755144033,0.027271412037037038,0.59123424639917699,0.0034079218106995886,0,0.00067515432098765428,2.4112654320987653e-05,0,0.19975726594650206,0
2338259044,0.12250835905349794,0.029763052983539096,0.017320923353909466,0.69995016718106995,0.0073945473251028808,0,7.2337962962962959e-05,0.00011252572016460906,0,0.12287808641975309,0
2682966081,0.062132132132132131,0.35905105105105106,0.14812612612612613,0.1091951951951952,0.083015015015015015,0.0042822822822822819,0.033795795795795794,0.0043663663663663661,0.0084684684684684687,0.18230030030030031,0.0052672672672672673
2682967547,0.13429429429429429,0.12363963963963964,0.16470870870870871,0.11186786786786787,0.03846246246246246,0.0018558558558558558,0.059195195195195192,0.049009009009009008,0.016468468468468469,0.28764564564564565,0.012852852852852852
2682969195,0.00060060060060060057,1.8018018018018019e-05,0.43981981981981982,0.0016336336336336336,6.0060060060060059e-05,0.36864264264264263,0.17355555555555555,0.00030030030030030029,0.0044984984984984986,0.00054054054054054055,0.010330330330330329
2682970641,0.063543543543543538,0.3156816816816817,0.21828228228228228,0.15538738738738739,0.038564564564564564,0.0045705705705705703,0.10021621621621622,0.0046966966966966971,0.0053933933933933932,0.08219219219219219,0.011471471471471472
2682972097,0.0221981981981982,0.050390390390390394,0.40523723723723726,0.041225225225225225,0.14908708708708709,0.0019639639639639638,0.0012252252252252253,0.00034234234234234234,0.0016876876876876876,0.070816816816816813,0.2558258258258258
2682973699,0.024300300300300299,0.079879879879879878,0.39490090090090091,0.029687687687687689,0.19460060060060061,0.0045525525525525528,0.00037237237237237235,0.00033033033033033035,0.00017417417417417416,0.034570570570570572,0.23663063063063064
2682975079,0.015615615615615615,0.061159159159159156,0.40369369369369368,0.025075075075075073,0.13998198198198197,0.014546546546546546,0.00052852852852852857,0.00046846846846846849,0.00076876876876876877,0.044894894894894892,0.29326726726726726
2682978077,0.067789789789789792,0.0030750750750750751,0.46596996996996998,0.010798798798798798,0.099819819819819813,0.027291291291291292,0.00054654654654654659,8.4084084084084086e-05,0.035987987987987989,0.096936936936936932,0.19169969969969969
2682980481,0.013627627627627628,0.0022342342342342343,0.42225825825825825,0.0015675675675675676,0.011105105105105106,0.25437237237237237,0.001933933933933934,0.00012012012012012012,0.0055015015015015016,0.067237237237237235,0.22004204204204203
2682981755,0.12341741741741742,0.10157957957957958,0.41099099099099101,0.053123123123123124,0.28084084084084082,0.00011411411411411411,0.0010570570570570571,6.6066066066066071e-05,8.4084084084084086e-05,0.020648648648648647,0.0080780780780780777
2682990547,0.029795795795795797,0.065225225225225225,0.16300300300300299,0.46825225225225225,0.0011591591591591593,0.13547747747747749,0.058468468468468468,0.022258258258258258,0.0050390390390390389,0.047939939939939939,0.0033813813813813815
2682992257,0.096864864864864869,0.02007207207207207,0.37048648648648647,0.27979579579579578,0.03015015015015015,0.13320720720720722,0.042330330330330332,0.0034114114114114115,0.0061321321321321318,0.013237237237237237,0.0043123123123123127
2683793930,0.038738738738738739,0.023255255255255257,0.36045645645645646,0.10145945945945946,0.29171771771771771,0.00042642642642642644,0.00035435435435435437,0.00027027027027027027,0.00018618618618618617,0.082306306306306309,0.10082882882882883
2683806696,0.039615615615615614,0.52578978978978974,0.16432432432432431,0.23666666666666666,0.0046906906906906904,0.0002942942942942943,0.0010030030030030029,0.014342342342342343,0.012474474474474475,0.00079879879879879879,0
2683812028,0.044666666666666667,0.11924924924924925,0.16905705705705706,0.45060060060060059,0.0025105105105105107,0.032672672672672674,0.10625225225225225,0.016054054054054055,0.014318318318318318,0.036774774774774775,0.0078438438438438434
2891518357,0.24016533333333334,0.086805333333333332,0.17916799999999999,0.32480533333333333,0.15059733333333333,0.0014239999999999999,0.00013333333333333334,0.0018346666666666667,0.00041599999999999997,0.014549333333333333,0.00010133333333333333
2891727603,0.12363200000000001,0.097573333333333331,0.18615466666666666,0.45420266666666664,0.049776000000000001,0.0014026666666666666,0.0047626666666666668,0.0080906666666666661,0.024383999999999999,0.049642666666666668,0.00037866666666666669
2891734897,0.15564266666666668,0.25449066666666664,0.15606933333333334,0.30049066666666668,0.06459733333333334,3.1999999999999999e-05,0.0046506666666666667,0.014016000000000001,0.0015573333333333333,0.044442666666666665,0.0040106666666666667
2891736861,0.147872,0.19163733333333333,0.19541866666666666,0.32037866666666664,0.073813333333333328,5.3333333333333337e-06,0.0042240000000000003,0.014239999999999999,0.0007093333333333333,0.046927999999999997,0.0047733333333333334
2892360546,0.102224,0.004352,0.085029333333333332,0.56052800000000003,0.18029866666666666,0.0013866666666666667,2.1333333333333335e-05,0.00045333333333333331,0.00084800000000000001,0.056703999999999997,0.008154666666666666
2892422259,0.14962666666666666,0.21201066666666665,0.20303466666666667,0.34704533333333332,0.038986666666666669,3.7333333333333331e-05,0.0048640000000000003,0.022650666666666666,0.00071466666666666662,0.019610666666666665,0.0014186666666666666
2892429779,0.22905600000000001,0.11377066666666667,0.15143466666666666,0.37502400000000002,0.052117333333333335,0.00021333333333333333,0.0057759999999999999,0.022069333333333333,0.001232,0.046640000000000001,0.0026666666666666666
2892440427,0.20020266666666667,0.052623999999999997,0.284912,0.31902399999999997,0.057066666666666668,8.5333333333333339e-05,0.004522666666666667,0.022597333333333334,0.0051573333333333332,0.049632000000000003,0.004176
2892442683,0.2336,0.066629333333333332,0.26103999999999999,0.28806933333333334,0.073999999999999996,0.00022933333333333334,0.0040373333333333337,0.019514666666666666,0.0057066666666666663,0.043130666666666664,0.0040426666666666666
2892449849,0.245088,0.13075200000000001,0.062714666666666669,0.34256533333333333,0.046170666666666665,0.0013600000000000001,0.0043733333333333332,0.008645333333333333,0.001168,0.15618666666666667,0.00097599999999999998
2892564608,0.088501333333333335,0.12222933333333333,0.17666666666666667,0.38791466666666669,0.026666666666666668,0.0013653333333333334,0.0055360000000000001,0.0075466666666666668,0.11173866666666667,0.071738666666666673,9.6000000000000002e-05
2892570408,0.11400533333333333,0.068730666666666662,0.16694400000000001,0.49641600000000002,0.030933333333333334,0.00090666666666666662,0.0071466666666666666,0.0034026666666666667,0.007136,0.10376533333333333,0.00061333333333333335
2892572570,0.11316266666666666,0.17813333333333334,0.14148266666666667,0.40353600000000001,0.043130666666666664,0.0014026666666666666,0.006234666666666667,0.013455999999999999,0.03158933333333333,0.067264000000000004,0.00060800000000000003
2893265162,0.040965333333333333,0.26937066666666665,0.28597333333333336,0.18679999999999999,0.054709333333333332,0.00039466666666666665,0.011205333333333333,0.015744000000000001,0.0011839999999999999,0.10101866666666667,0.032634666666666666
2893270900,0.10867733333333333,0.22265066666666666,0.26366933333333331,0.24447466666666667,0.031082666666666668,0.00045333333333333331,0.023754666666666667,0.019914666666666667,0.0022453333333333331,0.064757333333333333,0.018319999999999999
3193674717,0.07572266666666666,0.010746666666666667,0.26973866666666668,0.054415999999999999,0.31881599999999999,5.3333333333333337e-06,0.00096533333333333334,0.00037866666666666669,9.6000000000000002e-05,0.26689066666666666,0.0022239999999999998
3193676809,0.08513066666666666,0.00012799999999999999,0.035685333333333333,0.62349333333333334,0.22744,0,0.0025439999999999998,0.0011786666666666666,5.3333333333333337e-06,0.023888,0.00050666666666666666
3193677513,0.038399999999999997,0.0078186666666666665,0.85052266666666665,0.025173333333333332,0.010069333333333333,0.032229333333333332,0.0078933333333333338,0.0073866666666666664,0.013493333333333333,0.0062133333333333337,0.00080000000000000004
3193681281,0.16668266666666667,0.033520000000000001,0.29395733333333335,0.20333866666666667,0.22193599999999999,4.8000000000000001e-05,0.0041066666666666665,0.00232,0.0010293333333333333,0.031136,0.041925333333333335
3193682233,0.41506133333333334,0.0029546666666666666,0.075439999999999993,0.24551999999999999,0.089322666666666661,0,0.011018666666666666,0.0087093333333333328,0.00066133333333333333,0.15117866666666666,0.00013333333333333334
3193683061,0.18862400000000001,0.0031413333333333332,0.14052266666666666,0.31991999999999998,0.15685866666666667,0,0.020282666666666668,0.011253333333333334,0.0017066666666666667,0.15766933333333333,2.1333333333333335e-05
3193685193,0.24351999999999999,0.047333333333333331,0.098687999999999998,0.33036799999999999,0.082245333333333337,0,0.0094560000000000009,0.0092373333333333335,0.001696,0.17602133333333334,0.0014346666666666668
3193686949,0.09296533333333333,0.006789333333333333,0.15957333333333334,0.22159999999999999,0.23168533333333333,1.5999999999999999e-05,0.010901333333333334,0.0025386666666666665,0.0012586666666666666,0.26959466666666665,0.0030773333333333334
3193688729,0.15405866666666668,0.014864,0.15446933333333332,0.42035733333333336,0.14723733333333333,0.00013333333333333334,0.0070293333333333336,0.0036586666666666668,0.001536,0.094224000000000002,0.0024320000000000001
3193689373,0.11186666666666667,0.26000000000000001,0.060575999999999998,0.39573866666666668,0.027370666666666668,0,0.0081013333333333337,0.016037333333333334,0.00015466666666666667,0.11951466666666667,0.00064000000000000005
3194517830,0.020992,0.0050133333333333332,0.55150399999999999,0.018730666666666666,0.31025599999999998,0.010357333333333333,0.0023466666666666666,0.0014239999999999999,0.0076800000000000002,0.023226666666666666,0.048469333333333336
3194520304,0.027930666666666666,0.0017546666666666667,0.34839999999999999,0.25635200000000002,0.080730666666666673,2.6666666666666667e-05,0.023861333333333332,0.00192,0.0015573333333333333,0.23682666666666666,0.020639999999999999
3194523092,0.018853333333333333,0.085637333333333329,0.061823999999999997,0.41378666666666669,0.084517333333333333,5.3333333333333333e-05,0.064677333333333337,0.040885333333333336,0.0012746666666666666,0.22470933333333334,0.0037813333333333332
3194524660,0.23777066666666666,0.011653333333333333,0.10318933333333333,0.45495466666666667,0.069306666666666669,1.5999999999999999e-05,0.0083893333333333337,0.019781333333333335,0.00067733333333333328,0.093285333333333331,0.00097599999999999998
3194525358,0.041903999999999997,0.19470933333333335,0.039258666666666664,0.45486399999999999,0.099850666666666671,1.5999999999999999e-05,0.014773333333333333,0.038016000000000001,0.00046933333333333332,0.110496,0.0056426666666666665
3197206887,0.080054054054054052,0.39189789789789792,0.0077717717717717717,0.31413213213213215,0.17136936936936936,0,1.8018018018018019e-05,9.0090090090090091e-05,0,0.014492492492492492,0.020174174174174175
3197208399,0.10088288288288288,0.029603603603603604,0.096702702702702703,0.72917717717717723,0.0037117117117117116,0.00056456456456456452,0.0043663663663663661,0.0020600600600600601,0.0072072072072072073,0.019597597597597598,0.006126126126126126
3197209447,0.13356156156156157,0.095537537537537534,0.065225225225225225,0.63144144144144143,0.0038378378378378379,0.00070870870870870875,0.0073453453453453457,0.0012912912912912912,0.002774774774774775,0.057405405405405403,0.0008708708708708709
3197210759,0.24448048048048049,0.0041081081081081085,0.16883483483483483,0.44772972972972974,0.0087807807807807805,0,0.0016216216216216215,0.00046846846846846849,3.0030030030030029e-05,0.12320720720720721,0.00073873873873873876
3198048964,0.0077417417417417417,0.34846246246246249,0.030966966966966967,0.40404804804804806,0.16643843843843845,0,0,0,0,0.0038618618618618617,0.038480480480480479
3198050740,0.10030030030030029,0.25083483483483482,0.023189189189189188,0.47025825825825823,0.12909309309309308,0,0.0002942942942942943,0.00097297297297297292,6.006006006006006e-06,0.02505105105105105,0
3198054864,0.2864864864864865,0.068462462462462459,0.16667867867867867,0.34395195195195194,0.0015795795795795797,0.0022222222222222222,0.0064324324324324328,0.0018198198198198198,0.004336336336336336,0.11799399399399399,3.6036036036036038e-05
3207098091,0.53440840840840842,0.024762762762762763,0.2845285285285285,0.13043843843843844,0.02541141141141141,0,0.00010810810810810811,0.00031231231231231232,6.006006006006006e-06,1.2012012012012012e-05,1.2012012012012012e-05
3207111289,0.34051051051051051,0.15562162162162163,0.47418018018018016,0.0025585585585585586,0.027105105105105106,0,0,2.4024024024024024e-05,0,0,0
3207126857,0.24372972972972973,0,0.66941741741741745,0.065525525525525527,0.021327327327327329,0,0,0,0,0,0
3207142033,0.10339339339339339,0,0.77690690690690689,0,0.043045045045045048,0.00058858858858858859,0,0,0.00021621621621621621,0,0.075849849849849854
3207167997,0.11961561561561562,0,0.77224624624624627,0.085609609609609616,0.022516516516516517,0,0,6.006006006006006e-06,6.006006006006006e-06,0,0
3207176655,0.39225225225225224,0,0.54461261261261262,0.048834834834834834,0.0143003003003003,0,0,0,0,0,0
3207183887,0.38422822822822822,0,0.55428828828828824,0.034996996996996994,0.026486486486486487,0,0,0,0,0,0
3207215247,0.23512312312312311,0.16631831831831831,0.56991591591591595,0.013729729729729729,0.01066066066066066,0.0007867867867867868,0.00021621621621621621,0.0014714714714714715,0.00050450450450450449,0.000954954954954955,0.00031831831831831832
3207232931,0.010048048048048049,0,0.98136936936936936,0.0075855855855855858,0.0002942942942942943,0,0.00060060060060060057,3.6036036036036038e-05,4.2042042042042043e-05,0,2.4024024024024024e-05
3207253225,0.18998198198198199,0.021063063063063062,0.73333333333333328,0.040210210210210214,0.012762762762762763,8.4084084084084086e-05,0.00038438438438438439,0.00088288288288288289,0.00051651651651651647,0.00022822822822822822,0.00055255255255255253
3207950344,0.30260060060060062,0.044306306306306303,0.57621621621621621,0.060126126126126125,0.0164984984984985,0,0,0.00025225225225225225,0,0,0
3207964026,0.24007207207207207,0.068432432432432438,0.60929729729729731,0.032900900900900899,0.049279279279279282,0,0,1.8018018018018019e-05,0,0,0
3207995524,0.21338738738738738,0,0.70085285285285281,0.073111111111111113,0.012648648648648649,0,0,0,0,0,0
3208004720,0.35061861861861859,0,0.57933333333333337,0.041987987987987987,0.028060060060060059,0,0,0,0,0,0
3208070938,0.031411411411411412,0,0.96027627627627632,0.0066066066066066062,0.0015255255255255255,0,8.4084084084084086e-05,3.6036036036036038e-05,4.8048048048048048e-05,0,1.2012012012012012e-05
3306546275,0.13867385444743935,0.32990835579514827,0.14696495956873315,0.29949865229110512,0.027477088948787063,0.0018436657681940702,0.0012183288409703505,0.00039892183288409703,0.00085175202156334237,0.025698113207547169,0.027466307277628034
3306554623,0.055285333333333332,0.10122666666666667,0.16250666666666666,0.58934399999999998,0.021877333333333332,0.00099200000000000004,0.0047200000000000002,0.00034133333333333335,0.0020586666666666665,0.058816,0.0028319999999999999
3306554937,0.13412121212121211,0.13325619834710745,0.44423140495867769,0.25948209366391184,0.0049035812672176306,6.6115702479338845e-05,0.0040991735537190084,0.0002369146005509642,0.00012121212121212121,0.014396694214876033,0.0050853994490358129
3306557491,0.15091056910569106,0.13696476964769647,0.45253658536585367,0.22684010840108401,0.0020271002710027099,0,0.0069105691056910567,9.7560975609756103e-05,8.6720867208672084e-05,0.02256368563685637,0.001062330623306233
3306558303,0.17074731182795699,0.11977956989247311,0.33313978494623658,0.33806989247311831,0.0047741935483870965,0.00033870967741935485,0.0088279569892473122,0.00061827956989247317,0.00011290322580645161,0.021220430107526882,0.0023709677419354838
3306560227,0.29340897097625329,0.10379419525065962,0.33177836411609496,0.24268601583113455,0.014485488126649076,0,0.00075461741424802116,0.0015883905013192611,5.8047493403693934e-05,0.01116622691292876,0.00027968337730870714
3307387676,0.1325067385444744,0.13464150943396228,0.3612345013477089,0.32742318059299191,0.0025714285714285713,0,0.013191374663072776,0.00032884097035040431,1.0781671159029649e-05,0.027859838274932616,0.00023180592991913746
3307388490,0.10398387096774193,0.22456989247311829,0.29292473118279572,0.30594623655913977,0.025838709677419355,5.376344086021505e-06,0.0025483870967741937,0.00013978494623655913,1.075268817204301e-05,0.039333333333333331,0.0046989247311827959
3307389598,0.16478048780487806,0.13886178861788617,0.34499186991869918,0.31325203252032519,0.0077181571815718155,3.252032520325203e-05,0.0042439024390243905,0.0002981029810298103,7.0460704607046076e-05,0.020688346883468836,0.0050623306233062333
3307390686,0.2923342175066313,0.10632891246684351,0.16282758620689655,0.38996286472148539,0.019787798408488065,0.00039787798408488063,0.0041909814323607426,0.0015013262599469497,2.1220159151193635e-05,0.022122015915119364,0.00052519893899204248
3307391252,0.2637741935483871,0.092505376344086024,0.29278494623655915,0.31118279569892471,0.0090268817204301067,0.00070967741935483875,0.0049784946236559142,0.0025537634408602152,0.00044086021505376343,0.016741935483870967,0.0053010752688172043
3307391506,0.28228799999999998,0.087658666666666663,0.23547199999999999,0.35320533333333332,0.025408,0,0.001536,0.0035253333333333334,0.00022933333333333334,0.010544,0.00013333333333333334
3309899746,0.17210862619808306,0.16424281150159745,0.22646006389776357,0.34668370607028753,0.05544408945686901,2.5559105431309903e-05,0.0015527156549520766,0.0015271565495207668,7.6677316293929712e-05,0.026779552715654954,0.0050990415335463255
3311249485,0.50513573407202217,0,0,0.47305263157894739,0,0,0,0,0,0.021811634349030471,0
3313758930,0.3284875346260388,0,0,0.5611301939058172,0,0,0,0,0,0.11038227146814404,0
3328278403,0.11770133333333334,0.040576000000000001,0.089946666666666661,0.58311999999999997,0.013930666666666666,5.3333333333333337e-06,0.002,0.0052746666666666671,0.0021919999999999999,0.14460799999999999,0.00064533333333333337
3658453284,0.00029943502824858757,0.033389830508474577,0,0.0067401129943502822,3.9548022598870056e-05,0,0.00028813559322033897,0.015920903954802258,0,0.94332203389830505,0
4287904985,0.045423423423423426,0.0011531531531531532,0.11015015015015014,0.59798198198198194,0.23492492492492492,0,0.0001021021021021021,0.00014414414414414415,1.2012012012012012e-05,0.0097117117117117117,0.00039639639639639637
4287905697,0.056822822822822826,0,0.20639039039039039,0.59385585585585587,0.12261261261261261,0,3.0030030030030029e-05,7.8078078078078081e-05,0.016756756756756756,0.0033393393393393394,0.00011411411411411411
4287906447,0.0029609609609609609,0.0020240240240240242,0.66007807807807806,0.14471471471471473,0.085801801801801802,0,0,0,0,0.10426426426426426,0.00015615615615615616
4287906793,0.00065465465465465466,0.009885885885885886,0.44187387387387389,0.25840240240240242,0.26440240240240243,0,3.0030030030030029e-05,0.00012612612612612612,0,0.024588588588588589,3.6036036036036038e-05
4287908119,0.027003003003003002,0.032726726726726725,0.24436036036036035,0.60101501501501498,0.042318318318318317,0,0.00088888888888888893,0.0026006006006006007,0,0.049021021021021023,6.6066066066066071e-05
4287911247,0.11796996996996997,0.012768768768768769,0.1901081081081081,0.56650450450450451,0.056780780780780783,0,0.00042642642642642644,0.0011711711711711711,1.8018018018018019e-05,0.054228228228228231,2.4024024024024024e-05
4287911697,0.19428228228228228,0,0.019699699699699699,0.73255855855855856,0.053453453453453453,0,0,6.006006006006006e-06,0,0,0
4288645128,0.088642642642642641,0,0.12780180180180181,0.4652972972972973,0.29851651651651651,0,8.4084084084084086e-05,0,6.006006006006006e-06,0.015009009009009009,0.0046426426426426429
4288645610,0.12967058823529412,0.0027529411764705882,0.10763529411764707,0.46498235294117646,0.28946470588235296,0,8.8235294117647065e-05,1.764705882352941e-05,2.9411764705882354e-05,0.0025882352941176473,0.0027705882352941176
4288646080,0.089855855855855857,0,0.13607807807807809,0.48086486486486485,0.28882882882882882,0,0,0,0,0.0036396396396396395,0.00073273273273273272
4288647036,0.0054954954954954957,0,0.20094294294294293,0.59100900900900899,0.20255255255255256,0,0,0,0,0,0
4288647764,0.0083603603603603603,0.026744744744744746,0.24178978978978979,0.50027627627627624,0.15511711711711712,0,0.00076876876876876877,0.00025825825825825824,0,0.06667267267267267,1.2012012012012012e-05
4288648884,0.059549549549549552,0.00021021021021021022,0.028102102102102101,0.81518318318318317,0.046168168168168169,1.2012012012012012e-05,0.0014534534534534536,9.0090090090090091e-05,6.006006006006006e-06,0.048450450450450454,0.00077477477477477482
4288649304,0.040708708708708706,0,0.15225825825825826,0.62369369369369365,0.18333933933933935,0,0,0,0,0,0
4288652080,0.42032432432432432,0.037525525525525523,0.073165165165165164,0.35093693693693695,0.098834834834834837,0,0.00022822822822822822,0.0007867867867867868,0,0.0181981981981982,0
4382420643,0.0014666666666666667,0.014277333333333333,0.024719999999999999,0.86761600000000005,0.015002666666666666,0,0.000176,0.0018026666666666666,5.3333333333333337e-06,0.074933333333333338,0
4383183440,0.0012373333333333333,1.5999999999999999e-05,0.031146666666666666,0.49676799999999999,0.47083199999999997,0,0,0,0,0,0
4401505185,0.001472,0.00020266666666666667,0.05176533333333333,0.21585066666666666,0.67611733333333335,0,0,0,0,0.050368000000000003,0.0042240000000000003
4402266760,0.001024,0.00033066666666666666,0.015264,0.557056,0.38686399999999999,0,0,0,0,0.039455999999999998,5.3333333333333337e-06
4409398014,0.001632,1.5999999999999999e-05,0.018778666666666666,0.23750933333333332,0.64871466666666666,0,0,0,0,0.089562666666666665,0.0037866666666666665
4424697607,0.0038346666666666668,3.7333333333333331e-05,0.016192000000000002,0.74072000000000005,0.23921066666666665,0,0,5.3333333333333337e-06,0,0,0
4424707439,0.0015893333333333334,0,0.0087840000000000001,0.712368,0.27724266666666669,0,0,0,0,1.5999999999999999e-05,0
4424710395,0.00018133333333333334,1.0666666666666667e-05,0.010554666666666667,0.65428799999999998,0.33496533333333334,0,0,0,0,0,0
4425466928,0.0019253333333333334,0,0.010026666666666666,0.7196906666666667,0.26835733333333334,0,0,0,0,0,0
4425470286,0.0011626666666666667,5.3333333333333337e-06,0.014298666666666666,0.67496,0.30956800000000001,0,0,0,0,5.3333333333333337e-06,0
4426886553,0.00041066666666666666,0,0.026096000000000001,0.52077866666666661,0.45263999999999999,0,5.3333333333333337e-06,6.3999999999999997e-05,0,0,5.3333333333333337e-06
4426896357,0.00097599999999999998,0,0.028970666666666665,0.39989866666666668,0.569936,0,0,0,0,0.00021866666666666668,0
4426919197,0.00026133333333333331,0,0.34232533333333331,0.017866666666666666,0.59507200000000005,0,0,0,0,0.00034133333333333335,0.04413333333333333
4427653046,0.0012373333333333333,1.5999999999999999e-05,0.031146666666666666,0.49676799999999999,0.47083199999999997,0,0,0,0,0,0
4427669570,0.00081066666666666668,1.0666666666666667e-05,0.015365333333333333,0.37633066666666665,0.53020266666666671,0,0,5.3333333333333337e-06,0,0.076453333333333331,0.00082133333333333331
446147662,0.022991999999999999,0.024784,0.053098666666666669,0.68248533333333339,0.023642666666666666,0,0.0037653333333333332,0.00066133333333333333,2.6666666666666667e-05,0.18850133333333333,4.2666666666666669e-05
446153951,0.0077493333333333329,0.01056,0.060463999999999997,0.69955199999999995,0.014624,0,0.0016853333333333334,0.0018186666666666666,3.1999999999999999e-05,0.20349866666666666,1.5999999999999999e-05
446163794,0.0022133333333333332,0.00072000000000000005,0.24755199999999999,0.38239466666666666,0.15562666666666666,0,0.00024000000000000001,0.00013866666666666666,5.3333333333333337e-06,0.21105066666666666,5.8666666666666665e-05
446170751,0.00013866666666666666,1.5999999999999999e-05,0.074277333333333334,0.65639999999999998,0.00030400000000000002,0,0.21158933333333332,0.0013546666666666666,4.2666666666666669e-05,0.055877333333333334,0
447166620,0.039978666666666669,0.06723733333333333,0.15251733333333334,0.54102933333333336,0.063925333333333334,5.3333333333333337e-06,0.0051786666666666665,0.0017333333333333333,0.00090666666666666662,0.127168,0.00032000000000000003
447173845,0.00083199999999999995,5.3333333333333337e-06,0.085360000000000005,0.83573866666666663,0.077637333333333336,0,6.3999999999999997e-05,5.3333333333333337e-06,0,0.00035199999999999999,5.3333333333333337e-06
447185224,0.25243199999999999,0.066538666666666663,0.065935999999999995,0.47355199999999997,0.084165333333333328,5.3333333333333337e-06,0.0067840000000000001,0.0018133333333333332,3.1999999999999999e-05,0.048730666666666665,1.0666666666666667e-05
447185314,0.08864533333333334,0.045045333333333333,0.085599999999999996,0.55543466666666663,0.11403199999999999,0,0.004058666666666667,0.0012426666666666667,3.7333333333333331e-05,0.105888,1.5999999999999999e-05
447191477,3.7333333333333331e-05,0,0.27846399999999999,0.50600533333333331,0.17233599999999999,0,0.0048479999999999999,0,0,0.036165333333333334,0.0021440000000000001
447212881,0.0061919999999999996,0.021477333333333334,0.15529066666666666,0.55678399999999995,0.0023786666666666665,0,0.18293333333333334,0.034709333333333335,0.00015466666666666667,0.040064000000000002,1.5999999999999999e-05
447220443,0.084517333333333333,0.065210666666666667,0.095797333333333332,0.66691199999999995,0.034986666666666666,1.5999999999999999e-05,0.0035200000000000001,0.037263999999999999,0.0028266666666666666,0.0089280000000000002,2.1333333333333335e-05
447248234,0.035861333333333335,0.017392000000000001,0.13296533333333332,0.27278400000000003,0.076074666666666665,0.0062453333333333336,0.077306666666666662,0.041882666666666665,0.0083413333333333325,0.26181333333333334,0.06933333333333333
447248378,0.038789333333333335,0.017317333333333334,0.18907733333333332,0.18611733333333333,0.06732266666666667,0.0028053333333333333,0.145616,0.04756266666666667,0.0060800000000000003,0.23657600000000001,0.062736
447253591,0.068085333333333331,0.055861333333333332,0.11501866666666667,0.56553066666666663,0.091008000000000006,0,0.00081599999999999999,0.0023626666666666666,0.00011733333333333333,0.101184,1.5999999999999999e-05
447254085,0.032149333333333335,0.027674666666666667,0.25496533333333332,0.17656533333333332,0.13169600000000001,0.00061333333333333335,0.078986666666666663,0.036250666666666667,0.0026453333333333333,0.14712533333333333,0.111328
476507546,0.25918072289156624,0.015969879518072289,0.1552710843373494,0.16862650602409637,0.32221686746987954,0,0.002,0.00031325301204819278,0.00013253012048192772,0.076265060240963856,2.4096385542168674e-05
476507678,0.16811343283582089,0.05792835820895522,0.098459701492537313,0.037373134328358211,0.58331940298507468,5.9701492537313431e-06,0,8.9552238805970156e-05,0.00029850746268656717,0.054405970149253732,5.9701492537313431e-06
476508788,0.77220481927710838,0,0,0.21612650602409639,0,0,0,0,0,0.01166867469879518,0
476510760,0.18596978851963747,0,0,0.55479758308157101,0,0,0,0,0,0.25923262839879152,0
476511044,0.42322522522522521,0,0,0.41909909909909909,0,0,0,0,0,0.15767567567567567,0
476518583,0.1342409638554217,0.025084337349397589,0.28477710843373494,0.13906024096385541,0.37654819277108431,0,0.0014819277108433736,2.4096385542168674e-05,0.00038554216867469878,0.038367469879518071,3.0120481927710842e-05
476520187,0.72606024096385546,0,0,0.17365060240963856,0,0,0,0,0,0.10028915662650602,0
476521457,0.78042388059701495,0,0,0.19253731343283581,0,0,0,0,0,0.027038805970149255,0
476521563,0.35204819277108435,0,0,0.48482530120481926,0,0,0,0,0,0.1631265060240964,0
476521675,0.28744680851063831,0,0,0.26855319148936169,0,0,0,0,0,0.44400000000000001,0
476521787,0.19670059880239521,0,0,0.46150898203592816,0,0,0,0,0,0.34179041916167663,0
476522037,0.82956613756613762,0,0,0.15713756613756613,0,0,0,0,0,0.013296296296296296,0
476522149,0.83286033519553071,0,0,0.13111173184357541,0,0,0,0,0,0.036027932960893856,0
476877830,0.65769512195121949,0,0,0.23570121951219511,0,0,0,0,0,0.10660365853658536,0
476878108,0.5429759036144578,0,0,0.43064457831325303,0,0,0,0,0,0.026379518072289155,0
5300400531,0.3444264264264264,0.23331531531531532,0.25358558558558558,0.084588588588588587,0.013735735735735735,0.0015735735735735736,0.00051051051051051054,0.0023303303303303302,0.0077537537537537534,0.017525525525525526,0.040654654654654655
5300406547,0.11699099099099099,0.11724324324324324,0.50059459459459454,0.22556156156156157,0.024768768768768767,0,0.00012612612612612612,0.00063663663663663663,0.0012552552552552553,0.0087927927927927921,0.0040300300300300301
5300419005,0.14140540540540542,0.043435435435435432,0.53106306306306306,0.18051051051051051,0.027705705705705706,0.0010930930930930932,0.00096696696696696699,0.0023543543543543544,0.001069069069069069,0.047621621621621618,0.022774774774774773
5301002552,0.21694294294294295,0.076936936936936942,0.21785585585585585,0.42087687687687686,0.0032612612612612614,0,0.00084084084084084089,0.00034234234234234234,4.2042042042042043e-05,0.060432432432432431,0.0024684684684684686
5301004802,0.2443963963963964,0.027075075075075075,0.15405405405405406,0.49625825825825826,0.0071351351351351348,0.00024624624624624625,0.0051531531531531531,0.0024144144144144144,0.0006186186186186186,0.060516516516516516,0.0021321321321321322
5301005480,0.17369747899159663,0.11147899159663865,0.19901680672268907,0.40063025210084036,0.021453781512605043,0.0021596638655462185,0.0015714285714285715,0.0009159663865546218,0.0021680672268907563,0.037436974789915964,0.04947058823529412
5301008932,0.015789789789789791,0.025867867867867867,0.20854054054054055,0.63173573573573572,0.0021621621621621622,0.00010810810810810811,0.004942942942942943,0.0012552552552552553,0.0017957957957957958,0.10314114114114115,0.0046606606606606604
5301009992,0.043153153153153156,0.042852852852852855,0.20557957957957959,0.62233033033033036,0.0074654654654654658,0.0002042042042042042,0.014078078078078078,0.0015135135135135136,0.00031831831831831832,0.060342342342342342,0.0021621621621621622
6886314022,0.022894586894586896,0.027692307692307693,0.26473504273504272,0.41045584045584044,0.12667236467236467,0,6.2678062678062676e-05,0.00018803418803418803,0.0012820512820512821,0.14588603988603988,0.00013105413105413106
6886314728,0.0062773333333333335,0.075781333333333339,0.021386666666666665,0.84550400000000003,0.0070506666666666669,0,0.00034133333333333335,0.00078399999999999997,0,0.042874666666666665,0
6886315482,0.033322493224932248,0.00097560975609756097,0.091777777777777778,0.16847154471544715,0.51899728997289973,0,0.00023848238482384823,5.4200542005420052e-06,5.4200542005420052e-06,0.18475338753387535,0.0014525745257452575
6886316262,0.00032533333333333334,0.0019146666666666667,0.12712000000000001,0.66606399999999999,0.11,0,0.00018666666666666666,5.3333333333333337e-06,0,0.093408000000000005,0.00097599999999999998
6886323848,0.104752,0.16607466666666668,0.15828800000000001,0.274144,0.010597333333333334,0.00040000000000000002,0.036570666666666668,0.083285333333333336,0.079466666666666672,0.080698666666666669,0.0057226666666666667
6886324094,0.47104504504504502,0.073747747747747741,0.263003003003003,0.074990990990990991,0.038768768768768766,0.0096396396396396401,0.0031591591591591593,0.0096936936936936943,0.0056756756756756758,0.027273273273273273,0.023003003003003002
6886325032,0.44290690690690693,0.057111111111111112,0.36748348348348348,0.055465465465465463,0.029201201201201201,0.00045645645645645645,0.0026426426426426428,0.0081081081081081086,0.0017657657657657658,0.025885885885885886,0.0089729729729729722
7000905666,1.0666666666666667e-05,0,0.315328,0.18455466666666667,0.49941333333333332,0,0,0,0,0.00038933333333333333,0.00030400000000000002
7032409059,0.015576227390180879,0.065385012919896637,0.047705426356589149,0.51882170542635664,0.2460981912144703,0,1.0335917312661499e-05,0.00012919896640826872,2.5839793281653746e-05,0.10577260981912144,0.00047545219638242894
7032411113,0.091029940119760483,0.1775688622754491,0.17535928143712576,0.22601197604790418,0.048778443113772454,0.0026347305389221557,0.00092215568862275444,0.00063473053892215572,0.00088023952095808385,0.22692215568862276,0.049257485029940117
7032411801,0.044665024630541873,0.043428571428571427,0.069931034482758614,0.58335960591133007,0.083916256157635469,0,3.4482758620689657e-05,0.00014285714285714287,0,0.17451724137931035,4.9261083743842364e-06
7032421177,0.55998798798798799,0.074414414414414418,0.14147147147147146,0.064126126126126129,0.052696696696696695,0.00065465465465465466,0.0049069069069069072,0.010966966966966966,0.0032012012012012014,0.051189189189189188,0.036384384384384384
7032421503,0.5617237237237237,0.051165165165165165,0.29100300300300302,0.043441441441441443,0.024924924924924926,0.00013813813813813813,0.00057657657657657661,0.002078078078078078,0.00015015015015015014,0.019501501501501501,0.0052972972972972973
7754466100,0.010676,0.0036519999999999999,0.24935199999999999,0.53056400000000004,0.016608000000000001,1.5999999999999999e-05,0.014803999999999999,0.0036240000000000001,0.000736,0.16988800000000001,8.0000000000000007e-05
7754466396,0.008945891783567134,0.0025490981963927854,0.038633266533066132,0.78469739478957912,0.0062084168336673344,0,0.012501002004008017,0.0037434869739478957,0.00020440881763527055,0.14250901803607213,8.0160320641282563e-06
7754466736,0.020015999999999999,0.011864,0.067867999999999998,0.77456400000000003,0.0050759999999999998,7.9999999999999996e-06,0.013272000000000001,0.0051960000000000001,0.00030800000000000001,0.101824,3.9999999999999998e-06
7754467268,0.016271999999999998,0.010090666666666666,0.057178666666666669,0.75975466666666669,0.015525333333333334,0,0.014965333333333334,0.0050826666666666668,0.00025066666666666667,0.12087466666666667,5.3333333333333337e-06
7754467812,0.018378666666666668,0.0075946666666666671,0.055488000000000003,0.86257600000000001,0.019797333333333333,1.0666666666666667e-05,0.0020799999999999998,0.0019093333333333334,0.00013333333333333334,0.032031999999999998,0
7754468296,0.013994666666666667,0.0049280000000000001,0.10474133333333334,0.73554666666666668,0.019994666666666668,5.3333333333333337e-06,0.0028479999999999998,0.0013760000000000001,0.000176,0.11638933333333333,0
7754470042,0.0035760000000000002,0.043423999999999997,0.101616,0.59435199999999999,0.0073959999999999998,3.9999999999999998e-06,0.069991999999999999,0.027792000000000001,0.0012520000000000001,0.15054000000000001,5.5999999999999999e-05
7754470490,0.0081560000000000001,0.0016119999999999999,0.075852000000000003,0.62754799999999999,0.038227999999999998,0,0.024427999999999998,0.00094399999999999996,0.000136,0.22272,0.00037599999999999998
7754471262,0.023258666666666667,0.0036640000000000002,0.040624,0.66828799999999999,0.012549333333333332,0,0.013184,0.0041706666666666663,0.00018666666666666666,0.23406933333333332,5.3333333333333337e-06
7754471800,0.019040000000000001,0.0033493333333333335,0.053829333333333333,0.39614933333333335,0.0065760000000000002,0,0.017648,0.0042613333333333331,0.00030933333333333334,0.49882666666666664,1.0666666666666667e-05
7754472466,0.017237333333333334,0.0097653333333333342,0.094757333333333332,0.61902933333333332,0.018810666666666667,0,0.025850666666666668,0.014959999999999999,0.00081066666666666668,0.19876266666666667,1.5999999999999999e-05
7754472936,0.014160000000000001,0.006181333333333333,0.055589333333333331,0.71589333333333338,0.011573333333333333,0,0.013413333333333333,0.0046293333333333334,0.00042133333333333335,0.17813333333333334,5.3333333333333337e-06
7754474014,0.0021199999999999999,0.003228,0.051684000000000001,0.49603999999999998,0.025076000000000001,0,0.015907999999999999,0.0019400000000000001,2.8e-05,0.40387200000000001,0.00010399999999999999
7754474506,0.0055946666666666671,5.8666666666666665e-05,0.16212799999999999,0.382384,0.342032,1.5999999999999999e-05,0.00040000000000000002,1.0666666666666667e-05,0.00033599999999999998,0.10344,0.0035999999999999999
7754475108,0.0094400000000000005,2.6666666666666667e-05,0.19564266666666666,0.39196266666666668,0.19326933333333332,0,0.00086399999999999997,4.8000000000000001e-05,0.00020799999999999999,0.20396800000000001,0.0045706666666666665
7948795526,0.011957703927492448,0.035812688821752266,0.00681570996978852,0.93803021148036259,0.0060362537764350457,0,0,0,0,0.0013474320241691842,0
7948839448,0.0086534653465346542,0,0.025273927392739273,0.95598019801980194,0.010092409240924092,0,0,0,0,0,0
7948871370,0.016090634441087614,0,0.015214501510574019,0.95826586102719036,0.010429003021148036,0,0,0,0,0,0
7948888948,0.024332326283987914,5.4380664652567973e-05,0.0055166163141993959,0.96271903323262842,0.0073776435045317217,0,0,0,0,0,0
7948900922,0.033184290030211477,2.4169184290030212e-05,0.027909365558912387,0.92567371601208459,0.013208459214501511,0,0,0,0,0,0
7948991128,0.040906344410876136,0.088223564954682782,0.078,0.7442175226586103,0.034622356495468277,0,1.2084592145015106e-05,1.812688821752266e-05,0,0.013987915407854984,1.2084592145015106e-05
7948998970,0.0025015105740181271,0.030138972809667673,0.25238066465256798,0.46019335347432022,0.076404833836858005,0,0,6.042296072507553e-06,0,0.17792749244712991,0.00044712990936555892
7949006720,0.0062537764350453174,0.015758308157099696,0.066809667673716017,0.86049546827794565,0.035480362537764348,0,0,0,0,0.015202416918429003,0
7949014264,0.0036424242424242426,0.00088484848484848486,0.058999999999999997,0.92463636363636359,0.011418181818181819,0,6.060606060606061e-06,0,0,0.00041212121212121214,0
7949049474,0.0096253776435045318,0.012459214501510574,0.040120845921450154,0.90947432024169184,0.0086163141993957706,0,0,1.812688821752266e-05,0,0.019679758308157099,6.042296072507553e-06
7949084638,0.0013841463414634146,0.00022560975609756099,0.19056707317073171,0.78159756097560973,0.025810975609756096,0,0,0,0,0.00037804878048780489,3.6585365853658535e-05
7949093624,0.0033232628398791541,0.076664652567975833,0.018169184290030213,0.86822356495468278,0.011873111782477342,0,0,1.2084592145015106e-05,0,0.021734138972809666,0
7949101452,0.0020664652567975832,0.030537764350453172,0.019456193353474319,0.91923867069486409,0.011377643504531722,0,3.625377643504532e-05,0.00013897280966767371,0,0.017148036253776436,0
7949109780,0.0054380664652567976,0.062815709969788525,0.012459214501510574,0.8847432024169184,0.010483383685800604,0,4.8338368580060424e-05,0.00034441087613293049,2.4169184290030212e-05,0.023643504531722054,0
7949207892,0.0075604395604395606,0,0.03487179487179487,0.93929670329670334,0.018271062271062271,0,0,0,0,0,0
7996639475,0.0068793103448275862,0.041500000000000002,0.01157471264367816,0.24808620689655173,0.019166666666666665,0,0.0033045977011494252,0.0014252873563218391,5.7471264367816091e-06,0.66774712643678158,0.00031034482758620692
7996643779,0.049245614035087718,0.014999999999999999,0.04383625730994152,0.77876023391812865,0.02876608187134503,0,0.00082456140350877188,0.007350877192982456,4.093567251461988e-05,0.076163742690058475,1.1695906432748539e-05
7996647919,0.010191549295774647,0.0071436619718309863,0.134456338028169,0.28607323943661972,0.051216901408450706,0,0.01180281690140845,0.0014140845070422536,5.0704225352112677e-05,0.47955492957746476,0.018095774647887326
7996658306,0.0062523076923076924,0.018923076923076924,0.029015384615384616,0.46430153846153849,0.022086153846153846,0,0.0061538461538461538,0.0017600000000000001,6.153846153846154e-06,0.44999384615384613,0.0015076923076923078
7996660780,0.049162921348314605,0.050342696629213486,0.066764044943820225,0.57182584269662917,0.092898876404494388,0,0.0028876404494382023,0.0080112359550561802,0.00024157303370786517,0.15723033707865169,0.00063483146067415733
7996662243,0.016904191616766467,0.0018443113772455089,0.038634730538922156,0.39867065868263474,0.040940119760479045,0,0.012778443113772455,0.0017125748502994011,0,0.48315568862275449,0.0053592814371257484
7996662856,0.075590643274853805,0.0010350877192982456,0.055280701754385965,0.66335087719298247,0.080029239766081867,1.1695906432748539e-05,0.0069181286549707599,0.0030175438596491229,0.0001695906432748538,0.11276023391812866,0.0018362573099415206
7996664877,0.021371951219512197,0.021823170731707316,0.041597560975609758,0.42477439024390246,0.018914634146341463,0,0.0087378048780487813,0.0012865853658536586,1.8292682926829268e-05,0.46064634146341465,0.00082926829268292681
7996665913,0.074445103857566766,0.0003916913946587537,0.07124629080118694,0.53274183976261125,0.2343679525222552,0,0.0016201780415430267,0.0023679525222551931,0.00010089020771513354,0.081976261127596442,0.00074183976261127599
7996675007,0.012965147453083111,0.0074316353887399463,0.025490616621983913,0.73455227882037533,0.03057372654155496,0,0.012219839142091153,0.0071099195710455764,5.8981233243967831e-05,0.16901876675603217,0.00057908847184986599
7996679491,0.01573913043478261,0.0048586956521739126,0.055500000000000001,0.29149456521739131,0.071173913043478254,0,0.0074565217391304346,0.0014184782608695652,1.6304347826086955e-05,0.54909782608695656,0.0032445652173913042
7996680768,0.020942708333333334,0.0041875000000000002,0.058119791666666663,0.59661979166666668,0.095614583333333336,5.2083333333333332e-06,0.0097552083333333327,0.0025416666666666665,7.8125000000000002e-05,0.21013020833333335,0.0020052083333333332
7996688696,0.01552694610778443,0.027203592814371257,0.0084371257485029941,0.52968263473053889,0.014467065868263473,0,0.028167664670658683,0.01477245508982036,5.9880239520958085e-06,0.36165269461077842,8.3832335329341314e-05
7996693101,0.014740947075208913,0.0019387186629526462,0.075615598885793875,0.44669080779944292,0.09102506963788301,0,0.020094707520891365,0.0071754874651810581,0.00033426183844011142,0.33710863509749306,0.0052757660167130922
7996702146,0.022527859237536658,0.0019824046920821113,0.06500879765395895,0.43969501466275662,0.039794721407624634,0,0.0084574780058651027,0.0018064516129032257,3.5190615835777129e-05,0.41462756598240469,0.0060645161290322578
8974607384,0.0072213333333333331,0.00051199999999999998,0.141648,0.6526453333333333,0.070885333333333328,0,0.00078933333333333329,1.5999999999999999e-05,0,0.12591466666666667,0.000368
8974608162,0.019285285285285284,0.0007027027027027027,0.302984984984985,0.37446846846846848,0.22866066066066065,0,0.00049249249249249251,0.00042642642642642644,3.0030030030030029e-05,0.072462462462462462,0.00048648648648648646
