12281305945,0.11509333333333334,0.32407466666666668,0.45295999999999997,0.027514666666666666,0.0069866666666666671,0.0046666666666666671,0.0013386666666666666,0.00062933333333333331,0.0011360000000000001,0.0035626666666666667,0.062037333333333333
12281316245,0.11994133333333333,0.17129066666666667,0.42709333333333332,0.091093333333333332,0.033301333333333336,0.031904000000000002,0.0051520000000000003,0.0025493333333333331,0.0024373333333333335,0.015616,0.09962133333333334
12281415823,0.043626666666666668,0.23909333333333332,0.48913066666666666,0.099818666666666667,0.056666666666666664,0.0010026666666666667,0.0034933333333333335,0.00082666666666666663,3.1999999999999999e-05,0.013568,0.052741333333333335
12281473513,0.19616533333333333,0.24280533333333335,0.42097066666666666,0.051493333333333335,0.017583999999999999,0.0004906666666666667,0.0010026666666666667,0.00074133333333333332,5.8666666666666665e-05,0.003872,0.064815999999999999
12281698394,0.13739199999999999,0.0094879999999999999,0.30293333333333333,0.36123733333333335,0.00045866666666666668,0.00029866666666666664,0.011914666666666667,0.0012373333333333333,0.000368,0.17253866666666667,0.0021333333333333334
12281705194,0.051184,0.28874133333333335,0.56046399999999996,0.051456000000000002,0.019231999999999999,3.1999999999999999e-05,0.00091200000000000005,5.8666666666666665e-05,3.1999999999999999e-05,0.0029813333333333332,0.024906666666666667
12281712244,0.070368,0.20928533333333332,0.57776533333333335,0.048810666666666669,0.019541333333333334,0.0016479999999999999,0.0005173333333333333,0.00026666666666666668,2.1333333333333335e-05,0.0016533333333333333,0.070122666666666666
12281761964,0.050245333333333336,0.10698133333333333,0.69853333333333334,0.091258666666666668,0.011978666666666667,1.5999999999999999e-05,0.00044266666666666667,5.3333333333333337e-06,5.3333333333333337e-06,0.0041653333333333334,0.036367999999999998
12281863776,0.035210666666666668,0.22119466666666668,0.68121600000000004,0.033343999999999999,0.011626666666666667,1.5999999999999999e-05,0.00016533333333333333,5.3333333333333337e-06,0,0.0012639999999999999,0.015957333333333334
12281878306,0.24079999999999999,0.17186133333333334,0.43124800000000002,0.078768000000000005,0.020938666666666668,1.0666666666666667e-05,0.002032,0.00028800000000000001,2.1333333333333335e-05,0.015290666666666666,0.038741333333333336
12288746955,0.26842133333333335,0.10530133333333333,0.43273066666666665,0.032640000000000002,0.0059199999999999999,0,0.00099200000000000004,2.6666666666666667e-05,2.1333333333333335e-05,0.0063946666666666666,0.14755199999999999
12288757945,0.060106666666666669,0.18982933333333332,0.59860266666666662,0.029087999999999999,0.011776,2.6666666666666667e-05,0.00052266666666666661,3.1999999999999999e-05,2.6666666666666667e-05,0.0053866666666666663,0.10460266666666666
12288777555,0.25906666666666667,4.8000000000000001e-05,0.48434133333333335,0.12964266666666666,0.068778666666666669,1.0666666666666667e-05,0.0026879999999999999,0.000176,0.00013866666666666666,0.012389333333333334,0.042720000000000001
12288788105,0.055120000000000002,0.15881066666666666,0.45415466666666665,0.099797333333333335,0.034549333333333335,0.0060000000000000001,0.0051306666666666671,0.0010133333333333333,0.11045333333333333,0.019370666666666668,0.055599999999999997
12289151284,0.21814933333333333,0.17406933333333333,0.41225066666666665,0.044469333333333333,0.083360000000000004,0.0031733333333333331,0.0011893333333333333,0.00058133333333333333,0.00023466666666666666,0.0048853333333333335,0.057637333333333332
169892499,0.035461333333333331,0.14530133333333334,0.46914133333333335,0.061839999999999999,0.085370666666666664,0,0.0061333333333333335,0.0011253333333333334,0,0.15491199999999999,0.04071466666666667
169892598,0.021813333333333334,0.084458666666666668,0.62563733333333338,0.034170666666666669,0.18205333333333334,1.0666666666666667e-05,0.0024160000000000002,0.0013866666666666667,0.00022933333333333334,0.010463999999999999,0.037359999999999997
169892994,0.0079093333333333342,2.6666666666666667e-05,0.0098453333333333327,0.60775466666666667,0.015685333333333332,0,0.0012960000000000001,5.3333333333333333e-05,0,0.35676266666666667,0.00066666666666666664
169893105,0.024250666666666667,3.1999999999999999e-05,0.62868800000000002,0.19302933333333333,0.0012693333333333333,0,0.012517333333333333,0.012826666666666667,0.0046453333333333329,0.12196266666666666,0.00077866666666666666
169893197,0.015829333333333334,0,0.68170133333333338,0.008501333333333333,0,0.014133333333333333,0.016485333333333334,0.00054933333333333331,0.097781333333333331,0.12052266666666667,0.044496000000000001
169893485,0.0089759999999999996,0.00012799999999999999,0.68499733333333335,0.059834666666666668,0.00050666666666666666,1.5999999999999999e-05,0.034058666666666668,0.006554666666666667,0.0046186666666666668,0.197792,0.0025173333333333332
169893635,0.087711999999999998,0.0012586666666666666,0.062245333333333333,0.41842133333333331,0.0026773333333333332,0,0.0021493333333333334,0.075349333333333338,0,0.35009600000000002,9.066666666666667e-05
169893849,0.017253333333333332,0.0030826666666666667,0.73113600000000001,0.080693333333333339,0.049888000000000002,3.7333333333333331e-05,0.011530666666666666,0.0052106666666666664,0.00061333333333333335,0.068789333333333327,0.031765333333333333
169893920,0.0020853333333333331,0.00045333333333333331,0.71764266666666665,0.089898666666666668,0.020677333333333332,5.3333333333333337e-06,0.014250666666666667,0.0044533333333333334,0.00044799999999999999,0.14191999999999999,0.0081653333333333335
169893971,0.0024213333333333335,0,0.57307200000000003,0.134016,0.0045653333333333336,9.066666666666667e-05,0.027114666666666665,0.0027786666666666667,4.8000000000000001e-05,0.13290133333333334,0.122992
169894219,0.16880000000000001,3.7333333333333331e-05,0.71966399999999997,0.046325333333333336,0.01448,2.1333333333333335e-05,0.011183999999999999,0.0019840000000000001,0.00080533333333333336,0.0055519999999999996,0.031146666666666666
169894272,0.0023946666666666665,0.021999999999999999,0.65801066666666663,0.018725333333333333,0.059776000000000003,0.000176,0.010229333333333333,0.0020479999999999999,0.0029386666666666667,0.16532266666666667,0.058378666666666669
169894508,0.0051093333333333329,0.0051359999999999999,0.38694933333333331,0.50812800000000002,0.015466666666666667,0,0.017818666666666667,0.0021013333333333335,3.1999999999999999e-05,0.058869333333333336,0.00038933333333333333
169894832,0.017381333333333332,0.0054400000000000004,0.16662933333333332,0.62263466666666667,0.0011306666666666668,0,0.011829333333333334,0.049322666666666667,0.076570666666666662,0.048165333333333331,0.00089599999999999999
169894963,0.040650666666666668,0.00028800000000000001,0.54827199999999998,0.29455999999999999,0.034368000000000003,0,0.014650666666666666,0.021962666666666665,0.00070399999999999998,0.043338666666666664,0.0012053333333333334
176086917,0.011632,0.030047999999999998,0.0076160000000000004,0.11679466666666667,0.27402133333333334,0,0.017232000000000001,0.17811733333333332,0.15194133333333334,0.21088533333333334,0.001712
176086987,0.11445866666666667,0.16208533333333333,0.020725333333333332,0.028586666666666666,0.62507199999999996,3.1999999999999999e-05,0.001872,0.00067733333333333328,5.3333333333333337e-06,0.038943999999999999,0.007541333333333333
176087097,0.19573333333333334,0.030917333333333335,0.0047093333333333336,0.57458133333333339,0.036928000000000002,0,0.0071786666666666665,0.014005333333333333,0,0.13314666666666666,0.0028
176087209,0.27421866666666667,0.27739733333333333,0.091418666666666662,0.23874666666666666,0.021333333333333333,0.0030400000000000002,0.0066400000000000001,0.014906666666666667,0.0078720000000000005,0.051162666666666669,0.013264
176087321,0.31893866666666665,0.058277333333333334,0.25716266666666665,0.22892799999999999,0.0016693333333333334,0.0036159999999999999,0.020213333333333333,0.039434666666666666,0.012442666666666666,0.058618666666666666,0.00069866666666666666
176087446,0.37231419939577037,0.063293051359516614,0.19560725075528701,0.30908157099697886,0.02783081570996979,4.2296072507552869e-05,0.00088217522658610276,0.0064954682779456195,0.00029003021148036256,0.011311178247734139,0.012851963746223565
176087515,0,0.043978666666666666,0.04620266666666667,0.68011200000000005,0.035338666666666664,0.13481066666666666,0.03843733333333333,0.0013760000000000001,0.017087999999999999,5.3333333333333337e-06,0.0026506666666666666
176087622,0.04878933333333333,0.00044266666666666667,0.0072586666666666667,0.051578666666666668,0.85382400000000003,0.024597333333333332,0.0010346666666666666,0.00029333333333333333,0.0024480000000000001,0.0079786666666666669,0.0017546666666666667
176087779,0.068293333333333331,0.31442666666666669,0.25859733333333335,0.10800533333333333,0.07560533333333333,9.066666666666667e-05,0.002928,0.0047466666666666664,0.00083199999999999995,0.16361600000000001,0.0028586666666666665
176087870,0.38086933333333334,0.19495999999999999,0.002464,0.157776,0.0032320000000000001,0,3.1999999999999999e-05,0.0081066666666666665,1.5999999999999999e-05,0.25254399999999999,0
176088060,0.073349333333333336,0.22537599999999999,0.18912533333333334,0.19805333333333333,0.21395733333333333,0,0.018815999999999999,0.018527999999999999,0.000368,0.043408000000000002,0.019018666666666666
176088141,0.127216,0.33954666666666666,0.16498666666666667,0.11868266666666667,0.027023999999999999,0.0038666666666666667,0.001312,0.0027626666666666667,0.0051466666666666666,0.20273066666666667,0.0067253333333333332
176088331,0.063530666666666666,0.023552,0.03601066666666667,0.47016000000000002,0.27478399999999997,0.015824000000000001,0.041274666666666668,0.020757333333333332,0.0077813333333333337,0.045685333333333335,0.00064000000000000005
176088507,0.32297599999999999,0.41121600000000003,0.0098933333333333338,0.049360000000000001,0.08072,0.001024,0.0078773333333333334,0.0043839999999999999,0.002032,0.092927999999999997,0.017589333333333332
176088623,0.144704,0.19634133333333334,0.14780266666666667,0.18510933333333332,0.054549333333333332,1.5999999999999999e-05,0.0023466666666666666,0.012064,0.0038666666666666667,0.25305066666666665,0.00014933333333333332
2165733023,0.26723131672597866,0,0,0.69320284697508894,0,0,0,0,0,0.039565836298932386,0
2165736745,0.21303466666666668,0,0,0.70108800000000004,0,0,0,0,0,0.085877333333333333,0
2165740695,0.38634133333333331,0,0,0.44426666666666664,0,0,0,0,0,0.16939199999999999,0
2165746891,0.30025066666666667,0,0,0.55264000000000002,0,0,0,0,0,0.14710933333333334,0
2165879901,0.19841066666666668,0.0025066666666666666,0.20210133333333333,0.231264,0.00029333333333333333,5.3333333333333337e-06,0.35978666666666664,0.0020373333333333333,0.0019253333333333334,0.0016693333333333334,0
2166529822,0.25412099644128117,0,0,0.58681850533807833,0,0,0,0,0,0.15906049822064056,0
2166530664,0.25962989323843416,0,0,0.58821352313167263,0,0,0,0,0,0.15215658362989323,0
2166535100,0.039376000000000001,0.11775466666666666,0.114944,0.64497599999999999,0.039856000000000003,0.00020266666666666667,0.017418666666666666,5.3333333333333333e-05,0.00027733333333333332,0.022096000000000001,0.0030453333333333335
2166538070,0.10607466666666666,0,0,0.85258666666666671,0,0,0,0,0,0.041338666666666669,0
2166540244,0.33197866666666664,0,0,0.55271466666666669,0,0,0,0,0,0.11530666666666667,0
2166542014,0.316832,0,0,0.59612266666666669,0,0,0,0,0,0.087045333333333336,0
2166638306,0.060149333333333332,0.52974933333333329,0.11695466666666667,0.20463466666666666,0.043824000000000002,0.00069333333333333334,0.00024000000000000001,0.00089066666666666667,0.00048533333333333333,0.0022506666666666669,0.040127999999999997
2166640208,0.062101333333333335,0.011535999999999999,0.031610666666666669,0.8755573333333333,0.010111999999999999,0,0.0033760000000000001,0.00088000000000000003,0.00019733333333333332,0.0045919999999999997,3.7333333333333331e-05
2166654104,0.13933866666666667,0.32345066666666666,0.141344,0.24507733333333334,0.050448,0,3.7333333333333331e-05,0.0021173333333333335,5.3333333333333337e-06,0.09618666666666667,0.0019946666666666667
2166655500,0.14634666666666668,0.19708266666666666,0.19036800000000001,0.16478400000000001,0.03564266666666667,0,1.0666666666666667e-05,0.00028266666666666669,0,0.26179733333333333,0.0036853333333333334
2197756325,0.085744000000000001,1.5999999999999999e-05,0.31667733333333331,0.0088106666666666663,0.32685866666666669,0.003264,2.1333333333333335e-05,5.3333333333333337e-06,0.00018133333333333334,0.012341333333333333,0.24607999999999999
2198535282,0.26274133333333333,0.0015946666666666668,0.42680533333333331,0.22726399999999999,0.019344,0.00010133333333333333,0.0015093333333333332,0.0028213333333333332,4.2666666666666669e-05,0.030287999999999999,0.027487999999999999
2198535954,0.0012213333333333334,0.0021333333333333334,0.80901333333333336,0.051776000000000003,0.00032000000000000003,0.052496000000000001,0.042165333333333332,0.012304000000000001,0.0024266666666666668,0.0050133333333333332,0.021130666666666666
2198543144,0.12712000000000001,0,0.400592,0,0.06974933333333333,5.3333333333333333e-05,0,0,5.3333333333333337e-06,0,0.40248
2201679053,0.011786666666666668,0.36161066666666669,0.12883733333333333,0.12148266666666667,0.0053439999999999998,0,0.0005706666666666667,0.0026026666666666668,5.3333333333333337e-06,0.36773866666666666,2.1333333333333335e-05
2201687285,0.031620967741935485,0.46698387096774191,0.10058064516129032,0.061806451612903227,0.006193548387096774,0,0.00046774193548387096,0.002217741935483871,0,0.3301290322580645,0
2201690867,0.079131513647642676,0.4021439205955335,0.037439205955334988,0.090034739454094292,0.0061339950372208433,0.00029776674937965261,0.16360794044665011,0.041364764267990073,0.15449627791563275,0.025186104218362284,0.00016377171215880892
2202466998,0.17831466666666668,0.47271999999999997,0.026869333333333332,0.14918400000000001,0.013157333333333333,0,0.00016000000000000001,0.0073653333333333331,0,0.15222933333333333,0
2202467548,0.10763733333333333,0.50077333333333329,0.13486400000000001,0.069456000000000004,0.012890666666666667,0,0.00032533333333333334,0.0032586666666666667,0,0.17075199999999999,4.2666666666666669e-05
2202470452,0.051701333333333335,0.19046399999999999,0.086330666666666667,0.15455466666666667,0.007744,0,0.00032000000000000003,0.001552,0,0.50728533333333337,4.8000000000000001e-05
2202481442,0.056202666666666665,0.049343999999999999,0.43882133333333334,0.21560533333333334,1.5999999999999999e-05,0.066746666666666662,0.0096266666666666671,0.07004266666666667,0.0021973333333333333,0.087690666666666667,0.0037066666666666667
2209780543,0.0052142857142857147,0.0051666666666666666,0.041166666666666664,0.66003571428571428,0.017886904761904764,0.00021428571428571427,0.045285714285714283,0.0037083333333333334,0.005875,0.21475595238095238,0.00069047619047619046
2209829725,0.11619540229885057,0.81511494252873562,0.012758620689655173,0.035793103448275861,0.0066379310344827584,0,1.7241379310344828e-05,0.0041666666666666666,0,0.0093160919540229876,0
2213925341,0.041967999999999998,0.27836266666666665,0.026330666666666665,0.051941333333333332,0.38157866666666668,0.00055466666666666663,0.01336,0.045631999999999999,0.0023573333333333332,0.13852800000000001,0.019386666666666667
2213953177,0.036778082191780824,0.39804383561643836,0.0074191780821917805,0.36052054794520549,0.05007671232876712,0,0.00032328767123287669,0.0001589041095890411,2.7397260273972603e-05,0.10858082191780821,0.038071232876712331
2219711553,0.0028586666666666665,0,0.74042666666666668,0,0,0.23878933333333333,0.00026666666666666668,0,0.0037866666666666665,0,0.013872000000000001
2234610680,0.15265599999999999,0.18878933333333334,0.26434133333333332,0.16757333333333332,0.033903999999999997,0,6.9333333333333329e-05,0.0075946666666666671,5.3333333333333337e-06,0.18506666666666666,0
2348425577,0.61581866666666663,0.065823999999999994,0.077738666666666664,0.031093333333333334,0.051381333333333334,0,0.00022933333333333334,0.00067733333333333328,1.0666666666666667e-05,0.15693333333333334,0.00029333333333333333
2348426989,0.114464,0.0034880000000000002,0.17366933333333334,0.43801066666666666,0.15655466666666668,0,0.0044586666666666663,0.0034346666666666666,4.2666666666666669e-05,0.105296,0.00058133333333333333
2349256820,0.11408533333333333,3.7333333333333331e-05,0.22714133333333333,0.24868266666666666,0.11369066666666666,0.021893333333333334,0.00015466666666666667,4.8000000000000001e-05,0.010165333333333334,0.18601066666666666,0.078090666666666669
2349257988,0.18233066666666667,0.13822400000000001,0.023344,0.46488533333333332,0.044901333333333335,0,0.0019146666666666667,0.013237333333333334,2.1333333333333335e-05,0.131136,5.3333333333333337e-06
2349259180,0.089642666666666662,0.11154666666666667,0.32748266666666664,0.15043200000000001,0.057386666666666669,0,0.00060266666666666672,0.0023093333333333334,7.4666666666666661e-05,0.25259199999999998,0.0079306666666666675
2349262408,0.038442666666666667,0.05085866666666667,0.51197866666666669,0.13324266666666668,0.0084746666666666668,0.037664000000000003,0.052170666666666664,0.010138666666666667,0.029365333333333334,0.058170666666666669,0.069493333333333338
2349263684,0.32446933333333333,0.056282666666666668,0.07433066666666667,0.336752,0.010319999999999999,0.00010133333333333333,0.0074400000000000004,0.037935999999999998,0.037946666666666663,0.11426666666666667,0.00015466666666666667
2349265024,0.087802666666666668,0.14539199999999999,0.021125333333333333,0.35228799999999999,0.04191466666666667,0,0.00043199999999999998,0.00024533333333333335,0,0.35076266666666667,3.7333333333333331e-05
2350076995,0.053482666666666664,0.14318400000000001,0.050208000000000003,0.31606400000000001,0.018319999999999999,0,0.00092266666666666669,0.0012639999999999999,5.3333333333333337e-06,0.416352,0.00019733333333333332
2366407579,0.19430030030030029,0.0010570570570570571,0.28830030030030029,0.16466666666666666,0.027669669669669671,0.00088288288288288289,0.078258258258258259,0.0035315315315315315,0.0036516516516516516,0.22903903903903905,0.008642642642642643
2366418145,0.062420420420420418,0.38694294294294296,0.19977777777777778,0.23387387387387387,0.040720720720720721,9.0090090090090091e-05,0.048114114114114113,0.0013093093093093093,0.001009009009009009,0.02384984984984985,0.0018918918918918919
2366421011,0.21264864864864866,0.0038078078078078079,0.54245045045045048,0.14846246246246247,0.015111111111111112,0.0012072072072072072,0.0066546546546546546,0.0023603603603603602,0.00066066066066066071,0.066420420420420415,0.00021621621621621621
2366425799,0.318,0.00026426426426426428,0.060504504504504501,0.61234834834834839,0.0056216216216216216,0,0.00039039039039039038,0.00031231231231231232,1.8018018018018019e-05,0.0025405405405405407,0
2366427623,0.25595195195195197,0,0.68433033033033031,0.041297297297297295,0.018414414414414413,0,6.006006006006006e-06,0,0,0,0
2366432827,0.062414414414414414,0.11161561561561562,0.44948348348348349,0.17371771771771771,0.043375375375375377,0.00057057057057057056,0.084474474474474481,0.001933933933933934,0.0077537537537537534,0.058804804804804801,0.0058558558558558559
2366435935,0.24043243243243242,0.18768168168168167,0.28497297297297297,0.17327927927927927,0.030240240240240239,4.8048048048048048e-05,0.049597597597597597,0.0011231231231231232,0.0013093093093093093,0.030054054054054053,0.0012612612612612612
2366439529,0.1705165165165165,0.0094894894894894891,0.38847447447447447,0.36369969969969967,0.024948948948948949,6.006006006006006e-06,0.029297297297297298,0.0017357357357357358,0.00031831831831831832,0.010888888888888889,0.00062462462462462465
2366447323,0.060798798798798799,0.064210210210210214,0.48529729729729731,0.32476876876876876,0.044072072072072074,5.4054054054054054e-05,0.012924924924924926,0.00094294294294294291,0.0017237237237237237,0.0044444444444444444,0.00076276276276276273
2366452247,0.096276276276276274,0.17064264264264264,0.42765765765765767,0.22242642642642643,0.027705705705705706,6.6066066066066071e-05,0.042240240240240243,0.00097297297297297292,0.0019219219219219219,0.0091471471471471465,0.00094294294294294291
2366464007,0.44273873873873876,1.2012012012012012e-05,0.33917117117117118,0.081747747747747748,0.019681681681681683,0.0001021021021021021,0.073423423423423423,0.00022222222222222223,0.0025285285285285286,0.038726726726726723,0.0016456456456456457
2367250226,0.22428828828828828,0.09385585585585586,0.22517117117117116,0.1826006006006006,0.024852852852852853,0.00055255255255255253,0.040132132132132133,0.0060540540540540543,0.0017117117117117118,0.19746546546546548,0.0033153153153153152
2367255788,0.077441441441441439,0.22133333333333333,0.40222822822822824,0.23560360360360361,0.038936936936936936,0,0.015549549549549549,0.00036036036036036037,0.00063063063063063059,0.0065585585585585587,0.0013573573573573573
2367257762,0.94309309309309308,0.0025525525525525524,0.0089849849849849856,0.014528528528528529,0.0020600600600600601,0,2.4024024024024024e-05,0.0013213213213213214,0,0.027435435435435435,0
2367293672,0.047813813813813812,0.38788588588588591,0.28694294294294292,0.2096936936936937,0.031105105105105106,5.4054054054054054e-05,0.021501501501501503,0.0012372372372372372,0.0027627627627627629,0.0099159159159159151,0.0010870870870870871
3170777731,0.027333333333333334,0.49136336336336334,0.37690090090090089,0.073057057057057062,0.023885885885885885,3.0030030030030029e-05,0.00051651651651651647,0.00021021021021021022,2.4024024024024024e-05,0.00034834834834834833,0.0063303303303303303
3170784389,0.22708708708708708,0.0056456456456456458,0.16881681681681682,0.088036036036036033,0.023993993993993993,0.00058258258258258254,0.00099699699699699689,0.00036036036036036037,0.00033033033033033035,0.45315915915915916,0.03099099099099099
3170787943,0.12363963963963964,0.065375375375375369,0.3403243243243243,0.055783783783783784,0.02691891891891892,0.0050570570570570572,0.0023783783783783785,0.00013813813813813813,7.8078078078078081e-05,0.34193993993993993,0.038366366366366367
3171611896,0.02711111111111111,0.39082882882882886,0.38658858858858858,0.038282282282282282,0.037807807807807806,0.0002042042042042042,0.0016156156156156157,3.6036036036036038e-05,9.6096096096096097e-05,0.00073273273273273272,0.1166966966966967
3171621504,0.087657657657657664,0.28323123123123123,0.4155015015015015,0.040648648648648651,0.016672672672672674,0.00075675675675675679,0.00098498498498498501,0.00030030030030030029,0.00011411411411411411,0.14644444444444443,0.0076876876876876875
3178664767,0.22156756756756757,0.0001021021021021021,0.47569369369369369,4.2042042042042043e-05,0.061309309309309307,0.16443843843843844,0.0014474474474474475,6.0060060060060059e-05,0.034000000000000002,0.004186186186186186,0.037153153153153151
3178666113,0.32776576576576577,0.338978978978979,0.038366366366366367,0.10920120120120121,0.071561561561561557,6.6066066066066071e-05,0.013825825825825826,0.0018378378378378379,0.00046846846846846849,0.097051051051051052,0.00087687687687687684
3178666743,0.53160360360360359,0.13870870870870872,0.034534534534534533,0.072120120120120118,0.12154354354354355,0.00033033033033033035,0.0040900900900900901,0.0014294294294294294,0.00033633633633633635,0.091879879879879875,0.0034234234234234236
3178668469,0.13174774774774775,0.51330930930930929,0.060204204204204206,0.038360360360360363,0.2313933933933934,0.00033033033033033035,0.0037117117117117116,0.0012612612612612612,0.00018018018018018018,0.015249249249249249,0.0042522522522522518
3178669733,0.19453453453453454,0.1392132132132132,0.069051051051051054,0.082732732732732739,0.28584384384384387,0.00010810810810810811,0.010024024024024024,0.00052852852852852857,0.00013813813813813813,0.19094294294294295,0.026882882882882882
3178671427,0.53690090090090092,0.029951951951951952,0.010162162162162163,0.033831831831831832,0.34169369369369368,2.4024024024024024e-05,0.0017237237237237237,0.0028228228228228229,0.00013213213213213214,0.031429429429429431,0.011327327327327327
3179502436,0.23171771771771771,0.00073873873873873876,0.39311711711711711,9.0090090090090091e-05,0.078984984984984991,0.13851651651651653,0.0054414414414414415,0.0018498498498498498,0.085693693693693687,0.0070870870870870873,0.056762762762762764
3179502664,0.31368768768768768,0.16861861861861863,0.0085105105105105112,0.019255255255255257,0.23012012012012012,0,0.00070870870870870875,0.0022402402402402401,1.8018018018018019e-05,0.25664864864864867,0.00019219219219219219
3179505860,0.2018078078078078,0.40457657657657659,0.065357357357357357,0.027141141141141141,0.26914714714714716,0.00039039039039039038,0.0049189189189189188,0.00085285285285285287,0.00031831831831831832,0.016834834834834833,0.0086546546546546546
3179508884,0.23172372372372371,0.26795795795795796,0.081447447447447446,0.079921921921921921,0.29169969969969972,0.00015615615615615616,0.0027927927927927929,0.0013933933933933933,0.00043243243243243243,0.028036036036036036,0.014438438438438438
3238907655,0.043493333333333335,0,0.87093866666666664,8.0000000000000007e-05,0.016746666666666667,0,8.5333333333333339e-05,0,0,0.00062399999999999999,0.068031999999999995
3238935053,0.0078933333333333338,2.1333333333333335e-05,0.18285866666666667,0.0038560000000000001,0.23733333333333334,0.00073066666666666668,0.0071253333333333333,0.00010666666666666667,0.00029333333333333333,0.34822933333333334,0.21155199999999999
3238944669,0.037482666666666664,0.31176533333333334,0.20808533333333334,0.19409599999999999,0.05098133333333333,0.00069333333333333334,0.0043733333333333332,0.028026666666666665,0.00097599999999999998,0.13895466666666667,0.024565333333333335
3239776630,0.061765333333333332,0.12893866666666667,0.30718400000000001,0.030442666666666666,0.31906133333333331,0.00047466666666666669,0.0018613333333333333,0.0020533333333333332,0.0012053333333333334,0.109696,0.037317333333333334
3239779492,0.039567999999999999,0.00026666666666666668,0.10754666666666667,0.58323733333333339,0.115888,0.00041599999999999997,0.031109333333333333,0.0028106666666666666,0.0011039999999999999,0.11511466666666667,0.0029386666666666667
3239781062,0.028106666666666665,0.00055466666666666663,0.046394666666666667,0.69893866666666671,0.14403733333333332,0,0.014362666666666666,0.0034666666666666665,0.00036266666666666668,0.062880000000000005,0.00089599999999999999
3239781990,0.031733333333333336,0.00011733333333333333,0.088570666666666673,0.61665599999999998,0.160112,0.00012266666666666668,0.025264000000000002,0.0025760000000000002,0.00053866666666666668,0.07341333333333333,0.00089599999999999999
3239783180,0.013669333333333334,0.0017973333333333333,0.24064533333333332,0.012277333333333333,0.287744,0.00027733333333333332,0.00077333333333333334,6.9333333333333329e-05,0.00029333333333333333,0.42992533333333333,0.012527999999999999
3239785078,0.006613333333333333,0.0012906666666666667,0.26251733333333332,0.068821333333333332,0.43049066666666669,0.0012639999999999999,0.040074666666666668,0.0019253333333333334,0.0023786666666666665,0.14319999999999999,0.041424000000000002
3239788122,0.0010186666666666666,2.1333333333333335e-05,0.38775999999999999,0.10865066666666667,0.037392000000000002,0.0069706666666666667,0.14100266666666667,0.0021706666666666667,0.0005706666666666667,0.24960533333333335,0.06483733333333333
3255539607,0.00017307692307692307,0.19592307692307692,0.086634615384615379,0.0056346153846153846,0.011326923076923076,0.045942307692307692,0.0049230769230769232,0.0015576923076923077,0,0.27134615384615385,0.37653846153846154
3255618721,0.048750750750750749,0,0.70640240240240237,0.01636036036036036,0.0095435435435435433,0.0150990990990991,0.11512912912912913,0.002048048048048048,0.00032432432432432431,0.035147147147147145,0.051195195195195192
3255623987,0.0048648648648648646,0.38806006006006005,0.17877477477477477,0.098582582582582581,0.020774774774774775,0.018876876876876877,0.02359159159159159,0.048072072072072071,0.0018018018018018018,0.032504504504504504,0.18409609609609609
3255625935,0.03305105105105105,0.059873873873873877,0.13324924924924925,0.07581981981981982,0.10003003003003003,0.11687687687687688,0.15636636636636636,0.016558558558558558,0.12777177177177176,0.17577777777777778,0.0046246246246246245
3256442764,0.012516516516516517,0.22848048048048047,0.34984984984984985,0.31615615615615617,0.032900900900900899,0.00013813813813813813,0.0043903903903903902,0.0014954954954954954,0.00027027027027027027,0.034594594594594595,0.019207207207207207
3352292923,0.38818666666666668,0.028613333333333334,0.065210666666666667,0.27537066666666665,0.013461333333333334,0.0093493333333333328,0.067823999999999995,0.028288000000000001,0.0041279999999999997,0.118992,0.00057600000000000001
3352295829,0.29505066666666668,0.27346666666666669,0.014474666666666667,0.32886399999999999,0.029184000000000002,5.3333333333333337e-06,0.00037333333333333332,0.0036800000000000001,0.00010666666666666667,0.054773333333333334,2.1333333333333335e-05
3352301331,0.25333333333333335,0.19277866666666665,0.0021013333333333335,0.379104,0.030794666666666668,0,0.0027093333333333331,0.031551999999999997,0.00012266666666666668,0.10742933333333334,7.4666666666666661e-05
3353112066,0.26808533333333334,0.49924266666666667,0.016992,0.11339733333333334,0.013301333333333333,0.0032000000000000002,0.023952000000000001,0.020192000000000002,0.028650666666666668,0.012986666666666667,0
3353114684,0.20075733333333334,0.27601599999999998,0.0031626666666666665,0.43126399999999998,0.025760000000000002,0,0.011264,0.025098666666666665,0.000224,0.026192,0.00026133333333333331
3353122928,0.13936000000000001,0.48625066666666666,0.00092266666666666669,0.23793600000000001,0.0046933333333333332,5.3333333333333337e-06,0.0026080000000000001,0.031919999999999997,3.7333333333333331e-05,0.096175999999999998,9.066666666666667e-05
3410022211,0.40280533333333335,0.52512000000000003,0.0065066666666666667,0.0071520000000000004,0.0027146666666666669,5.3333333333333337e-06,0.00020266666666666667,0.0052639999999999996,0.00047466666666666669,0.049621333333333337,0.00013333333333333334
3410032345,0.10682666666666667,0.21540799999999999,0.15753600000000001,0.22913600000000001,0.031178666666666667,3.7333333333333331e-05,0.0077866666666666666,0.026282666666666666,0.0023839999999999998,0.22317866666666666,0.00024533333333333335
3410044181,0.12669333333333332,0.012288,0.061290666666666667,0.43738666666666665,0.13456000000000001,0.00028266666666666669,0.0026879999999999999,0.075840000000000005,0.0036800000000000001,0.14466666666666667,0.00062399999999999999
3410052743,0.17400533333333335,0.0064000000000000003,0.052042666666666668,0.37313600000000002,0.04285866666666667,0,0.0013439999999999999,0.048256,0.0032853333333333332,0.29864000000000002,3.1999999999999999e-05
3410058939,0.218192,0.10269333333333333,0.15728533333333333,0.18966933333333333,0.032048,0,3.1999999999999999e-05,0.011333333333333334,0.00012799999999999999,0.28803733333333331,0.00058133333333333333
3410857260,0.13834133333333334,0.0063466666666666663,0.059456000000000002,0.36363200000000001,0.094693333333333338,2.1333333333333335e-05,0.0022560000000000002,0.048746666666666667,0.0019840000000000001,0.28408533333333336,0.00043733333333333336
3410860242,0.11971733333333333,0.027221333333333333,0.054389333333333331,0.55489599999999994,0.04565333333333333,0,0.0051413333333333337,0.039621333333333335,0.0026186666666666667,0.120752,0.029989333333333333
3410866204,0.160832,0.0029973333333333332,0.073162666666666668,0.65435200000000004,0.050736000000000003,1.5999999999999999e-05,0.0035733333333333333,0.040181333333333333,0.00096000000000000002,0.0078079999999999998,0.0053813333333333335
3410872336,0.18088000000000001,0.45155200000000001,0.039488000000000002,0.24047466666666667,0.015632,0,3.1999999999999999e-05,0.0084320000000000003,0.00022933333333333334,0.06232,0.00096000000000000002
3939810977,0.13752,0.34827733333333333,0.019882666666666667,0.37409599999999998,0.027413333333333335,2.6666666666666667e-05,0.001408,0.0043733333333333332,0.00099200000000000004,0.079941333333333336,0.0060693333333333337
3940589120,0.29738666666666669,0.053813333333333331,0.045306666666666669,0.24225066666666667,0.039450666666666669,8.0000000000000007e-05,0.018650666666666666,0.0015679999999999999,0.0010293333333333333,0.27510933333333332,0.025354666666666668
3940590124,0.0029493333333333333,0.0072480000000000001,0.024389333333333332,0.65553600000000001,0.0075626666666666663,0,0.023909333333333335,0.030447999999999999,0.011333333333333334,0.23270933333333332,0.003914666666666667
3940591306,0.12810666666666667,0.16209599999999999,0.17225599999999999,0.114896,0.12122133333333333,0.0019466666666666666,0.008442666666666666,0.001392,0.00085866666666666665,0.24810666666666667,0.040677333333333336
3952870058,0.0027006651884700665,0.23887361419068737,0.17391130820399114,0.038226164079822614,0.062971175166297119,0.021108647450110866,0.026847006651884702,0.010993348115299334,0.20960532150776054,0.046501108647450114,0.16826164079822617
3952873534,0.049088,0.091738666666666663,0.19925866666666667,0.10066666666666667,0.36461333333333334,0.0090986666666666664,0.015130666666666667,0.0073333333333333332,0.030528,0.11882133333333333,0.013722666666666666
4062567643,0.13154133333333334,0.043493333333333335,0.006698666666666667,0.54234133333333334,0.014826666666666667,0,0.018069333333333333,0.022389333333333334,0,0.21844266666666667,0.0021973333333333333
4062568003,0.10628266666666666,0.062288000000000003,0.015018666666666666,0.43680000000000002,0.0098080000000000007,0,0.017264000000000002,0.026229333333333334,5.3333333333333337e-06,0.322496,0.0038080000000000002
4062568401,0.046074666666666667,0.0048693333333333332,0.03288,0.77754666666666672,0.008064,1.0666666666666667e-05,0.024906666666666667,0.022602666666666667,3.1999999999999999e-05,0.082586666666666669,0.00042666666666666667
4062568869,0.17439466666666667,0.009973333333333334,0.042223999999999998,0.62545600000000001,0.018666666666666668,0,0.014031999999999999,0.031770666666666669,7.4666666666666661e-05,0.081477333333333332,0.0019306666666666667
4062569249,0.19243199999999999,0.021914666666666666,0.039888,0.32505066666666665,0.021685333333333334,0,0.0034453333333333332,0.048927999999999999,0.00028800000000000001,0.34245866666666669,0.0039093333333333332
4062569581,0.24437333333333333,0.023727999999999999,0.0037066666666666667,0.62054933333333329,0.041343999999999999,0,0.0015893333333333334,0.010064,0,0.05441066666666667,0.00023466666666666666
4062570069,0.14636266666666667,0.0097386666666666663,0.021856,0.602912,0.030661333333333332,0,0.035205333333333332,0.020682666666666665,0,0.12234133333333333,0.010240000000000001
4062571667,0.047888,0.0017973333333333333,0.05692266666666667,0.023829333333333334,0.62898666666666669,0,5.3333333333333337e-06,0.0011093333333333333,1.0666666666666667e-05,0.0010346666666666666,0.23841599999999999
4062572643,0.21277866666666667,0.017109333333333334,0.022863999999999999,0.50615466666666664,0.10966933333333333,0,0.0039839999999999997,0.036015999999999999,0.00075199999999999996,0.089674666666666666,0.00099733333333333336
4062572949,0.46938133333333332,0.011402666666666667,0.095871999999999999,0.012133333333333333,0.30921066666666669,0.00068800000000000003,0.0011306666666666668,0.0086933333333333342,0.0047253333333333331,0.0023146666666666667,0.084447999999999995
4063318122,0.098837333333333333,0.018384000000000001,0.022064,0.60198399999999996,0.031994666666666664,1.0666666666666667e-05,0.012885333333333334,0.019946666666666668,0,0.18744533333333332,0.0064479999999999997
4063318506,0.056559999999999999,0.00034666666666666667,0.17866666666666667,0.090298666666666666,0.58008533333333334,0,0,0.0030613333333333334,1.5999999999999999e-05,2.1333333333333335e-05,0.090943999999999997
4063318914,0.039295999999999998,0.0004906666666666667,0.18010133333333334,0.085802666666666666,0.56200000000000006,0,8.5333333333333339e-05,0.0050933333333333334,0.000224,0.0035999999999999999,0.12330666666666666
4063319588,0.49720533333333333,0.0030133333333333331,0.12555733333333333,0.015264,0.30986133333333332,3.1999999999999999e-05,1.5999999999999999e-05,0.0029919999999999999,0.00048000000000000001,0,0.04557866666666667
4063319920,0.33533333333333332,0.021375999999999999,0.13149866666666668,0.040154666666666665,0.35141333333333336,0.0010826666666666667,0.00092800000000000001,0.0095146666666666661,0.00033066666666666666,0.023802666666666666,0.08456533333333334
4288613239,0.15558620689655173,0.028386206896551726,0.15733793103448276,0.20293793103448277,0.066434482758620683,0.056337931034482758,0.060137931034482756,0.016551724137931035,0.036675862068965517,0.18450344827586207,0.03511034482758621
4295926845,0.111376,0.0061173333333333331,0.045610666666666667,0.33127466666666666,0.018762666666666667,0.0010346666666666666,0.017973333333333334,0.021343999999999998,0.020351999999999999,0.42596266666666666,0.000192
4295953433,0.16461333333333333,0.076623999999999998,0.204432,0.26773333333333332,0.042042666666666666,0.016768000000000002,0.018106666666666667,0.04429333333333333,0.10313600000000001,0.032597333333333332,0.029653333333333334
4296665684,0.015921465968586387,0.33452356020942409,0.015005235602094241,0.033120418848167542,0.026198952879581152,0.013214659685863875,0.013712041884816754,0.066178010471204182,0.0011727748691099475,0.32300523560209426,0.15794764397905758
4296690952,0.028853333333333335,0.40888000000000002,0.008117333333333334,0.52385599999999999,0.006181333333333333,0,0.00096533333333333334,0.00086399999999999997,0,0.021370666666666666,0.00091200000000000005
4296697498,0.18405866666666668,0.082634666666666662,0.17716799999999999,0.21245333333333333,0.05613866666666667,0.016869333333333333,0.0070239999999999999,0.035114666666666669,0.14485333333333333,0.020234666666666668,0.063450666666666669
4296700092,0.071071999999999996,0.16949333333333333,0.15829333333333334,0.16927466666666666,0.03642666666666667,0.053317333333333335,0.033248,0.062255999999999999,0.071066666666666667,0.10510933333333333,0.070442666666666667
4296701698,0.20144533333333334,0.19126933333333335,0.10045333333333334,0.20424533333333333,0.086512000000000006,0.016336,0.027637333333333333,0.021914666666666666,0.025104000000000001,0.065178666666666663,0.059903999999999999
4318799700,0.086037037037037037,0.001925925925925926,0.029977777777777777,0.037044444444444442,0.018162962962962964,0.069785185185185186,0.001562962962962963,0.0010962962962962964,0.017296296296296296,0.71836296296296298,0.018748148148148149
4636247391,0.061837349397590363,0,0.3703855421686747,0.17198795180722892,0.0029156626506024095,0.0034156626506024095,0.14357831325301204,0.00012048192771084337,0.0032710843373493976,0.23457228915662651,0.0079156626506024091
4636268953,0.083216374269005841,0.0030175438596491229,0.055801169590643275,0.51045614035087716,0.15995321637426901,0.00037426900584795324,0.011269005847953217,0.0003567251461988304,2.9239766081871346e-05,0.17293567251461989,0.0025906432748538013
4636860280,0.05532530120481928,4.2168674698795179e-05,0.43016265060240966,0.10759036144578313,0.0049879518072289157,0.0073132530120481928,0.08781325301204819,6.0240963855421684e-05,0.0033915662650602411,0.2853253012048193,0.017987951807228914
4640150206,0.082096385542168679,0.12547590361445782,0.022554216867469879,0.32171084337349398,0.068813253012048187,6.0240963855421684e-06,0.0012168674698795181,5.4216867469879516e-05,6.0240963855421684e-06,0.32684337349397591,0.051222891566265062
4683477697,0.44208533333333333,0.048538666666666667,0.128,0.29786133333333331,0.0049546666666666662,5.3333333333333337e-06,0.0011839999999999999,0.025962666666666665,0.00041599999999999997,0.050325333333333333,0.00066666666666666664
4683478763,0.2412,0.022197333333333333,0.11521066666666667,0.22154666666666667,0.22272533333333333,0.00089599999999999999,0.012202666666666667,0.00086933333333333329,5.3333333333333337e-06,0.14344533333333334,0.019701333333333335
4683480527,0.094074666666666668,0.21116799999999999,0.0096586666666666661,0.336256,0.00016000000000000001,0,0.074650666666666671,0.081189333333333336,0.0011146666666666666,0.19171733333333332,1.0666666666666667e-05
4683653489,0.018122666666666665,0.362288,0.46935466666666664,0.072319999999999995,0.066591999999999998,0,0.0093653333333333331,5.3333333333333337e-06,8.0000000000000007e-05,0.00035733333333333331,0.0015146666666666668
4683689501,0.025093333333333332,0.036448000000000001,0.17506133333333335,0.71505600000000002,0.026768,0,0,0,0,0.0085760000000000003,0.012997333333333333
4683693853,0.22697600000000001,0.052965333333333336,0.187856,0.172928,0.22489066666666666,3.7333333333333331e-05,0.019157333333333332,0.00039466666666666665,0,0.090480000000000005,0.024314666666666665
4684071566,0.169824,4.2666666666666669e-05,0.16744000000000001,0.017690666666666667,0.15246399999999999,0.0079146666666666671,0,8.5333333333333339e-05,2.6666666666666667e-05,0.056160000000000002,0.42835200000000001
4684074762,0.16004266666666667,0.027066666666666666,0.10801066666666667,0.31755733333333336,0.32506666666666667,0,7.4666666666666661e-05,0.00012799999999999999,0,0.060512000000000003,0.0015413333333333334
4684078516,0.13741333333333333,0.000224,0.36414400000000002,0.29899733333333334,0.00019733333333333332,0.010357333333333333,0.036783999999999997,0.005306666666666667,0.0025706666666666668,0.11892266666666666,0.025082666666666666
4684078910,0.023658666666666668,0.014341333333333333,0.28930666666666666,0.65138133333333337,0.001392,0.00042666666666666667,0.00067199999999999996,0.0011466666666666667,5.3333333333333337e-06,0.016847999999999998,0.00082133333333333331
4684082900,0.85207466666666665,0.001616,0.083103999999999997,0.017856,0.012597333333333334,0,9.6000000000000002e-05,0,0,0.029226666666666668,0.0034293333333333333
4684098372,0.10584533333333333,0.041248,0.095354666666666671,0.69503999999999999,0.0042826666666666664,0,0.0022453333333333331,0.047440000000000003,0.0084373333333333331,7.4666666666666661e-05,3.1999999999999999e-05
4684103230,0.25723733333333332,0.0022239999999999998,0.63939199999999996,0.039541333333333331,0.00011733333333333333,0.020570666666666668,0.0034826666666666665,0.013418666666666667,0.014357333333333333,0.0091039999999999992,0.00055466666666666663
4684246156,0.13603199999999999,0.010895999999999999,0.36275733333333332,0.31924799999999998,0.10139733333333334,5.3333333333333337e-06,0.03250666666666667,0.00013333333333333334,4.8000000000000001e-05,0.035274666666666669,0.0017013333333333333
4684325374,0.21564266666666668,0.011247999999999999,0.076976000000000003,0.46294933333333332,0.14407466666666666,0,0.000144,0.00089066666666666667,0,0.087685333333333337,0.00038933333333333333
4707151533,0.08133866666666667,0.33868799999999999,0.35198933333333332,0.097077333333333335,0.10524799999999999,0,0.012682666666666667,0.0014026666666666666,5.3333333333333337e-06,0.0031893333333333335,0.0083786666666666662
4707151545,0.056911999999999997,0.25400533333333336,0.24198933333333333,0.28018133333333334,0.08900266666666666,0,0.019071999999999999,0.0072586666666666667,0.00017066666666666668,0.045274666666666664,0.0061333333333333335
4707151551,0.038421333333333335,0.35164266666666666,0.34617599999999998,0.054272000000000001,0.092069333333333336,0.000144,0.011205333333333333,0.0016479999999999999,0.00013333333333333334,0.017445333333333334,0.086842666666666665
4707151559,0.24908266666666667,0.00093866666666666664,0.010186666666666667,0.71146133333333328,0.0043146666666666663,0.00025066666666666667,0.000368,0.00097066666666666666,0,0.020944000000000001,0.0014826666666666666
4707179953,0.047754666666666667,0.031424000000000001,0.55709333333333333,0.21237866666666666,0.021098666666666668,0.0040746666666666665,0.0071466666666666666,0.0089599999999999992,3.1999999999999999e-05,0.078815999999999997,0.031221333333333334
4707179957,0.069648000000000002,0.24218666666666666,0.22852800000000001,0.20883733333333335,0.13571733333333333,5.3333333333333337e-06,0.010111999999999999,0.005744,0.00017066666666666668,0.062976000000000004,0.036074666666666665
4707179963,0.15386133333333332,0.010325333333333334,0.17674133333333333,0.26303466666666669,0.22728533333333334,4.8000000000000001e-05,0.014341333333333333,0.0077226666666666667,6.3999999999999997e-05,0.11762133333333333,0.028954666666666667
4707179969,0.046805333333333331,0.28890666666666664,0.32187199999999999,0.10077866666666667,0.21322666666666668,0,0.0015839999999999999,0.00038933333333333333,0,0.0026080000000000001,0.023829333333333334
4707179979,0.14523733333333333,0.12827733333333333,0.32067200000000001,0.15753066666666668,0.076789333333333334,5.8666666666666665e-05,0.0050506666666666668,0.0066506666666666667,4.2666666666666669e-05,0.13254933333333332,0.027141333333333333
4707179983,0.10764799999999999,0.12234133333333333,0.19050666666666666,0.28709866666666667,0.18543466666666666,0,0.015391999999999999,0.010010666666666666,0.00013866666666666666,0.056965333333333333,0.024464
4707775918,0.041477333333333331,0.26623466666666668,0.025551999999999998,0.35510399999999998,0.23246933333333333,0,0.0083359999999999997,0.0060959999999999999,5.3333333333333337e-06,0.063855999999999996,0.00086933333333333329
4707775920,0.064175999999999997,0.18833066666666667,0.088768,0.27726933333333331,0.28197333333333335,0.00032533333333333334,0.010288,0.0063733333333333333,0.0047093333333333336,0.072117333333333339,0.0056693333333333335
4707775922,0.20336533333333334,0.43443199999999998,0.062682666666666664,0.11194133333333334,0.16327466666666668,0,0.0090933333333333335,0.0063893333333333337,1.5999999999999999e-05,0.0064799999999999996,0.0023253333333333333
4707775924,0.38879999999999998,0.013290666666666666,0.085360000000000005,0.22314666666666666,0.126752,0.0081066666666666665,0.0021120000000000002,0.010117333333333334,0.0027306666666666668,0.116128,0.023456000000000001
4707839004,0.079343999999999998,0.22688,0.22291733333333333,0.21715733333333334,0.14988799999999999,2.1333333333333335e-05,0.017317333333333334,0.0075146666666666669,3.1999999999999999e-05,0.053381333333333336,0.025546666666666665
4822517891,0.032853333333333332,0.26742933333333335,0.49960533333333335,0.066885333333333338,0.12198933333333334,0,0.0018079999999999999,0.00027733333333333332,0.00013866666666666666,0.004352,0.0046613333333333333
4822519631,0.074111999999999997,0.28489599999999998,0.30529066666666665,0.19223466666666666,0.11986133333333333,5.3333333333333337e-06,0.00096533333333333334,0.00091200000000000005,5.3333333333333337e-06,0.0082933333333333331,0.013424
4822521655,0.027311999999999999,0.0024053333333333335,0.28459200000000001,0.60585599999999995,0.021295999999999999,0,0.0027573333333333334,0.0014933333333333333,0.00018133333333333334,0.05176533333333333,0.0023413333333333333
4822522725,0.50698133333333328,0.11906666666666667,0.066709333333333329,0.10602133333333333,0.063205333333333336,1.0666666666666667e-05,0.005221333333333333,0.0036319999999999998,5.3333333333333333e-05,0.11297066666666666,0.016128
4822523027,0.23301333333333332,0.0049439999999999996,0.10670933333333334,0.28047466666666665,0.11762133333333333,3.1999999999999999e-05,0.008757333333333334,0.0040159999999999996,3.1999999999999999e-05,0.19557866666666668,0.048821333333333335
4822523565,0.28611199999999998,0.104016,0.16677866666666666,0.21224533333333334,0.036111999999999998,0.002784,0.029856000000000001,0.0047413333333333335,0.007744,0.14559466666666668,0.0040159999999999996
4822524241,0.38000533333333331,0.15898666666666667,0.080250666666666665,0.15492266666666665,0.11551466666666667,0,0.0066080000000000002,0.0029226666666666667,2.1333333333333335e-05,0.081493333333333334,0.019274666666666666
4822526915,0.14716266666666666,0.21828266666666668,0.19745599999999999,0.11727466666666667,0.25263466666666667,0.00062933333333333331,0.00058133333333333333,0.0074346666666666667,0.00024000000000000001,0.046581333333333336,0.011722666666666666
4823132978,0.42745066666666665,0.16168533333333332,0.034000000000000002,0.185584,0.098186666666666672,0,0.00029866666666666664,0.0015786666666666666,5.3333333333333337e-06,0.09116266666666667,4.8000000000000001e-05
4823133798,0.25626133333333334,0.18685333333333334,0.12396799999999999,0.2576,0.11203200000000001,0,0.00042666666666666667,0.0023413333333333333,9.6000000000000002e-05,0.05840533333333333,0.002016
4823134114,0.30792533333333333,0.078848000000000001,0.16810666666666665,0.30378666666666665,0.052597333333333336,2.6666666666666667e-05,0.00095466666666666671,0.0060693333333333337,0.000272,0.074490666666666663,0.0069226666666666664
4823138672,0.019733333333333332,0.027567999999999999,0.67769599999999997,0.23758399999999999,0.023397333333333332,0,0.00077866666666666666,0.0010346666666666666,0.00014933333333333332,0.0072746666666666663,0.0047840000000000001
4823139220,0.28406933333333334,0.040986666666666664,0.13472000000000001,0.20880533333333334,0.096757333333333334,0,0.0071946666666666669,0.0047306666666666669,0.00013866666666666666,0.21563199999999999,0.0069653333333333329
4823142584,0.37952000000000002,0.0095999999999999992,0.41379199999999999,0.14304533333333333,0.018815999999999999,0.00029333333333333333,0.0024586666666666667,0.00232,0.0027093333333333331,0.021104000000000001,0.0063413333333333334
4823143418,0.11844266666666667,0.22939733333333334,0.36068800000000001,0.069295999999999996,0.15261333333333332,3.7333333333333331e-05,0.00065600000000000001,0.0019146666666666667,0.00017066666666666668,0.031978666666666669,0.034805333333333334
4854719231,0.04314133333333333,0,0.94738666666666671,0.0017440000000000001,0.0049280000000000001,1.5999999999999999e-05,0.0023786666666666665,9.6000000000000002e-05,3.7333333333333331e-05,0,0.000272
4854719689,0.084272,0,0.90317866666666669,0.00031466666666666665,0.0044426666666666668,0.0033973333333333334,0.0034186666666666666,2.1333333333333335e-05,0.00022933333333333334,1.0666666666666667e-05,0.00071466666666666662
4854720307,0.34279466666666669,0.013669333333333334,0.29356266666666669,0.082655999999999993,0.053354666666666668,2.1333333333333335e-05,0.030800000000000001,0.0096746666666666665,0.00045866666666666668,0.15587733333333334,0.017130666666666666
4854723355,0.16477866666666666,0.19241066666666667,0.45965333333333336,0.099984000000000003,0.073424000000000003,0.00010133333333333333,0.001248,0.0013066666666666667,0.00023466666666666666,0.0011253333333333334,0.0057333333333333333
4854728955,0.09293333333333334,0.313776,0.42061866666666664,0.041391999999999998,0.12972800000000001,5.3333333333333337e-06,5.8666666666666665e-05,0.00020799999999999999,0.000112,0.00045333333333333331,0.00071466666666666662
4854733283,0.24637866666666666,0.39739733333333332,0.16330133333333333,0.081152000000000002,0.10066666666666667,0,0.00010666666666666667,0.00027733333333333332,4.2666666666666669e-05,0.010613333333333334,6.3999999999999997e-05
4854740737,0.16392533333333334,0.18430933333333333,0.432064,0.10432533333333334,0.10320533333333333,5.8666666666666665e-05,0.00062399999999999999,0.00064533333333333337,0.00057600000000000001,0.0090240000000000008,0.0012426666666666667
4854742011,0.40878399999999998,0.0011573333333333333,0.20694399999999999,0.18946133333333334,0.13712533333333332,3.7333333333333331e-05,0.014864,0.0042613333333333331,0.00044799999999999999,0.020288,0.016629333333333333
4854744441,0.049104000000000002,0,0.46547733333333335,0.04957333333333333,0.053504000000000003,0.19188266666666667,0.001088,4.2666666666666669e-05,0.024288000000000001,0.032933333333333335,0.13210666666666668
4854744915,0.14398933333333333,0.084453333333333339,0.418352,0.087349333333333334,0.14591466666666666,2.6666666666666667e-05,0.013504,0.0085866666666666661,0.010469333333333334,0.08625066666666667,0.0011039999999999999
4855336608,0.20838933333333334,0.29237866666666668,0.29650666666666664,0.021989333333333333,0.16682133333333332,0.00022933333333333334,0.00087466666666666671,0.00042666666666666667,0.00082133333333333331,0.0072586666666666667,0.0043039999999999997
4855337804,0.48838933333333334,0.0094453333333333334,0.028485333333333335,0.20630933333333334,0.090927999999999995,5.3333333333333333e-05,0.0013173333333333333,0.0030026666666666665,4.8000000000000001e-05,0.16970666666666667,0.0023146666666666667
4855356012,0.10528533333333333,0.19067200000000001,0.52936000000000005,0.040287999999999997,0.12818666666666667,0,0.00073066666666666668,0.00010666666666666667,1.0666666666666667e-05,0.0010453333333333332,0.0043146666666666663
4855359798,0.083781333333333333,0.18579733333333334,0.45891199999999999,0.133072,0.13065066666666666,0,0.00049600000000000002,0.00020799999999999999,1.5999999999999999e-05,0.0058026666666666669,0.0012639999999999999
4855362442,0.38009066666666669,0.00072000000000000005,0.22045333333333333,0.20267733333333332,0.17177600000000001,0,0.0071840000000000003,0.001776,0.00036266666666666668,0.0058079999999999998,0.0091520000000000004
5392682851,0.14646385542168674,0.00051204819277108433,0.41331927710843375,0.18467469879518073,0.077825301204819272,0.00061445783132530124,0.040819277108433735,0.00016265060240963855,0.0031927710843373492,0.12239156626506024,0.010024096385542169
5394091593,0.083337349397590355,0.22698795180722892,0.084765060240963849,0.29804216867469879,0.099180722891566264,7.8313253012048196e-05,0.0049216867469879522,3.614457831325301e-05,1.2048192771084337e-05,0.18615060240963854,0.016487951807228916
5394098311,0.042313253012048191,0.2477289156626506,0.11977710843373494,0.19920481927710842,0.069692771084337343,9.6385542168674694e-05,0.0077168674698795178,4.2168674698795179e-05,1.8072289156626505e-05,0.28663855421686746,0.026771084337349399
5394107561,0.053897590361445785,0.3069277108433735,0.090524096385542166,0.18645783132530119,0.12212048192771084,0.00012650602409638553,0.012024096385542169,4.8192771084337347e-05,4.8192771084337347e-05,0.20193373493975902,0.025891566265060242
5394159515,0.082000000000000003,0.025150602409638553,0.11146987951807229,0.37895180722891564,0.19536746987951809,0.00025301204819277106,0.01441566265060241,8.4337349397590357e-05,6.6265060240963859e-05,0.16889759036144578,0.023343373493975902
5394167331,0.098815028901734103,0.13403468208092487,0.033468208092485546,0.3902023121387283,0.047705202312138727,0.00020231213872832371,0.038104046242774567,0.0071387283236994219,0.002115606936416185,0.24745664739884393,0.00075722543352601157
5394235281,0.17109638554216869,1.2048192771084337e-05,0.21219277108433734,0.33603012048192771,0.19274698795180722,6.0240963855421684e-06,0.0018975903614457832,6.6265060240963859e-05,0.00053614457831325298,0.075993975903614452,0.009421686746987951
5394651400,0.16138554216867471,0.00095180722891566262,0.053849397590361447,0.17182530120481929,0.31275301204819278,0,0.0047289156626506021,0.00020481927710843374,3.0120481927710842e-05,0.18971686746987951,0.10455421686746988
5394682068,0.013650602409638554,0.56971084337349398,0.01372289156626506,0.3321024096385542,0.0055180722891566263,0.00011445783132530121,0.0039578313253012046,0.00096385542168674694,0.00013253012048192772,0.059903614457831322,0.00022289156626506025
5394720638,0.14528313253012048,0.063777108433734936,0.039228915662650604,0.35025903614457832,0.15212048192771085,4.2168674698795179e-05,0.0065903614457831329,5.4216867469879516e-05,0,0.23067469879518071,0.011969879518072289
5394728194,0.087831325301204813,0.29026506024096388,0.20630120481927711,0.082367469879518068,0.26722289156626505,2.4096385542168674e-05,0.005644578313253012,0.00013253012048192772,0.00034939759036144581,0.032367469879518072,0.027493975903614458
5394734130,0.14912048192771085,0.12816867469879517,0.057277108433734937,0.30130722891566264,0.14811445783132529,3.0120481927710842e-05,0.0072590361445783128,1.8072289156626505e-05,0,0.1967409638554217,0.011963855421686747
5394740646,0.22821084337349398,0.01413855421686747,0.22990361445783133,0.22995180722891567,0.14194578313253012,0.00040361445783132532,0.0099879518072289158,1.8072289156626505e-05,0.00048192771084337347,0.13665662650602409,0.0083012048192771092
5394787364,0.058650602409638555,0.006048192771084337,0.12431325301204819,0.10989156626506025,0.26437951807228915,0.0040421686746987956,0.01616265060240964,0.00012048192771084337,0.001072289156626506,0.35536144578313256,0.059957831325301206
5394801336,0.040746987951807229,4.8192771084337347e-05,0.47097590361445785,0.057644578313253009,0.22698795180722892,0.011885542168674698,0.010837349397590361,9.0361445783132533e-05,0.002469879518072289,0.035915662650602406,0.14239759036144578
5865970925,0.22099099099099098,0.19603603603603603,0.11955555555555555,0.26863663663663662,0.18491891891891893,0,0.0036036036036036037,0.0016876876876876876,3.6036036036036038e-05,0.0033873873873873873,0.0011471471471471472
5865973377,0.024624624624624624,0,0.33613813813813814,0.14438438438438439,0.0023423423423423423,1.8018018018018019e-05,0.18913513513513514,0,3.6036036036036038e-05,0.30303303303303303,0.0002882882882882883
5865998709,0.23891891891891892,0.00088288288288288289,0.36362162162162165,0.10717117117117117,0.14858858858858859,3.6036036036036038e-05,0.028288288288288287,0.0055915915915915916,0.0015615615615615615,0.075939939939939943,0.029399399399399399
5865999403,0.14284684684684684,0.0028108108108108108,0.21684084084084085,0.21427627627627627,0.021117117117117116,0.0019639639639639638,0.045777777777777778,0.015819819819819819,0.00083483483483483484,0.32302102102102104,0.014690690690690691
5866518700,0.046258258258258259,0.18771771771771772,0.48526126126126123,0.099201201201201197,0.048048048048048048,0.00051051051051051054,0.047027027027027025,0.0017657657657657658,0.0044804804804804803,0.047675675675675676,0.032054054054054051
5866527166,0.050636636636636638,0.036048048048048051,0.20657057057057057,0.69145945945945941,7.8078078078078081e-05,0.00045045045045045046,0.0011411411411411411,0.0059759759759759759,0.0070330330330330331,0.00060660660660660662,0
5866528554,0.075867867867867866,0.0016096096096096097,0.52449249249249252,0.05568168168168168,0.002954954954954955,0.00058258258258258254,0.093471471471471473,0.0032912912912912914,0.00055255255255255253,0.23810810810810812,0.0033873873873873873
5866529014,0.080894894894894889,0.0032612612612612614,0.54071471471471466,0.072672672672672675,0.0024084084084084086,0.00032432432432432431,0.089903903903903903,0.0035615615615615616,0.00068468468468468467,0.20367567567567568,0.0018978978978978979
5866538178,0.35993393393393391,6.006006006006006e-06,0.57327927927927924,0.045513513513513515,0.00578978978978979,0.0059759759759759759,0.0011411411411411411,1.8018018018018019e-05,2.4024024024024024e-05,0.0012072072072072072,0.0071111111111111115
5866544574,0.079801801801801797,0.10545945945945946,0.52506906906906903,0.12954354354354355,0.12048648648648648,0.00030030030030030029,0.013585585585585586,0.00059459459459459464,0.00092492492492492488,0.018192192192192192,0.0060420420420420418
5866549144,0.036390390390390388,0.063321321321321317,0.61030630630630633,0.11413213213213214,0.013585585585585586,0.0013393393393393393,0.060072072072072075,0.0041681681681681685,0.0064564564564564561,0.079369369369369364,0.010858858858858858
5866554618,0.22239039039039038,0.04234234234234234,0.065927927927927926,0.52876276276276279,0.00023423423423423424,0,0.015657657657657656,0.032198198198198198,0.0023843843843843844,0.09009609609609609,6.006006006006006e-06
5866559996,0.099123123123123116,0.047459459459459459,0.29297897897897895,0.43381981981981982,7.2072072072072076e-05,2.4024024024024024e-05,0.0066306306306306304,0.064600600600600605,0.011585585585585586,0.043705705705705707,0
5866561430,0.15055255255255257,0.090528528528528524,0.40198798798798796,0.21541741741741741,0.00052852852852852857,0.023927927927927927,0.0091651651651651657,0.03353153153153153,0.017555555555555557,0.054192192192192193,0.0026126126126126128
5866561812,0.10424624624624625,0.033195195195195197,0.15962162162162163,0.42172972972972972,1.2012012012012012e-05,0.00015615615615615616,0.075723723723723727,0.025327327327327329,0.00012612612612612612,0.17971771771771772,0.00014414414414414415
8684202263,0.054826347305389218,0.26526946107784433,0.49509580838323353,0.048449101796407185,0.022185628742514969,0.00060479041916167663,0.011694610778443113,0.00014371257485029941,0.00026347305389221558,0.026053892215568863,0.075413173652694607
8684204191,0.069083832335329345,0.27773652694610779,0.21546706586826347,0.046610778443113773,0.11497604790419162,0.0010479041916167664,0.016305389221556887,0.0013712574850299401,0.0018502994011976048,0.16922155688622756,0.086329341317365263
8684212773,0.024646706586826349,0.29768263473053891,0.41479640718562877,0.081005988023952091,0.026742514970059882,0.062568862275449097,0.0082874251497005984,0.00054491017964071855,0.001622754491017964,0.05645508982035928,0.025646706586826346
8685319514,0.13820359281437125,0.21968862275449103,0.24764071856287426,0.11792814371257485,0.03430538922155689,0.00010179640718562875,0.016940119760479041,0.0010658682634730539,5.9880239520958083e-05,0.16905988023952095,0.055005988023952096
8685321724,0.076005988023952101,0.16546107784431138,0.35003592814371259,0.067646706586826352,0.062580838323353288,0.0015928143712574849,0.017395209580838324,0.00030538922155688621,0.0003473053892215569,0.054185628742514973,0.20444311377245508
8686233240,0.030281437125748503,0.20819161676646705,0.5930718562874252,0.09995209580838324,0.03688622754491018,0.00020359281437125749,0.00038323353293413174,0.00018562874251497005,0.00019760479041916167,0.00010778443113772454,0.030538922155688621
8688472757,0.051353293413173649,0.23525748502994012,0.18363473053892215,0.19238922155688623,0.049341317365269463,0.010658682634730538,0.0096706586826347304,0.00027544910179640717,0.17952694610778444,0.085706586826347311,0.0021856287425149699
8688480101,0.049047904191616767,0.095658682634730541,0.22128143712574849,0.12474251497005988,0.095502994011976053,0.0020479041916167664,0.029425149700598802,0.0014670658682634731,0.0018922155688622755,0.32170658682634728,0.057227544910179638
8688489893,0.051167664670658683,5.9880239520958083e-05,0.32516766467065866,0.39711976047904191,0.022083832335329342,0.095029940119760473,0.0095928143712574847,5.9880239520958085e-06,0.0003473053892215569,0.09607185628742515,0.0033532934131736527
8688502535,0.11003592814371257,0.13860479041916168,0.2502455089820359,0.24743712574850299,0.071293413173652689,0.00032335329341317366,0.026125748502994012,0.00050898203592814376,0.0010059880239520957,0.14546706586826347,0.0089520958083832338
8688529819,0.017754491017964072,1.1976047904191617e-05,0.75931736526946103,0.012191616766467066,0.00055089820359281434,0.12526946107784431,0.023467065868263474,0.00022754491017964071,0.014029940119760479,0.00055688622754491014,0.046622754491017965
8689601588,0.049275449101796411,0.24020359281437126,0.34394011976047906,0.063179640718562871,0.075095808383233528,0.0013233532934131737,0.0097664670658682631,0.00013173652694610779,0.00018562874251497005,0.02291616766467066,0.19398203592814373
8689639898,0.10706367041198502,0.15469662921348315,0.4032434456928839,0.22658426966292136,0.055955056179775281,8.239700374531835e-05,0.0097303370786516862,0.0005767790262172285,0.00058426966292134835,0.034007490636704121,0.0074756554307116108
8693891765,0.19774251497005987,0.1998802395209581,0.14877844311377245,0.23237125748502993,0.19874251497005987,0,0.0013652694610778442,0.0061916167664670656,0,0.012239520958083833,0.0026886227544910182
8695014192,0.17851497005988023,0.096718562874251499,0.21783832335329342,0.22594011976047904,0.17574251497005988,0.00040718562874251499,0.00355688622754491,0.01222754491017964,0.002,0.073089820359281438,0.013964071856287424
9027337533,0.025783783783783785,0.078990990990990995,0.56422822822822827,0.092210210210210211,0.025195195195195197,0.00065465465465465466,0.028342342342342342,0.0023003003003003002,0.0049309309309309313,0.16472072072072072,0.012642642642642643
9027365431,0.019855855855855857,0.00012012012012012012,0.69646246246246246,0.0183003003003003,0.04452252252252252,0.031459459459459459,0.0039459459459459459,0.00019219219219219219,0.0052612612612612615,0.0081681681681681686,0.17171171171171171
9027372941,0.011807807807807809,0.28869669669669668,0.47503303303303301,0.054324324324324325,0.077651651651651651,0.00044444444444444447,0.017825825825825824,0.0023123123123123123,0.0028528528528528529,0.04234234234234234,0.026708708708708707
9027397731,0.015411411411411412,0,0.84068468468468471,0.094846846846846841,0.017057057057057057,4.8048048048048048e-05,0.018108108108108107,0.00027027027027027027,0.0062462462462462461,0.0057777777777777775,0.0015495495495495496
9027414519,0.058900900900900902,0.47052852852852856,0.21801801801801801,0.010942942942942943,0.017951951951951952,0.0020360360360360359,0.0023243243243243243,0.0029789789789789788,0.0066186186186186187,0.20736336336336336,0.0023363363363363364
9027425329,0.062894894894894901,0.002774774774774775,0.46227627627627627,0.13657057057057057,0.13610210210210211,0.0074654654654654658,0.027453453453453455,0.0039459459459459459,0.0027927927927927929,0.12023423423423424,0.037489489489489491
9027464697,0.16400600600600601,0.18658258258258259,0.33702102102102099,0.072180180180180187,0.096246246246246253,0.0018258258258258258,0.076210210210210211,0.021567567567567569,0.010318318318318318,0.033297297297297294,0.0007447447447447447
9029558726,0.02037837837837838,0.38785585585585586,0.42219219219219217,0.002228228228228228,0.0025945945945945945,0.0045525525525525528,0.00056456456456456452,0.00069069069069069072,0.0045405405405405403,0.13047447447447447,0.023927927927927927
9029610152,0.022648648648648649,0.23627627627627629,0.45047447447447447,0.022786786786786788,0.082258258258258263,0.0015015015015015015,0.0082342342342342344,0.001039039039039039,0.0020660660660660659,0.14079879879879881,0.031915915915915916
9029632712,0.38287687687687688,0.002744744744744745,0.031927927927927931,0.32005405405405407,0.010084084084084084,0,0.021633633633633634,0.0015795795795795797,1.2012012012012012e-05,0.2289069069069069,0.00018018018018018018
9029637884,0.32249249249249251,0,0,0.54228828828828823,0,0,0,0,0,0.13521921921921923,0
9029663810,0.077081081081081082,0.17027027027027028,0.43529129129129129,0.161987987987988,0.05876876876876877,0.00052252252252252252,0.037207207207207209,0.0078138138138138143,0.004606606606606607,0.034360360360360359,0.012090090090090089
9029666834,0.00026143790849673205,0.85154901960784313,0,0.00012418300653594771,6.5359477124183003e-06,0,0,6.5359477124183003e-06,0,0.14805228758169936,0
9029676120,0.10197342192691029,0.39867774086378738,0.35126910299003322,0.024691029900332225,0.059734219269102988,0.010186046511627907,0.0010697674418604652,0.0046112956810631231,0.005980066445182724,0.026013289036544849,0.015794019933554816
9029686416,0.09802402402402402,0.011825825825825826,0.53207207207207208,0.040054054054054052,0.069441441441441445,0.0073513513513513516,0.011135135135135135,0.0037417417417417416,0.0060900900900900902,0.038762762762762762,0.18150150150150149
