1617315903,0.080174174174174176,0.23943543543543544,0.2357057057057057,0.12420420420420421,0.045657657657657655,0.040606606606606609,0.021501501501501503,0.18045045045045044,0.0058498498498498501,0.0077237237237237234,0.018690690690690692
1618199054,0.22803603603603603,0.037801801801801801,0.38615615615615617,0.17603003003003004,0.04888288288288288,0.015969969969969969,0.0088888888888888889,0.0065645645645645645,0.0073813813813813816,0.019909909909909911,0.064378378378378384
1618211638,0.13001801801801802,0.19379579579579578,0.1318918918918919,0.33678078078078078,0.0518018018018018,0.043075075075075075,0.0022402402402402401,0.081771771771771778,0.0096876876876876884,0.0017297297297297297,0.017207207207207208
199555553,0.22099719887955183,0.32141176470588234,0.15047619047619049,0.0095574229691876757,0.017137254901960785,0.090330532212885159,0.0011708683473389356,0.00040896358543417367,0.0069411764705882353,0.12535574229691876,0.056212885154061622
199555622,0.13547600000000001,0.29766399999999998,0.25190400000000002,0.072052000000000005,0.067692000000000002,0.076992000000000005,0.0099520000000000008,0.004424,0.005548,0.032444000000000001,0.045851999999999997
199555638,0.22092436974789917,0.056711484593837534,0.17447619047619048,0.40946218487394959,0.014946778711484594,0.073635854341736695,0.0015630252100840335,0.0007394957983193277,0.011154061624649859,0.0056974789915966387,0.0306890756302521
199555651,0.22108683473389357,0.34954621848739498,0.1716470588235294,0.057826330532212887,0.025137254901960785,0.081882352941176476,0.0091372549019607847,0.002773109243697479,0.019871148459383755,0.011859943977591037,0.049232492997198882
200239613,0.13719887955182072,0.50841456582633049,0.072739495798319329,0.15733333333333333,0.035456582633053221,0,0.0032605042016806722,0.00075070028011204487,0.00031372549019607844,0.083770308123249301,0.00076190476190476193
202685456,0.13058823529411764,0.37338375350140057,0.034862745098039216,0.38463305322128849,0.005792717086834734,9.5238095238095241e-05,0.00086834733893557427,0.00031372549019607844,1.1204481792717087e-05,0.063238095238095232,0.006212885154061625
2410209145,0.0087447447447447455,0.023687687687687687,0.32163363363363362,0.25545945945945947,0.057117117117117117,0.0016096096096096097,0.032000000000000001,6.006006006006006e-06,6.6066066066066071e-05,0.28818018018018016,0.011495495495495495
2490343911,0.14864864864864866,0.10194594594594594,0.12548948948948949,0.51853453453453457,0.084924924924924927,6.006006006006006e-06,0.00021621621621621621,0.00066066066066066071,6.0060060060060059e-05,0.011057057057057057,0.008456456456456457
2492169221,0.032531722054380666,0.00015105740181268882,0.71322054380664657,0.16938368580060423,0.00014501510574018128,0.033178247734138973,0.022996978851963747,0.010356495468277946,0.0057945619335347436,0.002054380664652568,0.010187311178247734
2492987710,0.14335470085470087,6.4102564102564103e-05,0.69571794871794868,0.065888888888888886,0.0014102564102564104,0.0042564102564102563,0.038837606837606835,0.0016538461538461537,0.023474358974358973,0.022341880341880341,0.0030000000000000001
2492989766,0.020343373493975903,0.0033072289156626505,0.69340361445783127,0.15740361445783133,0.0023373493975903615,0.049018072289156625,0.017295180722891566,0.01177710843373494,0.018825301204819279,0.011174698795180724,0.015114457831325302
2598262689,0.24328533333333333,0.50984533333333337,0.0087306666666666661,0.088981333333333329,0.064645333333333332,0.00025066666666666667,0.0022773333333333335,0.002496,0.00085866666666666665,0.078341333333333332,0.00028800000000000001
2598267621,0.20618666666666666,0.0032853333333333332,0.168272,0.43917866666666666,0.051312000000000003,2.1333333333333335e-05,0.014912,0.00044799999999999999,0.00012266666666666668,0.111392,0.0048693333333333332
2598275817,0.12184533333333333,0.0028,0.12951466666666667,0.11641600000000001,3.1999999999999999e-05,0.024442666666666668,0.19066133333333332,0.23641066666666666,0.16720533333333334,0.010496,0.000176
2598278457,0.38561066666666666,0.126448,0.0089226666666666673,0.092213333333333328,0.031989333333333335,0,0.00017066666666666668,0.0013013333333333334,0,0.35334399999999999,0
2598283515,0.080607999999999999,0.087312000000000001,0.0017866666666666667,0.33686933333333335,0.20962133333333333,0,0.0011946666666666666,0.0072426666666666664,0.00089066666666666667,0.27446933333333334,5.3333333333333337e-06
2598287827,0.20469866666666667,0.00025066666666666667,0.52477866666666662,0.19692799999999999,0.021728000000000001,0.0029386666666666667,0.0031466666666666665,0.0096586666666666661,0.0091520000000000004,0.0073546666666666665,0.019365333333333332
2598289307,0.44729600000000003,0.0057759999999999999,0.27053866666666665,0.17930133333333334,0.014656000000000001,0.0034026666666666667,0.0015466666666666667,0.027205333333333335,0.0098399999999999998,0.017536,0.022901333333333333
2598292317,0.028351999999999999,0.051173333333333335,0.29186666666666666,0.17974399999999999,0.00021333333333333333,0.0022880000000000001,0.077408000000000005,0.25586666666666669,0.020266666666666665,0.092111999999999999,0.0007093333333333333
2599102242,0.24584533333333333,0.0024213333333333335,0.17339733333333332,0.39599466666666666,0.071999999999999995,4.8000000000000001e-05,0.015173333333333334,0.00049600000000000002,0.00026666666666666668,0.084538666666666665,0.0098186666666666665
2599106838,0.036687999999999998,0.000192,0.24490133333333333,0.064282666666666669,3.1999999999999999e-05,0.019008000000000001,0.28207466666666664,0.13619200000000001,0.19653333333333334,0.014912,0.0051840000000000002
2599110112,0.025413333333333333,0.086741333333333337,0.41855466666666669,0.106368,3.1999999999999999e-05,0.0018933333333333332,0.012634666666666667,0.23071466666666668,0.042314666666666667,0.074874666666666673,0.00045866666666666668
2599112732,0.14006933333333332,0.198688,0.014288,0.438384,0.091375999999999999,1.0666666666666667e-05,0.021354666666666668,0.006645333333333333,0.00012799999999999999,0.08471466666666666,0.0043413333333333333
2599114404,0.18751999999999999,0.20651733333333333,0.004234666666666667,0.18881600000000001,0.097253333333333331,0,9.6000000000000002e-05,0.0054986666666666665,0.0016479999999999999,0.30841600000000002,0
2599119168,0.13364266666666666,0.082597333333333328,0.010810666666666666,0.31319999999999998,0.44644266666666665,5.3333333333333337e-06,0.0017813333333333333,0.0026613333333333333,0.00065066666666666669,0.0062986666666666668,0.0019093333333333334
2599123036,0.04878933333333333,0.00056533333333333338,0.09264533333333333,0.052069333333333336,3.1999999999999999e-05,0.032416,0.29184533333333335,0.12187733333333334,0.35665599999999997,0.0028853333333333335,0.00021866666666666668
2706401191,0.045968000000000002,2.6666666666666667e-05,0.50031999999999999,0.15495999999999999,0.0036640000000000002,0.11401600000000001,0.048256,0.052250666666666667,0.0083093333333333335,0.005861333333333333,0.066367999999999996
2707217746,0.31457066666666667,0.034277333333333333,0.016234666666666668,0.22720533333333334,0.086080000000000004,0,0.0019466666666666666,0.0092106666666666673,0.00081066666666666668,0.30924266666666667,0.00042133333333333335
2707220528,0.028400000000000002,0,0.81017600000000001,0.036154666666666668,0.0022826666666666668,0.019493333333333335,0.060597333333333336,0.0027786666666666667,0.020320000000000001,0.0016426666666666666,0.018154666666666666
2738576267,0.20621138211382115,0.39126829268292684,0.21234959349593496,0.072699186991869919,0.073804878048780484,0.0033983739837398375,0.0037560975609756096,0.00086991869918699185,0.00085365853658536585,0.016178861788617886,0.018609756097560975
275686095,0.60642042042042044,0.10000000000000001,0.13967567567567568,0.0017237237237237237,0.013705705705705706,0.010270270270270269,0.00034834834834834833,0.024612612612612612,0.0071771771771771773,0.0007027027027027027,0.09536336336336336
275686244,0.51346546546546545,0.061363363363363364,0.093741741741741741,0.0019879879879879879,0.0097477477477477485,0.047177177177177176,0.027009009009009009,0.14950150150150149,0.081021021021021017,0.0015375375375375375,0.013447447447447447
2789250531,0.080661333333333335,0.00030933333333333334,0.127632,0.13597333333333333,0.091754666666666665,0.077007999999999993,0.0046773333333333337,0.0066080000000000002,0.0029813333333333332,0.46658666666666665,0.0058079999999999998
2790093210,0.28136533333333336,9.6000000000000002e-05,0.057802666666666669,0.2056,0.045685333333333335,4.2666666666666669e-05,0.00041599999999999997,0.0020906666666666665,0.00017066666666666668,0.40562133333333333,0.0011093333333333333
2921930457,0.0035093333333333335,0.0020533333333333332,0.42197866666666667,0.0023306666666666667,0.0035040000000000002,0.31519466666666668,0.0045013333333333337,0.0025600000000000002,0.056714666666666663,0.025162666666666667,0.16249066666666667
2921941125,0.28065066666666666,0,0.47780266666666665,0.00037866666666666669,0.0094133333333333326,0.040874666666666663,0.00013866666666666666,0.006378666666666667,0.12691733333333333,0.000736,0.056709333333333334
2921951447,0.81337599999999999,0.087498666666666669,0.021877333333333332,0.0069119999999999997,0.022229333333333334,0.006234666666666667,8.5333333333333339e-05,0.0016586666666666666,0.0029653333333333333,0.015509333333333333,0.021653333333333333
2921958007,0.20383466666666666,5.3333333333333337e-06,0.23163733333333333,0.00012266666666666668,0.0011306666666666668,0.047386666666666667,0.00035199999999999999,3.1999999999999999e-05,0.089253333333333337,0.024389333333333332,0.40185599999999999
2921961809,0.029989333333333333,0.00018666666666666666,0.066789333333333339,0.0030720000000000001,0.006181333333333333,0.65391999999999995,0.00071466666666666662,0.000464,0.088101333333333337,0.0088319999999999996,0.14174933333333334
2921968941,0.0013866666666666667,0,0.43608533333333332,4.2666666666666669e-05,7.4666666666666661e-05,0.045525333333333334,0.0012639999999999999,3.7333333333333331e-05,0.0057493333333333337,0.075866666666666666,0.43396800000000002
2921995787,0.11998399999999999,0.17906666666666668,0.36332266666666668,0.010383999999999999,0.093114666666666665,0.038640000000000001,0.00017066666666666668,0.0011039999999999999,0.0050346666666666665,0.0022613333333333335,0.18691733333333332
2922761252,0.26539733333333332,0.538192,0.111792,0.012805333333333333,0.066106666666666661,1.5999999999999999e-05,5.3333333333333337e-06,0.00021333333333333333,5.8666666666666665e-05,0.0048746666666666669,0.00053866666666666668
2922767334,0.13235733333333333,0.22965333333333332,0.45170133333333334,0.020074666666666668,0.129856,1.5999999999999999e-05,9.066666666666667e-05,0.00029333333333333333,0.00044799999999999999,0.0063680000000000004,0.029141333333333335
2922770680,0.107264,0.30311466666666664,0.31682666666666665,0.027989333333333335,0.20243733333333333,0.00024533333333333335,0.00048000000000000001,0.0015466666666666667,0.00086933333333333329,0.0069173333333333335,0.032309333333333336
2922784790,0.16013866666666668,0.00050666666666666666,0.59779733333333329,0.00010133333333333333,0.0083573333333333329,0.032693333333333331,8.5333333333333339e-05,0.0021280000000000001,0.090672000000000003,0.0024533333333333334,0.10506666666666667
2922795314,0.11774933333333333,0,0.54268266666666665,3.7333333333333331e-05,0.0050133333333333332,0.048373333333333331,0.00068800000000000003,6.3999999999999997e-05,0.019744000000000001,0.0024053333333333335,0.26324266666666668
2922816914,9.6000000000000002e-05,0,0.64348799999999995,4.8000000000000001e-05,0.0030240000000000002,0.045461333333333333,0.00050133333333333334,5.3333333333333337e-06,0.009136,0.012325333333333334,0.28591466666666665
2922822312,0.0053173333333333336,0,0.12356266666666667,0,0,0.186192,0,0,0.0082719999999999998,0,0.67665600000000004
2922855998,0.066261333333333339,0.14821866666666667,0.31049066666666669,0.0076800000000000002,0.111168,0.10747733333333333,3.7333333333333331e-05,0.00093866666666666664,0.0090666666666666673,0.00014933333333333332,0.238512
2948847131,0.2399039039039039,0.16138138138138139,0.20414414414414414,0.25025825825825826,0.035225225225225226,0.026240240240240239,0.005063063063063063,0.060528528528528532,0.0043183183183183186,0.001903903903903904,0.011033033033033032
2948863377,0.2806006006006006,0.030828828828828828,0.39600000000000002,0.040372372372372373,0.09521921921921922,0.036648648648648648,0.0019579579579579579,0.068636636636636633,0.0065045045045045045,0.0025405405405405407,0.040690690690690694
2949717004,0.37484684684684683,0.22974774774774775,0.18183783783783783,0.058204204204204205,0.10485285285285285,0.0063123123123123119,0.0018798798798798798,0.0052672672672672673,0.0012432432432432433,0.010006006006006006,0.025801801801801801
2967134339,0.36560360360360361,0.34849249249249248,0.097369369369369366,0.0085345345345345346,0.0031291291291291293,0.021477477477477476,0.009249249249249249,0.12092492492492493,0.015303303303303303,0.00575975975975976,0.004156156156156156
2967134503,0.3070870870870871,0.39526726726726724,0.15015015015015015,0.0098918918918918918,0.045753753753753755,0.01795795795795796,0.0040060060060060059,0.020654654654654655,0.019675675675675675,0.0050090090090090088,0.024546546546546547
2967980386,0.64182582582582581,0.12634834834834835,0.11997597597597598,0.0088288288288288289,0.0082582582582582578,0.014216216216216217,0.0058618618618618617,0.065975975975975973,0.0012852852852852854,0.0015435435435435436,0.0058798798798798801
2967980588,0.38028828828828831,0.28885885885885887,0.19498498498498498,0.012306306306306306,0.024876876876876876,0.017519519519519518,0.0011831831831831832,0.050990990990990991,0.011255255255255255,0.0011351351351351351,0.016600600600600601
3161248705,0.48597333333333331,0.48048000000000002,0.0017813333333333333,0.0039306666666666665,0.0065760000000000002,0.00034133333333333335,0.00023466666666666666,0.019824000000000001,0.00050133333333333334,8.0000000000000007e-05,0.00027733333333333332
3161250951,0.18905066666666667,0.050992000000000003,0.19888,0.23058133333333333,0.11025600000000001,0.0052106666666666664,0.017269333333333334,0.04904,0.0025119999999999999,0.09432533333333333,0.051882666666666667
3161252379,0.203792,0.71754133333333336,0.0059306666666666666,0.0071840000000000003,0.0088000000000000005,0.00024000000000000001,0.0015733333333333333,0.052639999999999999,0.00073066666666666668,0.00012799999999999999,0.0014400000000000001
3161256443,0.10971733333333333,0.85005866666666663,0.0051200000000000004,0.0048746666666666669,0.0039573333333333335,0.00031466666666666665,0.00051199999999999998,0.023733333333333332,0.0010560000000000001,4.2666666666666669e-05,0.00061333333333333335
3161260655,0.16780800000000001,0.78141866666666671,0.0016000000000000001,0.016784,0.010592000000000001,0.00012799999999999999,0.00024000000000000001,0.020351999999999999,0.00035199999999999999,0.00054933333333333331,0.000176
3161262849,0.31415466666666669,0.52323733333333333,0.00017066666666666668,0.052469333333333333,0.07477866666666666,0,0.001072,0.020080000000000001,1.5999999999999999e-05,0.013968,5.3333333333333333e-05
3161264431,0.01712,0.49562133333333336,0.0023466666666666666,0.12815466666666667,0.29205333333333333,4.2666666666666669e-05,0.00296,0.032048,5.3333333333333337e-06,0.028330666666666667,0.0013173333333333333
3161267785,0.23126933333333333,0.38147733333333333,0.0031573333333333332,0.15358933333333333,0.17057066666666668,0.00035199999999999999,0.0023466666666666666,0.039424000000000001,0.00049600000000000002,0.016245333333333334,0.001072
3161268787,0.075797333333333328,0.89632000000000001,0.00080533333333333336,0.0080319999999999992,0.0022880000000000001,5.3333333333333337e-06,1.5999999999999999e-05,0.016650666666666668,1.5999999999999999e-05,5.3333333333333337e-06,6.3999999999999997e-05
3162081566,0.57697066666666663,0.000368,0.27150933333333332,0.0016053333333333334,0.03288,0.022458666666666665,0.00016533333333333333,0.037354666666666668,0.051269333333333333,0.00097599999999999998,0.0044426666666666668
3162082976,0.14815999999999999,0.065306666666666666,0.21156800000000001,0.41672533333333334,0.061615999999999997,2.6666666666666667e-05,0.0020906666666666665,0.0084693333333333339,0.00042666666666666667,0.08199466666666666,0.0036159999999999999
3162088564,0.18770666666666666,0.625888,0.0021493333333333334,0.11189333333333333,0.018319999999999999,0.00038933333333333333,0.00050133333333333334,0.052010666666666663,0.00041599999999999997,0.000176,0.00054933333333333331
3162092872,0.24408533333333332,0.67154666666666663,0.0014133333333333333,0.052762666666666666,0.0077013333333333335,6.3999999999999997e-05,6.3999999999999997e-05,0.021968000000000001,0.000176,4.2666666666666669e-05,0.000176
3162095060,0.078773333333333334,0.50005866666666665,0.0010986666666666666,0.38410133333333335,0.016544,8.5333333333333339e-05,0.00043199999999999998,0.016986666666666667,6.9333333333333329e-05,0.0014773333333333333,0.00037333333333333332
3162100804,0.22783999999999999,0.26714666666666664,0.0018133333333333332,0.089477333333333339,0.39498666666666665,0,3.7333333333333331e-05,0.016799999999999999,2.6666666666666667e-05,0.0005173333333333333,0.0013546666666666666
337226939,0.11804804804804805,0.01733933933933934,0.072906906906906904,0.14087087087087088,0.48293093093093092,0.0083843843843843836,0.0008708708708708709,0.00039639639639639637,0.0013573573573573573,0.04622222222222222,0.11067267267267267
350308932,0.46307507507507506,0.020270270270270271,0.20135735735735735,0.0030270270270270272,0.068120120120120115,0.071117117117117115,0.0014534534534534536,0.079927927927927925,0.0064324324324324328,0.0040780780780780785,0.08114114114114114
3759169099,0.21283483483483484,0.12618018018018018,0.066426426426426433,0.23950750750750752,0.056306306306306307,0.0018798798798798798,0.037045045045045043,0.022426426426426425,0.019441441441441443,0.21366966966966966,0.0042822822822822819
3759257079,0.19845645645645646,0.20614414414414414,0.0021561561561561564,0.43559159159159161,0.0084444444444444437,0.003171171171171171,0.0073273273273273274,0.0023783783783783785,0.0012252252252252253,0.13505705705705706,4.8048048048048048e-05
3759303603,0.20368168168168169,0.11488888888888889,0.035555555555555556,0.3082162162162162,0.029357357357357356,0.00093093093093093093,0.0012612612612612612,0.0096516516516516517,0.001045045045045045,0.23341741741741742,0.061993993993993995
3759753035,0.028198198198198198,0.023945945945945946,0.0035195195195195195,0.48605405405405405,0.18419819819819819,6.006006006006006e-06,0.004186186186186186,0.00013213213213213214,0,0.22001801801801801,0.049741741741741743
3759877843,0.017063063063063062,0.0054654654654654657,0.021261261261261263,0.5964264264264264,0.012858858858858858,7.2072072072072076e-05,0.009555555555555555,0.0026246246246246245,0.00051651651651651647,0.32172372372372371,0.012432432432432432
3760144251,0.048480480480480481,0.0024504504504504507,0.27849249249249247,0.052918918918918915,0.04511711711711712,0.0324984984984985,0.001045045045045045,0.00015015015015015014,0.028372372372372372,0.5077117117117117,0.0027627627627627629
3760187530,0.043525525525525528,0.029477477477477476,0.23308108108108108,0.098390390390390395,0.37335735735735737,0.00016216216216216215,0.085717717717717717,0.008066066066066066,0.0051171171171171172,0.11636036036036036,0.0067447447447447446
3760201030,0.014228228228228229,0,0.40944144144144146,0.019663663663663664,0.00091891891891891894,0.09802402402402402,0.24669669669669669,0.0024564564564564565,0.14502702702702702,0.036894894894894892,0.026648648648648649
3760286806,0.068762762762762761,0.00022822822822822822,0.4265045045045045,0.29418018018018016,0.013489489489489489,0.14771771771771772,0.023387387387387389,0.001039039039039039,0.0096336336336336342,0.0054354354354354357,0.0096216216216216208
3760335435,0.004175438596491228,0.80350877192982462,0.054126315789473682,0.00017543859649122806,0.0047298245614035084,0.00016842105263157895,7.017543859649123e-06,7.0175438596491223e-05,0.0080631578947368415,0.12497543859649123,0
3760515910,0.37377777777777776,0.0080300300300300293,0.0068768768768768772,0.3763783783783784,0.062732732732732735,2.4024024024024024e-05,0.011393393393393394,0.044030030030030032,7.2072072072072076e-05,0.11531531531531532,0.0013693693693693693
3760654960,0.35251051051051052,0.092036036036036037,0.0060120120120120118,0.35284084084084083,0.0072612612612612615,0,0.0043543543543543544,0.0051351351351351347,0.028936936936936938,0.15054654654654653,0.00036636636636636636
3760872678,0.19518318318318317,0.059993993993993994,0.032024024024024024,0.34945945945945944,0.041651651651651654,3.6036036036036038e-05,0.0096576576576576575,0.0036036036036036037,0.00084084084084084089,0.30699099099099098,0.00055855855855855858
3761037494,0.50527999999999995,0.0014986666666666666,0.20220266666666667,0.013141333333333333,0.0044213333333333335,0.030144000000000001,0.055466666666666664,0.0018506666666666667,0.016015999999999999,0.157808,0.012170666666666666
3761151888,0.020054054054054055,0.13108108108108107,0.33668468468468471,0.032408408408408411,0.07845645645645645,0.00018018018018018018,0.0020960960960960959,0.00022822822822822822,9.0090090090090091e-05,0.38395195195195198,0.014768768768768769
3877349119,0.12446236559139785,0.51909677419354838,0.047322580645161288,0.20427956989247312,0.031612903225806455,0.0043870967741935487,0.017247311827956989,0.0066451612903225803,0.0082903225806451614,0.035763440860215052,0.00089247311827956991
3885661491,0.27893866666666667,0.080261333333333337,0.037440000000000001,0.10097066666666667,0.089114666666666661,2.1333333333333335e-05,0.00010133333333333333,0.0014293333333333332,1.0666666666666667e-05,0.41085866666666665,0.00085333333333333333
3885662543,0.134352,0.093941333333333335,0.024303999999999999,0.081957333333333326,0.060581333333333334,0.00025599999999999999,0.00081599999999999999,0.001552,0.00029866666666666664,0.60153599999999996,0.00040533333333333334
3885665281,0.122224,0.44446933333333333,0.16412266666666667,0.016431999999999999,0.14338133333333333,0.00012799999999999999,0.00098666666666666672,0.0022560000000000002,0.0033600000000000001,0.087146666666666664,0.015493333333333333
3885697421,0.034549333333333335,0.0020106666666666667,0.60178133333333328,0.13150933333333334,0.11130133333333334,0.00093866666666666664,0.0058506666666666663,0.00082133333333333331,0.0010453333333333332,0.048522666666666665,0.061669333333333333
3885721603,0.65464,0.071941333333333329,0.0030453333333333335,0.13494933333333334,0.022346666666666667,1.5999999999999999e-05,0.0018240000000000001,0.015461333333333334,7.4666666666666661e-05,0.092069333333333336,0.0036319999999999998
3885725243,0.48629866666666666,0.16114666666666666,0.019199999999999998,0.31401600000000002,0.015674666666666667,3.1999999999999999e-05,0.00088533333333333335,0.0011946666666666666,0.00020799999999999999,0.0010186666666666666,0.00032533333333333334
3885728081,0.40950399999999998,0.40726933333333332,0.029600000000000001,0.13689599999999999,0.010336,6.3999999999999997e-05,0.0007093333333333333,0.00248,0.00030933333333333334,0.001632,0.0011999999999999999
3886456298,0.23458666666666667,0.10973333333333334,0.035936000000000003,0.11575466666666667,0.16494933333333334,6.3999999999999997e-05,0.00066133333333333333,0.0097813333333333329,0.0015893333333333334,0.32567466666666667,0.0012693333333333333
3886471948,0.48365124555160144,0.34281138790035587,0.039053380782918153,0.058384341637010673,0.065935943060498214,4.98220640569395e-05,9.2526690391459077e-05,0.0088896797153024919,0.00022064056939501779,7.1174377224199285e-06,0.00090391459074733096
3886492202,0.14860266666666666,0.0043573333333333337,0.40366933333333332,0.14454933333333334,0.17135466666666666,0.00022933333333333334,0.00248,0.00061333333333333335,0.00052266666666666661,0.013301333333333333,0.11032
3886519232,0.69304533333333329,0.03200533333333333,0.0034933333333333335,0.141072,0.014042666666666667,6.9333333333333329e-05,0.0021919999999999999,0.010682666666666667,6.3999999999999997e-05,0.097253333333333331,0.0060800000000000003
3886520566,0.41943999999999998,0.05284266666666667,0.076805333333333337,0.44384533333333331,0.0048853333333333335,0.00017066666666666668,0.00010133333333333333,0.00052800000000000004,0.00098133333333333341,0,0.00040000000000000002
3886523042,0.42120000000000002,0.053328,0.05969066666666667,0.45771200000000001,0.0063680000000000004,6.3999999999999997e-05,0.000224,0.00062933333333333331,0.00032000000000000003,0,0.000464
3886525796,0.52556266666666662,0.41880533333333331,0.0093866666666666664,0.035381333333333334,0.0087413333333333336,5.3333333333333337e-06,6.3999999999999997e-05,0.0015146666666666668,1.5999999999999999e-05,0.00012266666666666668,0.00040000000000000002
3886526290,0.44782206405693953,0.5097651245551601,0.02102491103202847,0.0041992882562277584,0.013772241992882562,1.4234875444839857e-05,2.8469750889679714e-05,0.0031245551601423488,0.00012811387900355873,0,0.00012099644128113879
4011385028,0.11476737160120846,0.0094561933534743209,0.036966767371601206,0.14333534743202417,0.28425981873111783,3.0211480362537764e-05,7.8549848942598182e-05,0.0020483383685800604,0.00037462235649546826,0.4069003021148036,0.0017824773413897281
4012214606,0.22488821752265861,0.45775830815709972,0.21942598187311177,0.0088519637462235647,0.073359516616314194,0.0017220543806646526,0.0031057401812688823,0.0065921450151057402,0.0013111782477341391,0.0011359516616314199,0.0018489425981873112
4012521236,0.41383974358974357,0.1417948717948718,0.15167307692307691,0.063737179487179482,0.062987179487179482,0.0019102564102564102,0.00059615384615384619,0.0018397435897435897,0.00051282051282051282,0.12542307692307691,0.035685897435897437
4016771837,0.2876686746987952,0.13571084337349398,0.19093373493975904,0.24459638554216867,0.060734939759036141,0.0095481927710843375,0.0024518072289156628,0.060951807228915661,0.0015120481927710842,0.00052409638554216866,0.0053674698795180727
4016826847,0.068640483383685807,0.063504531722054378,0.78716012084592146,0.0012809667673716013,0.013305135951661631,0.00027794561933534742,0.00044108761329305138,0.022404833836858006,0.0022235649546827794,0.0041933534743202414,0.03656797583081571
4016836935,0.16725075528700906,0.0043927492447129908,0.69393353474320241,0.0015045317220543806,0.0028277945619335347,0.043697885196374624,0.00095468277945619337,0.0037885196374622355,0.049516616314199395,0.0063383685800604229,0.025794561933534743
4016840355,0.43522658610271903,2.4169184290030212e-05,0.52856797583081572,0.0011057401812688821,0.0011540785498489426,0.013057401812688822,0.00053172205438066467,0.00017522658610271904,0.0057039274924471301,0.0036737160120845921,0.010779456193353474
4016937777,0.053981873111782479,0.007105740181268882,0.55126888217522663,0.17479758308157101,0.0017703927492447129,0.0089123867069486398,0.036761329305135954,0.012054380664652567,0.036145015105740183,0.10156495468277946,0.015637462235649546
4016939245,0.15049090909090909,0.017733333333333334,0.49861212121212123,0.18759999999999999,0.022375757575757577,0.00012121212121212121,0.00050909090909090913,0.0020242424242424241,0.00025454545454545456,0.10706060606060606,0.013218181818181818
4016940987,0.43746827794561932,0.0058247734138972811,0.0043806646525679756,0.30417522658610274,0.023051359516616313,0,0.00015105740181268882,0.00095468277945619337,0,0.22394561933534743,4.8338368580060424e-05
4016947621,0.21248942598187312,0.35047734138972808,0.097486404833836859,0.14070090634441088,0.081685800604229614,0.011425981873111783,0.010942598187311178,0.0043685800604229604,0.0036374622356495469,0.065154078549848948,0.02163141993957704
4017014699,0.057299093655589127,0.0034199395770392747,0.23924471299093655,0.34967371601208458,0.010404833836858005,0.0001148036253776435,0.011981873111782478,0.0039577039274924473,0.00079758308157099696,0.32183685800604228,0.0012688821752265861
4017587530,0.24786102719033232,0.041045317220543803,0.64154078549848947,0.0013111782477341391,0.00064048338368580065,0.023015105740181268,0.00047734138972809669,0.0074199395770392753,0.017003021148036254,0.0060543806646525681,0.01363141993957704
4017698526,0.25993957703927495,0.0032688821752265861,0.5001329305135952,0.10289425981873111,0.0038247734138972811,0.019051359516616313,0.02879154078549849,0.011987915407854984,0.014882175226586103,0.050435045317220546,0.0047915407854984896
4017744304,0.22656174334140436,0.037220338983050848,0.052343825665859565,0.14798547215496369,0.23930750605326875,2.9055690072639224e-05,0.017878934624697338,0.0017530266343825666,0.002271186440677966,0.26143825665859566,0.013210653753026635
4019348496,0.30045954692556637,0.014653721682847896,0.51330744336569578,0.11854368932038835,0.0084271844660194183,0.0025631067961165046,0.013825242718446602,0.008343042071197411,0.0017411003236245954,0.017106796116504855,0.0010291262135922331
4276880289,0.12489679715302492,0.035587188612099648,0.22511032028469752,0.19698932384341636,0.010398576512455515,4.98220640569395e-05,0.00090391459074733096,0.062192170818505338,0.0098149466192170819,0.33380782918149465,0.0002491103202846975
4276883779,0.017209964412811387,0.035701067615658361,0.017473309608540925,0.63031316725978648,0.0084483985765124552,0,0.0089893238434163702,0.00069750889679715304,7.1174377224199285e-06,0.28112455516014234,3.5587188612099643e-05
4276885251,0.10609964412811387,0.055409252669039143,0.022775800711743774,0.56948042704626334,0.017330960854092525,0,0.0088754448398576519,0.057729537366548039,9.2526690391459077e-05,0.16187188612099643,0.00033451957295373667
4276887523,0.033259786476868329,0.15705338078291814,0.20177935943060499,0.52447686832740215,0.0119288256227758,0.00088256227758007116,0.0029608540925266905,0.0055231316725978651,0.00011387900355871886,0.045950177935943061,0.0160711743772242
4276888303,0.025373665480427045,0.12126690391459075,0.34845551601423486,0.31021352313167261,0.0017295373665480427,0.0026476868327402134,0.025145907473309609,0.11448398576512456,0.01501779359430605,0.025444839857651246,0.010220640569395019
4276888849,0.79058362989323838,0.041416370106761566,0.024014234875444841,0.016064056939501779,0.012555160142348755,0.0023985765124555159,0.00063345195729537366,0.00011387900355871886,0,0.090355871886121,0.02186476868327402
4276893583,0.043736654804270463,0.015644128113879004,0.4088256227758007,0.23295373665480426,0.0097153024911032036,0.0033309608540925267,0.0096797153024911035,0.12356583629893239,0.072206405693950176,0.041829181494661923,0.038512455516014232
4277633874,0.22856227758007117,0.20890391459074734,0.27766548042704625,0.17715302491103202,0.028170818505338077,0,0,0.00045551601423487542,0.00032028469750889678,0.07078291814946619,0.0079857651245551602
4277639374,0.00084697508896797158,0.2991459074733096,0.2174661921708185,0.39985765124555162,0.018782918149466192,5.6939501779359428e-05,0.00070462633451957293,0.0046334519572953734,7.829181494661922e-05,0.033587188612099646,0.02483985765124555
4277641766,0.21654804270462633,0.11324555160142349,0.21508896797153024,0.21907473309608541,0.0021423487544483984,0.012604982206405694,0.055451957295373666,0.099701067615658362,0.01205693950177936,0.042754448398576513,0.011330960854092527
4277650218,0.00043416370106761563,0,0.034526690391459072,0,0.00038434163701067615,0.26254804270462634,0,2.1352313167259786e-05,9.2526690391459077e-05,0,0.70199288256227754
4277652254,0.30598576512455516,0,0.20995729537366548,0.000199288256227758,0.0007758007117437722,0.00015658362989323844,0.0047330960854092526,0.0066761565836298935,0.00076156583629893241,0.0080142348754448402,0.46274021352313166
4277653600,0.055153024911032029,0,0.6425551601423487,0.00059074733096085407,0.00027758007117437725,0.11407829181494662,0.034740213523131676,0.002690391459074733,0.012249110320284697,0.00091103202846975085,0.13675444839857651
4277654784,0.95974377224199292,0,0.033886120996441282,0,0.0063629893238434159,0,0,0,0,0,7.1174377224199285e-06
4471379667,0.23187349397590362,0.0017349397590361445,0.2802168674698795,0.39713253012048194,0.009018072289156626,0.0021084337349397591,0.004457831325301205,0.002078313253012048,0.0015662650602409638,0.061740963855421688,0.0080722891566265068
4471397099,0.32378915662650604,0.35722289156626508,0.079698795180722898,0.1965722891566265,0.0042168674698795181,0.0022951807228915664,0.014777108433734939,0.0013253012048192771,0.00020481927710843374,0.0094337349397590354,0.010463855421686747
4471494795,0.058957831325301205,0.030524096385542168,0.022939759036144577,0.47124698795180725,0.0025060240963855423,6.0240963855421684e-06,0.00024096385542168674,0.00043373493975903612,0.00071084337349397594,0.41243373493975904,0
4471758695,0.39704819277108433,0.0025421686746987951,0.35894578313253012,0.21564457831325301,0.0079277108433734936,0.001180722891566265,0.00065662650602409643,0.00057228915662650606,0.00050602409638554212,0.014536144578313252,0.00043975903614457834
4472153392,0.2833253012048193,0.3893734939759036,0.13385542168674699,0.087512048192771086,0.023674698795180724,0.0064036144578313251,0.00079518072289156631,0.0018554216867469879,0.001072289156626506,0.013337349397590362,0.058795180722891568
4472159392,0.6550542168674699,0.0023795180722891566,0.20166867469879518,0.056771084337349398,0.015421686746987951,0.013313253012048193,0.0038373493975903616,0.0017771084337349398,0.00062048192771084335,0.029536144578313252,0.019620481927710844
4472189916,0.19102469135802469,0.38783950617283952,0.085456790123456791,0.27503086419753087,0.029320987654320986,0.010858024691358025,0.00039506172839506171,0.00045679012345679014,0.00030246913580246913,0.00082716049382716044,0.018487654320987656
4472279006,0.26478313253012048,0.10320481927710844,0.37091566265060238,0.19871084337349398,0.013108433734939759,0.0040963855421686747,0.0071084337349397592,0.0016626506024096386,0.0005421686746987952,0.019487951807228916,0.016379518072289156
4472299636,0.34846385542168673,0.36624698795180721,0.038030120481927714,0.22965060240963855,0.0050060240963855423,0.0038313253012048193,0.00031927710843373495,0.0016506024096385541,0.00058433734939759038,0.0015240963855421687,0.0046927710843373497
4472413588,0.31198795180722894,0.06343373493975904,0.22695180722891567,0.21108433734939758,0.04709036144578313,0.066493975903614458,0.0059337349397590358,0.029259036144578313,0.0036686746987951808,0.0071084337349397592,0.026987951807228915
4472419172,0.13213855421686746,0.018668674698795181,0.11432530120481928,0.22445180722891567,0.020289156626506023,0,0.021355421686746989,0.0012168674698795181,0.002566265060240964,0.46487951807228917,0.00010843373493975903
4472422530,0.30021686746987952,0.0097650602409638555,0.16851807228915663,0.44781325301204822,0.010174698795180723,0.0015120481927710842,0.00074698795180722891,0.0013614457831325302,0.0023072289156626504,0.056174698795180722,0.0014096385542168674
4472434082,0.22053012048192772,0.4577530120481928,0.072066265060240969,0.20021686746987952,0.014457831325301205,0.0053674698795180727,0.0002108433734939759,0.00045783132530120482,0.00019277108433734939,0.0043975903614457829,0.024349397590361446
4472532454,0.38150602409638557,0.0014698795180722892,0.22404216867469878,0.33905421686746989,0.013240963855421686,0.0010783132530120482,0.0020180722891566267,0.00079518072289156631,0.001108433734939759,0.03322289156626506,0.0024638554216867472
4472535510,0.21484939759036145,0.0029277108433734939,0.17749999999999999,0.39657831325301207,0.0057771084337349399,0.00037951807228915662,0.0012951807228915662,0.0011325301204819277,0.0045783132530120485,0.19429518072289156,0.00068674698795180718
4477035103,0.19346175637393767,0.00024362606232294616,0.37901416430594903,0.073733711048158637,0.045399433427762037,4.5325779036827198e-05,0.014674220963172805,0.0056147308781869685,0.001660056657223796,0.23676487252124645,0.049388101983002836
4760014329,0.37592168674698795,0.51099397590361451,0.0010481927710843373,0.061186746987951804,0.049469879518072288,1.2048192771084337e-05,1.2048192771084337e-05,0.000644578313253012,0.00018072289156626507,6.0240963855421684e-05,0.00046987951807228915
4760025011,0.00015662650602409639,0.69949397590361451,0.0024397590361445783,0.23611445783132531,0.001174698795180723,0.00011445783132530121,0.0060180722891566268,0.0030301204819277107,0,0.051301204819277108,0.00015662650602409639
4760053519,0.36033132530120482,0.0069457831325301202,0.38953614457831326,0.037728915662650603,0.084036144578313252,0.00048795180722891569,0.00016867469879518071,0.00028313253012048192,1.8072289156626505e-05,0.004969879518072289,0.11549397590361446
4760065957,0.95533734939759041,3.0120481927710842e-05,0.030150602409638554,0.0044759036144578317,0.0036927710843373492,0.00083734939759036149,0.00016265060240963855,0.00014457831325301204,0.00011445783132530121,0.0029277108433734939,0.0021265060240963857
4760073205,0.53734939759036149,6.0240963855421684e-06,0.41357228915662653,0.017265060240963855,0.0038915662650602411,0.0092048192771084329,0.00053614457831325298,0.00010843373493975903,0.0015421686746987951,0.0055301204819277108,0.010993975903614457
4760086821,0.27424096385542168,0,0.3585120481927711,0,0.00036746987951807229,0.23329518072289157,0,3.0120481927710842e-05,0.10706626506024096,0.006319277108433735,0.020168674698795179
4760099615,0.938578313253012,3.0120481927710842e-05,0.03324096385542169,0.0037228915662650603,0.010993975903614457,0.0017228915662650603,0.00037951807228915662,0.00015060240963855423,0.00018674698795180723,0.0039638554216867468,0.0070301204819277112
4760427447,0.065704819277108431,0.6100843373493976,0.2211144578313253,0.031253012048192773,0.01933734939759036,0.0015963855421686746,0.0041506024096385546,0.00051204819277108433,0.00013855421686746988,0.012873493975903615,0.033234939759036145
4760666686,0.19050602409638553,0.00030120481927710846,0.54410240963855416,0.067680722891566264,0.032319277108433735,0.012740963855421688,0.00037349397590361445,0.00018072289156626507,0.00028915662650602408,0.021728915662650602,0.12977710843373494
4760673700,0.62282530120481927,0.00034337349397590359,0.27687951807228917,0.032186746987951806,0.045891566265060239,0.0020301204819277107,0.00015662650602409639,0.00016265060240963855,0.00037951807228915662,0.0021987951807228914,0.016945783132530121
4760680542,0.45634337349397591,0.04274698795180723,0.46357831325301208,0.0078674698795180732,0.009048192771084337,0.0024277108433734939,5.4216867469879516e-05,0.00065662650602409643,0.00036144578313253013,0.0077650602409638555,0.0091506024096385547
4760966330,0.080349397590361443,0.42166265060240965,0.2002409638554217,0.058849397590361445,0.17206024096385542,0.0016927710843373494,0.0009397590361445783,0.0010120481927710842,0.00050000000000000001,0.012313253012048192,0.050379518072289159
4760975624,0.063560240963855416,0.64128915662650599,0.17995180722891566,0.069632530120481928,0.026921686746987951,0.0021084337349397591,6.0240963855421684e-05,0.0014819277108433736,0.0010783132530120482,0.00049397590361445779,0.013421686746987951
4761096114,0.20487349397590363,0.59192168674698797,0.12551807228915662,0.016921686746987952,0.037957831325301207,0.0030361445783132529,8.4337349397590357e-05,0.00039759036144578315,0.00012048192771084337,0.00039759036144578315,0.018771084337349399
4761104584,0.30484337349397589,0.29004216867469879,0.13936144578313253,0.16213855421686746,0.053728915662650603,0.0028192771084337349,0.0013493975903614457,0.0016506024096385541,0,0.01063855421686747,0.033427710843373495
4804572913,0.18204266666666666,0.046448000000000003,0.091493333333333329,0.037893333333333334,0.23186133333333334,2.6666666666666667e-05,0.00073066666666666668,0.00044266666666666667,0.00018666666666666666,0.40728533333333333,0.0015893333333333334
4804578309,0.117488,0.028314666666666665,0.10656533333333333,0.06734933333333333,0.27594666666666667,0.00018133333333333334,0.0024480000000000001,0.00057600000000000001,0.00078399999999999997,0.39056000000000002,0.0097866666666666675
4805195722,0.13678399999999999,0.047871999999999998,0.12531200000000001,0.063541333333333339,0.26669333333333334,3.7333333333333331e-05,0.0013493333333333332,0.00036266666666666668,0.00034666666666666667,0.35468266666666665,0.0030186666666666665
4824282401,0.20545066666666667,0.39923733333333333,0.091642666666666664,0.010709333333333333,0.12642133333333333,0.00028266666666666669,0.00064000000000000005,0.00028800000000000001,2.1333333333333335e-05,0.16390399999999999,0.0014026666666666666
4824898368,0.24913066666666667,0.34727999999999998,0.021674666666666665,0.056970666666666669,0.045674666666666669,0.000144,0.0014506666666666667,0.004469333333333333,0.0015786666666666666,0.27124266666666669,0.00038400000000000001
4824903132,0.36678933333333336,0.351072,0.036352000000000002,0.019349333333333333,0.042863999999999999,0.00012799999999999999,0.00021866666666666668,0.00020266666666666667,1.5999999999999999e-05,0.18226666666666666,0.00074133333333333332
4881421629,0.19500266666666666,0.09202133333333333,0.16617599999999999,0.26365333333333335,0.0028479999999999998,0.033797333333333332,0.053802666666666665,0.15115200000000001,0.014656000000000001,0.025541333333333333,0.0013493333333333332
4881422019,0.38322133333333336,0.26281066666666669,0.13029866666666667,0.062591999999999995,0.0056693333333333335,0.0026773333333333332,0.019376000000000001,0.081525333333333339,0.017098666666666668,0.023834666666666667,0.010895999999999999
4881423519,0.19046399999999999,0.10635733333333333,0.22398399999999999,0.14063466666666666,0.0019946666666666667,0.055039999999999999,0.044421333333333334,0.105392,0.017989333333333333,0.101712,0.012010666666666666
4881425491,0.24547733333333333,0.47677333333333333,0.055525333333333336,0.11174933333333334,0.08418133333333333,0.000112,0.0055519999999999996,0.0022133333333333332,0.0013173333333333333,0.014901333333333334,0.0021973333333333333
4881426131,0.70251200000000003,1.0666666666666667e-05,0.243232,0.00023466666666666666,0.047978666666666669,2.1333333333333335e-05,0.00015466666666666667,0.00013866666666666666,1.5999999999999999e-05,0.00074666666666666664,0.0049546666666666662
4881426535,0.237264,0.33705600000000002,0.012474666666666667,0.23707733333333333,0.085317333333333328,0,0.0085333333333333337,0.0095680000000000001,2.6666666666666667e-05,0.07202133333333334,0.00066133333333333333
4881426911,0.13888533333333333,0.47539199999999998,0.006378666666666667,0.19100800000000001,0.12742400000000001,5.8666666666666665e-05,0.0086026666666666664,0.0068799999999999998,0.00052266666666666661,0.043568000000000003,0.0012800000000000001
4882028904,0.22552533333333333,0.47232000000000002,0.014053333333333333,0.23567466666666667,0.030906666666666666,0,0.00097599999999999998,0.0025760000000000002,5.3333333333333337e-06,0.017797333333333332,0.00016533333333333333
4882029298,0.24827733333333332,0.071503999999999998,0.21976533333333334,0.17607999999999999,0.0027680000000000001,0.0018773333333333333,0.031919999999999997,0.16925866666666667,0.0099573333333333337,0.066810666666666671,0.0017813333333333333
4882030814,0.236512,0.155168,0.13698133333333334,0.147952,0.0025760000000000002,0.0051946666666666669,0.046432000000000001,0.15673599999999999,0.0090880000000000006,0.10135466666666666,0.0020053333333333334
4882031282,0.21382933333333334,0.004352,0.27837333333333331,0.25040533333333331,0.0079839999999999998,0.029904,0.03304,0.090815999999999994,0.068805333333333329,0.011530666666666666,0.010959999999999999
4882031876,0.074485333333333334,0.7247946666666667,0.0062453333333333336,0.11945066666666666,0.027861333333333332,0.00023466666666666666,0.0040800000000000003,0.0031573333333333332,0.0023626666666666666,0.037141333333333332,0.00018666666666666666
4882035660,0.52892799999999995,0.059055999999999997,0.0024213333333333335,0.095696000000000003,0.018613333333333332,4.8000000000000001e-05,0.00055999999999999995,0.0053600000000000002,0.001248,0.28787733333333332,0.000192
4882036306,0.15194133333333334,0.48302933333333331,0.05464533333333333,0.15083199999999999,0.09003733333333333,0.00012266666666666668,0.003888,0.0028106666666666666,0.0015306666666666667,0.056490666666666668,0.0046719999999999999
4882062728,0.28464,0.20922666666666667,0.142928,0.24993599999999999,0.005306666666666667,5.8666666666666665e-05,0.0039680000000000002,0.054351999999999998,0.0021440000000000001,0.022709333333333335,0.024730666666666668
4982450323,0.33999466666666667,0.33854400000000001,0.13032533333333332,0.020576000000000001,0.15727466666666667,6.3999999999999997e-05,0.0007626666666666667,0.00041066666666666666,6.3999999999999997e-05,0.010864,0.0011199999999999999
4982534889,0.32159466666666664,0.45299733333333331,0.086437333333333338,0.020511999999999999,0.09506666666666666,0.0010506666666666668,0.00216,0.0017973333333333333,0.00047466666666666669,0.0085760000000000003,0.0093333333333333341
4983055224,0.17788266666666666,0.47696,0.064879999999999993,0.039168000000000001,0.19483733333333333,0.000192,0.0014666666666666667,0.00062933333333333331,2.1333333333333335e-05,0.040677333333333336,0.0032853333333333332
4983139760,0.23750933333333332,0.49425599999999997,0.071658666666666662,0.053498666666666667,0.08764266666666666,0.0012266666666666667,0.0044106666666666669,0.002336,0.0013813333333333334,0.035728000000000003,0.010352
4983144006,0.22222933333333333,0.51053333333333328,0.10917333333333333,0.03135466666666667,0.11343466666666667,0.00056533333333333338,0.0016800000000000001,0.00040000000000000002,5.3333333333333333e-05,0.0073013333333333333,0.0032746666666666666
4983147950,0.263936,0.48330666666666666,0.084698666666666672,0.018837333333333334,0.091791999999999999,0.00096533333333333334,0.0011839999999999999,0.0016853333333333334,0.00028266666666666669,0.049840000000000002,0.0034719999999999998
5199658391,0.32058858858858857,0.025903903903903906,0.087891891891891893,0.36751351351351352,0.045963963963963961,0.00059459459459459464,0.011111111111111112,0.0025705705705705707,0.0052852852852852857,0.13142942942942942,0.0011471471471471472
5199667171,0.15045645645645644,0.0086966966966966971,0.18195795795795797,0.11204804804804805,0.13658858858858858,0.0003783783783783784,0.0027627627627627629,0.0013153153153153154,0.0014174174174174175,0.38069069069069067,0.023687687687687687
5199668591,0.27819219219219221,0.022384384384384386,0.14129129129129128,0.22636636636636637,0.064396396396396396,0.0051771771771771773,0.019465465465465466,0.0073933933933933932,0.052888888888888888,0.072894894894894896,0.10954954954954955
5199669679,0.34802402402402405,0.0099759759759759752,0.097165165165165171,0.014498498498498498,0.22413813813813813,0.00079879879879879879,0.00016816816816816817,0.00022822822822822822,2.4024024024024024e-05,0.29940540540540539,0.0055735735735735733
5199670961,0.14669669669669669,0.041555555555555554,0.13039039039039038,0.4739219219219219,0.094732732732732736,2.4024024024024024e-05,0.0021621621621621622,0.0038018018018018017,0.00044444444444444447,0.096870870870870873,0.0093993993993994
5200253528,0.13531531531531532,0.0022222222222222222,0.03451051051051051,0.027585585585585586,0.14728528528528528,0,0.0010030030030030029,0.0024264264264264265,2.4024024024024024e-05,0.64839639639639635,0.0012312312312312312
5200254472,0.13382582582582583,0.0013633633633633633,0.055783783783783784,0.4296216216216216,0.042120120120120119,0.00018618618618618617,0.0022102102102102101,0.0018318318318318318,0.0054114114114114115,0.32724324324324322,0.00040240240240240242
5214455310,0.28439639639639641,0.44654654654654652,0.089309309309309304,0.014900900900900901,0.0070210210210210214,0.014696696696696697,0.019813813813813815,0.028834834834834833,0.0089609609609609606,0.082714714714714713,0.002804804804804805
5282366360,0.070784431137724549,0.027353293413173652,0.42685029940119762,0.36163473053892214,0.012862275449101797,0.00099401197604790411,0.00011976047904191617,0.0019760479041916169,0.0036706586826347307,0.048694610778443115,0.045059880239520955
5287120473,0.51413772455089823,0.0018263473053892216,0.3455389221556886,0.084167664670658685,0.0020179640718562875,0.02507185628742515,0.0003532934131736527,0.00037125748502994009,0.011485029940119761,0.0057904191616766467,0.0092395209580838321
5297649933,0.31804790419161677,0.00079041916167664668,0.56426347305389224,0.011335329341317365,0.00091017964071856284,0.025155688622754489,0.0013532934131736526,0.00042514970059880238,0.0049880239520958087,0.0055928143712574855,0.067137724550898198
5300824199,0.092354354354354351,0.57245645645645649,0.075945945945945947,0.08097297297297297,0.017429429429429429,0.00049249249249249251,0.0116996996996997,0.00084084084084084089,0.0023543543543543544,0.14493693693693693,0.00051651651651651647
5301419162,0.16253453453453454,0.01951951951951952,0.051921921921921924,0.18506906906906906,0.028522522522522523,0.0002942942942942943,0.0017357357357357358,0.0029669669669669671,0.028594594594594593,0.51809609609609608,0.0007447447447447447
53086536,0.11966933333333334,0.16936000000000001,0.028240000000000001,0.30156266666666665,0.027525333333333332,0,0.014085333333333333,0.0047786666666666663,0.00033599999999999998,0.33388800000000002,0.00055466666666666663
5311984129,0.12861261261261261,0.13941741741741742,0.19063663663663663,0.14437837837837839,0.11429429429429429,0.0015255255255255255,0.0046006006006006003,0.00056456456456456452,0.00033033033033033035,0.26594594594594595,0.0096936936936936943
5311984887,0.075519519519519518,0.047459459459459459,0.13203003003003003,0.036228228228228229,0.13888288288288289,0.0011471471471471472,0.0012492492492492493,0.00064264264264264268,0.070132132132132138,0.49630030030030031,0.00040840840840840841
5312004291,0.16006606606606608,0.68210810810810807,0.0090450450450450456,0.093435435435435435,0.0050930930930930931,0.00036636636636636636,0.014072072072072072,0.021003003003003003,1.8018018018018019e-05,0.0073153153153153157,0.0074774774774774774
5312566166,0.18067267267267267,0.29458258258258258,0.098396396396396399,0.10765765765765765,0.088810810810810811,0.00076876876876876877,0.0048168168168168171,0.001039039039039039,0.0017597597597597597,0.21105705705705705,0.010438438438438438
5312575134,0.07378378378378378,0.011507507507507507,0.17479879879879881,0.040462462462462462,0.011465465465465466,0.00068468468468468467,0.0014234234234234233,0.0029669669669669671,0.069405405405405407,0.613039039039039,0.00046246246246246244
5319095358,0.24959281437125749,0.032808383233532933,0.39351497005988023,0.15188023952095808,0.013544910179640719,0.0026766467065868263,2.9940119760479042e-05,0.0057604790419161674,0.00625748502994012,0.011281437125748504,0.13265269461077844
5324578005,0.14413756613756615,0.0086137566137566134,0.072962962962962966,0.20368253968253969,0.24067724867724868,0.00022222222222222223,0.0065185185185185181,0.0008465608465608466,0.0030052910052910053,0.30774603174603177,0.011587301587301587
5373379852,0.66284431137724553,0.0007125748502994012,0.12159880239520958,0.16925149700598802,0.013443113772455089,0.00037125748502994009,1.7964071856287426e-05,0.00080239520958083827,0.029568862275449102,0.00038323353293413174,0.0010059880239520957
5450278548,0.38126946107784432,5.3892215568862272e-05,0.17560479041916169,0.4288682634730539,0.013820359281437126,0,0,4.7904191616766468e-05,4.1916167664670657e-05,0,0.00029341317365269462
5495833815,0.072277456647398847,0.051387283236994222,0.060612716763005781,0.22138728323699422,0.082196531791907515,0.00065895953757225437,0.0090520231213872832,0.001583815028901734,0.0030173410404624279,0.49679768786127165,0.0010289017341040462
5573048197,0.27156886227544907,0.54761077844311379,0.010832335329341317,0.07535329341317365,0.048077844311377245,0.00010179640718562875,0.0027664670658682634,0.0034790419161676647,0.00052694610778443115,0.038676646706586826,0.0010059880239520957
5620652441,0.24098203592814371,0.5460359281437126,0.012634730538922155,0.10295808383233533,0.029143712574850298,0.00015568862275449101,0.0041077844311377242,0.0035389221556886229,0.00040718562874251499,0.058113772455089821,0.0019221556886227546
5630026705,0.37008383233532932,0.4263233532934132,0.023778443113772457,0.114,0.0089161676646706579,1.7964071856287426e-05,0.00043712574850299403,0.0020059880239520957,1.1976047904191617e-05,0.054347305389221556,7.7844311377245503e-05
5659996309,0.2384131736526946,0.12434730538922156,0.067251497005988023,0.38673652694610777,0.0056946107784431139,5.9880239520958085e-06,0.0051437125748502992,0.0011437125748502994,1.7964071856287426e-05,0.17097005988023953,0.00027544910179640717
5678449421,0.28567065868263475,0.22938922155688624,0.031257485029940121,0.33045508982035926,0.0043772455089820363,0,0.0026227544910179643,0.00096407185628742513,4.1916167664670657e-05,0.11497604790419162,0.00024550898203592813
5715363318,0.083712574850299398,0.58697005988023954,0.039347305389221557,0.14622155688622754,0.024263473053892214,0.0010479041916167664,0.020940119760479041,0.0061077844311377243,0.013227544910179641,0.077928143712574852,0.00023353293413173654
5991873775,0.38765333333333335,0.25833066666666665,0.073424000000000003,0.17999466666666666,0.095946666666666666,2.6666666666666667e-05,5.8666666666666665e-05,0.0014666666666666667,0.00074666666666666664,0.00091200000000000005,0.0014400000000000001
5991876581,0.27740266666666669,0.016853333333333335,0.30420266666666668,0.26146133333333332,0.010810666666666666,0.00069333333333333334,0.0071040000000000001,0.06838933333333333,0.024698666666666667,0.028080000000000001,0.00030400000000000002
5991876885,0.38431999999999999,0.066634666666666661,0.17705599999999999,0.16481066666666666,0.010325333333333334,0.008848,0.030586666666666668,0.05270933333333333,0.032960000000000003,0.058394666666666664,0.013354666666666667
5991877113,0.16117333333333334,0.017125333333333333,0.24496533333333334,0.27857066666666669,0.0029813333333333332,0.0075573333333333334,0.045434666666666665,0.04392533333333333,0.07403733333333333,0.12253333333333333,0.001696
5991877349,0.10879466666666666,0.38758399999999998,0.040016000000000003,0.37770133333333333,0.057008000000000003,0.0020426666666666666,0.0012426666666666667,0.0031626666666666665,0.0015786666666666666,0.01984,0.0010293333333333333
5991877927,0.21401600000000001,0.14375466666666667,0.05692266666666667,0.148448,0.241568,2.1333333333333335e-05,0.00022933333333333334,0.00072533333333333336,0.00088000000000000003,0.19292799999999999,0.00050666666666666666
5992430950,0.29313066666666665,0.23323733333333332,0.079568,0.21234133333333333,0.16103999999999999,4.2666666666666669e-05,0.00098133333333333341,0.0019146666666666667,0.00045866666666666668,0.011957333333333334,0.0053280000000000003
5992431508,0.31564799999999998,0.46387200000000001,0.055002666666666665,0.061797333333333336,0.097402666666666665,8.0000000000000007e-05,0.00064533333333333337,0.0017066666666666667,0.00051199999999999998,0.0025600000000000002,0.00077333333333333334
5992431782,0.40270933333333331,0.13257066666666667,0.074842666666666668,0.20588266666666666,0.11988799999999999,4.2666666666666669e-05,0.00065600000000000001,0.0035733333333333333,0.00021333333333333333,0.059146666666666667,0.00047466666666666669
5992432092,0.21925866666666666,0.065184000000000006,0.039114666666666666,0.234928,0.32468266666666667,0.00011733333333333333,0.0053813333333333335,0.0027626666666666667,0.00061333333333333335,0.10437333333333333,0.0035839999999999999
5992432566,0.12587733333333334,0.34496533333333335,0.091055999999999998,0.18618666666666667,0.22384000000000001,0.00039466666666666665,0.00068266666666666671,0.00038933333333333333,0.0017173333333333333,0.022005333333333332,0.0028853333333333335
5992432830,0.21858133333333332,0.044602666666666665,0.0080160000000000006,0.26335999999999998,0.14352000000000001,3.1999999999999999e-05,0.00071466666666666662,0.0049439999999999996,0.0010560000000000001,0.31469333333333332,0.00048000000000000001
5992433354,0.271984,0.066549333333333335,0.013658666666666666,0.30468266666666666,0.20070933333333332,1.0666666666666667e-05,0.0066346666666666663,0.006992,0.00029866666666666664,0.12545600000000001,0.0030240000000000002
5992433646,0.065823999999999994,0.0024373333333333335,0.59781333333333331,0.20425599999999999,0.026741333333333332,0.00248,0.015584000000000001,0.0070506666666666669,0.015994666666666667,0.052698666666666664,0.0091199999999999996
5992435138,0.085440000000000002,0.25621333333333335,0.11684799999999999,0.22854933333333333,0.20164799999999999,0.00024533333333333335,0.0011253333333333334,0.00080533333333333336,0.0013706666666666667,0.099215999999999999,0.0085386666666666666
6119267298,0.38320120120120121,0.078558558558558561,0.028600600600600601,0.35708108108108111,0.054162162162162165,0,0.0052072072072072073,0.011591591591591592,6.006006006006006e-06,0.079771771771771777,0.0018198198198198198
7189294274,0.17643500000000001,0.012999999999999999,0.22639500000000001,0.072580000000000006,0.087194999999999995,0.0012099999999999999,0.0041700000000000001,0.0012750000000000001,0.0046899999999999997,0.40619,0.0068599999999999998
7189687334,0.1989880239520958,0.29792814371257487,0.20659880239520959,0.14220958083832336,0.080610778443113776,0.00062874251497005993,0.0026886227544910182,0.0018383233532934132,0.0015209580838323354,0.064658682634730541,0.0023293413173652694
7189845902,0.10094294294294294,0.17022822822822822,0.33770570570570568,0.16499099099099099,0.0774054054054054,0.0015675675675675676,0.0053453453453453457,0.0012672672672672672,0.0023483483483483485,0.13515315315315315,0.0030450450450450451
7190120126,0.080870870870870873,0.34659459459459457,0.0067147147147147146,0.25233033033033031,0.25455255255255255,0.00039639639639639637,0.0014834834834834836,0.00075675675675675679,0.0002942942942942943,0.054786786786786786,0.0012192192192192193
7191340074,0.11158433734939759,0.40629518072289156,0.11368072289156626,0.081186746987951808,0.084789156626506018,0.00031325301204819278,0.0060783132530120481,0.0020903614457831324,0.00072891566265060237,0.19122289156626507,0.0020301204819277107
7191368356,0.086324324324324325,0.4252732732732733,0.10033033033033033,0.1292972972972973,0.078204204204204208,0.00031231231231231232,0.0084744744744744745,0.0017897897897897897,0.0025705705705705707,0.16514114114114115,0.0022822822822822822
7191423430,0.075291291291291293,0.29013213213213213,0.067135135135135138,0.2350990990990991,0.18714114114114114,0.0010030030030030029,0.0035615615615615616,0.0010930930930930932,0.0013093093093093093,0.13496696696696697,0.0032672672672672673
7191430992,0.071820359281437124,0.25434730538922157,0.070688622754491018,0.21846107784431137,0.14846107784431137,0.00079041916167664668,0.004275449101796407,0.0013053892215568862,0.0012694610778443114,0.2252994011976048,0.0032814371257485031
7195561558,0.24045645645645647,0.38183783783783781,0.033939939939939941,0.071243243243243243,0.075435435435435433,0.00023423423423423424,0.00076276276276276273,0.0036996996996996995,0.0034414414414414415,0.1882162162162162,0.00073273273273273272
7195577516,0.16917717717717717,0.37544744744744746,0.046162162162162165,0.12272072072072072,0.072234234234234238,1.8018018018018019e-05,0.0010330330330330329,0.00056456456456456452,5.4054054054054054e-05,0.21170570570570571,0.00088288288288288289
7195587892,0.19395195195195195,0,0.24106306306306308,0.41685885885885887,0.023681681681681683,0,0.014654654654654655,0.00015615615615615616,0.00015615615615615616,0.10914714714714714,0.00033033033033033035
7195592888,0.1935075075075075,0.41112912912912913,0.11125525525525526,0.097849849849849846,0.046984984984984983,0.0064444444444444445,0.021159159159159158,0.0008288288288288288,0.00069669669669669666,0.10703303303303303,0.0031111111111111109
7195597596,0.028558558558558558,0.7676576576576577,0.057873873873873875,0.086186186186186189,0.0064984984984984987,8.4084084084084086e-05,0.00572972972972973,0.00040840840840840841,1.8018018018018019e-05,0.043525525525525528,0.0034594594594594594
8325469161,0.75375088967971526,0.00033451957295373667,0.12962277580071174,0.037601423487544486,0.0036654804270462634,7.1174377224199285e-06,0.00087544483985765127,0.0020996441281138792,0.065202846975088963,0.0066049822064056943,0.00023487544483985766
8325469703,0.82301779359430605,0.00012811387900355873,0.11974377224199288,0.026612099644128116,0.00199288256227758,9.2526690391459077e-05,0.00197864768683274,0.0054163701067615659,0.014555160142348754,0.006391459074733096,7.1174377224199285e-05
8325470011,0.5387330960854092,0.058597864768683276,0.2110747330960854,0.028213523131672597,0,0,0.051188612099644128,0.080725978647686839,0.0074946619217081852,0.02397153024911032,0
8325470805,0.82888967971530247,0.00011387900355871886,0.1050035587188612,0.050071174377224199,0.00079715302491103199,0.00018505338078291815,0.0023843416370106763,0.00038434163701067615,0.0075729537366548043,0.0045480427046263342,4.98220640569395e-05
8325471785,0.94629181494661918,0.00016370106761565836,0.034099644128113879,0.002704626334519573,0.0021565836298932384,0.00066903914590747335,0.0012882562277580071,0.0011743772241992884,0.0020427046263345196,0.0025124555160142351,0.006896797153024911
8326526524,0.87675444839857652,9.9644128113878999e-05,0.051871886120996441,0.034078291814946621,0.00086120996441281137,0.00064768683274021356,0.001103202846975089,7.1174377224199285e-05,0.0028256227758007117,0.021957295373665479,0.0097295373665480436
8326526816,0.75230604982206406,0.0082064056939501785,0.083416370106761561,0.063644128113878998,0.01193594306049822,0,0.023110320284697509,0.013886120996441282,0.025594306049822064,0.0178932384341637,7.1174377224199285e-06
8326527310,0.87918149466192175,8.5409252669039142e-05,0.074975088967971532,0.026540925266903916,0.0021281138790035588,0.00041281138790035589,0.0007758007117437722,0.00067615658362989324,0.0046049822064056943,0.0018078291814946619,0.0088113879003558718
8326527544,0.71681850533807834,0.015793594306049822,0.19941637010676155,0.026797153024911032,8.5409252669039142e-05,0,0.0053380782918149468,0.0057153024911032026,0.029793594306049821,0.00022775800711743771,1.4234875444839857e-05
8326527826,0.39184341637010678,0.06188612099644128,0.4338861209964413,0.01105338078291815,9.2526690391459077e-05,0,0.0032455516014234876,0.0074661921708185051,0.0041067615658362993,0.086419928825622772,0
8326528174,0.80580782918149463,0.060740213523131671,0.040811387900355871,0.044128113879003561,0.00013523131672597865,0,0.010177935943060499,0.02098220640569395,0.0083416370106761568,0.0088683274021352319,7.1174377224199285e-06
8326528622,0.70626334519572953,0.00046263345195729537,0.16727402135231317,0.063423487544483986,0.00032028469750889678,2.8469750889679714e-05,0.0044412811387900359,0.0038220640569395017,0.045516014234875446,0.0083843416370106769,6.4056939501779363e-05
8326529064,0.85430604982206404,0.0014519572953736654,0.024590747330960856,0.091366548042704623,0.00056939501779359428,0,0.0041423487544483984,0.0043985765124555159,0.0077793594306049818,0.011380782918149467,1.4234875444839857e-05
8326529290,0.82795017793594305,0.00056939501779359428,0.056213523131672598,0.077466192170818501,0.0027259786476868325,2.1352313167259786e-05,0.0048469750889679718,0.0034661921708185055,0.020334519572953735,0.0063629893238434159,4.2704626334519571e-05
8326529498,0.77883985765124553,0.0018932384341637011,0.031487544483985767,0.13839857651245552,0.0032811387900355871,7.1174377224199285e-06,0.0033594306049822063,0.0061352313167259784,0.0047544483985765126,0.031843416370106764,0
8933603607,0.088531250000000006,0,0.21545833333333334,0.00054166666666666664,0.079067708333333334,0.00011458333333333333,0,4.1666666666666665e-05,0.0058020833333333336,0.00041666666666666669,0.61002604166666663
8933604059,0.0090986666666666664,0,0.45569066666666669,0.0028106666666666666,0.00015466666666666667,0.15371199999999999,0.24272533333333332,0.00010666666666666667,0.018741333333333332,0.094565333333333335,0.022394666666666667
8933604303,0.38241066666666668,0.0184,0.23377600000000001,0.22771733333333333,0.026970666666666667,0.00035733333333333331,0.018522666666666666,0.00014933333333333332,0.0084799999999999997,0.076352000000000003,0.0068640000000000003
8933604453,0.53849066666666667,0.116304,0.022485333333333333,0.263264,0.050304000000000001,1.0666666666666667e-05,0.00041066666666666666,0.00066666666666666664,6.3999999999999997e-05,0.0073866666666666664,0.00061333333333333335
8933604583,0.43636799999999998,0.051808,0.030389333333333334,0.23439466666666667,0.026592000000000001,0,0.00013333333333333334,0.0015733333333333333,0,0.21830933333333333,0.00043199999999999998
8933608283,0.21989333333333333,0.038442666666666667,0.56926399999999999,0.080165333333333338,0.028282666666666668,0.0020693333333333332,0.0013653333333333334,0.0013013333333333334,0.014224000000000001,0.0068586666666666666,0.038133333333333332
8933608673,0.66250666666666669,0.00047466666666666669,0.13275200000000001,0.013653333333333333,0.080042666666666665,0.0084639999999999993,3.1999999999999999e-05,0.00028800000000000001,0.0018826666666666666,0.034032,0.065872
8933608827,0.35657478005865101,0.0065982404692082114,0.41217008797653959,0.014070381231671555,0.072064516129032252,0.0058416422287390028,0.021378299120234603,0.045384164222873898,0.012175953079178885,0.04126686217008798,0.012475073313782991
8933608989,0.098575999999999997,0.010016000000000001,0.43468800000000002,0.0024533333333333334,0.0057920000000000003,0.147952,0.0015306666666666667,0.00021333333333333333,0.26098133333333334,0.0060373333333333329,0.031759999999999997
8933609163,0.36536533333333332,0.009573333333333333,0.33817066666666667,0.084250666666666668,0.0053493333333333335,0.044309333333333333,0.023216000000000001,0.03543466666666667,0.049642666666666668,0.038448000000000003,0.0062399999999999999
8933609343,0.2385063938618926,0.00047570332480818416,0.15972378516624042,0.11926854219948849,0.028358056265984654,0.021647058823529412,0.0090434782608695644,0.001156010230179028,0.388230179028133,0.033498721227621486,9.2071611253196936e-05
8934218100,0.02997159090909091,0.0085113636363636364,0.76685227272727274,0.023397727272727271,0.017500000000000002,0.00030113636363636361,0.00082954545454545455,7.9545454545454551e-05,0.0011363636363636363,0.0026704545454545453,0.14874999999999999
8934218442,0.27413866666666664,0,0.48838933333333334,0.029936000000000001,0.00052266666666666661,0.00098133333333333341,0.034501333333333335,0.00041066666666666666,0.061733333333333335,0.10764799999999999,0.0017386666666666666
8934222522,0.61178947368421055,0.097388989715668478,0.084641258318209317,0.087380520266182704,0.0039879007864488808,0,0.037028433151845133,0.0082274652147610403,0.0084162129461584998,0.061139745916515428,0
8934222904,0.081781333333333331,0.0025546666666666665,0.27907733333333334,0.091909333333333329,0.047280000000000003,0.0018986666666666668,0.0061706666666666663,2.6666666666666667e-05,0.0011093333333333333,0.47394133333333333,0.014250666666666667
9524726579,0.24359336099585063,0.25312863070539421,0.045643153526970952,0.10950622406639005,0.15912448132780083,0.00041493775933609957,0.012576763485477179,0.0015560165975103733,0.0028174273858921164,0.15831535269709543,0.013323651452282158
9524730919,0.17341141141141142,0.29426426426426427,0.2461081081081081,0.087999999999999995,0.024162162162162163,0.0031951951951951951,0.041681681681681682,0.00037237237237237235,0.00014414414414414415,0.12396996996996996,0.0046906906906906904
9524741891,0.40326984126984128,0.022622222222222221,0.04507936507936508,0.169815873015873,0.18654603174603174,0.00027301587301587301,0.076006349206349202,0.0064761904761904765,0.0023999999999999998,0.086984126984126983,0.00052698412698412697
9524802541,0.28736443148688046,0.60769096209912532,0.023317784256559768,0.017457725947521867,0.010857142857142857,5.8309037900874637e-06,0.00019825072886297377,0.016641399416909623,6.9970845481049561e-05,0.03528279883381924,0.0011137026239067056
9527521558,0.30813213213213214,0.07663663663663664,0.10917717717717718,0.06851651651651651,0.18769969969969971,0.0033873873873873873,0.032438438438438438,0.0027627627627627629,0.00078078078078078076,0.17980780780780781,0.030660660660660661
9527576532,0.15966081871345028,0.019643274853801171,0.29681286549707603,0.31956140350877194,0.0081695906432748544,0.00043859649122807018,0.00058479532163742691,0.071994152046783624,0.0020584795321637425,0.11094152046783626,0.010134502923976609
9529796512,0.15008408408408408,0.31181981981981982,0.20070870870870872,0.1514174174174174,0.037789789789789786,0.0017057057057057057,0.0036816816816816816,0.043645645645645645,0.0036576576576576579,0.069915915915915922,0.025573573573573573
9535909325,0.22016216216216217,0.023783783783783784,0.25557957957957955,0.18282882882882884,0.191987987987988,0.0020120120120120121,0.0022102102102102101,0.025975975975975975,0.0049249249249249246,0.058888888888888886,0.031645645645645648
9535935853,0.15584384384384384,0.021027027027027027,0.234996996996997,0.16260660660660661,0.18898498498498498,0.012450450450450451,0.029609609609609611,0.036552552552552554,0.0011231231231231232,0.11368768768768769,0.043117117117117118
9535948987,0.20387387387387387,0.089057057057057062,0.13861261261261262,0.24316516516516518,0.15914714714714714,0.00033033033033033035,0.0069549549549549547,0.058252252252252251,0.00063663663663663663,0.083237237237237235,0.016732732732732732
9535975141,0.18374774774774774,0.042744744744744746,0.24207807807807807,0.16158558558558558,0.062348348348348348,0.00057657657657657661,0.0075615615615615616,0.025159159159159158,0.00099699699699699689,0.19907507507507508,0.074126126126126124
9538710516,0.14767567567567569,0.027141141141141141,0.31833633633633635,0.24968768768768768,0.083525525525525529,0.0027867867867867866,0.00043243243243243243,0.018216216216216215,0.0078678678678678685,0.11818618618618619,0.026144144144144146
9538749988,0.31594594594594594,0.13024624624624626,0.11811411411411411,0.242012012012012,0.029087087087087089,0.00042042042042042044,0.0026066066066066066,0.010642642642642643,0.0060240240240240243,0.14048048048048048,0.0044204204204204203
9538774254,0.093741741741741741,0.36672672672672674,0.10981981981981982,0.18033033033033033,0.039933933933933935,0.00071471471471471469,0.00030030030030030029,0.011369369369369369,0.0012732732732732733,0.16012612612612612,0.035663663663663664
9538786930,0.13515915915915916,0.20845045045045046,0.18291891891891893,0.22777177177177177,0.074852852852852855,0.00079879879879879879,0.00033633633633633635,0.011267267267267267,0.0011891891891891893,0.10711111111111112,0.050144144144144143
