1148678179,0.093920000000000003,0.50534933333333332,0.095877333333333328,0.15405333333333332,0.051743999999999998,0.00013866666666666666,0.0045440000000000003,0.0071999999999999998,0.0012960000000000001,0.083861333333333329,0.002016
1185018782,0.17904533333333333,0.56038933333333329,0.02376,0.13698133333333334,0.035322666666666669,0,3.1999999999999999e-05,0.00058133333333333333,0,0.063888,0
1185024608,0.028437333333333332,0.10352,0.20002666666666666,0.53421333333333332,0.011514666666666666,1.5999999999999999e-05,0.011765333333333333,0.0067413333333333336,0.000112,0.10329066666666667,0.00036266666666666668
1185030120,0.083701333333333336,0.61823466666666671,0.042938666666666667,0.199408,0.024288000000000001,1.5999999999999999e-05,0.0087146666666666674,0.0076959999999999997,5.3333333333333337e-06,0.01464,0.00035733333333333331
1250315709,0.18698666666666666,0.12260799999999999,0.066559999999999994,0.18443733333333334,0.089263999999999996,4.8000000000000001e-05,0.00052800000000000004,0.0028960000000000001,0.0039839999999999997,0.34258133333333335,0.00010666666666666667
1250317555,0.18036266666666667,0.16222933333333334,0.060762666666666666,0.17963733333333334,0.098655999999999994,5.8666666666666665e-05,0.00014933333333333332,0.00070399999999999998,0.000736,0.31663999999999998,6.3999999999999997e-05
1251192664,0.153312,0.22420799999999999,0.038314666666666664,0.37303466666666668,0.11819733333333333,0.00040533333333333334,0.0022613333333333335,0.00041066666666666666,0.00094933333333333339,0.08353066666666667,0.0053759999999999997
1345399308,0.28307199999999999,0.154032,0.06344533333333334,0.33090133333333333,0.069183999999999996,0,0.00032533333333333334,4.8000000000000001e-05,6.3999999999999997e-05,0.098879999999999996,4.8000000000000001e-05
158849802,0.03658666666666667,0.52273066666666668,0.12447466666666666,0.079631999999999994,0.11128533333333333,0,0.0037759999999999998,9.066666666666667e-05,0,0.070709333333333332,0.050714666666666665
158849998,0.038047999999999998,0.51502933333333334,0.130768,0.085199999999999998,0.10842666666666667,0,0.0038293333333333335,6.9333333333333329e-05,0,0.069722666666666669,0.048906666666666668
158850235,0.09033066666666667,0.5430666666666667,0.11192533333333334,0.13678399999999999,0.061541333333333337,0,0.0024693333333333334,0.00051199999999999998,5.3333333333333337e-06,0.037973333333333331,0.015391999999999999
158850431,0.030949333333333332,0.58480533333333329,0.10408000000000001,0.0070453333333333331,0.13223466666666667,0,3.1999999999999999e-05,0,0,0.00072533333333333336,0.140128
158866424,0.044581333333333334,0.65184533333333339,0.020442666666666668,0.084394666666666673,0.19492266666666666,0,0,5.3333333333333337e-06,0,0.00059199999999999997,0.0032160000000000001
158866615,0.03550933333333333,0.60130666666666666,0.038346666666666668,0.041626666666666666,0.27016533333333331,0,0,1.5999999999999999e-05,0,0.00032533333333333334,0.012704
158867236,0.085349333333333333,0.29957866666666666,0.046074666666666667,0.33051199999999997,0.096901333333333339,0.0010613333333333334,0.0045706666666666665,0.0032266666666666667,0.0026986666666666665,0.12617600000000001,0.0038506666666666667
2131411135,0.1571219512195122,0.023463414634146341,0.048353658536585367,0.025853658536585365,0.38046341463414635,0.00021341463414634146,0.0005792682926829268,0.00093902439024390241,0.00093902439024390241,0.34996951219512196,0.012103658536585366
2131411401,0.0085060240963855428,0.0019036144578313252,0.24669879518072288,0.011638554216867469,0.35037349397590362,0.0018734939759036144,3.614457831325301e-05,2.4096385542168674e-05,0.0013795180722891566,0.27650602409638553,0.10106024096385542
2131413503,0.16628228228228228,0.25032432432432433,0.0026666666666666666,0.00039639639639639637,0.34966366366366364,8.4084084084084086e-05,0.0012612612612612612,0.00057657657657657661,0.0044864864864864861,0.223987987987988,0.00027027027027027027
2132188900,0.041438066465256801,0.0041268882175226583,0.17529305135951662,0.0041450151057401815,0.47038670694864049,0.016217522658610272,0.00051359516616314199,0.0001933534743202417,0.01595166163141994,0.013867069486404834,0.25786706948640481
2199742801,0.10566399999999999,0,0.67487466666666662,0.0016426666666666666,0.12916266666666668,0,5.3333333333333337e-06,4.2666666666666669e-05,0,0.0022666666666666668,0.086341333333333339
223913594,0.059808,0.27438400000000002,0.36613866666666667,0.19526399999999999,0.049845333333333332,4.8000000000000001e-05,0.0010453333333333332,0.0016586666666666666,0.00078399999999999997,0.018053333333333334,0.032970666666666669
223913777,0.10082133333333333,0.49249599999999999,0.134016,0.12803733333333334,0.14002133333333333,0,0,1.0666666666666667e-05,0,0.00044266666666666667,0.0041546666666666668
223914037,0.027946666666666668,0.27990933333333334,0.53037866666666666,0.020634666666666666,0.042266666666666668,1.0666666666666667e-05,4.2666666666666669e-05,9.066666666666667e-05,0,0.012298666666666666,0.086421333333333336
2476294126,0.098704,0.017674666666666668,0.17477866666666667,0.31355733333333335,0.20029866666666668,0.0059306666666666666,0.061914666666666666,0.0041333333333333335,0.018794666666666668,0.055738666666666666,0.048474666666666666
2610057761,0.24623999999999999,0.14036266666666666,0.20949866666666667,0.084949333333333335,0.024053333333333333,0.0044373333333333331,0.015472,0.010293333333333333,0.091504000000000002,0.094682666666666665,0.078506666666666669
2612186959,0.14293333333333333,0.027882666666666667,0.093504000000000004,0.21073600000000001,0.028154666666666668,0.015818666666666668,0.10253333333333334,0.086912000000000003,0.19567999999999999,0.06930133333333334,0.026544000000000002
2615740385,0.0066666666666666671,0,0.67675733333333332,0.1032,0.156224,0.024490666666666668,0.0020799999999999998,1.0666666666666667e-05,8.5333333333333339e-05,0.019749333333333334,0.010736000000000001
2615746347,0.11237333333333334,0.00091200000000000005,0.41245333333333334,0.26375999999999999,0.070549333333333339,5.3333333333333337e-06,0.0053333333333333332,0.0011573333333333333,0.00093333333333333332,0.12701866666666667,0.0055040000000000002
2616562156,0.058853333333333334,0.0020960000000000002,0.54416533333333328,0.12826666666666667,0.153664,0.000368,0.0085439999999999995,0.0035893333333333333,0.00054933333333333331,0.098767999999999995,0.0011360000000000001
2616583918,0.089525333333333332,6.3999999999999997e-05,0.56829333333333332,0.100832,0.11040533333333333,0.011445333333333333,0.035765333333333336,3.7333333333333331e-05,9.066666666666667e-05,0.049562666666666665,0.033978666666666664
2703105035,0.16528533333333334,0.074922666666666665,0.010671999999999999,0.31141333333333332,0.11272533333333333,0.000464,0.0022186666666666665,0.0013546666666666666,8.5333333333333339e-05,0.31576533333333334,0.0050933333333333334
2703127043,0.20111999999999999,0.31083733333333335,0.22537066666666666,0.15168533333333334,0.077978666666666668,2.1333333333333335e-05,0.00048533333333333333,0.0038506666666666667,0.0059199999999999999,0.022197333333333333,0.00053333333333333336
2732223867,0.27068468468468471,0.31562762762762764,0.00070870870870870875,0.23317717717717718,0.0023723723723723723,0,0.00052852852852852857,0.00027627627627627627,0,0.17652252252252251,0.0001021021021021021
2732224763,0.37316516516516518,0.27822822822822824,0.010780780780780781,0.12694894894894895,0.028168168168168167,3.0030030030030029e-05,0.00076276276276276273,0.0018138138138138139,0.0029369369369369371,0.17707507507507508,9.0090090090090091e-05
2732237239,0.07332732732732733,0.2341981981981982,0.16258258258258257,0.18126126126126127,0.093417417417417423,0,0.00048048048048048047,0.001099099099099099,1.8018018018018019e-05,0.25064864864864866,0.0029669669669669671
2732239407,0.26966966966966965,0.059459459459459463,0.14190390390390389,0.060906906906906907,0.11453453453453454,1.2012012012012012e-05,0.00015615615615615616,0.0016756756756756757,0.0025045045045045044,0.34897297297297297,0.0002042042042042042
2733053522,0.45245045045045046,0.23564564564564563,0.043207207207207207,0.067687687687687681,0.018564564564564564,1.8018018018018019e-05,0.00072072072072072073,0.004972972972972973,0.0055495495495495499,0.17106906906906907,0.00011411411411411411
2733062198,0.089795795795795802,0.3021861861861862,0.33207207207207207,0.10006006006006006,0.068900900900900897,0.00076276276276276273,0.0016096096096096097,0.0024804804804804807,0.0065465465465465462,0.094432432432432434,0.0011531531531531532
2733066880,0.36251051051051053,0.025489489489489491,0.10690690690690691,0.13130930930930931,0.25823423423423425,2.4024024024024024e-05,0.011261261261261261,0.0055135135135135132,0.00079879879879879879,0.092900900900900904,0.0050510510510510514
2733069084,0.2826006006006006,0.2477957957957958,0.026912912912912913,0.12463063063063064,0.059831831831831835,0,0.00026426426426426428,0.001063063063063063,0,0.2569009009009009,0
2744424763,0.42663663663663665,1.2012012012012012e-05,0.395975975975976,9.0090090090090091e-05,0.0023483483483483485,0.15252252252252252,0.00025225225225225225,0.00013813813813813813,0.0023243243243243243,0.00045645645645645645,0.019243243243243242
2744426511,0.61837837837837839,0.00040240240240240242,0.16621021021021021,0.0004144144144144144,0.006216216216216216,0.12594594594594594,0.0003783783783783784,0.0006186186186186186,0.0037837837837837837,0.0018318318318318318,0.07581981981981982
2745260276,0.54592792792792788,6.6066066066066071e-05,0.18129729729729729,0.00045045045045045046,0.0052432432432432431,0.148012012012012,0.00024624624624624625,9.6096096096096097e-05,0.0053333333333333332,0.0017777777777777779,0.11154954954954956
2745260940,0.51368168168168171,7.8078078078078081e-05,0.23004204204204204,0.0002882882882882883,0.0016756756756756757,0.23761561561561562,0.00076276276276276273,0.00024624624624624625,0.0032792792792792794,0.0011771771771771772,0.011153153153153152
2745262194,0.51533333333333331,7.8078078078078081e-05,0.16811411411411412,9.6096096096096097e-05,0.0015855855855855855,0.14905105105105104,0.00086486486486486486,0.00034834834834834833,0.0059459459459459459,0.0041321321321321318,0.15445045045045044
2763075841,0.15909248554913294,0.23620231213872833,0.33305202312138726,0.14608670520231215,0.028005780346820809,0.0016531791907514451,0.0016184971098265897,0.0010346820809248555,0.00012716763005780348,0.025231213872832371,0.06789595375722543
2765054479,0.18339333333333332,0.13723333333333335,0.22045999999999999,0.17933333333333334,0.026079999999999999,0.00016666666666666666,0.00039333333333333332,0.00036000000000000002,8.0000000000000007e-05,0.17920666666666665,0.073293333333333335
2765059913,0.19541040462427745,0.024566473988439308,0.42168208092485548,0.27358381502890172,0.013398843930635838,0.00038150289017341039,0.0022832369942196533,0.0022485549132947977,8.6705202312138726e-05,0.020583815028901734,0.045774566473988441
2784052177,0.2191951951951952,0.27232432432432435,0.0025105105105105107,0.095519519519519522,0.28492492492492494,7.2072072072072076e-05,0.0011171171171171172,0.0041801801801801802,0.0041201201201201201,0.11589189189189189,0.00014414414414414415
2784053119,0.052288288288288291,0.37964564564564562,0.032078078078078075,0.058606606606606604,0.39254654654654653,0.00027027027027027027,0.0052612612612612615,0.0048768768768768771,0.00077477477477477482,0.041675675675675677,0.031975975975975977
2806871738,0.28641642228739,0.27941348973607039,0.13824046920821115,0.2192375366568915,0.035331378299120232,0.00028739002932551321,0.00099706744868035191,0.0011202346041055719,0.0030733137829912025,0.019102639296187683,0.016780058651026393
2824813143,0.21621828908554572,0.014495575221238939,0.30728613569321533,0.31772271386430678,0.011333333333333334,0.0022949852507374632,0.011333333333333334,0.0020589970501474928,0.00015339233038348082,0.076631268436578165,0.040471976401179943
2852785492,0.14130555555555555,0.0017986111111111111,0.21529166666666666,0.4528402777777778,0.033250000000000002,6.2500000000000001e-05,0.0006111111111111111,0.00020833333333333335,0.00021527777777777778,0.097881944444444438,0.056534722222222222
288817385,0.60539733333333334,0,0.28396266666666664,0.00053866666666666668,0.012293333333333333,0.052730666666666669,0.00020799999999999999,0.0025279999999999999,0.037093333333333332,0.0015839999999999999,0.0036640000000000002
288817407,0.71738133333333332,0.000176,0.12092266666666666,0.00024533333333333335,0.008064,0.101008,0.00029333333333333333,0.0010293333333333333,0.03465066666666667,0.0030826666666666667,0.013146666666666666
288817416,0.7057066666666667,4.2666666666666669e-05,0.10813866666666666,0.00035199999999999999,0.0039466666666666669,0.10610133333333334,0.00039466666666666665,0.0014986666666666666,0.058426666666666668,0.0031679999999999998,0.012224
288817420,0.64153454545454547,7.2727272727272728e-05,0.12457454545454545,0.00016000000000000001,0.0036727272727272728,0.16264000000000001,0.00055999999999999995,0.00043636363636363637,0.042458181818181819,0.0053454545454545456,0.018545454545454546
288836087,0.49020799999999998,0.00047466666666666669,0.29052266666666665,0.025610666666666667,0.058256000000000002,0.0051093333333333329,0.0061973333333333333,0.0053866666666666663,0.0014186666666666666,0.012448000000000001,0.104368
288842723,0.49545600000000001,0.0012266666666666667,0.295792,0.031989333333333335,0.046229333333333331,0.0044373333333333331,0.0070559999999999998,0.0079306666666666675,0.0014239999999999999,0.013167999999999999,0.095290666666666662
288842732,0.51612800000000003,0.0017493333333333334,0.29743466666666668,0.030197333333333333,0.031322666666666665,0.0054079999999999996,0.0091786666666666666,0.011946666666666666,0.0020373333333333333,0.014261333333333334,0.080336000000000005
2961652711,0.33236428571428572,0.41077142857142857,0.08315714285714286,0.089492857142857138,0.025878571428571428,0.00067142857142857141,0.00060714285714285709,0.0013714285714285714,0.0010857142857142858,0.04814285714285714,0.0064571428571428575
2961653657,0.18840714285714286,0.36997142857142856,0.17586428571428572,0.12968571428571429,0.049335714285714288,0.0014071428571428572,0.0010357142857142856,0.00044285714285714284,0.00047857142857142857,0.067064285714285715,0.016307142857142857
2961654667,0.1419,0.35684285714285713,0.29464285714285715,0.076014285714285715,0.058785714285714288,0.0030571428571428572,0.0023428571428571431,0.00075714285714285716,0.0022214285714285712,0.015514285714285715,0.047921428571428573
2961655365,0.12438571428571428,0.41551428571428572,0.28804285714285716,0.049635714285714283,0.05249285714285714,0.0037142857142857142,0.002807142857142857,0.00080000000000000004,0.0018500000000000001,0.0146,0.046157142857142855
2961657847,0.10744285714285715,0.31405714285714287,0.36673571428571428,0.042371428571428574,0.056042857142857144,0.0045500000000000002,0.0022571428571428573,0.00092857142857142856,0.0025428571428571427,0.013335714285714286,0.08973571428571428
2961702363,0.25185714285714284,0.009464285714285715,0.25914285714285712,0.093092857142857144,0.031164285714285714,0.0051428571428571426,0.0053,0.00059285714285714291,0.0029142857142857143,0.33120714285714287,0.010121428571428571
2962495956,0.38297857142857145,0.43899285714285713,0.068328571428571433,0.041671428571428575,0.023857142857142858,0.0011214285714285714,0.00059285714285714291,0.0017428571428571428,0.0021857142857142856,0.034214285714285711,0.0043142857142857141
2962497360,0.16415714285714286,0.80508571428571429,0.0013285714285714285,0.0016071428571428571,0.026392857142857142,0,7.1428571428571427e-06,7.1428571428571427e-06,0,0.0011571428571428572,0.00025714285714285715
2962504910,0.092764285714285716,0.32245714285714283,0.40382857142857143,0.031657142857142856,0.051142857142857143,0.0039642857142857145,0.00175,0.00064285714285714282,0.0020714285714285713,0.0092499999999999995,0.080471428571428569
2962505958,0.085928571428571424,0.31673571428571429,0.41560714285714284,0.03182142857142857,0.051549999999999999,0.003807142857142857,0.0012857142857142856,0.00063571428571428568,0.0015499999999999999,0.0065071428571428572,0.084571428571428575
2962506932,0.10652857142857143,0.29571428571428571,0.44731428571428572,0.034792857142857146,0.048292857142857144,0.0023857142857142857,0.0013428571428571428,0.00067857142857142855,0.00084285714285714281,0.0067857142857142855,0.05532142857142857
2962509486,0.15442857142857142,0.47404285714285715,0.25257142857142856,0.032564285714285712,0.045749999999999999,0.0019,0.00062857142857142853,0.00039285714285714287,0.0011785714285714286,0.0046499999999999996,0.031892857142857139
3247826633,0.12344781144781145,0.16926599326599326,0.28509764309764307,0.097373737373737376,0.020377104377104376,0.0002626262626262626,0.00036363636363636361,3.3670033670033668e-05,0,0.20043097643097643,0.10334680134680135
3560383506,0.16371733333333333,0.0014826666666666666,0.24038399999999999,0.28419733333333336,0.18396266666666666,0.00023466666666666666,0.044970666666666666,0.0010399999999999999,0.00091733333333333337,0.054997333333333336,0.024095999999999999
3567985611,0.23048533333333332,0.10382933333333333,0.26616533333333331,0.058256000000000002,0.074069333333333334,1.0666666666666667e-05,0.00041066666666666666,0.0035146666666666668,0.0010613333333333334,0.26194666666666666,0.00025066666666666667
3568120787,0.27515733333333331,0.46035199999999998,0.030522666666666667,0.15903466666666666,0.054272000000000001,5.3333333333333333e-05,0.0011839999999999999,0.010794666666666666,0.00094933333333333339,0.007541333333333333,0.00013866666666666666
3568140825,0.12179733333333333,0.31068266666666666,0.025696,0.30732799999999999,0.20829333333333333,0,0.0023893333333333332,0.0037973333333333336,3.7333333333333331e-05,0.019824000000000001,0.00015466666666666667
3568155965,0.22484799999999999,0.32102399999999998,0.044666666666666667,0.21703466666666665,0.084400000000000003,7.4666666666666661e-05,0.00066133333333333333,0.010512000000000001,0.0027626666666666667,0.09367466666666667,0.00034133333333333335
3568159209,0.11700266666666667,0.25806933333333332,0.036282666666666664,0.37606400000000001,0.058634666666666668,0.00067733333333333328,0.0010453333333333332,0.010880000000000001,0.010437333333333333,0.12895466666666666,0.001952
3568382785,0.40705066666666667,0.23349866666666666,0.16411733333333334,0.028128,0.0030773333333333334,0.057765333333333335,0.0016853333333333334,0.059375999999999998,0.013637333333333333,0.00029866666666666664,0.031365333333333335
3568387187,0.13472000000000001,0.42205866666666669,0.11662400000000001,0.077301333333333333,0.0072266666666666668,0.076111999999999999,0.016063999999999998,0.05955733333333333,0.0061333333333333335,0.0052853333333333337,0.078917333333333339
3568400411,0.69366399999999995,0.00084266666666666669,0.085877333333333333,0.020842666666666666,0.019359999999999999,0.070650666666666667,0.0029866666666666665,0.0035413333333333334,0.00092266666666666669,0.0055040000000000002,0.095808000000000004
3568956904,0.10826133333333333,0.087365333333333337,0.014282666666666667,0.17376,0.06282666666666667,0,1.5999999999999999e-05,0.00010133333333333333,0,0.55335999999999996,2.6666666666666667e-05
3568962714,0.17353066666666667,0.25593066666666664,0.043658666666666665,0.248192,0.10801066666666667,4.8000000000000001e-05,0.00029333333333333333,0.010304000000000001,0.0033279999999999998,0.15658133333333332,0.00012266666666666668
3569202366,0.15056533333333333,0.40857066666666669,0.11906133333333334,0.070277333333333331,0.0068106666666666663,0.079509333333333335,0.017274666666666667,0.062997333333333336,0.0059413333333333332,0.0048479999999999999,0.074144000000000002
3569205874,0.13893333333333333,0.41467733333333334,0.11306666666666666,0.079584000000000002,0.0078560000000000001,0.076405333333333339,0.016405333333333334,0.058597333333333335,0.0054293333333333338,0.005541333333333333,0.083503999999999995
3570535404,0.66614933333333337,0.00023466666666666666,0.17653333333333332,0.0030079999999999998,0.025722666666666668,0.00081066666666666668,0.00037866666666666669,0.00045866666666666668,0.00041066666666666666,0.0066080000000000002,0.11968533333333334
3570653642,0.30885866666666667,0.068543999999999994,0.040085333333333334,0.12347733333333333,0.17999999999999999,0,0.021002666666666666,0.0032160000000000001,1.0666666666666667e-05,0.25480000000000003,5.3333333333333337e-06
3570671126,0.08867733333333333,0.630768,4.8000000000000001e-05,0.025370666666666666,0.25105066666666664,0,5.3333333333333333e-05,0.0035893333333333333,1.0666666666666667e-05,0.00040533333333333334,2.6666666666666667e-05
3638189331,0.24553753753753754,0.039645645645645648,0.10735135135135135,0.31097897897897897,0.16930330330330332,4.2042042042042043e-05,0.0065285285285285287,0.007189189189189189,0.014966966966966967,0.089021021021021024,0.0094354354354354349
3638198319,0.22491891891891891,0.017069069069069069,0.28359759759759762,0.16646246246246246,0.069273273273273275,0.0074834834834834833,0.010114114114114114,0.006852852852852853,0.025435435435435437,0.17290090090090091,0.015891891891891892
3638203355,0.23437837837837838,0.041147147147147151,0.22176576576576576,0.1438078078078078,0.063627627627627623,1.2012012012012012e-05,0.0021621621621621622,0.0052852852852852857,0.00030030030030030029,0.28568168168168168,0.0018318318318318318
3638206801,0.23918918918918919,0.043603603603603602,0.21264264264264265,0.14387387387387388,0.06604804804804805,1.8018018018018019e-05,0.0019639639639639638,0.0036516516516516516,0.0002942942942942943,0.2871231231231231,0.0015915915915915915
3638208265,0.16036036036036036,0.038300300300300301,0.024900900900900903,0.26285285285285287,0.30443843843843843,0,0.00056456456456456452,0.0016096096096096097,0,0.20637237237237238,0.00060060060060060057
3638251767,0.33630630630630631,0.016534534534534535,0.22115315315315315,0.088984984984984986,0.10269669669669669,0.0081981981981981977,0.057399399399399399,0.00078078078078078076,0.0025105105105105107,0.15124924924924926,0.014186186186186186
3638264271,0.2898798798798799,0.072264264264264258,0.20468468468468468,0.20649249249249249,0.050480480480480483,0.00013813813813813813,0.0044744744744744745,0.002864864864864865,0.021537537537537538,0.055951951951951955,0.091231231231231225
3638273175,0.32233033033033032,0.014372372372372372,0.0312972972972973,0.16145345345345347,0.22978978978978978,0.0001021021021021021,0.0088108108108108114,0.0011111111111111111,0.0094834834834834833,0.21968168168168167,0.0015675675675675676
3638276555,0.33145345345345345,0.0010210210210210211,0.023141141141141141,0.070726726726726724,0.19099099099099098,1.8018018018018019e-05,0.013603603603603603,0.0025585585585585586,0.00094294294294294291,0.36372372372372375,0.0018198198198198198
3638999268,0.17111711711711711,0.0088468468468468463,0.17325525525525526,0.44211411411411411,0.042000000000000003,0,0.0010270270270270271,0.00072072072072072073,0.00012012012012012012,0.16078678678678679,1.2012012012012012e-05
3639016808,0.23828228228228229,0.040108108108108109,0.21583783783783783,0.1567087087087087,0.064354354354354354,6.006006006006006e-06,0.0022942942942942943,0.0048048048048048046,0.0003783783783783784,0.27564564564564564,0.0015795795795795797
3639023392,0.24696696696696696,0.020168168168168167,0.2593933933933934,0.21129729729729729,0.054834834834834832,0.0081501501501501494,0.0065405405405405403,0.0025165165165165165,0.0058738738738738742,0.18148348348348348,0.002774774774774775
3639024980,0.33556756756756756,0.011363363363363363,0.018192192192192192,0.19920720720720722,0.036462462462462465,0,0.034078078078078076,0.001099099099099099,0.00010810810810810811,0.36332732732732731,0.00059459459459459464
3639071774,0.27625225225225225,0.056696696696696698,0.1616156156156156,0.28133933933933936,0.035813813813813815,1.8018018018018019e-05,0.0082882882882882886,0.0046726726726726729,0.010066066066066066,0.10756756756756757,0.057669669669669667
3639085712,0.21721321321321321,0.018774774774774773,0.18168168168168169,0.19852852852852854,0.17374774774774776,0.00025225225225225225,0.0095015015015015008,0.0058198198198198201,0.025741741741741743,0.16034834834834835,0.0083903903903903912
3668229904,0.090028469750889684,0.0096797153024911035,0.17693238434163702,0.06736654804270463,0.061444839857651243,0.003209964412811388,0.07360142348754449,0.028106761565836299,0.027928825622775801,0.45669039145907475,0.0050106761565836301
3668230420,0.057610666666666664,0.013098666666666666,0.19307733333333332,0.085935999999999998,0.075866666666666666,0.0077386666666666663,0.023434666666666666,0.057690666666666668,0.013178666666666667,0.46785599999999999,0.0045120000000000004
3668233676,0.19028800000000001,0.33332266666666666,0.11876266666666667,0.028389333333333332,0.12486933333333333,0.028197333333333335,0.0065599999999999999,0.014330666666666667,0.034245333333333336,0.047919999999999997,0.073114666666666661
3676039021,0.60553191489361702,0.00068794326241134753,0.26187234042553192,0.048893617021276599,0.03493617021276596,2.1276595744680852e-05,0.000801418439716312,0.00016312056737588653,0.00085106382978723403,0.00774468085106383,0.038496453900709222
3676764306,0.32671631205673757,0.0047375886524822696,0.024482269503546098,0.34731205673758864,0.033099290780141843,0.00019858156028368794,0.0027659574468085106,0.0013546099290780143,0.0014042553191489361,0.25763120567375886,0.00029787234042553192
3676857188,0.11729787234042553,0,0.5244468085106383,0.0071631205673758861,0.16682269503546099,0,7.0921985815602838e-06,0.00080851063829787237,7.0921985815602838e-06,0.00063120567375886524,0.18281560283687942
3710370971,0.60909424083769637,0,0.19550261780104711,0.00017801047120418847,0.0047329842931937175,0.11061256544502618,0.00013612565445026177,0.0018900523560209425,0.072958115183246075,0.00030890052356020943,0.0045863874345549735
3710372933,0.38668799999999998,0,0.16628799999999999,2.6666666666666667e-05,0.0014613333333333334,0.34862933333333335,5.8666666666666665e-05,0.000176,0.069770666666666661,0.00030933333333333334,0.026592000000000001
3710376347,0.65509333333333331,0.00057600000000000001,0.082661333333333337,0.001312,0.0022826666666666668,0.15469866666666668,0.00026133333333333331,0.0018933333333333332,0.084373333333333328,0.00046933333333333332,0.016378666666666666
3710380793,0.35153066666666666,0.00096000000000000002,0.24330133333333334,0.0010560000000000001,0.0029013333333333335,0.13471466666666668,0.00097066666666666666,0.037930666666666668,0.021760000000000002,0.015125333333333333,0.18974933333333333
3710382699,0.82156266666666666,0.00074666666666666664,0.10258666666666667,0.00033599999999999998,0.013786666666666666,0.034090666666666665,0.00037333333333333332,0.0017440000000000001,0.016554666666666665,0.0013173333333333333,0.0069013333333333331
3710486377,0.88585066666666668,0.062666666666666662,0.023738666666666668,5.3333333333333337e-06,0.0014026666666666666,0.0036480000000000002,0,0.012688,0.0088906666666666665,0.00022933333333333334,0.00088000000000000003
3711183180,0.42640414507772023,0.00015544041450777201,0.018072538860103626,6.2176165803108814e-05,0.0020932642487046633,0.43291191709844562,0,0.0016269430051813472,0.0056683937823834201,0.0027979274611398962,0.11020725388601037
3711187764,0.66044800000000004,6.9333333333333329e-05,0.092495999999999995,0.00024000000000000001,0.0029653333333333333,0.16112000000000001,0.00035733333333333331,0.000736,0.063119999999999996,0.00035733333333333331,0.018090666666666668
3754586709,0.24479428571428571,0.29496,0.38879999999999998,0.024405714285714284,0.0017371428571428572,0.014605714285714286,0.0012057142857142857,0.009931428571428572,5.7142857142857145e-06,0.018525714285714284,0.0010285714285714286
3755384142,0.42698101265822785,0.00034810126582278481,0.32850000000000001,0.012575949367088607,0.0098417721518987335,0.14177215189873418,0.015468354430379748,0.0013037974683544303,0.0084113924050632904,0.0011582278481012658,0.053639240506329115
3767041448,0.69780056980056981,0,0,0.18138461538461539,0,0,0,0,0,0.12081481481481482,0
39767184,0.243952,0.36046400000000001,0.11608533333333333,0.14592533333333332,0.084693333333333329,0.00067199999999999996,0.001312,0.0016213333333333334,0.00062399999999999999,0.016784,0.027866666666666668
4074848725,0.80931733333333333,0.039983999999999999,0.085087999999999997,0.014992,0.0076053333333333337,0.0077279999999999996,0.00068266666666666671,0.013850666666666667,0.0021173333333333335,0.012821333333333334,0.0058133333333333335
4075754559,0.75275199999999998,0.010058666666666667,0.081770666666666672,0.019349333333333333,0.113008,0.0010026666666666667,0.00048533333333333333,0.0020960000000000002,0.0021813333333333333,0.0069866666666666671,0.010309333333333334
4075754675,0.87524266666666661,0.01072,0.050997333333333332,0.011728000000000001,0.029626666666666666,0.00059733333333333329,0.00035199999999999999,0.0048533333333333336,0.00066666666666666664,0.0046506666666666667,0.010565333333333333
4075754797,0.89488533333333331,0.0097973333333333332,0.040661333333333334,0.013701333333333333,0.024693333333333334,0.00044799999999999999,0.00020799999999999999,0.0022346666666666665,0.00034666666666666667,0.0040639999999999999,0.0089599999999999992
4075755249,0.52783466666666667,0.018362666666666666,0.092688000000000006,0.029349333333333335,0.26105600000000001,0.0029546666666666666,0.0010453333333333332,0.0021653333333333333,0.0015466666666666667,0.018298666666666668,0.044698666666666664
4075755389,0.36784533333333336,0.010874666666666666,0.386768,0.079050666666666672,0.023573333333333335,0.046826666666666669,0.011333333333333334,0.045850666666666665,0.005770666666666667,0.017648,0.0044586666666666663
4075755931,0.83409599999999995,0.013989333333333333,0.10355733333333333,0.018064,0.0080000000000000002,0.0060853333333333332,0.00098666666666666672,0.0013226666666666667,0.0025226666666666665,0.0053866666666666663,0.0059893333333333335
4076508626,0.68732266666666664,0.020794666666666666,0.13653333333333334,0.015098666666666666,0.019909333333333334,0.012981333333333333,0.0057226666666666667,0.020394666666666665,0.0070239999999999999,0.010506666666666666,0.063712000000000005
4076508876,0.71241600000000005,0.0085066666666666658,0.10837866666666666,0.018991999999999998,0.036645333333333335,0.045306666666666669,0.0084320000000000003,0.012218666666666666,0.0076426666666666665,0.010858666666666668,0.030602666666666667
4076509332,0.38006400000000001,0.0091093333333333339,0.40055466666666667,0.063343999999999998,0.03686933333333333,0.0010506666666666668,0.0050879999999999996,0.035167999999999998,0.031871999999999998,0.021205333333333333,0.015674666666666667
4076509470,0.71353066666666665,0.03444266666666667,0.099765333333333331,0.019359999999999999,0.047503999999999998,0.0053546666666666664,0.0046613333333333333,0.028143999999999999,0.020474666666666665,0.0065386666666666666,0.020223999999999999
4076509600,0.84372800000000003,0.0083680000000000004,0.070416000000000006,0.020015999999999999,0.027850666666666666,0.0038986666666666666,0.0032213333333333334,0.0067573333333333331,0.0011626666666666667,0.0044106666666666669,0.010170666666666666
4076509824,0.73465599999999998,0.025375999999999999,0.11593066666666667,0.042304000000000001,0.012517333333333333,0.0039839999999999997,0.0052586666666666667,0.018832000000000002,0.0051093333333333329,0.024767999999999998,0.011264
4077970907,0.29721066666666668,0.35441600000000001,0.17330666666666666,0.056746666666666667,0.047861333333333332,0.00017066666666666668,0.00083199999999999995,0.0059306666666666666,0.010021333333333333,0.0028,0.050703999999999999
4078431597,0.24515733333333334,0.70749333333333331,0.025418666666666666,0.0036533333333333335,0.010885333333333334,9.6000000000000002e-05,4.8000000000000001e-05,0.00041066666666666666,0.00027733333333333332,0.0036373333333333331,0.0029226666666666667
4078725092,0.39076744186046514,0.14885116279069768,0.19908372093023255,0.11749767441860465,0.018083720930232559,4.1860465116279071e-05,0.0016232558139534885,0.085776744186046514,0.010800000000000001,0.023767441860465116,0.0037069767441860464
4078726116,0.053465517241379309,0.55194827586206896,0.029080459770114944,0.11039655172413793,0.00382183908045977,0,0.0067068965517241381,0.035494252873563219,0.0014195402298850576,0.20550574712643679,0.002160919540229885
4079189370,0.62270400000000004,0.024234666666666668,0.056373333333333331,0.069493333333333338,0.113568,0.000192,5.3333333333333333e-05,0.00043199999999999998,0.00060800000000000003,0.073269333333333339,0.039072000000000003
4092170995,0.2636607594936709,0.093098734177215189,0.035478481012658228,0.20811139240506329,0.00095696202531645575,0.007944303797468355,0.013194936708860759,0.0086632911392405063,0.056096202531645573,0.31069367088607597,0.0021012658227848101
4495148807,0.33464864864864863,0.2502762762762763,0.199009009009009,0.013051051051051052,0.0029969969969969971,0.075627627627627633,0.042900900900900901,0.052822822822822822,0.00057057057057057056,0.010084084084084084,0.01801201201201201
5009408424,0.38739200000000001,2.6666666666666667e-05,0.55295466666666671,0.00069333333333333334,0.010026666666666666,1.0666666666666667e-05,1.0666666666666667e-05,0,2.6666666666666667e-05,0.000736,0.048122666666666668
5009412652,0.44770666666666664,0,0.39301866666666668,0.0016426666666666666,0.014250666666666667,3.1999999999999999e-05,5.3333333333333337e-06,5.3333333333333337e-06,0,0.006149333333333333,0.13718933333333333
5011625981,0.18193599999999999,0.34959466666666666,0.35913066666666665,0.0072853333333333338,0.0021280000000000001,0.056970666666666669,0.0021440000000000001,0.0097813333333333329,0.0012586666666666666,0.020650666666666668,0.0091199999999999996
5011631731,0.13697599999999999,0.56447466666666668,0.28033599999999997,0.0015893333333333334,0.0067520000000000002,0.0041653333333333334,0,0.002624,0.00052266666666666661,3.1999999999999999e-05,0.0025279999999999999
5012252114,0.32845333333333332,0.36587733333333333,0.061504000000000003,0.110336,0.0016479999999999999,0.00018666666666666666,0.0045706666666666665,0.00059199999999999997,0.00012799999999999999,0.12663466666666667,6.9333333333333329e-05
5012620118,0.024938666666666668,0.55664000000000002,0.23518933333333333,0.056986666666666665,0.026106666666666667,1.0666666666666667e-05,0.029839999999999998,3.7333333333333331e-05,1.0666666666666667e-05,0.067674666666666661,0.0025653333333333335
5012623182,0.12647466666666668,0.38598933333333335,0.30136000000000002,0.10090133333333333,0.039904000000000002,0.00025066666666666667,0.026079999999999999,0.0004906666666666667,0.00059733333333333329,0.01728,0.00067199999999999996
5012626500,0.045557333333333332,0.5483946666666667,0.213952,0.080544000000000004,0.030170666666666665,0,0.044512000000000003,2.1333333333333335e-05,5.3333333333333337e-06,0.03506666666666667,0.001776
5012629886,0.044773333333333332,0.71201066666666668,0.14196800000000001,0.051327999999999999,0.030688,2.1333333333333335e-05,0.013743999999999999,5.3333333333333333e-05,5.3333333333333337e-06,0.0047093333333333336,0.00069866666666666666
5022944133,0.10741866666666666,0.42268266666666665,0.34730133333333335,0.011381333333333334,0.0043146666666666663,0.059701333333333335,0.0049813333333333333,0.0045120000000000004,0.00098133333333333341,0.034026666666666663,0.0026986666666666665
5082873721,0.43338666666666664,0.057722666666666665,0.0041226666666666668,0.031034666666666665,0.025173333333333332,0,1.5999999999999999e-05,6.9333333333333329e-05,0,0.44847466666666669,0
5082875009,0.19,0.0056959999999999997,0.062736,0.42733333333333334,0.045440000000000001,6.9333333333333329e-05,0.00038400000000000001,0.001072,0.0015200000000000001,0.26569066666666669,5.8666666666666665e-05
5082878325,0.24540799999999999,0.0067039999999999999,0.073898666666666668,0.247056,0.107392,0,1.5999999999999999e-05,9.066666666666667e-05,0,0.31943466666666664,0
5082879357,0.27003199999999999,0.0061653333333333334,0.019290666666666668,0.113536,0.072837333333333337,0,2.1333333333333335e-05,8.0000000000000007e-05,0,0.51803733333333335,0
5082881231,0.33410666666666666,0.31052266666666667,0.019376000000000001,0.099856,0.053935999999999998,0.00016000000000000001,3.7333333333333331e-05,0.00066133333333333333,0.001776,0.17956266666666668,5.3333333333333337e-06
5082884383,0.12966933333333333,0.011834666666666667,0.052394666666666666,0.32196266666666667,0.075920000000000001,0,2.6666666666666667e-05,4.8000000000000001e-05,0,0.40813866666666665,5.3333333333333337e-06
5082887495,0.5233066666666667,0.22073599999999999,0.013429333333333333,0.056101333333333336,0.067125333333333329,2.1333333333333335e-05,1.5999999999999999e-05,0.00023466666666666666,0.00012266666666666668,0.11890666666666666,0
5082888891,0.059487999999999999,9.066666666666667e-05,0.19199466666666667,0.68851733333333331,0.051162666666666669,5.3333333333333337e-06,8.0000000000000007e-05,3.7333333333333331e-05,1.5999999999999999e-05,0.0086079999999999993,0
5083471958,0.25786133333333333,0.0040266666666666662,0.07110933333333333,0.39606400000000003,0.086421333333333336,0,1.0666666666666667e-05,8.0000000000000007e-05,0,0.18442666666666666,0
5083475972,0.191472,0.088682666666666674,0.084879999999999997,0.32769066666666669,0.12646399999999999,0,1.0666666666666667e-05,0.00054933333333333331,0,0.18025066666666667,0
5083477916,0.35526933333333333,0.241088,0.02912,0.099082666666666666,0.074751999999999999,0,2.1333333333333335e-05,3.7333333333333331e-05,0,0.20062933333333333,0
5083478858,0.38453866666666664,0.28694399999999998,0.016816000000000001,0.098624000000000003,0.067749333333333328,0,5.3333333333333337e-06,0.00010666666666666667,0.00010133333333333333,0.14511466666666667,0
5083480634,0.25591466666666668,0.20708266666666666,0.03857066666666667,0.14078933333333332,0.067333333333333328,0,5.8666666666666665e-05,2.1333333333333335e-05,0,0.29022933333333334,0
5083481624,0.35294399999999998,0.37677333333333335,0.0095626666666666672,0.070378666666666673,0.042634666666666668,8.5333333333333339e-05,1.5999999999999999e-05,0.00028266666666666669,0.00048533333333333333,0.14683733333333332,0
5083485500,0.13800000000000001,0.010021333333333333,0.097743999999999998,0.59804266666666661,0.047359999999999999,0,8.0000000000000007e-05,0.00035199999999999999,7.4666666666666661e-05,0.10832,5.3333333333333337e-06
5398391453,0.29664533333333332,0.17024,0.029509333333333332,0.35020266666666666,0.046522666666666664,0,3.7333333333333331e-05,0.00041066666666666666,0.00021866666666666668,0.10613866666666667,7.4666666666666661e-05
5398393015,0.19365866666666667,0.00034666666666666667,0.26003733333333334,0.040239999999999998,0.12352533333333333,0.00042133333333333335,0.001792,0.00027733333333333332,0.00014933333333333332,0.37331199999999998,0.0062399999999999999
5398421135,0.045242666666666667,0.086725333333333335,0.0077120000000000001,0.71098666666666666,0.032127999999999997,0,6.9333333333333329e-05,0.00040533333333333334,0,0.11673066666666666,0
5398424083,0.26224533333333333,0.010005333333333333,0.0081226666666666669,0.24974933333333332,0.034677333333333331,1.5999999999999999e-05,0.00021866666666666668,0.00097066666666666666,0.00075733333333333338,0.43270399999999998,0.00053333333333333336
5398427797,0.19175466666666666,0.23073066666666667,0.046922666666666668,0.39994133333333332,0.019632,0,1.5999999999999999e-05,0.00074133333333333332,0.00041599999999999997,0.10941333333333333,0.00043199999999999998
5398432423,0.053280000000000001,0.059509333333333331,0.11427733333333333,0.70350933333333332,0.015727999999999999,0.00050666666666666666,0.0018079999999999999,0.00059199999999999997,5.3333333333333337e-06,0.039749333333333331,0.011034666666666667
5398442151,0.17178666666666667,0.14877333333333334,0.22326933333333332,0.253664,0.025450666666666667,0.0044373333333333331,0.00042133333333333335,0.0020960000000000002,0.00014933333333333332,0.16900266666666666,0.00094933333333333339
5399033834,0.20868800000000001,0.27262933333333333,0.034661333333333336,0.31283733333333336,0.025706666666666666,5.3333333333333337e-06,4.8000000000000001e-05,0.0004906666666666667,0.00031466666666666665,0.14409066666666667,0.00052800000000000004
5399044198,0.10231999999999999,0.140704,0.18997866666666666,0.30446400000000001,0.041551999999999999,0.00092266666666666669,0.0017600000000000001,0.0007093333333333333,0.00014933333333333332,0.21334400000000001,0.0040959999999999998
5454161895,0.15049066666666666,0.050938666666666667,0.070805333333333331,0.53840533333333329,0.054762666666666668,0.00052266666666666661,0.00696,0.0057279999999999996,0.027296000000000001,0.087269333333333338,0.0068213333333333338
5454163697,0.32294933333333331,0.240144,0.022997333333333335,0.066309333333333331,0.091936000000000004,0,0,7.4666666666666661e-05,0,0.25557333333333332,1.5999999999999999e-05
5454165339,0.14055466666666666,0.30664533333333333,0.029834666666666666,0.46114133333333335,0.019925333333333333,0.00048000000000000001,0.0022079999999999999,0.0010986666666666666,0.0030079999999999998,0.028965333333333333,0.0061386666666666664
5454241513,0.090170666666666663,0.47892800000000002,0.10206933333333333,0.020336,0.0014773333333333333,0.041589333333333332,0.0024320000000000001,0.0033600000000000001,0.001616,0.25557866666666668,0.0024426666666666668
5454244535,0.37319466666666667,0.33100800000000002,0.18864533333333333,0.060517333333333333,0.020490666666666667,0,1.0666666666666667e-05,0.0016693333333333334,0,0.00048533333333333333,0.023978666666666665
5454767960,0.27233600000000002,0.075466666666666668,0.00528,0.39774399999999999,0.0049439999999999996,2.6666666666666667e-05,7.4666666666666661e-05,0.0012906666666666667,0.0048479999999999999,0.23708266666666666,0.00090666666666666662
5454769656,0.041957333333333333,0.0012533333333333333,0.060207999999999998,0.41389333333333334,0.11186666666666667,0.04606933333333333,0.027114666666666665,0.0021440000000000001,0.11666133333333334,0.11989333333333334,0.058938666666666667
5454773902,0.24977066666666667,0.029680000000000002,0.097711999999999993,0.23784,0.012010666666666666,0.00026133333333333331,0.0034293333333333333,0.00029866666666666664,0.00020266666666666667,0.36582399999999998,0.0029706666666666666
5547438701,0.049873873873873875,0.49436036036036035,0.26633033033033032,0.11204204204204204,0.061783783783783783,0,0.00025225225225225225,0.00023423423423423424,0.00030030030030030029,0.014816816816816817,6.006006006006006e-06
5550440633,0.14694011976047905,0.0076526946107784433,0.36492215568862274,0.13966467065868263,0.14544311377245508,0.00355688622754491,0.0015269461077844311,0.00061077844311377243,0.0073772455089820355,0.16296407185628742,0.019341317365269461
5550442083,0.37495522388059699,0.00888955223880597,0.12296119402985074,0.046107462686567166,0.039659701492537315,0.0010268656716417911,0.007462686567164179,0.0018805970149253731,0.0022686567164179106,0.38671044776119401,0.0080776119402985076
5550450641,0.059819819819819819,0.50447447447447447,0.35700300300300303,0.0042822822822822819,0.054048048048048046,0.0054834834834834832,1.2012012012012012e-05,5.4054054054054054e-05,0.00013213213213213214,0.0091051051051051057,0.0055855855855855858
5550458351,0.095833846153846158,0.43759999999999999,0.26916307692307695,0.13038769230769232,0.020369230769230768,0.0014461538461538461,0.0052676923076923074,0.0014338461538461538,0.0011138461538461538,0.034953846153846155,0.0024307692307692307
5550461819,0.19128528528528529,0.09878678678678679,0.34535735735735734,0.19120120120120121,0.071675675675675676,0.011861861861861863,0.011189189189189189,0.002774774774774775,0.0043963963963963961,0.034120120120120119,0.037351351351351349
5550473443,0.17244923076923077,0.079378461538461537,0.050221538461538463,0.29559999999999997,0.026332307692307693,0.0033107692307692308,0.058012307692307689,0.020412307692307691,0.086990769230769233,0.20630153846153845,0.00099076923076923083
5551028654,0.17043809523809525,0.16326984126984126,0.023257142857142858,0.50008253968253968,0.014850793650793651,0.00088253968253968254,0.015873015873015872,0.011682539682539683,0.0032698412698412699,0.087466666666666665,0.008926984126984127
5551030150,0.089537537537537543,0.0012072072072072072,0.27435435435435435,0.0055075075075075074,0.10442642642642642,9.6096096096096097e-05,9.0090090090090091e-05,0.00016216216216216215,0.00012612612612612612,0.49466666666666664,0.029825825825825825
5551031994,0.045249230769230771,0.15714461538461538,0.49342153846153847,0.094633846153846152,0.032147692307692308,0.019723076923076923,0.00072615384615384621,0.00028923076923076922,0.0024861538461538463,0.10816000000000001,0.046018461538461536
5551039522,0.053619335347432025,0.31783081570996979,0.3165679758308157,0.17569184290030213,0.084688821752265858,0.0056072507552870094,0.0012628398791540785,0.00075528700906344411,0.0039879154078549849,0.019456193353474319,0.020531722054380665
5551054280,0.24535928143712574,0.12365269461077845,0.070730538922155695,0.29229341317365271,0.032359281437125749,0.0015868263473053893,0.025580838323353294,0.015634730538922156,0.028353293413173653,0.16358083832335329,0.00086826347305389226
5551057040,0.19915723270440253,0.12213207547169812,0.056094339622641508,0.10489308176100628,0.030584905660377359,0.00066037735849056609,0.023949685534591196,0.014723270440251573,0.053383647798742141,0.392188679245283,0.0022327044025157233
5551058100,0.35440729483282674,0.00040729483282674772,0.48676595744680851,0.050000000000000003,0.0017264437689969605,0.078030395136778119,5.47112462006079e-05,9.11854103343465e-05,0.0024680851063829789,0.0060425531914893617,0.020006079027355624
5551059284,0.19478175895765473,0.00082736156351791526,0.19714657980456027,0.0018566775244299675,0.021570032573289901,0.30663192182410426,0.0004560260586319218,0.0026579804560260588,0.057465798045602604,0.015074918566775244,0.20153094462540716
5615968016,0.23442133333333334,0.22212266666666666,0.198576,0.18653333333333333,0.017125333333333333,0.0070080000000000003,0.00088000000000000003,0.0037333333333333333,0.0035093333333333335,0.050261333333333331,0.075829333333333332
5618071677,0.28614933333333331,0.54209600000000002,0.025125333333333333,0.11125333333333333,0.016074666666666668,4.8000000000000001e-05,0.00021866666666666668,0.0012373333333333333,0.00042666666666666667,0.012581333333333333,0.0047893333333333329
5618072605,0.42186133333333331,0.37537066666666669,0.062399999999999997,0.062,0.027573333333333332,1.0666666666666667e-05,0.00029333333333333333,0.0016213333333333334,0.00065066666666666669,0.041546666666666669,0.006672
5618076977,0.33648,0.096789333333333338,0.096736000000000003,0.153056,0.099050666666666662,0,4.8000000000000001e-05,0.0011253333333333334,0,0.214144,0.0025706666666666668
5618079633,0.165296,0.81750933333333331,0.00077333333333333334,0.0093546666666666674,0.0058826666666666663,0,0,5.8666666666666665e-05,0,0.0011199999999999999,5.3333333333333337e-06
5618082961,0.16675733333333334,0,0.39986133333333335,0.125168,0.076869333333333331,0,2.1333333333333335e-05,2.1333333333333335e-05,0,0.22859199999999999,0.0027093333333333331
5618664016,0.36334933333333336,0.43851200000000001,0.040693333333333331,0.085264000000000006,0.025877333333333332,4.8000000000000001e-05,0.00045866666666666668,0.0025546666666666665,0.00098133333333333341,0.038021333333333331,0.0042399999999999998
564157851,0.034648648648648646,0.27577177177177176,0.20320120120120119,0.098936936936936934,0.09054654654654655,0.0011531531531531532,0.0016216216216216215,0.00067867867867867863,0.00032432432432432431,0.047261261261261261,0.24585585585585584
564171359,0.08961561561561561,0.15302702702702703,0.34756756756756757,0.19735135135135135,0.021249249249249248,0.00087687687687687684,0.0072912912912912915,0.0048468468468468471,0.0030750750750750751,0.11430630630630631,0.060792792792792795
565901964,0.06157297297297297,0.18828108108108108,0.053064864864864864,0.45435135135135135,0.019502702702702702,0.0073513513513513516,0.0038864864864864863,0.0016648648648648649,0.0025027027027027028,0.18042702702702704,0.027394594594594594
566295389,0.30415884476534294,0.30499638989169675,8.6642599277978344e-05,0.34087364620938626,0.027407942238267147,0,2.8880866425992781e-05,0.00030324909747292416,0,0.022137184115523467,7.2202166064981954e-06
566300201,0.4414657980456026,0,0,0.49723127035830617,0,0,6.5146579804560257e-06,0,0,0.061296416938110748,0
5828791279,0.031979487179487183,0,0,0.061410256410256409,0,0,0,0,0,0.90661025641025639,0
5828791811,0.039424164524421594,0,0,0.078046272493573265,0,0,0,0,0,0.88252956298200513,0
5828792027,0.039309278350515467,0,0,0.096814432989690724,0,0,0,0,0,0.86387628865979382,0
5828792309,0.041290488431876604,0,0,0.10298714652956298,0,0,0,0,0,0.85572236503856036,0
5828792819,0.040791773778920307,0,0,0.12627249357326478,0,0,0,0,0,0.83293573264781495,0
5828793781,0.038964102564102564,0,0,0.13769743589743591,0,0,0,0,0,0.82333846153846157,0
5828793889,0.037458762886597941,0,0,0.14424742268041238,0,0,0,0,0,0.81829381443298965,0
5829340030,0.041876606683804628,0,0,0.064431876606683799,0,0,0,0,0,0.89369151670951152,0
5829340236,0.032519280205655525,0,0,0.068704370179948585,0,0,0,0,0,0.8987763496143959,0
5829340624,0.036419437340153453,0,0,0.083063938618925831,0,0,0,0,0,0.88051662404092068,0
5829341000,0.041605128205128204,0,0,0.092528205128205129,0,0,0,0,0,0.86586666666666667,0
5829341704,0.035556701030927833,0,0,0.11007216494845361,0,0,0,0,0,0.85437113402061859,0
5829341838,0.040881443298969075,0,0,0.11845360824742268,0,0,0,0,0,0.84066494845360829,0
5829342256,0.038871794871794874,0,0,0.1237025641025641,0,0,0,0,0,0.83742564102564099,0
6223862541,0.14930666666666667,0.43870399999999998,0.053674666666666669,0.049978666666666664,0.26826133333333335,5.8666666666666665e-05,0.0095253333333333336,0.0017279999999999999,0.001232,0.027221333333333333,0.00030933333333333334
6223885703,0.068757333333333337,0.66332266666666662,0.17671999999999999,0.06450666666666667,0.025744,0,0.00072533333333333336,0.00017066666666666668,5.3333333333333337e-06,3.7333333333333331e-05,1.0666666666666667e-05
6223889433,0.067087999999999995,0.41779733333333335,0.25873066666666666,0.19209066666666666,0.038949333333333336,0,0.016714666666666666,5.8666666666666665e-05,4.2666666666666669e-05,0.008442666666666666,8.5333333333333339e-05
6224400416,0.065456,0.88868800000000003,2.6666666666666667e-05,0.001776,0.044032000000000002,0,0,2.1333333333333335e-05,0,0,0
6224403728,0.061344000000000003,0.65631466666666671,0.14509333333333332,0.09491733333333334,0.042032,0,0.000176,2.1333333333333335e-05,0,6.9333333333333329e-05,3.1999999999999999e-05
6532214869,0.55473600000000001,0.00096000000000000002,0.18542400000000001,0.0074346666666666667,0.11915733333333334,0.00020266666666666667,8.0000000000000007e-05,6.9333333333333329e-05,0.020794666666666666,0.01576,0.095381333333333332
6880109515,0.23920958083832336,0.024520958083832336,0.016670658682634731,0.22064670658682634,0.055634730538922157,5.9880239520958085e-06,5.3892215568862272e-05,0.00010778443113772454,9.5808383233532936e-05,0.44305389221556885,0
6880110653,0.2085688622754491,0.016880239520958084,0.016281437125748505,0.23744311377245508,0.038790419161676644,0,0.00064670658682634732,0.001718562874251497,0.001245508982035928,0.47834131736526947,8.3832335329341314e-05
6880111823,0.41913772455089821,0.1472634730538922,0.024520958083832336,0.054407185628742513,0.023095808383233534,5.3892215568862272e-05,0.00029940119760479042,0.0011497005988023953,0.00061077844311377243,0.32925748502994012,0.00020359281437125749
6880113303,0.19656886227544909,0.011227544910179641,0.087323353293413175,0.23244910179640718,0.04675449101796407,5.3892215568862272e-05,0.00049101796407185626,0.0013532934131736526,0.00076646706586826349,0.42270658682634732,0.00030538922155688621
6880115327,0.20504790419161675,0.01262874251497006,0.088502994011976047,0.21571856287425151,0.042407185628742516,0.00013173652694610779,0.00046706586826347307,0.00017964071856287425,0.00044910179640718562,0.43437125748502992,9.5808383233532936e-05
6880115593,0.30382634730538921,0.19052694610778442,0.022083832335329342,0.17125748502994012,0.017407185628742515,0,0.00025149700598802393,0.0011976047904191617,0.00026347305389221558,0.29315568862275448,2.9940119760479042e-05
6880115857,0.34615568862275448,0.33261077844311376,0.02870059880239521,0.040706586826347306,0.023089820359281438,2.3952095808383234e-05,0.00013173652694610779,0.00097005988023952093,0.00041916167664670658,0.22706586826347305,0.00012574850299401196
6880116585,0.1808502994011976,0.067628742514970058,0.23495808383233532,0.18359281437125749,0.059910179640718562,0.00010778443113772454,0.00052694610778443115,0.00069461077844311381,0.00011377245508982036,0.27155089820359279,6.5868263473053894e-05
6880116951,0.20549700598802395,0.067586826347305395,0.22924550898203594,0.1727245508982036,0.057167664670658681,7.1856287425149705e-05,0.00047305389221556887,0.0007245508982035928,0.0003652694610778443,0.26604790419161678,9.5808383233532936e-05
6880119125,0.26898802395209581,0.019383233532934131,0.16401197604790418,0.18423353293413175,0.042634730538922153,0.00041916167664670658,0.00019161676646706587,0.00044311377245508983,0.0012994011976047903,0.31839520958083833,0
6880119369,0.37259281437125746,0.21149700598802396,0.047011976047904191,0.10727544910179641,0.039263473053892217,0,0.00047305389221556887,0.00041317365269461078,0.0003652694610778443,0.22108383233532933,2.3952095808383234e-05
6880120867,0.12146107784431137,0.0047904191616766467,0.15912574850299402,0.19820359281437125,0.03895808383233533,0.00038323353293413174,0.0011197604790419162,0.00043113772455089818,0.002191616766467066,0.47326347305389221,7.1856287425149705e-05
6880121837,0.081694610778443116,0.014796407185628743,0.12256886227544911,0.4014071856287425,0.038461077844311374,0.00037125748502994009,0.00077245508982035928,0.00016167664670658683,0.00033532934131736525,0.3393952095808383,3.5928143712574853e-05
6880122441,0.24850898203592814,0.040107784431137723,0.079245508982035931,0.2805508982035928,0.033586826347305386,1.7964071856287426e-05,0.00014371257485029941,0.0010778443113772455,0.0010718562874251498,0.31527544910179639,0.00041317365269461078
6880123541,0.097329341317365273,0.011239520958083832,0.13086227544910178,0.39520359281437129,0.041377245508982037,1.1976047904191617e-05,0.00038922155688622754,0.00028143712574850297,0.0007065868263473054,0.32255089820359284,4.7904191616766468e-05
7159572863,0.12922666666666666,0.60143466666666667,0.10002666666666667,0.10365333333333333,0.063274666666666673,0,5.3333333333333337e-06,0.00016533333333333333,5.3333333333333337e-06,5.8666666666666665e-05,0.0021493333333333334
7159573297,0.12374400000000001,0.42491733333333331,0.240704,0.159632,0.045706666666666666,0,6.3999999999999997e-05,0.00032533333333333334,0.00075199999999999996,0.00035199999999999999,0.0038026666666666669
7167485351,0.29577049180327869,0.085540983606557375,0.020295081967213115,0.49763934426229506,0.016918032786885247,6.5573770491803284e-05,0.0026557377049180328,0.0028196721311475408,0.0060327868852459018,0.072262295081967215,0
7333978098,0.23566933333333334,0.0013546666666666666,0.072986666666666672,0.18050133333333335,0.052645333333333336,0,9.6000000000000002e-05,0.0012373333333333333,0.0010613333333333334,0.45393600000000001,0.00051199999999999998
7333979730,0.21641066666666667,0.0011839999999999999,0.036976000000000002,0.11998399999999999,0.031600000000000003,0,9.6000000000000002e-05,0.00026133333333333331,0,0.59348800000000002,0
7333982016,0.14228266666666667,0.023797333333333334,0.10517866666666667,0.48476799999999998,0.054997333333333336,2.6666666666666667e-05,0.00040533333333333334,0.0024853333333333333,0.00083199999999999995,0.17173866666666668,0.013488
7333982582,0.13241600000000001,0.020810666666666668,0.05642133333333333,0.62876266666666669,0.018565333333333333,0.00015466666666666667,0.0070666666666666664,0.006234666666666667,0.0081119999999999994,0.023957333333333334,0.097498666666666664
7333983470,0.15857599999999999,0.018272,0.078490666666666667,0.34948800000000002,0.094432000000000002,0.00033599999999999998,0.00062933333333333331,0.0024746666666666667,0.0022933333333333334,0.29455999999999999,0.00044799999999999999
7333983826,0.10964266666666667,0.0047786666666666663,0.053440000000000001,0.309056,0.10394666666666667,0.00066666666666666664,0.00097066666666666666,0.00091200000000000005,0.0055199999999999997,0.41069866666666666,0.000368
7333984500,0.29597333333333331,0.0082133333333333329,0.013776,0.066037333333333337,0.038186666666666667,0,0.00027733333333333332,0.00028266666666666669,0,0.57725333333333329,0
7344309498,0.17019599999999999,0.13564799999999999,0.322216,0.073384000000000005,0.033512,0.040084000000000002,0.098519999999999996,0.00065200000000000002,0.00041599999999999997,0.067596000000000003,0.057776000000000001
7344780180,0.11298133333333334,0.330928,0.19282133333333334,0.27383466666666667,0.036986666666666668,0.000112,0.0017706666666666667,0.0017173333333333333,0.00021866666666666668,0.036608000000000002,0.012021333333333334
7344780326,0.11966933333333334,0.55651200000000001,0.14886933333333333,0.13349866666666665,0.038378666666666665,0,0.00021333333333333333,0.00038400000000000001,0.0004906666666666667,0.00032000000000000003,0.0016639999999999999
7344780914,0.1404,0.13739733333333334,0.088981333333333329,0.157584,0.15592533333333333,0.00014933333333333332,0.00029333333333333333,0.0016213333333333334,0.00083733333333333338,0.31385066666666667,0.00296
7352696164,0.23835483870967741,0.0068709677419354839,0.025129032258064517,0.55245161290322575,0.066032258064516125,0,0.0013225806451612903,0.00083870967741935486,0.003838709677419355,0.105,0.00016129032258064516
820107161,0.12881681681681681,0.34757957957957958,0.051315315315315316,0.19461861861861862,0.048834834834834834,0.00045045045045045046,0.0093873873873873866,0.033231231231231229,0.0092732732732732741,0.17577177177177178,0.00072072072072072073
820978460,0.45321066666666665,0.058949333333333333,0.192832,0.024458666666666667,0.0096159999999999995,0.0030986666666666667,0.044965333333333336,0.12542400000000001,0.0048479999999999999,0.036474666666666669,0.046122666666666666
820984990,0.056506666666666663,0.011664000000000001,0.20098133333333335,0.06492266666666667,0.10035733333333334,1.0666666666666667e-05,0.00088000000000000003,0.0019573333333333335,0.003552,0.55903999999999998,0.00012799999999999999
8264801729,0.63771771771771768,0,0.0016396396396396397,0.28393393393393396,6.6066066066066071e-05,0,0.043435435435435432,0,0,0.033207207207207205,0
8271221531,0.02463050847457627,0.19532203389830508,0.28303050847457628,0.0081423728813559328,0.012589830508474576,0.0071728813559322037,0.012583050847457627,0.099464406779661022,0.026976271186440678,0.32775593220338983,0.0023322033898305083
8338123973,0.25990400000000002,0.47466133333333332,0.082805333333333328,0.049253333333333336,0.030874666666666668,0.0037599999999999999,0.0007093333333333333,0.015034666666666667,0.014501333333333333,0.0088053333333333334,0.05969066666666667
8385232509,0.58975301204819275,0.036554216867469881,0.25009036144578312,0.0081325301204819272,0.0020843373493975902,0.021566265060240963,0.029319277108433735,0.041084337349397593,0.00030120481927710846,0.017289156626506024,0.0038253012048192771
8415498417,0.19308433734939759,0.67231325301204814,0.006156626506024096,0.076710843373493973,0.0039578313253012046,0,0.0024096385542168677,0.0064216867469879518,0.00011445783132530121,0.038698795180722889,0.00013253012048192772
8523314469,0.25774698795180723,0,0,0.39352409638554214,0,0,0,0,0,0.34872891566265063,0
8523324553,0.46799374999999999,0,0,0.37238125,0,0,0,0,0,0.15962499999999999,0
8524417128,0.45472289156626505,0,0,0.4745180722891566,0,0,0,0,0,0.070759036144578319,0
8524422014,0.434,0,0,0.45046385542168677,0,0,0,0,0,0.11553614457831325,0
8524432176,0.16611445783132531,0.016006024096385543,0.20690361445783131,0.36478313253012046,0.039313253012048195,0.013578313253012049,0.022439759036144577,0.003969879518072289,0.01377710843373494,0.10460843373493976,0.04850602409638554
8593746331,0.40732994923857868,0,0,0.43851776649746194,0,0,0,0,0,0.15415228426395938,0
8593746731,0.16184939759036143,0,0,0.19942771084337349,0,0,0,0,0,0.63872289156626505,0
88493630,0.088517333333333337,0.32729599999999998,0.001088,0.410576,0.15548266666666666,0.000192,0.00052800000000000004,0.00030933333333333334,0.00036266666666666668,0.015424,0.000224
88493754,0.032368000000000001,0.48150399999999999,0.0064426666666666669,0.23857600000000001,0.17047999999999999,0.016821333333333334,0.0053226666666666665,0.0025439999999999998,0.0019253333333333334,0.041765333333333335,0.0022506666666666669
88493811,0.071941333333333329,0.27493866666666666,0.0038506666666666667,0.45663466666666669,0.16922133333333333,0.0043306666666666667,0.0028853333333333335,0.001856,0.00073066666666666668,0.012693333333333333,0.00091733333333333337
88493858,0.12101866666666666,0.36334933333333336,0.00081599999999999999,0.36383466666666664,0.14602666666666667,0.00020799999999999999,0.00028800000000000001,0.00045333333333333331,0.00026133333333333331,0.0036266666666666665,0.00011733333333333333
88494209,0.09461866666666667,0.37010133333333334,0.0088426666666666671,0.33358933333333335,0.16242666666666666,0.0031946666666666668,0.0044159999999999998,0.0060000000000000001,0.001552,0.013733333333333334,0.0015253333333333334
88494321,0.071040000000000006,0.55164266666666661,0.0050933333333333334,0.26147733333333334,0.099552000000000002,0.0025493333333333331,0.0013386666666666666,0.00082666666666666663,0.00071466666666666662,0.0056959999999999997,6.9333333333333329e-05
88494449,0.20835200000000001,0.34636266666666665,0.060421333333333334,0.15232533333333334,0.21307200000000001,0,0.00020266666666666667,2.1333333333333335e-05,0,0.018880000000000001,0.00036266666666666668
88494548,0.221664,0.035360000000000003,0.0051093333333333329,0.42002133333333336,0.10483733333333334,0,0,8.5333333333333339e-05,0,0.21290133333333333,2.1333333333333335e-05
88494643,0.27928533333333333,0.63586133333333328,0.0010506666666666668,0.052240000000000002,0.030720000000000001,0,1.0666666666666667e-05,0.00028800000000000001,3.1999999999999999e-05,0.00049600000000000002,1.5999999999999999e-05
88494678,0.27691199999999999,0.65000533333333332,0.00052266666666666661,0.042591999999999998,0.028805333333333332,0,3.1999999999999999e-05,0.00035199999999999999,1.0666666666666667e-05,0.00074666666666666664,2.1333333333333335e-05
88494711,0.057616000000000001,0.5453013333333333,0.015002666666666666,0.23626133333333332,0.086143999999999998,0.0044106666666666669,0.0032853333333333332,0.0017546666666666667,0.003728,0.045717333333333332,0.00077866666666666666
88494800,0.092085333333333338,0.34832000000000002,0.027610666666666665,0.37963733333333333,0.086330666666666667,0.0057653333333333332,0.0037546666666666666,0.001008,0.0032320000000000001,0.050501333333333336,0.0017546666666666667
88494850,0.27544000000000002,0.38405333333333336,0.012282666666666667,0.18065066666666665,0.069711999999999996,0.0027733333333333334,0.0011306666666666668,0.0023040000000000001,0.0025119999999999999,0.068928000000000003,0.00021333333333333333
88494956,0.063221333333333338,0.0027520000000000001,0.29414400000000002,0.51580266666666663,0.094586666666666666,0.00024533333333333335,2.1333333333333335e-05,0,0,1.0666666666666667e-05,0.029215999999999999
88495086,0.15389866666666666,0.09902933333333333,0.056442666666666669,0.34832533333333332,0.13324800000000001,1.5999999999999999e-05,0.0020746666666666665,0.0032213333333333334,0.001328,0.20066666666666666,0.0017493333333333334
