185127156,0.43345634431457769,0.28166498805532636,0.002384255655516958,0.25901577397417752,0.17538924644782458,0.0009533768769685977,-0.33786276699552731,0.20464811651416304,-0.21262545566155594
185127297,0.27945071482640715,0.16341227857023022,0.0022272487197230431,0.25783610010887831,0.12169931153405769,0.0010217105188401277,1.1401005675822886,1.3736955918484668,-0.10738675558261426
185127397,0.5464693099263388,0.43147255788898858,0.0028988344380358145,0.17388627718830402,0.18470751748553454,0.0011303483027753835,-1.6634287756042316,-0.58506873910057999,-0.88479955181180159
185127488,0.57127582244404496,0.49784021304133769,0.0026888119953863503,0.14896462963802093,0.18830730635305387,0.0011352074885560982,-2.42473628674768,-1.0248018909277095,-0.89990010782102969
185127557,0.55180714194307789,0.48053168690585096,0.0026194344534154115,0.17581609255114639,0.20802624396121663,0.0011021349146908689,-1.9044801333065919,-0.76090532102135455,-0.89816960956347891
185127601,0.54975768889290311,0.45315360294699264,0.0026631512187615045,0.18256556019897521,0.19750484913222124,0.0013178070039315342,-1.6965200928270248,-0.80314902766406715,-0.69491628771271208
185127675,0.4747330417235579,0.17912416431842179,0.0021457904088168257,0.25408981953890386,0.12413053412385841,0.0010045180008613022,-0.40106346599601672,1.0343376163850484,0.38327770355411989
185127710,0.54335091174999806,0.36513944254215441,0.0025471581699337028,0.15538267376605883,0.19280520215971844,0.0013162410471261544,-1.6996807294516985,-0.30866098012735677,-0.23926987651072831
185127750,0.60812743424492921,0.52642502056653873,0.0034112557734196835,0.01336596261700276,0.14862563810769616,0.00041586790968879971,-0.33198486710290287,-0.44629107913767868,-0.12985017338465618
185127832,0.50152286813266789,0.29024051001327672,0.0024969755427388463,0.18009293058549397,0.14226033116091719,0.0011489609093746518,-0.77489974338148193,0.56520656266046443,0.24599702814975935
185127889,0.55467048914204087,0.4159245543100234,0.0029422517493258712,0.15016169865353018,0.16218637018176185,0.0013217067783695324,-1.6876091856726518,-0.91696833920183751,-0.90961668846182009
185127930,0.55731579286898991,0.31871168096820179,0.0027714337562459259,0.1787683541760301,0.14278089264130839,0.0012423788841736734,-1.2462890640975057,-0.42435480798851499,-0.29397456434849256
185128007,0.32307188227244232,0.14377298850090847,0.0024067057695757203,0.29245450674644263,0.10435117307824195,0.00065772689897432789,0.48340245077457061,1.021152443053698,0.16684312307049703
185128089,0.55766941981308249,0.41152624752940425,0.0024813935153137601,0.15836615329125583,0.20547277568598349,0.0014081108022872661,-1.723148395948277,-0.3454953455925307,-0.23020062758887555
185128133,0.56811411083915819,0.55176307901252042,0.0029578476380879141,0.14660278936281826,0.19528030824721612,0.0008400576519585586,-2.5130546662967661,-1.328022070700742,-1.1348481435382298
2114666021,0.44350292079812714,0.2193960505009919,0.0023455991798021231,0.28100836785469674,0.2188496837487052,0.0012045041296098889,-0.062879102636678619,1.1113542792592486,-0.087845797955518723
2114667185,0.50232189732157206,0.17298351061952416,0.0021250700089705285,0.27163897212273952,0.12460782694111486,0.0011667598224552047,-0.6001339972178712,1.3247736351946353,-0.12832613666796991
2114667495,0.5563607455703542,0.17355479339168103,0.0021270410252464621,0.27650309525668115,0.10699172925982169,0.0010810353758566734,-0.90541892552280601,1.9310520408799929,-0.16278109624405246
2114669011,0.24946586986311353,0.2707570000564315,0.0025161397001142185,0.31254521603092611,0.25107170536252715,0.00091311831237685201,1.2882367690173597,0.92871159483118915,-0.011741985509353757
2114676403,0.52840771273516862,0.19642513216221244,0.0024668205767011883,0.20145316084681786,0.13622538167664039,0.0011518299657190265,-1.0006755011458115,1.3814766772335194,-0.71888526153168242
2114677653,0.33864294209001189,0.19048579140798647,0.0024592635242848895,0.26257968453397634,0.12933757955609926,0.0011687750339667816,0.51421260382060829,1.6944500697011382,-0.42511819016373414
2114679055,0.61349975040676541,0.37708960707610101,0.0026662124413687513,0.057837851037005492,0.17050254446249052,0.00056122425485588632,-0.62589598298616511,-0.076739094019232471,-0.39488765590632996
2115443566,0.47914614658672439,0.19507970083763387,0.0025535712110719869,0.24701375590390259,0.21358788089360004,0.0012262917322641237,-0.34058701888774662,1.372446326490194,-0.29028283318962117
2115444862,0.31577949820953299,0.20896339933749755,0.0026752603665246796,0.29968443895653774,0.23704789709365193,0.0011923176896221944,0.57636137051029102,0.94932385645230377,-0.40530560868856769
2115446472,0.31148764600648299,0.23714373420724935,0.0025301702422134901,0.33362676172881844,0.20312391597161719,0.00092642802580597614,0.91074895462197625,1.2640738294850633,-0.10720915627866048
2115453076,0.55507338354694735,0.19382172447732579,0.002299202747661145,0.22664310001032509,0.11266512865043632,0.0010881185067712019,-1.115600689359922,2.116952610907441,-0.48960964771811383
2115455536,0.37816744703402155,0.22624246820903562,0.0023894345456869316,0.29136558301922016,0.163403431745936,0.00093429268551894812,0.18631012305657574,0.9337604799992375,-0.0106155479768012
2115456364,0.25748366447591159,0.23507965761948629,0.0020824728130203734,0.22357785281736461,0.14863768822133541,0.0012474469172453382,1.2867546690688492,1.2326338788664006,0.10246205432571134
2115456508,0.22712701262287105,0.29530562419272643,0.0022251363014223584,0.19951939157703336,0.12642015158930431,0.0013317727308748545,1.3645476427891505,0.74169501475632171,-0.082137946112976382
2115458866,0.35193452966815109,0.15563239284640945,0.0020736305933608586,0.27992718114330389,0.15407147757977971,0.0014010994639698201,0.36583557640087855,1.8389734639854496,0.32688844133222844
2205033827,0.43999622201765609,0.44513188922959929,0.002188450041737228,0.23010798393975632,0.19518375231066604,0.00076078031118857498,-0.8067262613445052,-0.74487544670256456,-0.29364896163033788
2305645837,0.51965731052942699,0.37267943486331639,0.002665256352084392,0.18656020852721669,0.17376839255655677,0.00059345615528662234,-1.9474148610796791,0.24068463029651188,-0.98653589676978515
2306455338,0.51053417235045839,0.38392187091288377,0.0026650298741646501,0.19272476839624572,0.16845994322981372,0.00058278340889511722,-1.7801216297615501,0.14654734289902377,-1.0608265577178451
2344153281,0.49123399485162894,0.52535770385906821,0.0017382199039404867,0.21598648265680651,0.28282444212488783,0.00065057220898395577,-0.95953927919170412,-0.47396943450833251,-0.62021620900401986
2344153405,0.38269126890277971,0.38144275337566108,0.0018809624605920375,0.19614803519106691,0.24849558294257826,0.00068742205861888409,-0.42250825947779524,0.91222401598526026,0.72744452688701244
2365850314,0.15150427039395289,0.88476110686324971,0.0020034500169072,0.04349939280861477,0.14588047904843141,0.00094274420096952555,4.7182743963200959,-1.3764872452364338,0.68280776133935994
2409099486,0.45958164039942778,0.17772054348337099,0.0020325547814943829,0.14812205552003627,0.15740813804569645,0.00046322678607585649,-1.4103552584033892,0.43543407560860048,0.40539737532032216
2535213665,0.35412893440954024,0.32306646633647335,0.0020344419159642984,0.27424707429730405,0.28657840335538148,0.00082912441649131744,0.34236336861024963,0.82810242287031155,-0.2388169711442398
2536030014,0.44272101958474003,0.3806698010281076,0.0023709969191335646,0.2296508254531906,0.15509812362978079,0.00071516103601940086,-0.85798570360181858,-0.57319494639449031,-1.436306941420634
2775772349,0.49784392912449416,0.51112660670517629,0.0024612423174184858,0.21777685192960264,0.23853524784687385,0.0004493981230915446,-1.2456993208836233,-1.2696263053397832,0.92001558240587433
2776237149,0.38269136184429409,0.37327633015662809,0.0020168371229875924,0.24763135912377987,0.16652336965158276,0.0012104449354731256,-0.14500353399275509,0.83842573866097525,-0.029018753019930239
2776625212,0.51535177135886534,0.46033034888080088,0.0024540684629265723,0.18865670037208568,0.20388674834739431,0.00058226877484409247,-1.6014685503686412,-0.77987762858531151,-0.87787355502260478
2777095216,0.48675127517258265,0.30743599257730159,0.0022618636134124994,0.21445717409897919,0.11705678439752285,0.00077526416335446983,-1.1079836462943491,0.74159975457657801,-1.2953244853493866
2798598488,0.51842005070757657,0.30288302910498721,0.0019620933828868874,0.18639284296912473,0.22554141503461669,0.0013825645914546389,-1.4011371875853478,1.0490238969139294,0.0017264079353421159
301664031,0.33098449374471578,0.2400111649600192,0.0017123062616942013,0.32631259175965793,0.1616061133473517,0.00079702949486048786,0.98826505326230962,1.192465116350899,0.54270149277871071
301669987,0.40735012406505472,0.14531965852006021,0.0022187669768037105,0.21228638815005574,0.095539014928935448,0.00092560582129482081,-0.060756029067653906,1.1880619226911209,-0.1243450242559733
302435170,0.36424328505465747,0.36455696715807806,0.0020837009765474106,0.25171553765673355,0.19512603669675471,0.0012256471587244414,0.37204488125712643,0.61069894027135307,-0.054116476317537875
302435189,0.38094689984965047,0.33355078723613346,0.0020566237190823358,0.2182358963554854,0.36228625489953847,0.00089014570116288118,0.17226335898132034,0.47835012450437908,-0.26955481575300783
302435192,0.56365680735551604,0.42079090314878043,0.0023635868460846364,0.10906960946883287,0.18483334791092218,0.00097131272017056088,-2.9715082576952963,-0.3713785279742961,-0.41441619548266484
303002826,0.47351170682663057,0.16826923959500895,0.002113111121363536,0.24402718248419034,0.14386668010824147,0.0010333601364569669,-0.31332839926578143,2.4457439504778993,-0.091999628081631465
3118586039,0.17139926028950883,0.35937467347681396,0.0021001439732697413,0.25599167052715832,0.20477290128317135,0.00086270082021279503,2.2614502737847908,0.39132179693932306,-0.50608035981026722
3197885473,0.55933242036970221,0.40683313167143925,0.0025723233012943918,0.081760701000735708,0.19542217813233465,0.00081064157584091311,-4.7301083370236805,0.10388917418982428,-0.084042629594669599
3198731514,0.47897140829901363,0.32782773707024465,0.0024923236580492105,0.23055572266882848,0.15226662439081115,0.0011548392323013079,-1.0964299615979087,-0.12460732743425217,-0.64861488416813851
3259411532,0.14345700816652379,0.38013332461497223,0.0012256738399298334,0.22721590283082649,0.1854103667588681,0.00060747027149588018,2.3568202400037959,-0.24820750924305884,0.75129963514417053
3259427928,0,0,0.0013405179112213979,0,0,0.00086593517121758153,0,0,0.85030495141280216
3294062015,0.1972277873463566,0.17739397854215722,0.002189223877995685,0.215994299386217,0.12618650706532325,0.0011191346162130215,2.0862340025110901,1.5415698401835214,-0.55686827580908171
3294078901,0.13289945671425388,0.32151908796467538,0.0017755365884915555,0.10165974074697935,0.13422854202150283,0.00067701575485846924,6.4607819667476241,0.25685831566638995,0.01956344876692457
3294079777,0.35702487826108842,0.21826966941445988,0.0022238709009353929,0.24457731818602343,0.13542579001507737,0.001160852606113486,0.072635357185192762,1.3113573523924194,-0.16400098304518571
3294091857,0.48564685172153332,0.23251719964253795,0.0022793469178522116,0.20532907461823957,0.13647505782673613,0.0011817002298977952,-1.1670406410037504,1.2610138297872211,-0.38622179753087149
3294093039,0.34932036980980113,0.16609941382294016,0.0019482638369856286,0.29174353337748171,0.15917490313518065,0.0012886246065254509,0.11791353938878604,1.2380727319392806,0.064383987722025665
3294094001,0.36130838590841435,0.20223963479848531,0.0024183194361140736,0.27378222182521678,0.16501234678001106,0.0012224465382748271,0.20771764750460628,0.94717266591214178,-0.51386326608420319
3294095057,0.29935623930601218,0.3232874748363847,0.0022255796180955445,0.24101859802326389,0.14432824520238541,0.00090156700625035314,0.58368696932821651,-0.010589984862532069,-0.091882782024758511
3294097959,0.12173571678124634,0.33521895040128075,0.0019695647725236193,0.18026860326528188,0.20317093194162389,0.0013492111368665449,3.6046075363413341,-0.11681078640659892,-0.34235503097262127
3294122373,0.22841151776287927,0.26396090921175741,0.0018427067333076108,0.28247829068406366,0.17439761436053128,0.0011370019928827798,1.5054251039690709,0.45750247205109645,0.15371083586382947
3294124405,0.29266985073715568,0.2046479501594746,0.0019131220709980347,0.24430953286472384,0.14984471973390143,0.0012897435806341541,0.78913078192278907,1.4891970304239301,0.13083596148209761
3294891998,0.19331026509635157,0.23639757457034663,0.0019393170421631927,0.21560553831960311,0.1381349855568974,0.00077624652678158327,2.5619451775674507,1.1735652591490811,0.037638584430709082
3294903108,0.15595379221640618,0.27056264471721403,0.00150015565295405,0.23046917556641913,0.17069684219502065,0.0010379531812982103,2.7868189123621776,0.26791000271397492,0.48115263674573538
3294926336,0.21377836843097131,0.27188758596093554,0.0011042746020761575,0.22521485777887854,0.21645521003645948,0.0011084533957981333,1.7798588413592651,1.0513304865050861,1.2446046259192836
3294950812,0.19027609342904572,0.2623923717847722,0.0013847431398181927,0.21642783490952705,0.19932200884656068,0.0012263331025411694,2.2027288133767633,0.49120954895275559,0.51397074217513228
3295824960,0.14564566585456037,0.30181807063405564,0.0017501525464565183,0.23727507217217642,0.15491417459525147,0.0010751546855475335,2.8364392752082526,0.11995364622859543,0.056543202043239288
339503934,0.19140380430906392,0.48816552658016715,0.0013489305684000145,0.15991577331832788,0.20981797480818892,0.0010771283743364578,1.9349351284665492,0.12121268627235278,0.4154484965332691
339508292,0.077982244013688584,0.77949620327668678,0.0023775972512304223,0.014097422949032717,0.084086574298739281,0.00052531276476559113,31.893205333542959,0.045035571499089218,-0.8031511823912747
339509632,0.091976719016844483,0.72891074284998192,0.0017468334308933815,0.10973438198256733,0.23502190938962894,0.00078115388564840306,6.8277720334644743,-0.80322821348030715,0.098242179155607554
339510410,0.098202721925964395,0.67561560652541308,0.0016813231224303688,0.11098036921587448,0.23948222969353891,0.0007737739464650879,6.5143813548132075,-0.5053634405829539,0.18486855665624674
339513365,0.17260592671393413,0.59375578307014276,0.0011094963937410671,0.15781444854434362,0.24455225985978932,0.0011860964289275395,2.0633039397801372,-0.39371512283213228,1.1254390559192682
3415726561,0.14646874996155054,0.36565821000611187,0.0023494274509802552,0.15820531571324947,0.1384798553107783,0.00087295019091458389,3.1411785816115803,0.11279162825972988,0.062958780990045135
3415734081,0.39029072350911237,0.14196740643017475,0.0022402977316415993,0.2398942073793725,0.12994472407020691,0.00091348215671950258,-0.067782168119237901,1.4820003144054887,-0.66058937029446119
3415764411,0.27536036929904151,0.19853937367463484,0.0023165941304624971,0.23379885575984063,0.13488061649958688,0.00099890162241109246,0.86567075843234575,0.53173812021400246,0.073441831228751003
3415766329,0.33896141467867308,0.042700584581414167,0.0020617279712930627,0.29578143348807012,0.062093028268573915,0.00080539380152932312,0.47043270874193521,3.6660522504419175,-0.4444748202598281
3415768375,0.36820285725447655,0.29096460367746158,0.0024588736024605852,0.26470534638275695,0.14349181901282279,0.0010115798073454107,0.0091566476782171773,-0.091031101043991272,-0.55126744460299004
3415804167,0.36633885022077867,0.18832684739632768,0.0022890094168908624,0.22605537164933812,0.16646493581593894,0.00086149073873188363,0.1002138369822792,1.6698793439705808,-0.13482950709252453
3416494592,0.3056813746106638,0.33982019878625341,0.0022278705113418047,0.25838618659818657,0.16483186823868221,0.00098820281707607009,0.35481266045177412,-0.58117697394253298,-0.23435663881575267
3416526574,0.31558332498365188,0.32970830167190884,0.0025271665154427488,0.24730653332960148,0.15527003750676191,0.00084907211692847686,0.33202754191244677,-0.37242952136062168,-0.55265841340683841
3416529914,0.12977230001466747,0.35719482749211506,0.0023007111726258489,0.14578353221278734,0.14644420588760815,0.00082916216456556217,4.6963906242645548,0.2162075644130744,-0.13912156874330703
3416539692,0.24142392057291934,0.18987885587966996,0.0021643391912952413,0.24806141813074778,0.12058588462988665,0.0010193827726118481,1.6608293876096698,0.55960003034015249,-0.087224409231739963
3416544132,0.30586844870176183,0.11360146517289875,0.0021815050233855745,0.28861562877055541,0.099016395008156927,0.00099146957177511882,0.75355869731983771,1.3983846286793058,0.055998452050716296
3416580046,0.14073112833363438,0.24915979484734369,0.0024515626912723302,0.15754035978079134,0.14893304551883429,0.00087628176623151554,3.8726124618039863,0.56439576999109053,0.25889118690466484
3416580960,0.37535002207008727,0.27413898161050865,0.0023332967115213543,0.2685122302206509,0.24628850615381762,0.0010129487375536963,0.13982929790720566,0.90256036195451617,-0.59689389504317247
3456989705,0.32177868051439612,0.23534975504324085,0.0026848039910506152,0.23313055592002654,0.14184512797959653,0.001050017816978262,0.33479912469697032,1.5539630489810266,-0.53422434447268463
3456990257,0.55496936586559553,0.14241575054863012,0.0027068267806447735,0.12222827515379872,0.097733614050447212,0.00062442727431740624,-3.2829217956464527,0.19268370465575091,-0.30355722625150644
3456991217,0.49955018613196656,0.16349438911241804,0.0029900151470932559,0.20283898285936244,0.12367058021654438,0.00068346518768675987,-1.2868538531266427,1.8095619369093254,-1.293776965483074
3456991395,0.388700849212407,0.31437870898040543,0.0027698100359914448,0.28302784414047627,0.17704017935415153,0.00038885826595319941,-0.12117857078899194,-0.35300802877550708,0.33435215781755889
3456991825,0.55305944267610807,0.25122346782773858,0.0028138218386808806,0.063003507547171933,0.087687750086806432,0.00044649570887796489,-5.3177451659967092,-1.0123052360886671,0.53704718936107843
3456992275,0.56675380564027544,0.32800472249972779,0.0031294626255887509,0.14032681636371666,0.11898453814386781,0.00059192800423852221,-2.9031363245621784,-0.83485889562663673,-2.7859020682606817
3456993315,0.34782767824325539,0.20248059386054826,0.0030851797501425015,0.25506914315381163,0.09287346651543589,0.00071461427661965082,-0.070676205337931328,1.3961437789707691,-1.9251661026958824
3456993895,0.48194990132495319,0.18148819842300903,0.0029897753875944102,0.21048206203264833,0.095915521777138829,0.00083196238832403818,-0.88365457814004655,1.1164060120501098,-1.171498625886936
3457809046,0.40750370168885697,0.2163884943901431,0.0025612922740561503,0.2399136181141214,0.1729789998349168,0.00084870868241874065,-0.25157412042220245,1.0738414764816804,-0.63528782580877141
3457809436,0.29476475342203001,0.29075556594513219,0.0018012817127795854,0.23055555133040642,0.18831578568638729,0.0011146371458105901,0.69082656413765886,1.0471593525013365,0.0097374961866180648
3457810042,0.44316538534842148,0.32194691927402785,0.0028867085412002894,0.26664976611737179,0.16011103658988859,0.000411480314637617,-0.53801732523928036,-0.61254132218020463,-0.70235078692158903
3457810590,0.39819202879171012,0.23662222996297244,0.0022305702625956452,0.24809456510517608,0.15128328625074278,0.0010892580976838788,0.078880397600915295,0.20300044332521966,0.21195117613273456
3457810994,0.39458652997230387,0.17890608247631953,0.0028221843313274938,0.24549926807177816,0.10542525626776471,0.00083507513249325173,-0.13256841524113369,1.6077377416239773,-0.63189195920725216
3457811362,0.14475017763110312,0.34394701154764157,0.0022037096946030438,0.10705089117206937,0.15876695775759048,0.00087217724134257138,5.539105350890547,0.55529132500727096,-0.25559280026181252
3457812108,0.25137246776855943,0.17811774410399484,0.002516583427134214,0.24673577753397841,0.10296843952879627,0.00094221134159274463,1.0885588889640927,1.3523807103535259,-0.37852486075184588
3469474601,0.33064542598828378,0.25244176985487027,0.0020670900115342221,0.29683949943581867,0.22906238930185122,0.0011434065628696238,0.38557500292185276,0.61873159946057166,0.14465251167593768
3469476213,0.35063844070900602,0.21596084370700919,0.0018493181801871664,0.26162122433464885,0.18510903648665858,0.0011256960827452191,0.29472939531997366,1.2667972341922493,0.47498008999478025
3469477957,0.38611882053315671,0.21472160541423929,0.0020450539331026999,0.27212776284701806,0.19993069903664995,0.0011279243781691436,0.11658579480010821,1.77617423487972,0.27321824710335446
3469479001,0.39710444591925698,0.12716485488798765,0.0025874794822503262,0.26756609933194636,0.14211610821251944,0.00097829004963849225,-0.1385118962434968,1.5880195203120349,-0.44823234832757153
3469486063,0.36905155303958742,0.33897460744685698,0.0018773946840958886,0.23429537077139589,0.29086807521204189,0.0011142601358863327,-0.13760242615075274,0.5793703256757311,0.32236697657987246
3470294356,0.34724282427906289,0.18325552634092401,0.0024016084070228589,0.27705393019358876,0.17541185801889997,0.00091584944397120295,0.24473913229557206,1.374071143070172,-0.63596813197698598
348579535,0.32065711833227079,0.17876262794528747,0.0023842482737399489,0.23422303137734971,0.15024562859377172,0.0013253585866916204,0.29769189311910405,1.2240351634946705,0.023516870116116226
348579538,0.3578887056493732,0.21729407292910755,0.0017869269973086297,0.26114192470848785,0.19253637278628807,0.00099640370284525626,0.37503591683986121,1.5516645082173157,0.50636016500075931
348579541,0.43744055548250194,0.27701680391242411,0.0023839107625264664,0.22837728001795635,0.17258136721102063,0.0011737798919719219,-0.28517929160350058,0.59731214087845819,0.02552363732045337
348579546,0.44471857435431966,0.38215457301028849,0.0023284026758939999,0.21302815015772383,0.19570505909647615,0.00090727489102745583,-0.69192186207701989,0.10358781954596398,-0.57177260445987488
348579551,0.18102903793086303,0.26501463437005585,0.0016766448186594535,0.095120714863944314,0.19327976985436829,0.00082335798322727741,1.8753508567075912,0.78267314677105826,0.81123589647821592
348591239,0.27833444231749405,0.38263559884753895,0.0022465337741892806,0.26581242193114635,0.18373066710996244,0.00096697512112550277,0.96217136293804517,0.35549934107854186,-0.57464133611018964
3492543387,0.45802943471971064,0.26630489780135996,0.002531661771113098,0.2034790519785612,0.14960414276599707,0.0011459442475954193,-0.82337500216534554,1.410653142241963,-0.46194460676658761
3492543897,0.43342971285355958,0.25449279100207062,0.0024202329565549303,0.18784741628484886,0.11066330782098785,0.0013381467162054907,-0.49435440824007842,1.4592090047194461,-0.33168873458059622
3492544847,0.49493161592312973,0.34542171370121466,0.0022248530052540738,0.22674524547889105,0.20132331478767368,0.0014806024252026202,-0.79488062658379766,0.014527877204610747,-0.18601113419216575
3492547439,0.45078735373424461,0.32256735216750443,0.0025697157298473811,0.21112452918590977,0.16306866282740878,0.00093247558609958509,-0.81890629211043253,0.47006149115855084,-0.49703888867209695
3492549941,0.4202036166855474,0.40970725578556044,0.0023242877457387684,0.19319686590971455,0.19689277921770471,0.0012540996510686732,-0.25056835534415595,-0.32367150832740588,-0.14082403317461145
3492551277,0.33496384140227564,0.33125272761569718,0.0024678893758809653,0.21970250926862875,0.18294681503659116,0.0010563030921505636,0.36820326030586481,0.26151819410989441,-0.30678728760640622
3492552853,0.37287998929359017,0.099991461041347623,0.0016147002332435737,0.26248185228294785,0.10724626948072867,0.0011609044307936392,-0.18406321269798251,1.448158851748266,0.37531698164278465
3493362646,0.45122648863072878,0.52664713023913035,0.0022403964013840735,0.22351966112186777,0.30554334592525256,0.00086858286109809963,-0.73599619112450565,-0.52612551011465769,0.044276242240933808
3493364756,0.43156434492148149,0.27836533121788709,0.0022658426143789766,0.19577294797760952,0.13890530858184982,0.0012075594636093299,-0.29626382409762886,0.96172543749808137,-0.15610165641411905
3493365324,0.38108018855678455,0.22266175514878939,0.0024735449647565475,0.22976217369278906,0.14225928880546843,0.0010521653508297865,-0.34445069856192007,1.3510834665399694,-0.25284934093263983
3493366538,0.41991989395963031,0.43261187467442369,0.0025772512930924882,0.2139538599318557,0.24235259060130093,0.00093419860539265605,-0.22601957891456481,-0.39979559450958591,-0.42658881070881649
3493368992,0.55942756902778801,0.41733007999269589,0.0026959498449312578,0.069836531884241201,0.18202285000098747,0.00062863351155231784,-5.0003479809551745,-0.76815865794995775,0.5338199734615352
3493370342,0.34280851377783389,0.31013007632690853,0.0020766447366397369,0.23593144089922949,0.16759680180878977,0.00084617520866143059,0.1741435878941929,0.75199598843994464,-0.046819775707423288
3779333933,0.062810954417768003,0.83085198211686839,0.0016681104634046979,0.037489688083381607,0.071115715927754286,0.00075403363007636726,20.204357730186342,-2.2748490012167366,0.72878345001214107
3779340635,0.056274303594471435,0.68261879954477289,0.0010081525530253013,0.031924052710954359,0.11551166540770809,0.00068887377724911728,18.895703586356181,-0.40903388409691405,2.6830590441506792
3779346675,0.069455249931721988,0.88288649081163839,0.0024795130539993805,0.027394538552092024,0.10086896424951713,0.0008741487172759751,20.313394038073024,-2.8379276565098221,-0.087508926500913881
3780144748,0.086536966277521304,0.7869555548955619,0.0020409317275754319,0.089978397174314981,0.1644642223935221,0.0014186076793393514,7.5774131513652874,-2.7301198192257305,-0.117893571255794
3780146172,0.0724404321387144,0.71172533967433793,0.0018635813206514143,0.054679907938195951,0.11988625789491089,0.0012032397848966705,13.195542186735384,-1.72884949395348,0.5701042777307147
3780148818,0.082857410069381771,0.51261138238596182,0.0017578943649532244,0.073515731776942775,0.1598689497116644,0.00084930055817676446,8.8231101934435561,-0.7757389168833172,-0.090946641143867787
3780152428,0.068528858942990101,0.91526380511673899,0.0016787818960828892,0.066294658626205788,0.080147001925111802,0.0008510713814883741,11.873708020433915,-4.0309535782800054,0.07333914093933018
3780159542,0.10275800151281245,0.47376078424896156,0.0014427494160829245,0.15037632391642003,0.18405769022603816,0.00067743034457580043,4.4836197808070652,-0.68212018764797178,0.18405074812786984
3780593482,0.059280052032445449,0.70739328053783601,0.00074662842773580711,0.027776252498607393,0.11127930511076128,0.00054284429524389705,21.077539829480106,-0.37742692662764649,3.9795407631901614
378899722,0.35326872278441684,0.2788122021031334,0.0022960541740357329,0.25247057634125109,0.17295805678555332,0.0012383508962240635,0.050605346418900611,1.1593212644718509,-0.37162258632232903
3976561568,0.49149491647357091,0.21619083610878639,0.0024000495997725437,0.23025730185042304,0.14119021493690873,0.0010393998286871633,-0.73172194506644916,1.0052885795176436,-0.1157792050510664
4103350797,0.36351950125915294,0.26657832645272495,0.002100729934086261,0.25986689950642666,0.2008439652769313,0.00097576024609234756,0.40384437502592979,1.3749087039115191,-0.01742526293268995
4104101152,0.33066804269251932,0.30151540888288941,0.0021615165338347924,0.28850901242257426,0.21613116782782038,0.0009509907883681779,0.57674240784636999,1.0833875303684877,-0.023683209774846715
4104103096,0.31295044430503505,0.38005029859164335,0.0023074223473762228,0.24908298392796552,0.20043310512983711,0.0010934523245234749,0.54650925405520812,0.77908180238632274,-0.45710658193749198
4104104324,0.49129317304870923,0.26837761042868336,0.0023096646819830069,0.2458816982439925,0.1597808233208512,0.00092248008400766263,-0.80151491280892107,0.78743992318112488,-0.12617928362529229
4104106640,0.35373739061736043,0.30374024440896125,0.0024132016676423344,0.24588445469799272,0.14987688163373961,0.0010088891820874445,0.15940617483882644,0.93198757300214541,-0.1892121179428059
4104107996,0.49688816802786745,0.33306102636349655,0.002617487429759576,0.3119917544602091,0.18758240085655994,0.00093768059797808673,-0.3795316708937494,0.66984506034704383,-0.52674472675641426
4104110954,0.28790974675955566,0.33585012998421415,0.0019458829533107135,0.22416860606651973,0.21259776260618454,0.00076266895066491678,0.88022697660601867,0.52786438906088695,-0.17782597083430071
4357819418,0.60092070874700232,0.070357800772342383,0.0020510882891205027,0.065814518948333872,0.039103240330035281,0.00014289045847698805,-4.1007584943055031,4.1010044451662075,-9.6310137954146153
4450560163,0.53358957638724458,0.46763654208855227,0.0024233325458696822,0.13522536357121986,0.29455310152392022,0.00070312698924611253,-2.0421087016972304,0.3629157124714964,-1.3304971526673213
4451586904,0.15493113784802995,0.44558821378823121,0.0021183948074816436,0.15105117504400187,0.30039194334558994,0.00081324735039130138,2.6383703201721094,-0.18108816371990172,-0.31382938094523372
4481578877,0.11462946126128049,0.64902039841188808,0.002164114636168521,0.13846021651627088,0.22403955544098189,0.00081423526255873502,3.7490457599425442,-1.128638369756692,0.085560170498966998
453088898,0.37258727859704927,0.42254497281800119,0.0017030529591182016,0.31796074026679033,0.26296672504182705,0.0010054549036992775,0.49767652572846138,0.28246422995121356,0.35946495343987861
453089046,0.48079926518276506,0.31487958526021448,0.00221766545174931,0.3481536502511226,0.25618032828288495,0.00073269408041994554,0.01133146534915083,0.54714614185116262,-0.52652149999613373
453089632,0.60311087762260296,0.3616906337897749,0.0019305618454439864,0.33617376771419261,0.21588187850122098,0.0012593927071578943,-0.83235479700140935,0.94438326951940821,-0.21174442854512354
453089812,0.22808748066301163,0.30124241534081503,0.0014965914033063627,0.20048182734674999,0.25122901138084325,0.0011506939520390619,1.5332688479447258,0.81651152045566511,0.64394752363113339
453089874,0.4355488760821698,0.18518308099135072,0.0023480705164680305,0.28387312009096355,0.16225081162092958,0.00087703549304090917,-0.11959913897004054,1.1728528127302891,-0.24544453257087753
453106631,0.42149254856230473,0.3720703687389042,0.0019100349301549992,0.35767664648998432,0.26933922108234343,0.00088259003978710942,0.32703339998006092,0.49233812197427151,0.12843961193484471
453106757,0.19291996964278818,0.42569665933230133,0.0013937104395744602,0.22508549206234404,0.19198507616642893,0.0011587234494715389,1.4576198769189832,-0.42839226837026267,0.87560321266662577
453106913,0.21244690176161538,0.27054464506011983,0.001220244111239251,0.23811360332980647,0.19206481337827666,0.00079860482220727781,1.6931741361935102,0.5736712703025475,0.9060294643381942
453106963,0.53153406193613817,0.21612657714741096,0.0016561147866205031,0.3435538522716115,0.14064021920573255,0.0013290633684694348,-0.49551743177148122,0.48552968975543187,0.40605815819430685
453107005,0.27213546069244737,0.3229097155085896,0.0023319688119953727,0.25022857776532048,0.15512211962040698,0.00057841244180856959,0.78654639547486438,-0.61909696482904786,-0.51914112013512004
453107137,0.53776167348907344,0.31597823184707791,0.0022502801896705604,0.25841621569955259,0.16038990689693347,0.0010404974094652148,-0.49644355890517772,0.21962667417677828,-0.44406455984313714
453107235,0.44868428954739975,0.26777469417884703,0.0023485139971799922,0.28353325943845148,0.25760406634004973,0.0011611101053412883,-0.4171179106167513,0.84182553200994326,0.090657258895288154
453107383,0.60410838938801725,0.34642385447552715,0.0021221596206585911,0.33589103234580009,0.18721158806219282,0.0010324405925943904,-0.65137342650936236,0.45851831316904629,0.16554657506608833
453107663,0.30164700815900009,0.21599347633774291,0.0017259784595667906,0.24578439385809428,0.19636994636758229,0.00094583577582745839,0.78039838355034341,1.3092604340602232,0.21434401452843765
453107945,0.45664524682573526,0.22185367693315478,0.0024752092272194884,0.22781208796814026,0.17564392342956067,0.0010032322350156831,-0.64240298148036701,0.27809878936718357,0.12254356215016808
4694931060,0.35829282397830675,0.44353074417416316,0.0016932772728438085,0.21030187340156545,0.30372869479189657,0.0009518792542588942,0.42450771785180169,0.38222298519293729,0.11231856913876748
4700846120,0.29359010262055263,0.25817783934305166,0.0014293699112805072,0.28617322396984557,0.21940211503516857,0.0007913584153887769,1.0482415191661203,1.113671335651478,0.45083259510692159
4702099004,0.40459196700873967,0.49293720867693902,0.0023512953775887413,0.23105602014701959,0.26330658792368389,0.00084517419436251162,-0.18524704111676937,0.47188148859483597,-0.84694408347937067
4703314180,3.3132530120481936e-05,9.727386291620304e-06,0.0017079774692773957,0.002349678826746113,0.00084429329018236346,0.00089750795137444415,70.903478258385476,134.34220705668096,0.20881291945906447
4711345351,0.55551566459504953,0.15328667342065572,0.0025071256491088884,0.30157154270569569,0.218997797760483,0.001030010183718133,-0.47977191910202904,2.059846928630737,-1.2521205335580901
4711345411,0.21217518537195351,0.025485642142652837,0.0022882688217552355,0.1958594488398889,0.032698454625150003,0.00059426439788540469,1.4765558141636899,4.2852966484794885,-1.8449926074554763
4711345533,0.43385446605358058,0.21854061798867755,0.0020105355171088565,0.26487684051141824,0.25648128796480174,0.00098991443930347743,-0.27611560896149717,1.7823810783636529,-0.42281279035579733
4711345611,0.19492046436919488,0.32436678087515319,0.0016147762399076435,0.17905565844352583,0.21583103186864028,0.0009248606939375087,2.496237686623378,0.58846363672725432,1.0996165594353182
4711347505,0.27684468389529882,0.39855304742538838,0.0016187933461488677,0.19358316158187078,0.34162305160594258,0.0010313718056832468,1.8932107403210579,0.74845045404193078,0.84152814461744052
4711347835,0,0,0.0013839770754837701,0,0,0.001398309751694485,0,0,0.74399329149797411
4711348349,0.3700713366618012,0.13090568785989595,0.0021843432115852394,0.26203457538924624,0.19716308972670241,0.0007600574756812784,0.15116014561413027,2.884897502306186,-0.5006783516615676
4711355871,0.50864514605400546,0.49203403999180328,0.0023142571421246364,0.17820384673334544,0.20457679405854037,0.00076524037902121517,-1.7845128851040797,-1.5106851922279227,-1.6659041330726927
4711355963,0.49130089542613103,0.29304667634381787,0.0025134556862740592,0.20018695541806722,0.17407149029868824,0.0013453564116687404,-0.9940380174097857,0.38446315810454529,-0.2680447091158194
4711356203,0.52052199828115253,0.54496129663850779,0.001995418956509861,0.18829077606053737,0.42021483589584635,0.0010744362459981498,-1.2876483703263997,-0.18900750681364337,0.27049580511381149
4711986072,0.25719466418371423,0.39701077027060105,0.001435691011149586,0.25016332445359435,0.35983697139735527,0.0012624069248091925,0.84796169332065752,0.48251553281162618,0.35480813767600938
4711995426,0.31902127334975872,0.218482254573513,0.0019615574114062589,0.24593196197241846,0.27363677792992486,0.00099502849577974366,0.88272990031144005,1.6405492958635806,-0.43698900963631793
4711995478,0.25054027064698225,0.54400849965682874,0.0021230668973471027,0.21963022979074981,0.20804909237053984,0.001104881261679588,1.002110361691908,0.09606210627399013,0.13705022979632919
4767827587,0.30133007180714827,0.2507521368600471,0.0013985285031062522,0.27064462909152948,0.23638013931750065,0.00075845647651108831,0.57779999051852937,0.83006392584155164,0.75929161513112142
4769599645,0.2439047037639866,0.33327019362741006,0.00094807785871249539,0.22115491351078054,0.32981623695538648,0.00097136462244918535,1.1788117131320064,0.99272899247736168,1.3108246968849395
4769609553,0.24393233270815567,0.33306867449238881,0.00094809263704308928,0.22049973790851782,0.32956144800073311,0.00097135998413252274,1.1731424357750757,0.99347564692264501,1.3105633422483831
4960115751,0.28322124547766986,0.38923211294012811,0.001739493284424081,0.19131556716990061,0.22974112368470953,0.00098689777543140944,0.8255151730067215,0.17781271476369515,0.084834145020510315
4960117011,0.33265425980461472,0.35367183073841074,0.0015707656126454043,0.25027099046980839,0.25975571830209127,0.0010847897075442971,0.32073273448067291,0.42630413070742229,0.45727593749742423
4960117501,0.32555751443317549,0.30212681079171261,0.001814486787650903,0.25210359454508108,0.2515863567201202,0.0011807421039032838,0.41575710105023156,0.61199025545208974,0.094325718553893267
4960118699,0.25716210325987404,0.29203825769725095,0.0022914140034133242,0.21118941950599204,0.3032811766225415,0.0010359247870919456,1.1377044421548319,0.82084605816224565,-0.028796625489473877
4960123163,0.30391414568325648,0.43842993497911231,0.0018719707441414483,0.19617767262378621,0.28331622400283857,0.00098246716584923441,1.0245929092049164,0.054123843904242581,0.25807616992573995
4960126389,0.48196175109205069,0.44942290357095255,0.0020021540310380345,0.20876681345632711,0.30445112144081232,0.001234721579057202,-0.30095582867871956,0.37802330056536809,0.20341308906530822
4960131103,0.3884844901592075,0.39263375035112275,0.001701127571845985,0.26672787395385622,0.31453032833082784,0.0013208542606936518,-0.11487156817733363,0.33053132048860012,0.32347182677991293
4960131477,0.2953821332962156,0.29173725846723725,0.0022731781557007082,0.24878841602518331,0.25929389544565828,0.0010934972432086556,0.59384320117118783,0.54420700037734071,-0.11681220463496059
4960710650,0.31918064595334356,0.40621918281197522,0.001726501712715729,0.20447314063845889,0.26966952414588852,0.00099866874444317559,0.92166770735318071,0.25251084053381928,0.40520755518638318
4960711316,0.42631048399584431,0.3483992574646777,0.0022664206958420124,0.211102885848578,0.22866789884145949,0.001076584435849241,-0.42413725370621469,0.39979332136631573,-0.65185736509212366
4960712700,0.37019488293356906,0.42230911595537823,0.0018105864316193246,0.2267324442484501,0.31016026953873832,0.0011585911184877223,0.41741217471801695,0.23589498004858697,0.23385683447537961
4960717696,0.38907986605167322,0.51203905098439118,0.0018513942457212122,0.21699136372666378,0.33041017501562359,0.0012205130180628577,0.24563797988087505,-0.17014375142613006,0.17111141629296711
4960718138,0.36469213260082489,0.41434259748874042,0.0023544226253007436,0.17306976844083619,0.2872485729676873,0.00098620505117443294,0.57514410186384013,0.067348992745624253,-0.36670226897510666
4960722076,0.35280715705316651,0.49847499859522276,0.001918422828826539,0.21024758778229494,0.29028608990728366,0.0010122625975732963,0.3581494245985099,-0.30728324186446893,0.12777577147024369
4960727764,0.39943703629384814,0.46381568890077618,0.0025152882973996362,0.17264785298128557,0.33373115635003037,0.0012006975955314884,0.094081927452526928,-0.031905359937869589,-0.29885331566935647
5143859477,0.28477381788306855,0.31302940788578637,0.0017179016480841016,0.23871924459494859,0.23916096958745856,0.00082331376780858244,0.68437082414397299,0.44068952393408223,-0.15472590230864502
5143863609,0.36530059656303715,0.30199190640998591,0.0020209891785205681,0.20679865263532005,0.21986488732628387,0.0013559039745855337,-0.026955434380416751,0.85041666046039344,0.15444072240081344
5143870187,0.49690707829877739,0.4777104521587176,0.0021979794027937442,0.19379044002883264,0.19726094116418724,0.00073786229231880907,-1.4259836455384669,-0.71139224037384285,-0.76555722014519001
5143871189,0.45696300591684585,0.41345859568346838,0.0018808612482378321,0.19815316482058132,0.17913503784787133,0.00074893926808023174,-0.8821687094324121,-0.33784016418291846,-0.24412680693648586
5143874031,0.34158549551048295,0.64705541701975078,0.0017415975599128035,0.22832251748169127,0.1191128855253606,0.00044219141068389199,-0.051208991707385583,-1.5112939034873156,-0.73502546311094796
5143874639,0.39452808583698878,0.64566632694579795,0.0015295081378957089,0.19943987249865658,0.13740181505689297,0.00044841376891351396,-0.38242667732694485,-1.199594113400555,-0.091933565782793658
5143875473,0.10805857771749817,0.34172458392377031,0.0013840095552991988,0.11262374348167366,0.12874731666704506,0.00062938671156072224,5.6643895436288307,0.4926141385564104,-0.13341836334614632
5143878417,0.39623768537174164,0.43557651069747455,0.0017825468973472498,0.20563101469973197,0.20802518545151449,0.00097731060133173691,-0.10702025318717294,0.051015729480210811,-0.0087372827824272973
5143884079,0.35659106587026562,0.40108914409020241,0.0021316025528637663,0.20903851823764694,0.2090769035725451,0.0013002047502253954,0.28509285353869612,0.74534327811200329,0.19850366346498186
5144463646,0.39635672857291637,0.43924019466566794,0.0020673451749327405,0.20687427699324565,0.21154308438184657,0.0010545811288673723,-0.029649685042531449,0.38212249198542425,0.071681192686671155
5144470020,0.50578988221282672,0.44988012942945305,0.0018124217659873994,0.1336435025120262,0.18356944465623101,0.00092392721271105944,-1.7374293892282189,-0.081783319613800268,0.14266695692083131
5144471796,0.32040065225065001,0.20956529879399183,0.0015046096526977813,0.2404738122024076,0.20225470291080269,0.00079083093719051916,0.13243453417885301,1.4517461631291977,-0.84097839805387542
5144478508,0.47905067303205312,0.4385063532136651,0.0012133705292836259,0.17495284254586643,0.23418795463873757,0.00059439472517760345,-1.5581284518624656,-0.48966134655707011,0.195848375617592
5144479708,0.43454263941683607,0.66425951761096669,0.0017813849237472605,0.19834986063708326,0.12320721661023222,0.00045823674405468375,-0.90350981279088938,-1.8679924650843027,-0.40293774547100447
5144480530,0.10157012969553521,0.36396339686250484,0.0014360756837113573,0.078493925086751515,0.10198797902046973,0.000643322906935715,6.3351902155188267,-0.72087585686242561,-0.065135489068600047
5417372727,0.36461182433867384,0.3626759693378489,0.0020527141212723665,0.25047223188427603,0.21543000426736211,0.0010888321330674499,-0.014948313393619111,0.51744579439302485,-0.17614660861883213
5568735605,0.44578403113105164,0.43828839463566005,0.0019220432756631611,0.10898769807727823,0.16331645908923861,0.00046717040080418334,-0.51551676198160445,0.65507001355974204,-0.15784084793259268
5568738301,0.45032357273156731,0.46847626864439751,0.0020712176547480507,0.11355579077125919,0.22874816967962669,0.00041870787213281729,-0.58028621866017671,1.0598779568310377,-0.31492616701726395
5568743023,0.31808723554879459,0.55019416559682721,0.0024477377829034744,0.40042091766351684,0.31301000682229269,0.0011807683426881288,0.77227991881789093,-0.44753661977590026,-0.073954132951833812
5568753869,0.35085218795242229,0.30625442505037909,0.0023742015191310951,0.24061634472969173,0.14841611490628975,0.0010824832514623216,0.36616886645030255,0.35979958489460245,-0.31335302837367141
5568769795,0.56486975555575059,0.19381453520709757,0.002667378351915912,0.15429484566919871,0.12807198202241124,0.00093886020538690152,-1.5253529913142492,1.7269516127560043,-0.69203389724713249
5568778045,0.596557262045459,0.32232272699466835,0.0021724774983980931,0.065490984269218247,0.17778105784053302,0.000726708727460782,-4.0508744924986679,0.34669258892340027,0.013147976080147962
5568803497,0.56756512630426947,0.43525712002921169,0.0035405897424054212,0.033723544136498106,0.15061816701687419,0.00058493132488881671,-0.83556529228162024,0.25417558347660402,-2.7342775874275547
5569321452,0.49130982134222179,0.46842203683060035,0.0021012785441496739,0.09128870104104031,0.19457153156293008,0.00040464671085367691,-1.0764779946961671,0.81377862678930379,-0.027358196434586337
5569326822,0.23665267895712661,0.44301041915053874,0.0018873120184544053,0.16762161037568823,0.19807760141288777,0.00061510845197017391,1.7373717755008238,0.2634751144052131,-0.10735027854003291
5569328158,0.41398558298347582,0.49696121805082766,0.0012343773420478502,0.20681431336671177,0.209904858038926,0.00081565919576375681,-0.33693891083521793,0.30240821280298319,0.93063086650195048
5569340632,0.11885461279161674,0.72075079496196304,0.0019397833243621758,0.22848316917336234,0.22671713653547734,0.0011840982839133008,3.3270349115845699,-0.97341749656441434,0.42440297696514118
5569346152,0.59467393565695281,0.52839279927698291,0.0024731636550042865,0.055180099138951333,0.18411993597896348,0.0012777645877958977,-4.3916866010538076,0.079947733692625325,-0.5357971040396593
5569353718,0.5662473465523169,0.23223584631455574,0.0024785488248097298,0.15847597118370677,0.15472824554290193,0.0012187809685627138,-1.0489876550357553,1.1802802847214988,0.20335503102448899
5569373536,0.53991794032798002,0.21658091387490339,0.0024132727617578371,0.19017328498371555,0.14457054435816857,0.00083688481681978139,-1.3909063556646748,0.53106777962820195,0.12729743554067671
5569397204,0.58638270375608481,0.45741224676626829,0.0024549636396251837,0.028387838724465351,0.18948733204053955,0.0011119901086299557,-1.3245683302819957,-0.2688378735650826,-0.0095201711220314431
562314127,0.44215452092743551,0.41920197492980726,0.0026954311521203539,0.23864224626198169,0.26084945666359932,0.00055655473468608173,-0.58671730974864744,-0.47656220864078752,-0.72201164227503445
6348991474,0.43462595650305119,0.31862097667654293,0.0017868572328529903,0.18319819259792305,0.21739530070308705,0.0010013766308507976,-0.75469607873156597,0.86833334277056229,0.4159854486701165
6594604575,0.51509879639964973,0.39752916525887944,0.0024890124926304851,0.19583127802731484,0.20026766686226441,0.0011386226170142994,-0.93886230505713064,-0.33624455872326947,-0.20353209829076785
6970820032,0.3366494556715503,0.31530490667326327,0.0022093612815579865,0.29038974013879421,0.20518197905676161,0.0012152790826637616,0.57079739800587637,0.94122823958152069,0.10605254722531625
6970820432,0.27428506055332758,0.14082411245767792,0.0014827030014098145,0.24951012026781444,0.15516194114617718,0.0014538297450672865,0.57811592147434998,2.103561630306884,0.49618139065487937
6970820504,0.060029898869511746,0.082727103486255477,0.00023371802640021066,0.14129912742940789,0.16924387122995418,0.00067934674298475569,3.8857286220934819,2.5345216130319184,4.2310854033936671
6970820552,0.21306378067752463,0.20318357881766519,0.0014116568499296491,0.23173554642034672,0.21762032847716523,0.0015316549256634583,0.96973255537020731,1.4653915063108025,0.53316380864557944
6970820724,0.28011166051196196,0.26520529851490821,0.0011401976060489791,0.28502037530200197,0.19161927623724048,0.00081263440330703752,1.0536987034133809,1.184087279945097,1.1277898573320704
6970820956,0.43696772133206102,0.32444025614840649,0.0021132379853902859,0.23596844916456955,0.24813112600069209,0.0013877380765371229,-0.44211728039258263,0.58801095412848103,-0.16897775241649954
6970821004,0.38313475771253597,0.37152905829187738,0.0023484117973729042,0.2243315405245008,0.20841338910591856,0.0012029398359703646,-0.1186334982260292,0.44117859575048929,-0.25043224602441971
7116896455,0.32698468530798541,0.34229789319158033,0.0022043223170574592,0.26402346504838825,0.19388422292771895,0.00119421987571155,0.34482237396052373,0.63974158978203599,-0.07518780436757945
7116896577,0.4688802770811919,0.42539476461489889,0.002771818197014522,0.23058707932111572,0.25277525070272028,0.00095866001135823799,-0.67397423020457858,-0.09759697811810418,-1.1717315783737807
7116897287,0.24881730080990772,0.33028662943022363,0.0011597082147892855,0.2568810620398112,0.24752937456654428,0.00096215302210111054,1.2811243522977447,0.58390809036953395,1.2223251525486745
7116897329,0.45159609692331915,0.48467247852027973,0.0023223441240547084,0.25160797570831372,0.41499036076233209,0.00099612705056994696,-0.41037025707602454,-0.029132904393192393,0.072993440323143574
7116897631,0.42626634499481908,0.48033337872580956,0.0025628005461834809,0.25379440747096393,0.20631886783616923,0.0010922725814635978,-0.37739775389634872,-0.15025925386496472,-1.0039458007235122
7116897741,0.41631355678772758,0.33598758874191298,0.0025076122858728967,0.22484615984952794,0.22978743334102938,0.0012680374497040399,-0.47067115012548338,0.80580435285351082,-0.68907677920138055
7116897827,0.40446922215417613,0.37989467141205124,0.0025482720321241491,0.22679470459408135,0.17140934244555861,0.0010967227928103649,-0.28768333104355603,0.14220892414809014,-0.2944568358541057
7116897881,0.49766042885326189,0.22099944360030757,0.0022734416608989482,0.29756340382121454,0.19419652495854495,0.0015619104436194187,-0.34052864063543825,1.3107558279845954,-0.12696958171403275
8027012353,0.5397425590570738,0.15339472138599783,0.0017712822247851377,0.30882860547965113,0.16746749873970518,0.00092815021180253101,-0.47552256514105568,1.2207444507112304,-0.57124603957389963
8027014495,0.27226533560203536,0.38434287044074922,0.0021841716262975593,0.26556227676221322,0.2254142248360817,0.0010265332341092674,0.81648160698970085,0.60597995313875119,-0.22061940969780472
8027033562,0.50038907990305781,0.35117698114344997,0.0019035575035242338,0.25114297606549163,0.25908198568784396,0.00084757426821314681,-0.63764631557486029,0.61590638680888843,0.0034178616006188081
8027038398,0.40948875822383834,0.37697302594561738,0.0014374927386901421,0.34416945762614232,0.19820318729739167,0.0010830070210600584,0.15959649857618874,0.45350492163668699,0.74050945501870868
8027042270,0.29890939611136452,0.62435143703086537,0.0015809098244264123,0.3204703463321682,0.30675766121148723,0.00085130104031057503,0.9549206307809206,-0.38984387050010649,0.71680643456441784
8027043676,0.42371666956572834,0.29165178562490313,0.002084294389337694,0.25660067761749739,0.13857911556554423,0.00079792422185892596,-0.32338106548653051,0.056706864085845216,-0.66245365841166759
8027044882,0.51986592590257064,0.28058064190733578,0.0021612031475069233,0.20724094290915193,0.15060645976023976,0.00035627640370574829,-1.3694874724838475,0.23270025197914401,-0.50774392635646881
8027047673,0.54841950744363599,0.37939149353481999,0.0023244549019610259,0.16478985269038662,0.16174558170979822,0.00039400143240839397,-1.9683884340181816,-0.60950253555826595,0.58626189479291457
8027049091,0.46407103263400074,0.27726596975832035,0.0021193470818918728,0.23831958634143871,0.13103887966568892,0.00071168879716788154,-0.65376470326606262,-0.08697975391289825,-0.36071124714523733
8027050465,0.40258242125534344,0.39700990438038902,0.002169750424195583,0.25325630157653467,0.16221334338548352,0.0010063030915884858,-0.17715584905436443,0.42790442950284069,-0.46736599854064775
8027052874,0.43198602480701359,0.35536404760060752,0.0022689168781237167,0.22825971089314254,0.12530221293017491,0.0009318832840960492,-0.52884835661816332,1.0488252625861774,-0.76690002671861091
8027054454,0.41720501800826471,0.383451446640035,0.0019155478046903687,0.3064671969889215,0.20998192421821266,0.00092549776182698947,0.066663848323258973,-0.16808428917115567,-0.12021589213462293
8027062614,0.36956104776428622,0.24141624048753982,0.0015103032167115519,0.3547206658271137,0.17171084067418663,0.0009148310713144517,0.53878541539247926,1.7112817405230174,0.35965224522736683
8027063033,0.37018940456805349,0.22284499930249682,0.0012495133461489607,0.3491224052830475,0.13706718619903835,0.00087553040783453612,0.48880738737921492,1.5106054371607578,0.80683428416135372
8027063770,0.43010242799506004,0.29235718000698563,0.0018816434704599617,0.37064395137249673,0.247839350586253,0.00098118385463733687,0.20306155777189197,0.89956361309836597,0.37027634624998584
8104349367,0.29997496528489859,0.60957568283226149,0.0014775579960884307,0.30013625355447887,0.2810834759912037,0.0008971313109748236,1.0719786870254644,-0.20974981026816131,0.69372844965489222
8104349899,0.4976489501753531,0.32202649031476138,0.0013353750931503247,0.26640969125744185,0.26344413238713982,0.0010521763776647883,-0.9137706782455548,0.92336047431078161,0.93487088105463978
8104350153,0.4855885629291698,0.34406508907618383,0.0016291256665987737,0.31937784641447414,0.3202463666916105,0.0012614463421762342,-0.52381438512416723,0.89103686223083989,0.2766787968498382
8104353803,0.26653628952173525,0.18926793057435456,0.0019588037372970809,0.24698884023030374,0.25158360610230751,0.00095711807305513829,1.2091186441669832,1.8084409400731025,-0.11217506544560467
8104354217,0.26297513246942827,0.28995279573357069,0.0019838078663417659,0.2579088330826817,0.28166991683604248,0.00097324005355654364,1.1740656173591575,1.331564427514627,0.036798765837231823
8104354311,0.27357406622680136,0.36802770574949506,0.0019697481851539763,0.27096942439529298,0.31909626259301382,0.0010612166851542992,1.0359313323322243,0.78533942494495501,0.16021618284695122
8104365500,0.33345766268355637,0.58495981239782191,0.0015500523467305398,0.3077818421333135,0.30135271607570974,0.00097544359186275379,0.82495070031460793,-0.22033797769368815,0.54963952843315755
8104366206,0.49665241578525826,0.40717531224313652,0.001972388552965196,0.32420656823967231,0.3364514644911305,0.0014344773180897464,-0.48724949763449205,0.65509802987582388,-0.058250201775575647
8104369604,0.25857642993281116,0.19769520199136145,0.0023398929405848857,0.24370160370115557,0.26086806673703705,0.0010015030969275352,1.2037571486518375,1.7254507502876379,-0.45007689206828494
8104369896,0.19140548856966466,0.17228504930681696,0.0020176888725090283,0.20432897446058282,0.23832839375221096,0.0010876889390426944,2.0248437717792109,1.9684003992562826,0.17276913852443371
8104370020,0.20100083923128609,0.42368211724324795,0.0020822219037281973,0.19686905695763934,0.31127569676704331,0.0011213866953500447,2.0621457083352048,0.39257836526431256,-0.014746265053369775
8104370382,0.29518121494135269,0.31737257348558801,0.0020515177366920248,0.24726342824198591,0.27149760032387033,0.0010742728775828701,0.69059258096790743,0.99454370952512083,0.06254373403706559
8104370576,0.17834142357076543,0.34091154984157745,0.0023317745336906641,0.21434750223313623,0.25682322807825975,0.0010514749858742693,2.2442823546414372,0.68906315754655389,-0.2793021550529402
8104370768,0.37558351742713103,0.31057403724504939,0.0016817242507187026,0.24918462146609974,0.30595564272076908,0.00087722640073679818,0.31302450840305845,1.0143556799417672,0.17109189817079093
8104370914,0.25794474806967316,0.35414852612452408,0.0017476920816907322,0.24099395527467357,0.28374427375970157,0.00093812959041630667,0.98996518030159408,0.61238068075221119,0.18833418078176262
856091671,0,0,0.0010570454366485538,0,0,0.0010061464938653664,0,0,1.1740325009134669
8581050273,0.31048919656621077,0.40006438687787299,0.0020990441625015743,0.20174110953600782,0.28223296673109249,0.00099197792359652175,0.6984772370070067,0.51918695588501107,0.11429271443785853
8581050367,0.34027619357720229,0.21512597872691469,0.0022399829398949095,0.22691222730565416,0.25682051433417896,0.0012530077562430558,0.81062268205704691,1.5604287987912366,-0.1852483274206265
8581050477,0.37600242825776231,0.28000405601827616,0.0021718722747660199,0.20235704663569584,0.20056225539051964,0.0011871134648546366,-0.12172963437865095,1.3768124868467131,0.048049982093897443
8581050753,0.42392625701500214,0.3161115741968511,0.0024245790183262208,0.18032464174590218,0.2567390000348953,0.0012199428593025329,-0.40829457121495843,1.0695834087262257,-0.47287422218400721
8581050831,0.44513583914954169,0.31485762132240513,0.00231161069332286,0.18880483936349174,0.22372325132225987,0.0010224823950422545,-0.56768090178969888,0.40822057070430656,-0.56365894594694965
8581050913,0.34003511717979984,0.56237923753050778,0.0014097658849160756,0.27109431634316389,0.37509595557036474,0.0011625708933291077,0.99445573176137902,-0.17630121236199681,0.60207618051533152
8581051105,0.2851133343049066,0.42693929831763483,0.0017734078482634929,0.20082824074487124,0.29263996037494322,0.0012465405519660243,0.71462387481151335,0.58155076894319302,0.21208615461814184
8581051207,0.21090945532844108,0.46275795968204381,0.0019793771216200132,0.18543131780803404,0.29764844000287322,0.0012677141241215447,1.7298896077314354,0.57536095532603682,-0.15359230503235391
8582151364,0.40278452735812498,0.24471913702823447,0.0022096707420221932,0.3031990532390868,0.23853142159869184,0.0011504873102334116,-0.024797610734696943,1.1984368290205072,-0.339094949132204
8582151670,0.41840091841013211,0.18933970271257761,0.0023559700833012381,0.1866670359293259,0.16907182182159397,0.0011867078171784204,-0.36238339854365925,2.2041305270752569,-0.50240112139882731
8582151772,0.33144754108861929,0.34958371481873374,0.0019723173548633326,0.18126129922214765,0.29968416174022916,0.0011019842213351231,0.44187789918045156,0.80272619568368531,0.6037226255534317
8582152100,0.26221090683077442,0.38049960190130422,0.0020766026605153792,0.24841739147093772,0.28573174300459481,0.0012770849157939903,0.88080133754559409,0.46775926752421149,-0.29266809636459706
8582152358,0.37120565905498742,0.45331983016463884,0.0013539918082789005,0.32344902500935035,0.28845784732060398,0.0012109914633627074,0.50776958308397413,0.49575867985274319,0.8775774628078602
8582152490,0.19419299961421838,0.52372682274346116,0.0014167013097526389,0.20805652749734693,0.3070913186736498,0.0012561519706731925,1.8515584917250341,-0.13848691992184683,0.71332028511072565
8582152602,0.22318627696970264,0.46510312704094653,0.0016097226195053694,0.17350619666836559,0.26698958184974014,0.00093365364016292441,1.7591686751544389,0.27005416581959218,-0.033432028377601203
872138825,0.44391080574494696,0.3739619121445163,0.0028653638241700535,0.23246219254901632,0.17875969363553446,0.00038897070787068729,-0.82335007016057948,-0.76124642268076281,-1.3857800628828925
872143695,0.34084073308246665,0.29993370960309634,0.0017692520722798072,0.12325040641764852,0.27260712935445303,0.0010452769497156925,0.5127522175197553,0.53813313698875331,0.36780279680769701
872980326,0.46674153747556457,0.099766477564149414,0.0025630731154684546,0.15275996493435365,0.082009624965763139,0.00088716639516183793,-0.99411693622417918,3.3211859769937595,-0.32761462179627099
872985950,0.44388150876961746,0.23820083117533258,0.0027693490006538181,0.22236611948997226,0.11744535860246046,0.00094254032406581537,-0.80717152840946782,0.16608698902416377,-0.98212841335086754
872988816,0.48383852648277076,0.33066629181587892,0.002995564413686556,0.20617588751802871,0.14456625309321683,0.00037173807355677329,-1.3460559084004695,-0.50827090033487421,-1.8827293301066299
