10497546425,0.54202421985875715,0.71282251565325527,0.00069944500440469583,0.37087506899067613,0.26162404499873188,0.00074846113003084304,-0.28542762522343473,-0.90783189215451587,2.0679073804969552
10497577256,0.27032644670226968,0.59724979058186112,0.00051666042051261741,0.28820301227989525,0.2905273201185723,0.00081793595436289339,1.2385714521200308,-0.3018879556409132,2.5055733245348932
10497699144,0.41441895109451848,0.47271536468522135,0.00087489260887186476,0.27438013293489522,0.22681701229547113,0.00089194476591717775,0.0023592135004340043,0.33691796740955138,1.6855487855743565
10497718194,0.25345878459218035,0.6628580929486606,0.00017822038878538668,0.34899378832932143,0.37051909070521982,0.00044673588016072043,1.1733995510808382,-0.83744871877708815,5.4931008179965168
10497728943,0.53212411259113745,0.59649467483140939,0.00069541338339503575,0.34419716817195417,0.28923490816447012,0.00090382470897029546,-0.20774039243870956,-0.40266506163190524,1.9099198415831855
10497743996,0.41876450132269499,0.39162207667542748,0.00086128010363314283,0.32353156100790587,0.25954432378289227,0.00083311690985232159,0.36997144902063972,0.65497287378655444,1.8225699662025039
10497766153,0,0,0.00040098442156104406,0,0,0.00043372266002402214,0,0,4.2440711273377554
10497788255,0.58915605740153276,0.64137968269698498,0.002028486802834972,0.061704659139321792,0.08048409970889088,0.00043064371233176641,-7.4834410115856027,-0.81958779260461789,-1.9987105933833793
10497803483,0.21056909305079102,0.53642380873775797,0.000475751599350272,0.28674246718897067,0.38501617760503815,0.0009136433619966809,1.5552184022605551,-0.2864034253203202,2.5301381582830889
10498053933,0.52733945704010132,0.3360996761992765,0.0016317266747715442,0.19200075133937602,0.20693148523341767,0.0013704473717057249,-0.84110218675088233,1.3577352049016382,0.42717680910585543
10498077193,0.56319013147239461,0.3759952075986458,0.0026199115378350304,0.10964557537392985,0.13959830459170625,0.0012414427987409225,-2.1878593858765507,0.74045260093220566,-0.48041485904230924
10498114484,0.40089608142462607,0.3709469137481865,0.0018904472176904928,0.22854398237104981,0.18858488452543237,0.0010556008004246427,-0.54659516624276883,0.024479070112739882,0.49907300448395053
10498197763,0.60851812962238305,0.47801356059331329,0.00080649064289210531,0.44254836153120064,0.23880658426751836,0.00049826226456643058,-0.54706406099302385,0.74640988101844585,2.952704540036875
10498230185,0.47309704519117979,0.31882763644394596,0.0021709792837819116,0.25883549100169623,0.22885799439077542,0.0014431280018477512,-0.53860254862792589,1.0028054873096686,-0.16682477176776569
10498353623,0.37325729920716683,0.25387975878054553,0.0020291658671353226,0.36113054075167239,0.25546528399969526,0.0011969067895257074,0.42929938537598933,1.1387249952920144,0.21108600722045232
11732230455,0.16428148740280732,0.47143277869142824,0.0024760541856733371,0.22964907292393277,0.23657253165634468,0.0011635032412947207,1.677644057441297,0.49218324505916766,-0.55948323889543483
11732272425,0.23440411748433176,0.27001082522723485,0.001934706471177067,0.22918731913442217,0.20201818223380485,0.0011233541576701619,1.2654850025821578,1.4885921487668308,0.10988127269584619
11732322485,0.40953421842587734,0.19494662324801215,0.0021467087387269158,0.28798731159969343,0.17058601566019921,0.0011427915607964292,0.12811913709487602,1.5549484336241342,-0.047753360739280222
11732354385,0.3849813933768057,0.22292246465090462,0.0018111769901386701,0.31089230650908517,0.22121117545855606,0.0013345393106192506,0.25077834051143749,1.2801376747548021,0.54206687920102592
11732393785,0.29205306276663079,0.42546467633284851,0.0017445534115429614,0.30397139534851531,0.29876810913147839,0.001042988044366941,1.0363758444407793,0.27471239343324833,0.42672764523064521
11732748375,0.11655924780821424,0.47416729790865469,0.0022578621066278791,0.16020545469007061,0.24427506569108098,0.0011307781375922534,4.0445751664341705,0.28947377812215819,-0.24854324236655406
11732863965,0.63474836555266767,0.32251116655842776,0.002287128743506697,0.4309917899717694,0.22537754684496555,0.00098246662190820569,-0.64977106499319193,0.88773169427024179,-0.06192237779240841
11733012966,0.090970432668971313,0.46994664307407313,0.0024671593854518107,0.17602755085715871,0.26671464588547072,0.0012260468458219788,4.0311704205962702,-0.050162319263468792,-0.17345837550573295
11733036173,0.16781377200146227,0.70273107762926379,0.002388121177694145,0.21903168095825232,0.29690622284062917,0.0010401218759275466,2.5368760677423947,-1.1894936082807841,-0.24609775682120399
11733052316,0.28622927931660419,0.31874178481457999,0.002288573787166198,0.3741279926388747,0.25762000996170087,0.0011872497756689304,0.83247138868650394,0.38161145909505945,0.035957004889944251
11733102976,0.12859111857325056,0.77736713850903971,0.001511667884724402,0.14108586935917258,0.22195932962137718,0.0010326222092747182,4.2013210263326473,-1.685997766990762,0.13831225719506676
11733134436,0.30332820785947284,0.20793834317889479,0.0019400984375374324,0.28105750458027817,0.20742522669130281,0.0013893316963336981,0.76472388126735025,1.1729227866565797,0.39542489650108054
11733289864,0.45024672727203996,0.30853852196713982,0.0022723152217961405,0.41478357174863728,0.26715525433089327,0.00080768186606820552,0.12040627851411134,0.78555220265059866,-0.26993926476945596
11733493356,0.096460867833774278,0.54267057669856833,0.0025263267419667105,0.10801434261676639,0.24419780755488982,0.0010083074655745554,6.6971973051934999,0.24219109694292665,-0.73481149096079601
11733591956,0.38852147792329966,0.26655786892067856,0.002117105340634336,0.32010085311422848,0.22343471715088112,0.0011759589350776021,0.22388599872465242,1.2061923533413046,0.33950658978979931
11820120073,0.1726238236469666,0.42060071142971467,0.0018251070203767201,0.19701368172434008,0.25569818058888483,0.00091177024401428773,2.7100166697840775,0.15396689943802808,0.29310143619145118
11820122953,0.29538637101987264,0.27990469599584139,0.0016937888299369988,0.26319872965560542,0.23909708972793317,0.0011941963717462306,0.75547361216259634,1.1449264267707635,0.35961559377462327
11820125643,0.36112202403789179,0.29067210634686524,0.001948613159041316,0.28867761566462918,0.23987919746788969,0.0012015546400857675,0.3661792945516944,1.2538447197644256,0.11559742118524979
11820603876,0.23845094797360689,0.29608167297957366,0.0020079377060103101,0.3024302653121877,0.19480942837586263,0.00099119975390420069,1.1416319875072147,1.1935011264464277,0.26503026344406244
11820607006,0.12670111815311741,0.5346725814146257,0.0019903108445468707,0.09528539004341692,0.18572290469107233,0.00077155563860440844,6.3138117516739634,-0.11903140989171618,0.24218727844410012
11820609696,0.22336553208441287,0.22795403706213507,0.0017911879225937408,0.27570885173130555,0.19440776271388169,0.00097291495536892792,1.6562507229676475,1.1330764294174602,0.30605711051126311
12394260295,0.095882052927010394,0.75667836381939524,0.0021263786911225016,0.042505249737983114,0.11556017519814785,0.0010035420412719653,16.821589024197397,0.53050537373328355,-0.40630929106441049
12394503023,0.30722678297174721,0.37624624203078066,0.0019942648992706531,0.26029517024716842,0.18695560230222116,0.0010178805371484224,0.53121492193765785,0.71892197936588587,-0.42928388852980442
12394506145,0.10161763965975261,0.87733669497721578,0.0025726157068255268,0.010564748434331313,0.070701002455195047,0.00049086805130008819,-0.17695094748676493,-0.23445354878456218,-0.44103313806212624
12394604704,0.10471861378221214,0.77863331766589416,0.0024215859688982936,0.018191654008427066,0.1467650811755471,0.00093277634079994519,17.89236280877024,0.089095013711046694,-0.24027266608182474
12394625055,0.30703731859657568,0.47509521960235634,0.001111184356213307,0.34084931527841345,0.3101172494660247,0.0010091395608719958,0.74643805836729593,0.080612906340769772,0.65896693947204499
12394680724,0.10489066050918423,0.36264114819036042,0.002481161572472038,0.12025096114976205,0.092981474760694988,0.00089228221439258679,5.7822332262259932,0.94622844046142429,-0.5667067200332262
12394687285,0.10899351876373325,0.60785271847112776,0.00054265698224170808,0.12936537018899405,0.23774239337291836,0.00050155987520163832,5.3637018623115829,-0.085797719973655415,1.4451249089946459
12394691083,0.12708786867679628,0.77087347545423879,0.0011165294013736548,0.19264244716307888,0.29603586642278867,0.0010081724573439456,3.180515880450955,-1.5388380543838094,1.7469115067718517
12394755404,0.3682023614853886,0.42621908941630249,0.0014110304999347071,0.34621364380062974,0.17751445603794377,0.0011377558158106129,0.36270787644964669,0.533001820219421,0.91614360583388488
12394813545,0.092204424481708985,0.56650839151079646,0.002156244826140991,0.047128830733640742,0.17680758474764166,0.00067971899697227139,15.513263265125623,0.42106137802523547,-0.17948138890069623
12394879335,0.35699411195642183,0.57515386632293541,0.0022516731738305581,0.33220258964169874,0.32255410236255405,0.0009943894282302189,0.315226659289362,-0.073139322439698673,-0.36141272273302544
12394892604,0.079788469062999537,0.88543803743306726,0.0011976995680801552,0.080422501857721845,0.16024119758837715,0.00080214318969314743,9.7934792782633817,-3.5141539444946175,2.3924719304569315
12394929383,0.087380453799633523,0.8483999292543245,0.00055524544152012537,0.13974819595137211,0.26463103827588813,0.00083968563504248643,5.2140098809968594,-2.5052182949262436,2.6760589366821308
2181224465,0.37353805940894069,0.31599518916027264,0.0017383448212224134,0.17989529047051017,0.19220216832838896,0.00090946955256503994,0.57551156846886964,0.35080980631339109,0.83749258741281896
2181224473,0.34359273089419196,0.17084911415612122,0.0016434994130462117,0.29373512354095438,0.15141804172928727,0.00064124658641243396,0.78498798626568689,1.8077651786574465,0.5265124243089474
2219515207,0.34022521717766874,0.48882189306883372,0.0023943713069790864,0.2603722761638293,0.2371997520962682,0.0011934287457179545,0.23527428252275057,-0.26880610845718722,-0.56574162224587843
2219517409,0.34870735985004403,0.38391036249540123,0.0020204353929804061,0.2879575214936933,0.30739636087348499,0.0013782225503828015,0.56927857947991645,0.62521636289855431,0.20240175872088831
2219518847,0.20472293505946987,0.29447666240396736,0.0023791996699204111,0.24794296830889637,0.24502826541625339,0.0011516249437893535,1.7446484413236676,1.2637321954269345,-0.38518316352496829
2219519157,0.31782981840502167,0.3499581519721629,0.0021852611764704541,0.30246692323672603,0.26243652892550662,0.0013223588491161062,0.73459282654073632,1.0023770342875713,-0.12554869964453932
2219520501,0.26144324630688004,0.39252154518333621,0.0019106121331308051,0.25228113629960697,0.28063849514535433,0.0011710379851741554,1.2173368688976205,0.73099919102121058,-0.15929550319316846
2219521021,0.2559576224928497,0.36941874476819098,0.0020762056309059319,0.28567767156770052,0.23058030122766698,0.001282066455180447,1.1300327139822965,0.60858224480835932,-0.035560987957768506
2219523233,0.19032152703221006,0.42152870942124476,0.0025896415224912427,0.26927660772738093,0.17548286030949722,0.0011731420927700289,1.729168392939634,0.38474696533992847,-0.68469883121207753
2219523735,0.26513270789715898,0.47920119191590571,0.0021466127386899963,0.39494566021972582,0.1871457872995031,0.001409606428424284,1.190272639267395,0.04851220091175585,-0.060464286509304091
2220309998,0.29301350521248853,0.56360376618236085,0.0025106424913492859,0.24725551979968502,0.22785386982513092,0.0011822821965290639,0.55772616697525434,-0.38241676870780572,-0.84974795943595138
2220310654,0.46748294092539083,0.46209270342235143,0.0020628159900975078,0.30036821809700059,0.295534121417385,0.0012124738056815934,0.052219754545406796,0.18345557236965768,-0.0063013811812625197
2220311248,0.21042377688077032,0.47046545012136565,0.0019446874128350939,0.26047025723947753,0.31402237245723824,0.0013789260867018041,1.9615322002932889,0.19732865618734605,-0.051313313607217345
2220312166,0.46308001741733162,0.41584613064481329,0.0025271938454129016,0.24369477856472482,0.24188504381104145,0.0010928826412999915,-0.56109282400451344,0.046806125275322394,-0.64610973507450675
2220312598,0.44864516261624793,0.39671375178157492,0.002491286899910117,0.26786402365872325,0.21795715686131067,0.0012344898894709414,-0.38159432305943791,0.30676192168908389,-0.4370686906511681
2220312874,0.25123934468134385,0.38851495928008112,0.0019467262366211094,0.27205484524601725,0.26311278624208284,0.0013149619703470298,1.1513790196398759,0.92466057551801428,0.054742479430668685
2220313474,0.32934537556538174,0.36008510933952842,0.0023595073466726232,0.31487042182128111,0.26021057579392987,0.0011749201991466268,0.704822887906697,0.89348594179289798,-0.4228031068339283
2299072420,0.2350487273076492,0.47056242783434588,0.0017576711264896596,0.14144194450009304,0.26982582355317619,0.00091275035985913223,2.7807185384546833,0.31111720696415607,0.74300434901388701
2454740571,0.30932498736131969,0.46421527272551771,0.0021606162962960157,0.21236464288629289,0.2652523523698016,0.0011622011389019625,0.93302212903422166,0.30946011351067698,0.32500870451911629
2454740575,0.22019740717685668,0.49522966076914438,0.0018241998820963414,0.12346930708540628,0.23253108200595582,0.00096251151085021476,2.6241125146241941,-0.32348913254464706,0.81826819325611866
2454740579,0.26975377529128131,0.57923159588808548,0.0011839194566191937,0.21392002392920603,0.23484121762217725,0.00083879422370240048,2.0374040649105511,-0.41211319140751446,1.7020832221309312
2602690034,0.53879314062295836,0.33046128719108853,0.0023560775291543833,0.33218400946932036,0.19635390969570199,0.0010398803459731741,-0.21585917727100995,0.8942056011392987,0.005962805716325674
2747941419,0.39782015667925807,0.24319656830994482,0.0024787769725001432,0.23063870226722086,0.15144304958514118,0.0011372653889050862,-0.30392984399927286,1.5251242484040675,-0.73373241621494978
2850161554,0.36898671332413868,0.46011729560369236,0.0018390319424034384,0.28163612599992399,0.3627388104379069,0.0012862980669186886,-0.041831374554587207,0.15644099724801863,0.12412844754371742
3516859062,0.01640456994749611,0.025567164979844584,0.00052180909440413309,0.1107768244564515,0.12613324409720428,0.001060141942661199,7.7918893373806242,5.3594466026510492,2.3863002124738468
3804449389,0.16919703253087776,0.58078225370828684,0.0017501423434426473,0.33547217572215282,0.3100194525856973,0.0011493457800257454,1.843021238714956,-0.83642758466305867,0.29069970345361501
3804461369,0.1496778909639018,0.54504720520705674,0.0015928239364951351,0.17943083578142732,0.35326077358290375,0.0012274913599039294,2.8374587033202645,-0.058526885828665096,0.24947914133887814
3805261350,0.24244104299769378,0.59958319275099814,0.0015129926697170682,0.31112113156008625,0.27448608559084242,0.0011567224015382707,0.92412168548723594,-0.48805857042392609,0.41421107634134829
3805376786,0.15252533493174025,0.36444423361895717,0.0020466443211051657,0.18372081634459717,0.24999536061989069,0.0014256625573866911,2.1489871230133066,1.1736595590140178,-0.16511988918821541
3805518422,0.26776912955045168,0.45143414502496632,0.001633046023022653,0.29183235671582636,0.34469487781735147,0.0013261126033243939,0.81327492302152526,0.35005134297670282,0.52516341069557748
3809239067,0.15302870454092593,0.5693181466090157,0.0014072188524774808,0.15704847542215628,0.29735588942691288,0.001281111316965809,2.8666013885184096,-0.24906881631508246,0.7822455268622025
3809245299,0.1285260465120876,0.67814737776512513,0.00093066413370423453,0.081958856543942207,0.25107489035348818,0.00080984039627318921,5.2276635755959076,-1.5378168748358945,2.3285367358393811
3809253607,0.12157414248760076,0.49580873463516018,0.0011853112603749591,0.1222003321428947,0.29204781663072643,0.0007131559596335788,4.5823028027602613,0.29133600234875262,0.87119814320582101
3809258995,0.17241921456692352,0.5241307794958785,0.0014451221023589051,0.1768585688051291,0.34323147206782312,0.0011286747564677711,2.3034683436295169,0.16284760632274226,0.43955121354946092
3809264233,0.1839517929880341,0.51262964528194654,0.001491852183549315,0.25899112016568993,0.34547086150807438,0.00093773501906977547,2.3687222439926758,0.1994756318012719,0.23843867888346706
3810062950,0.15050212714074362,0.75398032962169259,0.00062870767880295823,0.11619271124692022,0.37339842584839977,0.0013155161414193488,3.3052055928567183,-1.2527675452432177,2.0130694428686997
3810082026,0.39431370739955529,0.36381165657333991,0.0012206541027767108,0.35989259055909484,0.35482761348271352,0.0014843684743826799,0.13434341954512874,0.54157374404775505,0.87518998619908828
3810086228,0.4105055881052741,0.43551037810336901,0.001750979157528714,0.3077628736165452,0.23860748935436901,0.0013097962604269558,0.30779742380522485,0.15264361519128022,0.24780195376443173
3899276739,0.30041584472351834,0.19180400761088628,0.0014804914212481484,0.2657607987999781,0.18508401400664123,0.001230456736851158,0.86347028865982023,1.7849725909565233,0.8536754775859311
3899277059,0.34016521636153457,0.23963407903053902,0.0015965391536553928,0.23217519813239962,0.16913838747833734,0.0013134230544224849,0.39837301218365567,1.3759103466952827,0.69052549382979
3899277679,0.39620421231103836,0.22740811341060485,0.0014351606715368526,0.26658708721883873,0.22074276442659077,0.0014406026430781314,-0.52886608782118527,0.85725689585224674,0.61402796287046046
3899277837,0.41673675149813511,0.25356518889895063,0.0020605483634497726,0.26536006063386963,0.20085880854967403,0.0013915828723637645,-0.11240456693450789,1.420580896727683,0.098656610852287288
3899277945,0.38752881213276991,0.19049441757259925,0.0016932831782649808,0.27067321694284902,0.19449665237089919,0.0014692623721176516,-0.36593045807762531,1.2611760124786273,0.18061254242619532
3899278109,0.27883421490193705,0.23056190452743933,0.0020906249623821251,0.27266640378075518,0.23503828174535599,0.0010687677666445909,0.62283094804506189,0.91374313676626084,0.45921884723661632
3899278965,0.42107281470717745,0.15094695081596268,0.0020906554299626652,0.27782218913143519,0.16546724501502119,0.0012930738767869805,-0.13702705446973845,2.444191092988631,-0.023564795159820139
3899279153,0,0,0.0015257230090990185,0,0,0.00095147937308130302,0,0,0.77389601899514093
3900059440,0.42927793951976984,0.14024262738458754,0.0022843463488400511,0.30794296235882301,0.12565002941936917,0.0010129093326284786,0.099132465500250483,2.7482985512853273,-0.29790748838530684
3900059626,0.40504999725732282,0.24836715495334988,0.0022031575547866579,0.24920012080708012,0.16708444136666081,0.0014302099689649792,-0.14667378821912477,1.5035471093655919,-0.21427768048624221
3900059744,0.47262026761979437,0.25758954293225672,0.0024060288606945882,0.20695329350419825,0.16171532726085056,0.001260499891062719,-1.0907984882873119,0.85755696995182595,-0.61469760532123019
3900060466,0.39225333497604276,0.25275818292800772,0.0023542507855948925,0.27216467551283691,0.19167849897978526,0.0013583102253990973,-0.021659387730520722,0.93357786303389767,-0.0019621331731482358
3900060618,0.37053230860896563,0.27790468650137912,0.002379017301037296,0.29096870385201951,0.19598374155147616,0.0012691548304372402,0.10628096420148879,0.53192297970386082,0.074703319679075397
3900060798,0.54528953402491287,0.15034608675433414,0.0022126259951300471,0.36539193988258217,0.12359128990530702,0.00089747619486376881,-0.38521905449415461,2.3435513766005043,-0.090893290278023203
3900060924,0.43428931841492452,0.11617874741349843,0.002276206546199601,0.33483430076527887,0.14723424245899319,0.0010869559175975629,-0.036996103700373588,3.0611560213309414,0.17510842745801478
431812948,0.59635598338622042,0.40478412010316894,0.0021264966602589134,0.14918143226347688,0.15408043154226714,0.0013454962479872853,-1.0251992565177992,-0.45208041128245069,-0.33969771334639126
440820923,0.10426246597675527,0.28544737246321233,0.0022466324439315739,0.18331653561781378,0.27601303924723813,0.0010397012478039879,3.1969404512608892,0.3197707353053737,-0.092876745358302135
441445128,0.22243623425803216,0.2033868703524653,0.0020818070588233648,0.214632936321137,0.17207426224989261,0.000895009443466713,1.5815251769556768,1.0563211173135991,-0.10643114903543205
441446537,0.23259618196175169,0.19124247823518048,0.0022767960220423187,0.24641885137129668,0.16836894992790294,0.0012751968997265434,0.9190319167107095,0.52276620495252624,-0.0024450567528111478
4720890011,0.20111861562858499,0.65407227477639718,0.0010947444008714824,0.2353630221628111,0.24871677366777881,0.00076440880653566752,2.2173708581092799,-0.41811449366394893,1.2154907883971708
4720891855,0.24617598547353098,0.72560579591362984,0.0013551352454183934,0.24353567563296355,0.24475949026805716,0.0010031407738730841,1.4887213139306301,-0.79644611152503497,0.73311813481504562
4720894817,0.22322251898232501,0.74941001826906262,0.0010794536255286902,0.2352797393395635,0.24083115240585137,0.00091673504581280647,1.8407940490506023,-1.0052981520917306,1.1513153569377175
4720899343,0.18825149465835769,0.66360112977515551,0.0011634704600795116,0.20767372714714796,0.2455631554913269,0.00088231393786010882,2.6141532041619979,-0.5300932220618999,1.043279746144298
4720906067,0.61655428084980313,0.68789808133483743,0.0014516677995642547,0.40536806408131754,0.20181187533751532,0.00098821496060220353,-0.53693365878557675,-1.09813307006204,0.44499109377638635
4720907573,0.6421333706198602,0.6822266394375327,0.0022148697270279452,0.39774120428660831,0.25440474366724147,0.0011324283458245456,-0.68048725773694296,-1.170116482379133,-0.28745768965242191
4721555530,0.15039685110846679,0.8046305455500431,0.00099503366397539744,0.1661186305138001,0.21276627878519877,0.00078365388010785502,3.805328888937539,-1.5068333970369281,1.7623444701534712
4721556302,0.18075431594912972,0.68692416204051676,0.0012892149993591891,0.20420213605411283,0.23393905900779488,0.00084920766174456977,2.7265106375195631,-0.5353733601941989,0.57316716357313924
4721557946,0.58731983750261518,0.64874242171186958,0.002088335501729884,0.41266938869788239,0.26004274541925598,0.0012452989242886445,-0.37519893874456184,-0.79739850961538239,-0.055165692802020501
4721559334,0.47585623187467962,0.5533112577284871,0.0011804160656157881,0.37881645322664376,0.24423486395967767,0.0012689077170810498,0.11052710220203013,-0.22902618530923571,1.1205907283286278
4721559848,0.48042628394689141,0.48942222920241563,0.0011059755123769813,0.3549024339215005,0.25362650160115957,0.0011427078210690662,0.027924111605356575,0.089845343626002133,1.2603530473583413
4988731805,0.233529534118674,0.22256762501872138,0.0024511807253621222,0.35060757450533436,0.11169762529355147,0.00098958159725239555,1.4303726938284009,1.8123004452830145,-0.73614433273911728
4988734979,0.57887770920175652,0.37667536880670804,0.0021541137679536126,0.13078597847167583,0.21354082108368852,0.0010102445295038893,-2.0041963336615081,-0.061729395087564275,-0.12594377175834109
4988737127,0.45407552876006879,0.24766530906179773,0.0029143904468417513,0.20140766083248521,0.12683789822616781,0.0011857618012977181,-0.81112861655877522,0.26599217340808845,-0.71056248508195541
4988756491,0.4931389364841326,0.22337592522571198,0.0012847544380365668,0.29459545082539262,0.15654306902539544,0.00077086580886324768,-0.32428290657610043,0.78907888193071518,1.5000221152683393
4989332512,0.52598148976863546,0.28650757366099427,0.0022376991003457665,0.26827749245767396,0.22322656032998145,0.0011500433115445795,-0.62440843717972239,1.0564985843831856,0.049336183156247632
4989336690,0.28528359294237687,0.28493774556495022,0.0024276607458663404,0.29842977076041433,0.24044462065379305,0.0012078762262684375,0.97901104821988072,0.71933073137917569,-0.11727688681498331
4989342490,0.55104524252730536,0.13394749992454022,0.0017396551685245885,0.33802255865954306,0.10426267007022323,0.0013179045435209051,-0.56543349108232188,1.2702700025772227,0.71799724738957449
4989344008,0.15642934676528505,0.34935199298232517,0.002418607952164707,0.17852585894563289,0.19830881421303301,0.00099536237606847851,2.784349316491074,-0.082926706525146152,0.17685421076180222
4989345320,0.37040799790891671,0.15715613537714082,0.002738332887350542,0.30184546602780626,0.18357073751589387,0.0011090630281191413,0.072806795769139634,1.8491317919282955,-0.52941627479116415
4989346500,0.42731309721691318,0.1494620516555881,0.0012604728232730785,0.30655074351945605,0.099855040726607058,0.00054054852708680006,-0.061317166851081031,1.1323062782801541,1.0899984049265836
4989347570,0.43203144097006213,0.18386328340480307,0.0023030748173770862,0.27871984390650323,0.14626665506807371,0.0013456112739056998,-0.12447824828059494,1.4679203911657279,0.054175408306715467
4989357362,0.32585470359770008,0.18921804318949131,0.002198480707419855,0.2855352054607837,0.19599364582569007,0.0010569488778276724,0.49344953415236853,1.3975611347085821,-0.035742563506972663
4989359664,0.43288666897458949,0.23538428945948733,0.0021753460566442356,0.31913264863806123,0.19189921798417126,0.0013532091452141057,0.044743002178107026,1.1883414504294429,0.12281339619875556
4989360074,0.38102337383225837,0.17768209619121994,0.0016814090990644791,0.33810222794407713,0.15172461011100466,0.0011043747308860381,0.32060152847338791,1.3829569031476148,0.36731015457549648
4989365306,0.4393354256831139,0.40013119725744506,0.00089411969755228684,0.40835541404456055,0.29380483052046374,0.00099734194342748295,0.26613616330470374,0.12756017269071557,1.3086932656518186
5096313333,0.29266912755057012,0.2060219375218115,0.0019889306984493121,0.27074562746612263,0.18480424440571719,0.00089999647275493201,1.1140097613099833,2.0708519071203302,0.055348103469866398
5096313455,0.28337177924725709,0.42563383419391931,0.0022042507958475177,0.25970287528657721,0.19517273686956646,0.0011094178774651211,0.72230217952269637,-0.28930776368982736,-0.32886700704220939
5096313609,0.27888652797091362,0.32165851008121688,0.0017906886684608356,0.22959188905122491,0.21964587348300968,0.0008101144365647143,1.2270956316017601,0.95411694408920611,-0.092083468459676771
5096313677,0.25047600108896895,0.11686030051219766,0.0024333522593873481,0.26182797363424654,0.10562269326199543,0.00072099058455801573,1.4434939713204924,3.4346620956096432,-0.43877002600579862
5096314303,0.21432209523098439,0.23646294488570099,0.0020621331487888461,0.19275388953699119,0.20081509221904859,0.00083663834055875644,2.0935612150761722,1.9007268541790443,-0.71171545354031951
5096314397,0.180982427992398,0.44568574005079153,0.0021934220581826436,0.18199435689721974,0.16897971036900492,0.00071578549239039704,3.5727043137257337,0.24043486811927928,-0.49235968538925279
5096314487,0.14109075267962723,0.33812630951566519,0.0016844612174804481,0.15619518495908979,0.16798201502905358,0.00075227171600402267,4.3712153446752247,1.0569253257059046,0.78288062729172758
5096314743,0.2234203635723204,0.16234906111380462,0.0020745072202998701,0.31641437659170102,0.096548992995738755,0.00080868054150339994,1.4904640907389777,1.7939376750999498,0.48664892925200864
5096315913,0.12659630998429344,0.64203217118129119,0.0021676864795590113,0.098569580946391525,0.15163605683224313,0.00079031752607030257,6.5038850538044732,-1.7182885966303763,0.35665882152277406
5096911126,0.29295325960674057,0.2312661443659596,0.002722694233192758,0.291066344171036,0.1723078695269229,0.00093992743062431161,1.0627520136350623,0.96049852063702601,-0.6903567406536959
5096911638,0.270250728223627,0.35452004894825817,0.0023092098116107118,0.2377715675247444,0.1642707981994822,0.0011590030951546852,0.77483821806377384,0.90223368786791369,-0.091792789597601981
5096911950,0.29560753161679393,0.27972629094456813,0.0020421601127769925,0.27887278140545341,0.20896347426020456,0.00097021314784466646,0.7729070204574513,0.87547177660741171,0.24000292949122407
5096912250,0.24491295176840841,0.66873811298499763,0.0020629066769190301,0.34034904976285779,0.23401595605155107,0.00089355214596462053,1.3811444285024739,-0.88516173664563491,-0.0082857690478538911
5096913262,0.22263833832452401,0.47953856990407301,0.0014351317185697244,0.277516163941532,0.17888211964105072,0.0008130038174281708,1.7491088695119974,0.37435295751492037,0.48143989732779485
5096961666,0.27915910903742325,0.212463506620336,0.0027264780827877255,0.28584904416922335,0.19438377364838519,0.0010178536460212319,0.51011031906752613,0.77348027617820447,-0.29366091914669962
5213996871,0.17768016520894137,0.59767054747052084,0.0020642629374683268,0.24913608164014089,0.23640112063769639,0.001338105638770569,2.4495159950160632,-0.32465790383726273,0.14304997727038302
5213999239,0.10102953124038026,0.85608900989678349,0.0024911826685875835,0.092805231528688151,0.17461565896139672,0.00085995135664612926,7.0202650761602472,-2.4562620336113801,-0.47699382269656382
5214586746,0.16356346557158813,0.63173985847049241,0.0021202551988625295,0.24135733575612578,0.22453435133594041,0.0013620193516315142,2.4170538436523983,-0.44715204871437619,0.04829067895178972
5214588478,0.3542846519382542,0.35733409828501395,0.0015865367960036536,0.25921843473606598,0.19239204260696413,0.0011987337042557793,0.39451914421113865,0.41076836133023342,0.9673581250231289
521677044,0.44516186270531166,0.45729888198572671,0.0023682800153786549,0.25716375685036252,0.21153302320367642,0.00098618694974084067,-0.59911117927598878,-0.78108998545233443,-1.1597775733016109
521704275,0.51248439690802894,0.55866022919607328,0.0026215945251824384,0.19107263466097202,0.14802545691139446,0.00059322958573871385,-1.6105900510004163,-1.2845594423954778,-2.0456213264701884
539919028,0.37311953205357451,0.16895284640784861,0.0020108287376648564,0.29121468621903535,0.17317731353151636,0.0010697365117519368,0.18402554413342118,2.0318527076041257,0.45624453554054351
539942956,0.42599101316662352,0.24076529784530604,0.0018928784518774245,0.29868898970005936,0.20451454168665009,0.0009138255797883077,0.0091441011599202211,0.73636354186864783,0.36813985889624107
539949700,0,0,0.0018434405638856589,0,0,0.00096389850322243283,0,0,0.37848407326021727
539953748,0,0,0.0022352804203509052,0,0,0.0010319070503031315,0,0,-0.081640352549342751
539957148,0,0,0.0024152474689220459,0,0,0.00088478424399168916,0,0,-0.15703555439824979
539961584,0,0,0.0022483071229015281,0,0,0.00048720448676021734,0,0,1.8261529009452082
539966422,0,0,0.0017716139125976851,0,0,0.00097736116749270237,0,0,0.76101135730939129
540039267,0.33105136277365638,0.21139522527687157,0.0019444073510188386,0.30496517297243814,0.20498646484683733,0.00084996126811388904,0.57940079936470357,1.2763414986212323,0.0064245444094656653
540047657,0.28454472475923975,0.18601753594910719,0.0020406031321287136,0.30083649010891012,0.17898831034589732,0.00081550681545776687,0.90906347834029966,1.7418760119703005,-0.27654969589188561
540057601,0.57170965673079122,0.29199679201111511,0.0021408988337817962,0.23145443956115566,0.24707837003011116,0.00097184860186853915,-1.2410925658463476,0.66478453081861333,0.10116498987052933
540082147,0,0,0.0023330362988592678,0,0,0.0010303998873535253,0,0,-0.23309231780755452
5440309453,0.38830479303353049,0.41116304535555787,0.0023608541945405021,0.29081529312003479,0.24102137025862105,0.00084991077767237989,-0.069672298902349175,0.058369887911625375,-0.83467574232284159
5440912328,0.48515746645704283,0.47924345784984435,0.0024569466307829057,0.24615275496310751,0.23019346249256112,0.00073431264679654751,-0.70973351007378438,-0.32651945167794699,-1.1060691285208974
5440913032,0.43624515246162038,0.38042483308223346,0.0023546591618607677,0.29756275108934943,0.24709093824131742,0.00081493759986495042,-0.20916480798112133,0.1899275972546447,-0.88783696530755774
5440914078,0.24023894790699815,0.38055458354998428,0.0021087314315006733,0.29967686555819928,0.22673112412486407,0.00094354004637019684,1.0217838796941072,0.52865329255833826,-0.44934912945290217
5440915396,0.49801347279428138,0.27875116380899662,0.0022234458746633219,0.36275632322865209,0.19379657973073997,0.0010364306635206513,-0.095942696109436745,0.91148072708814931,0.17135748011527696
5497682231,0.12646467264205666,0.76761581520850808,0.0020015788069465998,0.10897924554490085,0.27397413137716559,0.0010139587400944737,5.3032444099517209,-1.5543161474274105,0.33467693307874674
5497684833,0.095340728928312801,0.9605969050336528,0.0019931613491115476,0.062224954635638978,0.11300227312999872,0.00084090273866707296,9.209973818058744,-7.0857786999963874,0.23585153829142258
5497692837,0.1895897857438289,0.6118268252300777,0.0016404364595604629,0.17083431979361843,0.30936726319233782,0.0012991625786805143,2.3665653551535448,-0.38399088958195665,0.48244888898163862
5497694405,0.27622125166706707,0.34026943515923264,0.0018403741238312982,0.28300672973380675,0.20869450091565689,0.0010673320839657253,0.97370987663369735,1.2210273510023846,0.64402212127064673
5497694809,0.37692892723419791,0.41231664070893392,0.0019301424992577906,0.24048596432409156,0.23468075077847356,0.0010084650531802923,-0.028604739025990384,0.66439655895781169,-0.73015077870175393
5498276900,0.18506953985189475,0.6332038729834798,0.0011733411047762927,0.13033576635806296,0.27377503860206776,0.00083727209472817595,3.0799559881040532,-0.38073969340220387,1.3904974534349854
5498277400,0.34381567728477569,0.42072331936919571,0.0021217961337072233,0.24981973945537386,0.20945623973677277,0.0011922380706234567,0.38008882034493569,0.54760997551076673,-0.24283748067599473
5498278912,0.2300079335139284,0.57538008222591119,0.0015686676216784042,0.25632023195915121,0.31876951905188827,0.0011600845143002018,1.7338477386631583,-0.49487131057895123,0.83024316773516271
5498283136,0.13443126438739555,0.79978682766139353,0.0017755413535171325,0.10268137560574173,0.26439184337288485,0.00080182204221375267,6.0574353701575703,-1.42785630553381,0.49907154461184572
5498285846,0.23510110980705351,0.52084211835362781,0.001946697095696566,0.1894995568355857,0.32108592983747714,0.0013130297013485258,1.6169352684891944,-0.080366469460677839,0.20629732040133766
5498286750,0.18610417912915617,0.52416815152474439,0.0018496524605235739,0.16505083973394352,0.31687584927176721,0.0013432628914528079,2.5935399472120233,0.095065040519240043,0.25672883322008672
5511266188,0.33440810683306532,0.37619666846323047,0.001943657143627868,0.17521630159753543,0.21820346840586113,0.0012792457023712688,0.46329604234404381,0.86179262714455063,0.34485590936115496
5592805263,0.095864183554874152,0.50907926859285424,0.0021806517493270965,0.21664475848030354,0.19165494539148542,0.00091451844806573687,3.8088001745864375,0.7025448765867246,0.19307552735759356
5593396850,0.25108263933218444,0.35494127062179426,0.0022686627809814642,0.31426630588935678,0.2122453017479661,0.0010062949567597795,1.152291078527756,0.56506904427122073,0.32802214438968702
5593397926,0.30942873496250528,0.31622921500625323,0.0022439397359985814,0.316130518758789,0.1955878684960855,0.0010234628148779695,0.7673619743320711,0.89854031323530703,0.42924703598899111
5593399034,0.1995804320999619,0.42546188428409815,0.0022279959195179834,0.29682816048433441,0.21591387249006816,0.0010094861653898316,1.5853370195738024,0.48854068979261955,0.1217714607651514
5669701655,0,0,0.0018923565780312763,0,0,0.0010440065955141535,0,0,-0.053722417154721112
5669720195,0.23351650912470626,0.50530680996396193,0.0022091700004502942,0.24256657675848206,0.31061024881874122,0.0011572421754027745,1.9129908189217257,0.26918476538595876,-0.61928427201487424
5669721997,0.39460926902011456,0.34764733069926251,0.0020539576254454753,0.39637527391615479,0.20306439558968009,0.00086305157900564377,0.45413558085450939,0.0093753570024720113,0.54768569500910913
5669723349,0.47457199058088168,0.3040002625223166,0.0024922433852537489,0.40776662254715734,0.25229367691817156,0.00097293477480168793,0.085734962532814402,-0.026355827129331093,0.0013475114351551873
5669726671,0.12227077243821309,0.69754984337242543,0.0011412541953719373,0.22882825594006015,0.31944677585073367,0.0010890914507716014,2.7295806503734079,-1.0530333875642883,1.0443549382506547
5670274044,0,0,0.0012382255381102616,0,0,0.00092502320575939072,0,0,-0.27276987563769267
5670279820,0,0,0.0021532793693348983,0,0,0.0012132528507508597,0,0,-0.25821722448952189
5670288938,0.31429799416675314,0.3184545044944822,0.0023250350696717398,0.36139735202518208,0.16068004098043434,0.00084026426245362976,1.035857028053343,0.48665468572510351,-0.018683295266682724
5670289852,0.22547413162936189,0.33636148218481243,0.0023815343832875205,0.28196959925228177,0.15674190808311947,0.00081889137310493494,1.8348622780085375,0.057496292777729559,0.29121960799279278
5670291784,0.27870598010642567,0.28714741784420933,0.0024267114634821669,0.34168801811616079,0.1955359692887626,0.00081798569608451438,1.2663560723370206,-0.33102263492902323,-0.015132775271884998
5670292258,0.38060059851725164,0.4680390664722105,0.0020564764995675507,0.38859149574882812,0.13373586384700376,0.00075086756859530268,0.58308936163658365,-0.49807947482510756,0.33419216575556615
5670294902,0.09906961989812646,0.30467327667983218,0.002210672587235256,0.14581004577208728,0.18500284421827898,0.0009364833750636558,4.3335615407570316,-0.049639483158887762,-0.16326126512733607
5670296210,0.40034685957925414,0.30770998486217482,0.0021398472520967357,0.36149298511179173,0.10393989512068054,0.00069550775302192351,0.52133530253283755,1.1690194765174171,-0.26184894835903694
5670296752,0.13767252999501339,0.56502031676553954,0.0022387225980304631,0.17872195932562981,0.26794261269548997,0.0013467878522429701,3.1269043517506372,0.073824266283520762,-0.26205575231737643
5670297892,0.081241077497875194,0.63873026900812413,0.0023348367052169324,0.15230220443051137,0.27768403730472391,0.0012569056029896959,5.0905845720140075,-0.36852062659003254,-0.23837669991578761
6158583485,0.25006765557142924,0.16151219826707788,0.0019569076509033082,0.25755208814293212,0.13914336399993035,0.00098627886617433033,1.2173956723827315,1.2066426243467856,0.61091336068377289
6158593295,0.24067506121754229,0.17095136252695639,0.0015996064693066185,0.26451979332215481,0.14353805083156421,0.0012426801754787799,1.2392974768218434,0.95160038057400242,0.58706830269703669
6158664041,0.12510901317996392,0.40294483652656243,0.0026246370472890993,0.24592115574219089,0.21458108589823738,0.0010133800887504039,2.7712356258915878,0.38396563409351042,-0.19029472582562679
6158674487,0.058546338986058342,0.38208576066072836,0.0024207935614506443,0.15747674363653902,0.18858440501166679,0.00076836556462894442,5.6774832827240784,1.0028586932569732,-0.66986386611791782
6158683895,0.040412712106181983,0.64965966312392598,0.0024726570588624506,0.13411556147237041,0.12203893265228204,0.00032508245420022786,6.9390446044311132,0.41513478686927024,-0.87012706645305538
6158689283,0.28223465953401389,0.25646113615548294,0.0018019343944635996,0.3254546741281088,0.2295732397389714,0.0010503120885718975,0.93133550884476846,0.45179159886762477,-0.15026309325273293
6158694333,0.11383935339414579,0.47724323889833997,0.00243617135973332,0.23097031451816927,0.23035853601446221,0.001058573858379982,2.5001334069054795,-0.1410412272763355,-0.84448213557359586
6158794323,0.35861186188535593,0.08056099311828796,0.001687235124951859,0.28543918073236219,0.077601666785136636,0.00034088182259939584,0.19799200880270995,2.0105652894999149,-0.051179357798696978
6158816565,0.15366819788275288,0.43013617298700096,0.0026822606689728828,0.26739237274543554,0.28769693384041145,0.00090436653510276145,2.1532642725831717,0.066644060643280309,-0.043409064760117459
6158828361,0.45724269914479221,0.24127594422743989,0.0023040606946047554,0.26817661989996733,0.21465430192016396,0.00085736003283286982,-0.35867130199462532,0.86017737608836842,-0.96607787826285541
6159142818,0.29329255724998476,0.20264938198439839,0.0012286226733307442,0.35463515325027212,0.167230115687309,0.0011525252871610091,0.92419821044289618,0.91607087863603498,0.92269109098341784
6159240676,0.041535881980343574,0.27678170570828903,0.002849989552736069,0.13383249853597534,0.060114485581944613,0.00038098490029131986,5.2666566472793264,-0.60147059064900454,-3.8359432520198107
6159297676,0.2303644264580979,0.38003979017943013,0.001231100735614603,0.19985793598374468,0.30604275048598528,0.00066924998385917383,1.496160238004812,0.70108810359492124,1.5874963770868791
6159319674,0.2094520830631971,0.16855023354701507,0.0024609849545041904,0.14578177989390034,0.13205950801368341,0.0011033340499169361,1.9767654897635372,1.6255927571018129,-0.079362469251614165
6159329428,0.18488814681796981,0.21655899265293552,0.0019343909368191537,0.26979412841252287,0.13799610012836419,0.00057883936924202762,1.407414138430837,0.36011537138114247,-0.16281390627942788
6246445413,0.25896864756116106,0.25988333202718511,0.0018138489093936117,0.24259626900366607,0.21031552995596423,0.0011078291532065467,1.4295145189693046,1.1373117784052389,0.63424293747055616
6246446035,0.21911159753678025,0.33933974930172139,0.00097634317057551895,0.16651077683220494,0.18570556602129623,0.00051791125882789176,2.7950916537570776,0.7734568924599684,2.3330595379756733
6247663849,0.30870750101132122,0.3001567693049112,0.0017309424580286073,0.28628550537487396,0.26605145827029436,0.001401977527677302,0.68050224122159775,0.84376615010349942,0.64947040349660223
6247664455,0.31927379252103993,0.38303915266170518,0.0015386348019991831,0.28988798228016888,0.25168346764960697,0.0009921257252996907,0.8874917501939511,0.63230996228034175,0.66591510515062513
6247664891,0.38812409399291542,0.25562390640994159,0.0019951658387798877,0.3550941685496149,0.24936974641202156,0.00067588349346145795,0.39231061870940376,1.6134941992598018,-0.16495573412855841
6247665303,0.1471974894097933,0.69507334788084041,0.0017516471921055845,0.13679098667533279,0.22970123876759607,0.00093744384381448697,4.0136730738575066,-0.85535032460109517,-0.20592443574361147
6247665743,0.11667074816708317,0.61792403688671382,0.0026176685684990934,0.089356845385845526,0.19518988584431693,0.0010524157501494206,8.1377156160964326,0.024831609624191637,-0.62038482483072288
6247666257,0.11430925874069003,0.63475409722829512,0.0018798561783928956,0.054584637541500128,0.18110552537259433,0.00063944462168329921,13.281337963545452,0.47918218558374576,-0.060127887063188952
6247666671,0.14288365570132827,0.69481712098114934,0.0025397047904650869,0.09475034454065874,0.22039031959694647,0.0010126234790326621,6.0088569992050465,-1.0731522411048424,-0.80960885509064706
6247672919,0.16448231655737297,0.3996057800639804,0.001778147604767352,0.18830591080720457,0.17409469834820288,0.00093677456377134561,3.0102456477535964,0.5741968910898263,0.22446147285303267
6248175984,0.2544542025336412,0.62420242228606726,0.0021283015865691105,0.22247701525089156,0.35401555020815023,0.0010560111730006923,1.2264577839755664,-0.33338841183969425,0.4168580792046323
6248176432,0.15448815815742378,0.53990300903721622,0.0020033621530180993,0.23674978056120602,0.37876333000305107,0.0010246107016481695,2.6987240215353436,-0.27390432456483232,-0.0041589954481948653
6248177408,0.24941726589114377,0.32647333326790212,0.0016962501601946376,0.22695421045856309,0.2493736392754077,0.0011525275923660754,1.4745792856064452,0.54108585859383007,0.36774668894289231
6248193324,0.21627650189796277,0.51892046049677032,0.0024859453646030281,0.21461817061191027,0.3195734944015986,0.00089929983649124552,1.6802180251570966,-0.0031181110885752259,-0.3606645928176358
6248193828,0.14171267544875035,0.47075664815396878,0.0020308974907086701,0.12876503432152625,0.29737452515751106,0.001269218185437905,3.3044528249084073,-0.29374004159887868,-0.33355701302403146
6263799451,0.23702054441593673,0.4987568855644125,0.001848851254056519,0.10595529580419534,0.25452713003090138,0.00092875128141331378,2.4300593963125041,0.072320910235599653,0.42883147605812988
6602678237,0.34692186405002939,0.69170484129432031,0.0011682729199417844,0.38007853773353989,0.2325854779650838,0.0010709807530642672,0.65449246555209339,-0.72613859451605167,1.4018364757754886
6602680623,0.43810986346898495,0.58337820433211884,0.0017160662951691012,0.41396041467743655,0.26761929203329121,0.0011773174013972958,0.17641072334460906,-0.3687735982221908,0.47808611263285949
6602682907,0.50993076894322853,0.47856265283939858,0.0018668431511512367,0.40310767479064347,0.26188190366059866,0.0011467174927258853,-0.16276592545081989,-0.050245618580036421,0.27257956020654517
6991343152,0.26793889247397523,0.47890642291318275,0.0016366239907725834,0.18015608019517307,0.28858719444569259,0.0011630919040863143,1.1575776182975186,0.015576522770056092,0.58909646225372103
7201319212,0.20270519259444528,0.30824342091837914,0.00066166087656293465,0.26593317960199325,0.36974507569765391,0.0011268942786690579,0.87984210845612099,0.7020749880289161,1.644507764382283
7201320344,0.25418325559003813,0.3503972051453208,0.001771895078469507,0.26550496772906579,0.37553534528231591,0.0011528849119861392,0.83153067154842519,0.77363585542259017,-0.077119063724085737
7201321608,0.52842999433486904,0.39061763359089913,0.002229812742384726,0.15481639672274952,0.17377677991172169,0.00091637941976246452,-1.8125218591737113,0.58944063906712807,-0.9712864364875381
7201322828,0.3621854757590689,0.26572013486082025,0.0010013211365923508,0.26436784458742896,0.30256788332939916,0.0010299899229345502,-0.096599668774422595,1.1989661415633692,1.1083818335288285
7201326520,0.46354542052446007,0.4259006621851204,0.0016145286693844405,0.23682430962977177,0.31521198519537397,0.0013494166846983674,-0.6598890380465845,0.44007963869407851,0.40645070886129714
7201332494,0.10410112454888641,0.73172313539037737,0.0012892903052995608,0.13837543172416464,0.21369372436888753,0.000876626492116206,4.6067652188152541,-0.59951921417153087,0.42279265797562882
7201337188,0.2248416413713811,0.38383200851543481,0.0015054519340562877,0.24223245088510809,0.31675548306110807,0.001310619851874896,1.3971408932850167,0.29264018600892988,0.62483503671691965
7201338836,0.39963750188213232,0.37354729975748147,0.0014525879974553698,0.25352195159671786,0.32178000422755226,0.0009763749991859638,0.070605556237490485,0.65972484618455773,0.70122221497421122
7201340360,0.33934467313296751,0.2328815665450617,0.0019123395598596334,0.23643191155460805,0.29113705439791299,0.0012325756865223909,0.47758338980498449,1.3800733018772511,-0.1805597211448848
7201346064,0.25594417591964486,0.37953817066472645,0.0014534955716964395,0.20493515073698926,0.29735030224766262,0.001362704813471828,0.99816866434705753,0.49313174350711747,0.48138873973975271
7201347740,0.31592700059062079,0.4526076814498497,0.0010741680550216007,0.19541437533428882,0.22490958907504308,0.00072249245275089746,1.0019774048690984,-0.049242051860663501,1.2501250541257645
7201349046,0.25857274172568051,0.33091667814635078,0.00083027341066588094,0.23718331212045099,0.32055421880276058,0.0010924038950516676,1.0150815372028181,0.79780532268585092,1.5384139647592279
7201351082,0.24393235709102506,0.40514183667466352,0.0015622774793248918,0.24086656941903131,0.3028899976070949,0.0012779025819885756,1.3788777802848895,0.49081828677725831,0.37164627041447412
7201353582,0.38441190383753843,0.37012456337059191,0.0010413991384696664,0.34899839020622903,0.25128363472369053,0.0010258478269314687,0.43399848988514661,0.60039662127821358,1.0367691284052152
7201355302,0.2782306232749101,0.29368869830245026,0.0013744131213104364,0.18378967249987505,0.20637165997080459,0.00092341554689898641,1.077629037563661,1.3077676890195005,0.58634347006878484
7721568510,0.34461295814360426,0.36199919149809112,0.0020791807766245068,0.25995546358903787,0.17904094297791306,0.0008563737938201612,0.46092638939902586,0.71964408586938022,-0.86021101338366945
7721575202,0.38505602966092339,0.20137880435139507,0.0020448848135330507,0.17433046067329963,0.26204344050740319,0.0010576610747274277,-0.42099938753232385,1.8950231466561536,-0.69227921612543364
7756471602,0.222459140442401,0.31931760115102376,0.0023857741940323486,0.2481470078100427,0.22686538119390606,0.0010846333023792267,0.98075157877549413,0.48744407939164969,-0.2799184577392837
7756471780,0.31032184574772037,0.22297434173368444,0.0023543044774875896,0.29957230587020511,0.19438104081585367,0.0011286291648876978,0.63798845510328228,1.3230057336806826,-0.21519039715781046
7756472070,0.29215292691111061,0.30396724518556811,0.0023080563377677306,0.25924006539514116,0.17357943223633018,0.0011401495174637472,0.52073487473674207,0.9415185733310526,-0.011085429455701807
7756472312,0.14453187930451308,0.49021667076432207,0.0022755888555681704,0.23406479030810892,0.16991234148456053,0.00099296636690025916,1.9068264269258461,0.47768399402199796,-0.14617907052869039
7756472496,0.2246096829971034,0.36287942446313987,0.0024645277970008787,0.2607171447936979,0.17369862828309765,0.0010564396466592797,1.0866838287763099,0.59064281215035563,-0.3376909855997075
7756472742,0.19332448804323421,0.37899379617569573,0.0023549107551907138,0.22342325871932886,0.2176272502104577,0.0010665161749732579,1.2775763109429679,0.46558121490683679,-0.3137762069733826
7756472964,0.29179115157277069,0.28580380855978649,0.002583192650551052,0.29587733318560511,0.18994311636495428,0.0010770009086943037,0.58687433250952947,1.0377422039983286,-0.42618601508501913
8002084261,0.27362384680475871,0.44975719371814804,0.0023841470074456679,0.31109393940921809,0.25319860660082522,0.0011175870961011077,0.91464282946473408,0.33093688931775794,-0.55409607188531729
8002086484,0.3123432589933397,0.4892254541832991,0.0021947122670535981,0.34616735600650822,0.25450185656458307,0.00109464466156566,0.74156357167590037,0.24450721128653022,-0.14181902478114236
8004818628,0.5691260216798617,0.41293194218692014,0.0024064814987990956,0.3922542782251458,0.17657871741071071,0.0011285440164839667,-0.36224846322371063,0.71356509713281058,0.064160923970482397
8004818726,0.5307806538287323,0.44028011959714747,0.0023451018261624076,0.40896481249823979,0.17742496613596639,0.0010944358398583605,-0.19472280197226571,0.2721697213103737,0.13920305175646208
8004818828,0.59922547349318733,0.37609221126714198,0.0022113040837836778,0.41914135704459116,0.16952051989118988,0.0010078485269332683,-0.48792625216265095,1.3664854331455472,-0.24463450479399973
8004818924,0.61444417631208414,0.40894536325860159,0.0023761194181487456,0.37874934700398943,0.16268222247646011,0.001117889873980645,-0.57475893335698958,0.63665161722252961,0.15123764294828809
8016523691,0.44665563998107716,0.64672274339972446,0.0014835269871947864,0.38988581220893381,0.21755731349312529,0.0011463211439455788,0.079319890820319081,-0.96665039179092582,0.67466322125171041
8016526044,0.42328151186456148,0.61376417458247901,0.0018816523559314949,0.38572769529555628,0.22251207495689074,0.0012140786728893789,0.16129552278988568,-0.73425106082654779,-0.04239054565125195
8047179310,0.58344828716116115,0.2843129764519487,0.0026039851339225185,0.43944892168903932,0.16097834166406444,0.00087941070243780829,-0.43214488041912341,-0.15369981032217361,0.066157892876793273
8047210671,0.54942703895413425,0.11564769845164485,0.0019454699987183478,0.27899397551865979,0.11264211412349301,0.0007281390743693793,-0.53761530772292665,2.6281420387378791,0.32189534577655815
8047212151,0.38120259222552932,0.48586726485895942,0.0026106370985517959,0.27929752998510132,0.24070558516746052,0.00097894125424194921,-0.0084363331882565725,-0.19447918154444663,-1.0521605093401611
8047217441,0.66014392384482556,0.30251789328506146,0.0021682205920797388,0.34834437182254185,0.16738883353983242,0.00095675144144981847,-0.77936674029759856,0.93501086523774024,0.3775673697107283
8047217741,0.65810142627117185,0.13019626147162969,0.0020705452569523999,0.30868216957583394,0.10103590216927569,0.00075201139824087237,-1.254348134426013,2.3150289582765926,-0.56855058907248868
8047219317,0.40284177425857853,0.30103344363134066,0.0019049202614375427,0.38667981818909042,0.17190183650255103,0.0013359237386243127,0.35556425095308408,-0.11100450741276537,0.40205740799009793
8047220044,0.29035929106796793,0.26775127935357107,0.0011705089017045379,0.2352973091795402,0.20251363538981954,0.0012806069952893628,1.0675715763536369,0.97985906694407376,1.1786189419758426
8047221032,0.65796333943251006,0.33138205956617378,0.002136304826348545,0.34237990140222124,0.21088638341709537,0.0010725986846040131,-0.76892901887678633,1.303824418644743,0.33483202156998892
8047221157,0.077254693912194014,0.42128248984740629,0.0023464980340892859,0.12693726694917182,0.096603081698113866,0.00085761212651006685,6.7375469413753288,1.509815107961614,-0.72241021013253537
8047221324,0.65549523659632336,0.37053039183352598,0.002438789757785274,0.2968159412603989,0.15380593286433394,0.0011460060779925,-0.62041220546471643,-0.23587196352720463,-0.13025962774267205
8047222928,0.61436499885086204,0.22945551641636119,0.0022400821017553906,0.39173605114829474,0.16183677310604166,0.00096044384665515696,-0.69990534806617499,0.39418423285969373,0.36516233772354306
8047223406,0.66768169389235765,0.28398909143134649,0.0022780172959116249,0.36154703059238241,0.16505220395248521,0.0010197802972631731,-0.85895458904543454,0.32298838565928817,-0.082428281387581376
8047225142,0.09578417345663634,0.53353211509371445,0.0018170429219528837,0.16456738763444839,0.17471404629728737,0.00068939899454825097,3.1913595483979287,-2.0848741571247715,2.1094115392871089
8047226158,0.091217427826551525,0.42501453604805173,0.0022205134230422747,0.17525427547775524,0.096215395140620955,0.00094059785258366279,4.7605129854586439,1.0118938629397665,-0.35641103405733221
8047226598,0.084722777592329906,0.4211256495881846,0.002215699356657711,0.14966066199148481,0.11403118398838283,0.001077847238253674,5.0023132376526966,1.0880334791359041,-0.31003986067512995
8222473671,0.29450566976265224,0.4121637988130914,0.0015883224913494488,0.18461433827187365,0.24650037003809747,0.00086675095811535529,1.0100281677206402,0.59014817932723762,0.60998523904946056
8223561412,0.31819012335198266,0.36649590746175231,0.0015649256712120404,0.1833580980741725,0.20804447070621276,0.00090473030014057924,1.0317165371541426,0.31608614881942854,1.1196820260539067
8284227035,0.28241110008367559,0.23521050061562812,0.0016862656124010742,0.23587525699262651,0.19126235606871414,0.00085429594045345722,1.0324558695192381,1.8376953547315495,-0.19433583530277662
8639532518,0.50082496139298149,0.6367031226460238,0.0026619867025494772,0.084206003010696279,0.15380226331174307,0.0010041686505125116,-0.27044909593628175,0.14513619738458791,-0.14189625065129385
8810436449,0.31247372484443675,0.20557711509830828,0.0018097950367007331,0.24119801279065078,0.16217955674113022,0.0010892175345522926,0.5379306189070584,0.62816429225342463,0.50241716400785597
8810436711,0.35517388229341662,0.29969775242687319,0.0017742766508667713,0.27377019618261705,0.19785213086662942,0.00080586007883843419,0.25041544838513313,0.60531323732059106,0.56484348494540282
8810437275,0.25176652947175887,0.27311116750201153,0.0019173886640501238,0.29660723264054267,0.16222041619235747,0.00095771574365124002,1.4313961940742508,1.4694104325312185,-0.25132872267394707
8810438217,0.14627992557838274,0.22491939642673309,0.0016666287905031923,0.16254357088340499,0.13451616210369599,0.00046156835095943928,3.6871930750316118,0.73848574994741301,-0.32608738259090064
8810440157,0.42859455387989182,0.38043036302354688,0.0022220618055299808,0.23357394632655781,0.21553080816346781,0.0006779075687301378,-0.47158004090939215,0.22965650098454213,-0.17577984237198041
8810440549,0.3506712341610152,0.29024762393761822,0.0014512709028736577,0.18847011004938782,0.18444502705243904,0.0011505881502863627,0.40143708369263148,0.80265970762055683,0.49464559392247487
8810440817,0.12306338647981427,0.37206128374945807,0.0024360347406473977,0.19069464392460411,0.20608362711869474,0.0006455607793756725,2.6460321741384893,-0.43568841097382821,-0.26578754767267654
8821024424,0.20479475335475195,0.4724471027399903,0.0019000123627362058,0.31646527461454671,0.19779072841321488,0.0011152774275855074,1.8398839156415132,-0.52373518916997275,0.27960303088388277
8821025202,0.26198275910461283,0.32667624191880379,0.0018351756527455485,0.25003222608791847,0.21883712316177165,0.00094074859530828101,1.113987528943319,0.085206185194495521,0.47284701643565463
8821026606,0.15178478012370447,0.21229965756137209,0.0020194876936432157,0.15759719915936801,0.14464351493276739,0.00081933249718811358,3.3230969056557074,1.9887831439704153,-0.38595708795919031
8821027118,0.12861325451305861,0.36804781841461981,0.0015520349743167587,0.10473091935453667,0.17276624386888562,0.00079553211244186956,5.692333443864225,0.32666722589282682,0.65077873518186757
8821027502,0.4021394975128133,0.39442191633639806,0.0018396110221264451,0.23389556705962788,0.23656955437410793,0.0014082094345592795,-0.21360296373083112,0.51346106845917483,0.25478064865557343
8821027922,0.31745834117030364,0.15868477279359755,0.0020295225402569912,0.27194502759888856,0.095232298403733581,0.00076257794453954647,0.90679586473490836,1.0073314687446036,0.44460144271979291
8821028134,0.24049519338391764,0.20061009377507957,0.0021029893639711193,0.273387002740969,0.14559971418696746,0.001114289681379057,1.6608221228480222,0.98611039425729208,0.029666303921587877
