10497546425,0.54606006006006003,0.044972972972972973,0.030660660660660661,0.00059459459459459464,0.058654654654654657,3.0030030030030029e-05,0.0069309309309309305,0.24085885885885885,0.040510510510510508,0.0021861861861861864,0.028540540540540539
10497577256,0.79603603603603601,0.020228228228228229,0.047393393393393393,0.014822822822822823,0.053693693693693693,0.013495495495495495,0.0015975975975975976,0.0064324324324324328,0.020708708708708709,0.00951951951951952,0.016072072072072074
10497699144,0.62611411411411411,0.065657657657657659,0.10772372372372373,0.011861861861861863,0.060150150150150149,0.00566966966966967,0.0010510510510510511,0.010564564564564564,0.0030570570570570572,0.010396396396396397,0.097753753753753753
10497718194,0.96756156156156159,0.0011051051051051051,0.00027627627627627627,0.016276276276276275,0.0012792792792792793,0,0.0021861861861861864,0.005309309309309309,6.006006006006006e-06,0.0060000000000000001,0
10497728943,0.64863063063063064,0.0057657657657657659,0.03329129129129129,0.0033513513513513515,0.018162162162162161,0,0.037519519519519519,0.17079879879879881,0.070174174174174181,0.010282282282282283,0.0020240240240240242
10497743996,0.6850870870870871,0.030156156156156157,0.042954954954954952,0.060066066066066064,0.093681681681681686,0.0019159159159159158,0.0028888888888888888,0.041813813813813813,0.013057057057057057,0.026768768768768769,0.0016096096096096097
10497766153,0.96594594594594596,0,0,0.027381381381381381,0,0,0,0,0,0.0066726726726726729,0
10497788255,0.0233993993993994,0.97642042042042043,7.2072072072072076e-05,0,1.8018018018018019e-05,0,0,7.8078078078078081e-05,1.2012012012012012e-05,0,0
10497803483,0.79354354354354351,0.016780780780780782,0.035315315315315315,0.0019939939939939938,0.05342942942942943,0.029603603603603604,0.00052852852852852857,0.0032552552552552552,0.034900900900900901,0.010258258258258258,0.020390390390390391
10498053933,0.48903303303303303,0.3683903903903904,0.013081081081081081,0.06916516516516516,0.040582582582582585,0.0011651651651651651,0.00022222222222222223,0.0080900900900900893,0.00065465465465465466,0.0071111111111111115,0.0025045045045045044
10498077193,0.19994594594594595,0.73461261261261257,0.0070030030030030031,0.028504504504504504,0.018276276276276277,0.0012612612612612612,0.00034234234234234234,0.0074054054054054057,0.00085285285285285287,0.0010750750750750751,0.00072072072072072073
10498114484,0.22604804804804804,0.29165165165165163,0.05738138138138138,0.025375375375375375,0.19622822822822822,0.011195195195195195,0.0945945945945946,0.0025045045045045044,0.0092012012012012007,0.084210210210210204,0.0016096096096096097
10498197763,0.62861861861861856,0.0023723723723723723,0.1063063063063063,0.001069069069069069,6.6066066066066071e-05,0,0.0048228228228228229,0.12276276276276277,0.133981981981982,0,0
10498230185,0.31219219219219219,0.40773573573573574,0.063939939939939947,0.056114114114114114,0.016546546546546546,0.0035495495495495495,0.0022942942942942943,0.01557957957957958,0.0055495495495495499,0.095261261261261262,0.021237237237237236
10498353623,0.23137537537537536,0.075297297297297297,0.12783783783783784,0.15102702702702703,0.056834834834834834,0.0005345345345345345,0.065225225225225225,0.034024024024024026,0.048894894894894896,0.20827027027027026,0.00067867867867867863
11732230455,0.083255255255255262,0.14072072072072073,0.35365165165165163,0.037579579579579581,0.0070030030030030031,0.013333333333333334,0.21915915915915915,0.00084084084084084089,0.10942942942942943,0.034786786786786789,0.00024024024024024023
11732272425,0.32186186186186189,0.014126126126126126,0.40142342342342341,0.099141141141141143,0.018228228228228227,0.0018858858858858858,0.048720720720720721,0.0032792792792792794,0.0028468468468468467,0.058990990990990991,0.029495495495495495
11732322485,0.22222822822822824,0.13172372372372373,0.093255255255255257,0.23049249249249248,0.072846846846846849,0.0013933933933933933,0.016414414414414415,0.032756756756756759,0.0026546546546546545,0.18901501501501503,0.007219219219219219
11732354385,0.32744144144144144,0.05730930930930931,0.074084084084084081,0.22763363363363365,0.070210210210210205,2.4024024024024024e-05,0.0036876876876876879,0.017159159159159158,0.0055135135135135132,0.21657657657657658,0.00036036036036036037
11732393785,0.1317117117117117,0.080750750750750749,0.33281081081081082,0.2125045045045045,0.040252252252252249,0.031969969969969973,0.0084504504504504512,0.045945945945945948,0.042432432432432429,0.063429429429429432,0.0097417417417417409
11732748375,0.094996996996996999,0.012828828828828829,0.62128528528528526,0.014348348348348349,0.0038918918918918917,0.02957957957957958,0.084990990990990986,0.012024024024024024,0.0126006006006006,0.068168168168168175,0.045285285285285283
11732863965,0.050738738738738735,0.050774774774774774,0.1578978978978979,0.026366366366366367,0.0011111111111111111,0,0.38418618618618616,0.075111111111111115,0.13283483483483483,0.12097897897897898,0
11733012966,0.017381381381381383,0.0032312312312312314,0.23796396396396396,0.006036036036036036,0.0030990990990990993,0.03766966966966967,0.23344144144144144,0.0015315315315315315,0.28849849849849851,0.16274474474474473,0.0084024024024024029
11733036173,0.048696696696696698,0.010648648648648649,0.24003603603603604,0.027651651651651652,0.010858858858858858,0.37070270270270272,0.015477477477477478,0.016720720720720721,0.042984984984984986,0.067291291291291286,0.14893093093093093
11733052316,0.07924324324324325,0.065813813813813821,0.11237237237237237,0.11857657657657658,0.0061501501501501502,0.00034834834834834833,0.11939339339339339,0.023621621621621621,0.25778978978978978,0.21258258258258259,0.0041081081081081085
11733102976,0.24571771771771772,0.012564564564564564,0.32103303303303304,0.0059579579579579576,0.010990990990990991,0.048966966966966965,0.001015015015015015,0.00378978978978979,0.01795795795795796,0.014684684684684684,0.31732132132132135
11733134436,0.28936936936936936,0.039123123123123126,0.10118318318318319,0.13841441441441441,0.12055855855855856,3.0030030030030029e-05,0.0011711711711711711,0.012846846846846846,0.0047027027027027029,0.29065465465465468,0.0019459459459459458
11733289864,0.025657657657657658,0.017273273273273274,0.12502702702702703,0.28906306306306306,0.00193993993993994,0.0016876876876876876,0.28031831831831833,0.023315315315315315,0.19419219219219219,0.041471471471471469,5.4054054054054054e-05
11733493356,0.056624624624624621,0.00030630630630630633,0.36634234234234236,0.0081381381381381377,0.002138138138138138,0.13484684684684684,0.025681681681681681,0.0007867867867867868,0.083057057057057057,0.036726726726726729,0.28535135135135137
11733591956,0.20677477477477477,0.10305105105105106,0.20117717717717717,0.12622222222222224,0.019681681681681683,0.00018618618618618617,0.071711711711711715,0.0093753753753753749,0.08915915915915916,0.17226426426426428,0.00039639639639639637
11820120073,0.085237333333333332,0.017888000000000001,0.56307200000000002,0.13430400000000001,0.041050666666666666,0.00019733333333333332,0.0044000000000000003,0.008613333333333334,0.00062399999999999999,0.070554666666666668,0.074058666666666662
11820122953,0.32317866666666667,0.090554666666666672,0.12542933333333334,0.217776,0.10468266666666666,0,0.0044159999999999998,0.006325333333333333,1.0666666666666667e-05,0.121744,0.0058826666666666663
11820125643,0.24842666666666666,0.073253333333333337,0.27516800000000002,0.14707733333333334,0.045306666666666669,3.7333333333333331e-05,0.0093973333333333339,0.022533333333333332,0.00053866666666666668,0.16033066666666668,0.017930666666666668
11820603876,0.117664,0.057594666666666669,0.51469333333333334,0.12117866666666667,0.017226666666666668,0,0.028394666666666665,0.016117333333333334,0.004613333333333333,0.12250666666666667,1.0666666666666667e-05
11820607006,0.034597333333333334,0.000368,0.55869333333333338,0.0056319999999999999,0.025365333333333333,0.00010666666666666667,0.00065066666666666669,0.00061866666666666667,0.00059199999999999997,0.036677333333333333,0.33669866666666665
11820609696,0.25179200000000002,0.024981333333333335,0.19010133333333334,0.37162133333333336,0.020927999999999999,0,0.001488,0.0017386666666666666,0.00031466666666666665,0.11802666666666667,0.019008000000000001
12394260295,0.056932926829268295,0,0.38631097560975608,0,0.0028170731707317072,0.094756097560975611,0,6.0975609756097564e-06,0.00069512195121951216,0,0.45848170731707316
12394503023,0.19955555555555557,0.31667267267267268,0.19083483483483482,0.11542942942942942,0.10518918918918919,0.0035915915915915916,0.051765765765765769,0.0034834834834834836,0.00096696696696696699,0.0062582582582582586,0.0062522522522522519
12394506145,0,0,0.08573573573573573,0,0.00034234234234234234,0.2920960960960961,0,0,0,0,0.6218258258258258
12394604704,0.0097357357357357351,0,0.27566966966966966,0,0.00045045045045045046,0.22957357357357358,0,6.006006006006006e-06,0.0046006006006006003,0.0001021021021021021,0.47986186186186186
12394625055,0.54425225225225227,0.072876876876876884,0.097279279279279277,0.18404804804804806,0.024900900900900903,0,0.0060780780780780785,0.066186186186186186,0.00052252252252252252,0.0031831831831831831,0.00067267267267267269
12394680724,0.033812500000000002,0.00225625,0.827125,0.01255625,0.030418750000000001,0.016725,0.044181249999999998,0.0095937499999999998,0.00062500000000000001,0.0028500000000000001,0.019856249999999999
12394687285,0.68843843843843844,6.006006006006006e-06,0.27601201201201203,0.010744744744744746,0.019357357357357358,0.00022222222222222223,0.00016216216216216215,0.00016216216216216215,0.0044624624624624628,0,0.00043243243243243243
12394691083,0.18312312312312312,0.0025165165165165165,0.6759519519519519,0.01163963963963964,0.0021921921921921922,0.0087567567567567572,0.020816816816816817,0.0061741741741741744,0.0017717717717717718,0.07678078078078078,0.010276276276276277
12394755404,0.36870270270270272,0.1418078078078078,0.41369969969969972,0.013705705705705706,0.0005345345345345345,0.0002942942942942943,0.0025105105105105107,0.012468468468468469,2.4024024024024024e-05,0.046120120120120123,0.00013213213213213214
12394813545,0.0022162162162162164,1.8018018018018019e-05,0.90359159159159164,7.8078078078078081e-05,0.017231231231231232,0.021165165165165166,0.01583183183183183,0.00027627627627627627,0.0065645645645645645,0.0028528528528528529,0.030174174174174173
12394879335,0.10262032085561497,0.3644331550802139,0.16280213903743315,0.08727272727272728,0.00068983957219251335,0.002251336898395722,0.12781818181818183,0.0099411764705882345,0.1153048128342246,0.025529411764705884,0.0013368983957219251
12394892604,0.035039039039039037,0,0.82882282282282282,6.006006006006006e-06,6.006006006006006e-06,0.070486486486486491,0.0047807807807807804,2.4024024024024024e-05,0.03506306306306306,0.015525525525525526,0.010246246246246246
12394929383,0.70257657657657657,0,0.21373573573573573,0,0.00087687687687687684,0.027441441441441443,3.6036036036036038e-05,1.8018018018018019e-05,0.00042042042042042044,0.016150150150150151,0.038744744744744743
2181224465,0.16164799999999999,0.10029866666666666,0.023439999999999999,0.13237333333333334,0.52895466666666668,0,0.000224,0.0027680000000000001,8.5333333333333339e-05,0.049535999999999997,0.00067199999999999996
2181224473,0.21659200000000001,0.0083733333333333333,0.11085866666666666,0.47321066666666667,0.130832,0,0.008266666666666667,0.008901333333333334,0.00015466666666666667,0.01504,0.027770666666666666
2219515207,0.11623054755043227,0.37098559077809801,0.20010374639769452,0.037348703170028821,0.13052449567723343,0.049458213256484147,0.020512968299711814,0.0079250720461095103,0.013394812680115274,0.047492795389048992,0.0060230547550432275
2219517409,0.34945714285714286,0.047565714285714288,0.082497142857142852,0.032228571428571426,0.083559999999999995,0.054594285714285713,0.0071428571428571426,0.021685714285714287,0.073365714285714284,0.19835428571428571,0.049548571428571428
2219518847,0.12217073170731707,0.016760975609756097,0.21480975609756098,0.24037073170731707,0.031380487804878052,0.0083853658536585367,0.12714634146341464,0.022380487804878047,0.033307317073170729,0.1668390243902439,0.016448780487804879
2219519157,0.26988800000000002,0.027712000000000001,0.17585066666666666,0.098538666666666663,0.040090666666666663,0.025978666666666667,0.13850666666666667,0.027290666666666668,0.039162666666666665,0.094218666666666673,0.062762666666666661
2219520501,0.26271462829736208,0.059083932853717026,0.20420623501199039,0.12898800959232615,0.096139088729016789,0.017563549160671463,0.013112709832134292,0.010498800959232614,0.050868105515587528,0.084637889688249396,0.072187050359712235
2219521021,0.28392190889370933,0.0035488069414316703,0.21456399132321041,0.066056399132321045,0.033219088937093279,0.057253796095444683,0.12827331887201734,0.0087158351409978314,0.07470715835140998,0.08973969631236442,0.040000000000000001
2219523233,0.069599999999999995,0.11424533333333334,0.43052800000000002,0.01504,0.0078453333333333326,0.034197333333333337,0.21889600000000001,0.011258666666666667,0.052912000000000001,0.025455999999999999,0.020021333333333332
2219523735,0.250608,0.00051199999999999998,0.14025066666666666,0.0074133333333333334,0.00018666666666666666,0.10796266666666667,0.261824,0.018277333333333333,0.16969066666666666,0.035978666666666666,0.0072960000000000004
2220309998,0.098752000000000006,0.329984,0.15155733333333332,0.014448000000000001,0.097407999999999995,0.17111999999999999,0.014944000000000001,0.0033653333333333335,0.020400000000000001,0.022922666666666668,0.075098666666666661
2220310654,0.14437804878048779,0.16715243902439025,0.073457317073170728,0.046835365853658537,0.23318292682926831,0.014384146341463415,0.048957317073170734,0.070878048780487798,0.050676829268292686,0.10128658536585367,0.048810975609756099
2220311248,0.25347058823529411,0.0035098039215686275,0.24752941176470589,0.016382352941176469,0.095220588235294112,0.073833333333333334,0.017941176470588235,0.0014754901960784314,0.072862745098039222,0.12101960784313726,0.096754901960784317
2220312166,0.13898181818181818,0.47496161616161614,0.074690909090909086,0.1191070707070707,0.045640404040404044,0.0036767676767676767,0.047240404040404041,0.018266666666666667,0.0066545454545454547,0.063111111111111118,0.007668686868686869
2220312598,0.16410666666666668,0.44611200000000001,0.10860266666666667,0.093792,0.014789333333333333,0.031738666666666665,0.049594666666666669,0.014693333333333333,0.024133333333333333,0.033109333333333331,0.019328000000000001
2220312874,0.33444964871194377,0.016276346604215456,0.24497423887587821,0.078964871194379394,0.041981264637002344,0.070599531615925054,0.089007025761124126,0.0063325526932084307,0.053035128805620606,0.042149882903981264,0.022229508196721311
2220313474,0.17414782608695653,0.056039130434782605,0.18902608695652173,0.10681304347826087,0.033160869565217389,0.014086956521739131,0.14018260869565216,0.024595652173913043,0.060543478260869567,0.10935652173913044,0.092047826086956525
2299072420,0.071834999999999996,0.0059550000000000002,0.12245499999999999,0.042979999999999997,0.653775,0.00023499999999999999,0.0060650000000000001,0.0083350000000000004,0.0036600000000000001,0.057459999999999997,0.027244999999999998
2454740571,0.024176,0.18257599999999999,0.17955199999999999,0.030432000000000001,0.45046399999999998,0.0011786666666666666,0.010410666666666667,0.021871999999999999,0.0038826666666666666,0.058911999999999999,0.036544
2454740575,0.0292,0.010058666666666667,0.13014933333333334,0.01136,0.72676799999999997,0,0.0012213333333333334,0.0026346666666666667,0.00029333333333333333,0.077397333333333332,0.010917333333333333
2454740579,0.10138666666666667,0.0076906666666666668,0.15559999999999999,0.018768,0.60291733333333331,0.00088000000000000003,0.018917333333333335,0.033946666666666667,0.017381333333333332,0.031221333333333334,0.011290666666666666
2602690034,0.069599999999999995,0.28035733333333335,0.08290666666666667,0.19426666666666667,0.060623999999999997,0.000272,0.077765333333333339,0.13733333333333334,0.082549333333333336,0.013242666666666666,0.0010826666666666667
2747941419,0.11925373134328358,0.50127363184079599,0.14064676616915422,0.073706467661691547,0.082552238805970152,0.0048009950248756221,0.00045273631840796018,0.00032835820895522389,0.00064676616915422883,0.045049751243781092,0.031288557213930347
2850161554,0.30482191780821916,0.17640547945205479,0.14341917808219179,0.081994520547945204,0.0014958904109589042,0.015863013698630139,0.001884931506849315,0.00093150684931506849,0.093736986301369868,0.17778630136986301,0.0016602739726027398
3516859062,0.8688391608391608,6.9930069930069932e-06,0.0065734265734265739,0.022167832167832167,0.00014685314685314684,0.0053846153846153844,0.001,0.00044755244755244756,0.012167832167832168,0.080265734265734259,0.0030000000000000001
3804449389,0.16905882352941176,0.015064705882352942,0.041688235294117644,0.0035058823529411764,0.00031764705882352944,0.022564705882352942,0.030700000000000002,0.0022882352941176469,0.62108823529411761,0.093723529411764706,0
3804461369,0.27845294117647057,0.00068823529411764705,0.42431764705882352,0.047288235294117645,0.058452941176470589,0.037647058823529408,0.0015529411764705883,0.00034705882352941179,0.021552941176470587,0.012352941176470587,0.11734705882352942
3805261350,0.28556156156156154,0.26978378378378376,0.093063063063063056,0.0064744744744744745,0.00069069069069069072,0.014948948948948949,0.15102102102102102,0.0038438438438438438,0.17058858858858858,0.0038918918918918917,0.00013213213213213214
3805376786,0.23201342281879195,0.035369127516778523,0.17221476510067113,0.078894854586129756,0.11451901565995526,6.7114093959731537e-05,0.36263087248322146,0.0029038031319910513,0,0.00051006711409395976,0.00087695749440715881
3805518422,0.27841764705882355,0.2215,0.35042941176470588,0.11710588235294117,0.008170588235294117,5.8823529411764709e-06,0.00044705882352941178,0.010164705882352942,0.0059823529411764708,0.0075647058823529413,0.00021176470588235295
3809239067,0.2882764705882353,0.0016882352941176471,0.28305294117647056,0.025700000000000001,0.16667058823529413,0.040841176470588235,0.0035941176470588236,0.0012529411764705882,0.017652941176470587,0.0037176470588235295,0.1675529411764706
3809245299,0.1615,2.3529411764705884e-05,0.50157647058823529,0.00035294117647058826,0.25118823529411766,5.2941176470588237e-05,0.00010588235294117647,4.7058823529411767e-05,2.9411764705882354e-05,0.014076470588235294,0.071047058823529408
3809253607,0.17215294117647059,0.00051764705882352937,0.61580000000000001,0.046300000000000001,0.11418823529411765,0.0028999999999999998,0.0014764705882352942,0.0009647058823529412,0.0055647058823529412,0.011976470588235293,0.028158823529411764
3809258995,0.26668235294117648,0.0030999999999999999,0.39071176470588237,0.081523529411764703,0.15088823529411766,0.01181764705882353,0.01088235294117647,0.00048823529411764707,0.0027705882352941176,0.02226470588235294,0.058870588235294119
3809264233,0.17145294117647059,0.0023647058823529411,0.42366470588235294,0.13335882352941175,0.10104705882352941,0.002123529411764706,0.023805882352941177,0.0070470588235294115,0.058635294117647056,0.0077000000000000002,0.0688
3810062950,0.83182300884955751,0.00010619469026548673,0.021351032448377581,0.001864306784660767,0.0045132743362831856,0.0010265486725663717,0.00038938053097345134,1.1799410029498525e-05,0.0011150442477876107,0.11656047197640118,0.021238938053097345
3810082026,0.57111111111111112,0.13876276276276275,0.0043303303303303302,0.024372372372372372,0.012156156156156157,1.2012012012012012e-05,0.014582582582582583,0.097903903903903911,0.0070210210210210214,0.12931531531531532,0.00043243243243243243
3810086228,0.32109859154929576,0.30921126760563378,0.12809577464788732,0.010338028169014085,0.038997183098591549,0.0030591549295774646,8.4507042253521126e-05,0.035588732394366197,0.017211267605633802,0.094073239436619716,0.04224225352112676
3899276739,0.47237333333333331,0.036789333333333334,0.053226666666666665,0.20952000000000001,0.050314666666666667,0.0015253333333333334,0.0036373333333333331,0.016682666666666665,0.0015946666666666668,0.15389866666666666,0.00043733333333333336
3899277059,0.4257188498402556,0.17035782747603834,0.054440894568690099,0.099469648562300325,0.11109265175718849,0.00021725239616613419,0.00035143769968051119,0.004894568690095847,0.0026261980830670929,0.13072204472843452,0.00010862619808306709
3899277679,0.61441599999999996,0.15237866666666666,0.00093866666666666664,0.035002666666666668,0.0053653333333333331,0,0.00055999999999999995,0.0027413333333333335,1.5999999999999999e-05,0.18832533333333334,0.00025599999999999999
3899277837,0.32925333333333334,0.24972266666666668,0.081882666666666673,0.10852266666666667,0.021989333333333333,0.0016800000000000001,0.00058133333333333333,0.0039306666666666665,0.047381333333333331,0.154976,8.0000000000000007e-05
3899277945,0.51675733333333329,0.231376,0.00055999999999999995,0.037050666666666669,0.0032426666666666667,0,0.00042133333333333335,0.0011893333333333333,0.00011733333333333333,0.20927999999999999,5.3333333333333337e-06
3899278109,0.1343514376996805,0.021118210862619807,0.19031948881789137,0.3067923322683706,0.056939297124600642,0.030153354632587861,0.00094568690095846641,0.0052587859424920126,0.044115015974440897,0.20973801916932908,0.00026837060702875401
3899278965,0.319104,0.096848000000000004,0.023504000000000001,0.25559999999999999,0.031919999999999997,0.000544,0.011002666666666666,0.026885333333333334,0.0013653333333333334,0.22833600000000001,0.0048906666666666664
3899279153,0.44389333333333331,0,0,0.46848533333333331,0,0,0,0,0,0.087621333333333329,0
3900059440,0.15693866666666667,0.10339733333333333,0.058335999999999999,0.34270400000000001,0.055605333333333333,0.0005173333333333333,0.081354666666666672,0.029546666666666666,0.00038400000000000001,0.16821333333333333,0.0030026666666666665
3900059626,0.33851199999999998,0.41123733333333334,0.049834666666666666,0.078309333333333328,0.017642666666666668,0.00024000000000000001,0.00012799999999999999,0.0020373333333333333,0.0054826666666666669,0.096229333333333333,0.00034666666666666667
3900059744,0.25153599999999998,0.53324800000000006,0.0012906666666666667,0.038533333333333336,0.018224000000000001,1.0666666666666667e-05,0.00050666666666666666,0.00075199999999999996,3.7333333333333331e-05,0.155808,5.3333333333333333e-05
3900060466,0.16473599999999999,0.19034666666666666,0.18242133333333332,0.095568,0.075962666666666664,0.00044266666666666667,0.00013866666666666666,0.0069066666666666669,0.028048,0.25538133333333335,4.8000000000000001e-05
3900060618,0.16589333333333334,0.19211733333333333,0.17188266666666666,0.14610133333333333,0.036453333333333331,0.001088,0.00049600000000000002,0.012496,0.081658666666666671,0.19177066666666667,4.2666666666666669e-05
3900060798,0.12678400000000001,0.048021333333333333,0.066357333333333338,0.41216533333333333,0.097642666666666669,0,0.041984,0.11642133333333334,0.000464,0.090160000000000004,0
3900060924,0.14747199999999999,0.034378666666666668,0.024383999999999999,0.48184533333333335,0.055514666666666664,0.00040000000000000002,0.0056213333333333332,0.015525333333333334,0.0019786666666666668,0.23031466666666667,0.0025653333333333335
431812948,0.36037333333333332,0.60827200000000003,0.0021866666666666666,0.017541333333333332,0.00040000000000000002,0,2.1333333333333335e-05,0.010634666666666667,0.0005706666666666667,0,0
440820923,0.065759999999999999,0.00039466666666666665,0.38898133333333335,0.068559999999999996,0.059818666666666666,0.00017066666666666668,0.00093866666666666664,0.0015573333333333333,0.015653333333333332,0.39786133333333334,0.00030400000000000002
441445128,0.12768533333333335,0.01392,0.14490133333333333,0.449104,0.13565333333333332,0.00528,0.027477333333333333,0.00093866666666666664,0.001312,0.063535999999999995,0.030192
441446537,0.20448,0.0043893333333333336,0.31658666666666668,0.089536000000000004,0.031264,0,0.00083733333333333338,0.00074133333333333332,0.005770666666666667,0.34639466666666668,0
4720890011,0.25166933333333336,0.0045333333333333337,0.47143466666666667,0.016511999999999999,0.10748266666666667,0.0034666666666666665,0.0044906666666666662,0.015770666666666665,0.0049493333333333334,0.007424,0.11226666666666667
4720891855,0.28732799999999997,0.11630933333333333,0.209952,0.0034293333333333333,0.068767999999999996,0.00086933333333333329,0.00059199999999999997,0.0052160000000000002,0.0019733333333333334,0.011429333333333333,0.29413333333333336
4720894817,0.35341333333333336,0.072874666666666671,0.28311999999999998,0.0036319999999999998,0.072992000000000001,0.00053866666666666668,0.00040533333333333334,0.003872,0.0017440000000000001,0.011333333333333334,0.19607466666666667
4720899343,0.29570666666666667,0.001952,0.36133866666666664,0.011391999999999999,0.12091200000000001,0.0016479999999999999,0.0044640000000000001,0.0069546666666666663,0.0032693333333333333,0.011967999999999999,0.18039466666666668
4720906067,0.24429333333333333,0.006032,0.15245866666666666,0.0020213333333333333,0.028037333333333334,0.0021120000000000002,0.14416000000000001,0.076389333333333337,0.33427733333333332,0.0047466666666666664,0.0054720000000000003
4720907573,0.10535466666666667,0.042768,0.072069333333333332,0.008698666666666667,0.0056959999999999997,0.013029333333333334,0.23978133333333335,0.078960000000000002,0.34260800000000002,0.039530666666666665,0.051504000000000001
4721555530,0.23219200000000001,0.0009013333333333333,0.47370666666666666,0.0027306666666666668,0.10463466666666667,0.0016639999999999999,0.00075199999999999996,0.0033386666666666669,0.0032320000000000001,0.0090133333333333333,0.16783466666666666
4721556302,0.24827733333333332,0.0012960000000000001,0.404256,0.0075573333333333334,0.12381866666666666,0.010922666666666667,0.0026453333333333333,0.006672,0.0079466666666666661,0.0078986666666666667,0.17870933333333333
4721557946,0.15127466666666667,0.050741333333333333,0.091600000000000001,0.0096799999999999994,0.0032000000000000002,0.004032,0.14441599999999999,0.06096,0.33982400000000001,0.041509333333333336,0.10276266666666667
4721559334,0.53015999999999996,0.010245333333333334,0.11078933333333334,0.019231999999999999,0.050234666666666664,0.0097706666666666671,0.12135466666666667,0.024485333333333335,0.11064533333333333,0.011157333333333333,0.0019253333333333334
4721559848,0.53105769230769229,0.0076794871794871791,0.11094871794871795,0.056403846153846152,0.075596153846153841,0.0062115384615384619,0.099878205128205125,0.033692307692307695,0.069711538461538464,0.0067115384615384615,0.0021089743589743589
4988731805,0.12692800000000001,0.013162666666666666,0.31293333333333334,0.15586133333333332,0.00084266666666666669,0.00025599999999999999,0.31467733333333331,0.023098666666666667,0.0031306666666666666,0.048458666666666664,0.00065066666666666669
4988734979,0.16930746268656716,0.64436417910447763,0.0016119402985074627,0.10183283582089553,0.0038865671641791044,0,0.012,0.005301492537313433,0.0002447761194029851,0.061450746268656715,0
4988737127,0.12758805970149253,0.54734925373134324,0.052400000000000002,0.19392835820895524,0.01435820895522388,0.00078805970149253726,0.0026865671641791043,0.0017253731343283582,0.00011940298507462687,0.040591044776119405,0.018465671641791043
4988756491,0.54154133333333332,0.11495466666666666,0.103584,0.16466133333333333,0.015157333333333333,4.2666666666666669e-05,0.001952,0.019738666666666668,0.00073066666666666668,0.036384,0.0012533333333333333
4989332512,0.22344533333333333,0.31309866666666669,0.041893333333333331,0.06921066666666667,0.012661333333333333,6.9333333333333329e-05,0.034352000000000001,0.042661333333333336,0.027477333333333333,0.18536533333333333,0.049765333333333335
4989336690,0.13858133333333333,0.077743999999999994,0.23547199999999999,0.086933333333333335,0.080762666666666663,0.021360000000000001,0.023136,0.011887999999999999,0.012933333333333333,0.25670399999999999,0.05448533333333333
4989342490,0.54444800000000004,0.13144533333333333,0.0075306666666666664,0.10642133333333334,0.0018986666666666668,0,0.010858666666666668,0.064826666666666671,0.00010133333333333333,0.13237866666666667,9.066666666666667e-05
4989344008,0.071546268656716414,0.011791044776119404,0.51354626865671638,0.027862686567164178,0.036370149253731346,0.020388059701492538,0.0089791044776119395,0.0011402985074626865,0.013373134328358209,0.14644776119402986,0.14855522388059703
4989345320,0.115136,0.15470400000000001,0.037440000000000001,0.216,0.049733333333333331,0.00025066666666666667,0.023888,0.0081706666666666664,0.0053920000000000001,0.38335999999999998,0.0059253333333333337
4989346500,0.54915733333333339,0.012160000000000001,0.073253333333333337,0.32387199999999999,0.022970666666666667,1.0666666666666667e-05,0.0035999999999999999,0.0045279999999999999,0.00092800000000000001,0.0094773333333333341,4.2666666666666669e-05
4989347570,0.29634666666666665,0.25748799999999999,0.062325333333333337,0.14439466666666667,0.031626666666666664,0.00080000000000000004,0.007573333333333333,0.0088266666666666667,0.00063466666666666663,0.17100266666666666,0.018981333333333333
4989357362,0.13289599999999999,0.088138666666666671,0.12887999999999999,0.35696533333333336,0.073029333333333335,1.5999999999999999e-05,0.009338666666666667,0.0043839999999999999,0.0011306666666666668,0.20085333333333333,0.0043680000000000004
4989359664,0.25140266666666666,0.19172800000000001,0.12382933333333333,0.15301333333333333,0.025072000000000001,0.0011146666666666666,0.016080000000000001,0.024176,0.033589333333333332,0.17835733333333334,0.0016373333333333333
4989360074,0.38824533333333333,0.034458666666666665,0.10747733333333333,0.26455466666666666,0.014794666666666666,0.000224,0.084485333333333329,0.0087039999999999999,0.0057600000000000004,0.084096000000000004,0.0071999999999999998
4989365306,0.62317866666666666,0.0090026666666666675,0.053141333333333332,0.0023519999999999999,0.0081279999999999998,0,0.10753066666666666,0.041125333333333333,0.146208,0.0090080000000000004,0.00032533333333333334
5096313333,0.12516266666666667,0.047882666666666664,0.13083733333333333,0.42104000000000003,0.12665599999999999,0,0.015397333333333334,0.016437333333333335,0.0031786666666666669,0.113264,0.000144
5096313455,0.17051733333333333,0.17582400000000001,0.27256000000000002,0.019056,0.0050933333333333334,0.0040959999999999998,1.5999999999999999e-05,0.0023040000000000001,0.0012800000000000001,0.090607999999999994,0.25864533333333334
5096313609,0.15781866666666666,0.037957333333333336,0.17453333333333335,0.18827733333333332,0.29032533333333332,0.00036266666666666668,0.00072000000000000005,0.016730666666666668,0.00020266666666666667,0.03952,0.093551999999999996
5096313677,0.033642666666666668,0.029728000000000001,0.072218666666666667,0.59774933333333335,0.016816000000000001,0,0.005568,0.030906666666666666,0.00037333333333333332,0.21192533333333333,0.001072
5096314303,0.10354133333333333,0.0056480000000000002,0.32351999999999997,0.36730666666666667,0.11408533333333333,1.5999999999999999e-05,0.0026613333333333333,0.0030986666666666667,0.000112,0.054394666666666668,0.025616
5096314397,0.043733333333333332,0.0080800000000000004,0.21237866666666666,0.014192,0.098245333333333337,0.00020266666666666667,0.0010986666666666666,0.0022399999999999998,0.041728000000000001,0.022016000000000001,0.55608533333333332
5096314487,0.082058666666666669,0.00028266666666666669,0.58476266666666665,0.144848,0.12027733333333333,6.3999999999999997e-05,0.011013333333333333,0.0091893333333333341,0.0018613333333333333,0.043269333333333333,0.0023733333333333332
5096314743,0.082325333333333334,0.025754666666666665,0.19086933333333334,0.59698666666666667,0.00085333333333333333,0,0.0091413333333333329,0.0062453333333333336,0,0.087823999999999999,0
5096315913,0.016778666666666667,0.00023466666666666666,0.36474133333333331,0.00010666666666666667,0.012597333333333334,0.0026826666666666665,2.6666666666666667e-05,0.0018026666666666666,0.0018346666666666667,0.026826666666666665,0.57236799999999999
5096911126,0.076229946524064174,0.055898395721925134,0.23240641711229945,0.097272727272727275,0.0091764705882352946,0.00084491978609625674,0.041925133689839571,0.023085561497326202,0.015711229946524064,0.28117112299465241,0.16627807486631016
5096911638,0.10179733333333334,0.27601066666666668,0.32415466666666665,0.12858666666666665,0.11901333333333333,0.0038773333333333333,0.0067466666666666664,0.00064000000000000005,0.0022453333333333331,0.024789333333333333,0.012138666666666667
5096911950,0.11050666666666667,0.14834666666666665,0.30471466666666669,0.28010133333333331,0.028938666666666668,5.3333333333333333e-05,0.007077333333333333,0.011429333333333333,0.00024533333333333335,0.101712,0.0068746666666666669
5096912250,0.064858666666666662,0.038517333333333334,0.226544,0.032026666666666669,0.012517333333333333,0.28024533333333335,0.0040480000000000004,0.013781333333333333,0.25997866666666669,0.010442666666666666,0.05704
5096913262,0.26702399999999998,0.011573333333333333,0.53760533333333338,0.012368000000000001,0.012069333333333333,0.00028800000000000001,0.00088000000000000003,0.0091093333333333339,0.00075199999999999996,0.0052160000000000002,0.14311466666666667
5096961666,0.049610666666666664,0.14735466666666666,0.27499733333333332,0.201376,0.0031413333333333332,0,0.049104000000000002,0.0026613333333333333,0.016389333333333332,0.25489600000000001,0.00046933333333333332
5213996871,0.1122846975088968,0.0005195729537366548,0.28718861209964414,0.0099715302491103202,0.12481138790035587,0.20575800711743772,0.068398576512455511,0.00093950177935943065,0.12945907473309609,0.026661921708185054,0.034007117437722417
5213999239,0.018761565836298934,0.0007758007117437722,0.18312455516014234,0.0033736654804270463,0.010540925266903915,0.59490391459074732,0.0014804270462633452,0.0018505338078291815,0.010199288256227759,0.0077793594306049818,0.16720996441281138
5214586746,0.1753167259786477,2.1352313167259786e-05,0.17779359430604982,0.0015587188612099644,0.083935943060498217,0.28232028469750892,0.024505338078291816,0.0014519572953736654,0.20374377224199289,0.01092526690391459,0.038427046263345192
5214588478,0.45608540925266905,0.0077295373665480427,0.098320284697508892,0.033886120996441282,0.14785765124555161,0.07240569395017793,0.027380782918149466,0.013473309608540925,0.041879003558718861,0.050676156583629894,0.050306049822064054
521677044,0.14677333333333334,0.60459733333333332,0.126688,0.035776000000000002,0.016559999999999998,0.0043093333333333334,0.015562666666666667,0.0051893333333333331,0.016714666666666666,0.02264,0.0051893333333333331
521704275,0.035471999999999997,0.80612266666666665,0.10230933333333334,0.019306666666666666,0.011904,0.001712,0.0065653333333333336,0.0022079999999999999,0.0042826666666666664,0.006672,0.0034453333333333332
539919028,0.19242133333333333,0.071487999999999996,0.047472,0.43819200000000003,0.027168000000000001,0.00081066666666666668,0.0013226666666666667,0.010245333333333334,0.0031466666666666665,0.20766399999999999,6.9333333333333329e-05
539942956,0.23262933333333333,0.20016533333333333,0.10095466666666666,0.20856,0.074688000000000004,2.6666666666666667e-05,0.030218666666666668,0.019973333333333333,0.0036480000000000002,0.12665599999999999,0.00248
539949700,0.34839466666666669,0,0,0.480576,0,0,0,0,0,0.17102933333333334,0
539953748,0.21319466666666667,0,0,0.52259199999999995,0,0,0,0,0,0.26421333333333336,0
539957148,0.095888000000000001,0,0,0.51871466666666666,0,0,0,0,0,0.38539733333333331,0
539961584,0.00048000000000000001,0,0,0.88075199999999998,0,0,0,0,0,0.118768,0
539966422,0.37729600000000002,0,0,0.45179733333333333,0,0,0,0,0,0.17090666666666668,0
540039267,0.152336,0.10893333333333333,0.10591466666666667,0.48117333333333334,0.036735999999999998,0.00042133333333333335,0.0041813333333333329,0.01112,0.0058986666666666666,0.09140266666666666,0.0018826666666666666
540047657,0.13703466666666667,0.10522133333333333,0.068143999999999996,0.55036266666666667,0.051423999999999997,0.00049600000000000002,0.0097333333333333334,0.013077333333333333,0.0032000000000000002,0.060245333333333331,0.0010613333333333334
540057601,0.18008533333333332,0.36187733333333333,0.047455999999999998,0.18632533333333334,0.012912,0.0040853333333333332,0.022341333333333335,0.027424,0.010330666666666667,0.14323733333333333,0.0039253333333333336
540082147,0.20317333333333334,0,0,0.44503466666666669,0,0,0,0,0,0.35179199999999999,0
5440309453,0.098400000000000001,0.40067199999999997,0.18284266666666665,0.12415466666666666,0.0093813333333333335,1.5999999999999999e-05,0.13759466666666667,0.010016000000000001,0.010762666666666667,0.025551999999999998,0.00060800000000000003
5440912328,0.053594666666666665,0.61403200000000002,0.075402666666666673,0.090176000000000006,0.066186666666666671,1.0666666666666667e-05,0.078256000000000006,0.011797333333333333,0.0014773333333333333,0.0087840000000000001,0.00028266666666666669
5440913032,0.111152,0.42066133333333333,0.111264,0.18759999999999999,0.020186666666666665,0,0.11576,0.011589333333333333,0.0027680000000000001,0.018517333333333334,0.00050133333333333334
5440914078,0.104224,0.15163733333333335,0.33003199999999999,0.10509333333333333,0.0042719999999999998,0,0.22397866666666666,0.0094879999999999999,0.031573333333333335,0.039696000000000002,5.3333333333333337e-06
5440915396,0.088666666666666671,0.20846933333333334,0.10428800000000001,0.21522666666666668,0.003264,0.00013333333333333334,0.098757333333333336,0.17743999999999999,0.024591999999999999,0.078901333333333337,0.00026133333333333331
5497682231,0.016747330960854092,0.0019217081850533809,0.38240569395017793,0.0051174377224199284,0.032000000000000001,0.0066120996441281134,0.00099644128113879002,0.00041992882562277579,0.043565836298932382,0.070768683274021346,0.43944483985765126
5497684833,0.0089110320284697501,0,0.30593594306049821,0,0.00012811387900355873,0.12419217081850534,2.1352313167259786e-05,0,0.14088256227758006,0.011437722419928825,0.40849110320284698
5497692837,0.29088256227758008,0.068099644128113881,0.1733167259786477,0.021338078291814947,0.13488256227758008,0.0040782918149466192,0.000398576512455516,0.0005053380782918149,0.001103202846975089,0.072654804270462628,0.23274021352313168
5497694405,0.20058362989323844,0.084370106761565838,0.40866192170818505,0.064113879003558721,0.079758007117437718,0.020249110320284699,0.0013879003558718861,0.012405693950177935,0.020512455516014234,0.093010676156583635,0.01494661921708185
5497694809,0.19027046263345196,0.42634875444839859,0.19879003558718861,0.054740213523131673,0.077807829181494662,0.0014092526690391459,0.00075444839857651241,0.00082562277580071179,0.00042704626334519574,0.011366548042704627,0.037259786476868326
5498276900,0.16274021352313167,2.8469750889679714e-05,0.25293950177935942,0.0200711743772242,0.46451245551601422,1.4234875444839857e-05,0.00022064056939501779,0.00044839857651245553,0.0017295373665480427,0.013373665480427047,0.083921708185053387
5498277400,0.1835017793594306,0.28891103202846974,0.19546619217081851,0.0763202846975089,0.17446975088967973,0.014754448398576512,0.0047758007117437726,0.0050391459074733093,0.002697508896797153,0.018298932384341635,0.035765124555160142
5498278912,0.2323202846975089,0.00032028469750889678,0.23165124555160144,0.025644128113879002,0.067985765124555161,0.00026334519572953735,1.4234875444839857e-05,0.0022277580071174375,0.00074733096085409251,0.11685409252669039,0.32197153024911029
5498283136,0.050327402135231319,0.0015444839857651246,0.28192170818505335,0.0078647686832740218,0.076896797153024915,0.013245551601423487,0.00097508896797153023,9.2526690391459077e-05,0.013359430604982207,0.030256227758007119,0.52351601423487548
5498285846,0.15479715302491104,0.046491103202846974,0.15681138790035587,0.035992882562277582,0.22730960854092527,0.0013523131672597865,0.00049822064056939501,0.0023274021352313167,0.0021708185053380784,0.14526690391459074,0.22698220640569394
5498286750,0.26070462633451957,0.00013523131672597865,0.17301067615658364,0.020640569395017794,0.13577224199288257,0.00051245551601423491,0.00064056939501779355,0.00040569395017793595,0.00055516014234875449,0.067323843416370113,0.34029893238434161
5511266188,0.12678696741854636,0.31552380952380954,0.050255639097744359,0.032030075187969922,0.46639097744360902,1.0025062656641604e-05,3.5087719298245611e-05,0.0029022556390977442,0.0003057644110275689,0.0042857142857142859,0.0014736842105263158
5592805263,0.04648,0,0.51133333333333331,0.0043093333333333334,0.00030933333333333334,0.057743999999999997,0.23920533333333333,0.005450666666666667,0.12805333333333332,0.0035893333333333333,0.0035253333333333334
5593396850,0.036565333333333332,0.13669866666666666,0.38883733333333331,0.10133866666666666,0.032709333333333333,0.0038293333333333335,0.140624,0.015674666666666667,0.09400533333333333,0.049269333333333332,0.00044799999999999999
5593397926,0.050032,0.21171200000000001,0.32459199999999999,0.13533866666666666,0.056655999999999998,0.0014826666666666666,0.11099199999999999,0.020597333333333332,0.063296000000000005,0.025215999999999999,8.5333333333333339e-05
5593399034,0.030960000000000001,0.11337066666666666,0.50122666666666671,0.056351999999999999,0.00072533333333333336,0.0061653333333333334,0.20873066666666668,0.011242666666666666,0.048906666666666668,0.018655999999999999,0.0036640000000000002
5669701655,0.29547747747747749,0,0,0.53330330330330333,0,0,0,0,0,0.17121921921921923,0
5669720195,0.12763963963963965,0.015975975975975977,0.29494894894894896,0.017207207207207208,0.24905705705705705,0.037615615615615619,0.032582582582582585,0.0049669669669669672,0.013885885885885886,0.080288288288288281,0.12583183183183183
5669721997,0.0058558558558558559,3.0030030030030029e-05,0.38751351351351354,0.027123123123123122,0.0025825825825825824,1.2012012012012012e-05,0.010396396396396397,0.31064864864864866,0.068570570570570574,0.17530330330330329,0.011963963963963964
5669723349,0.00092492492492492488,0.00016216216216216215,0.13178378378378378,0.0024324324324324323,0.00040240240240240242,0.00039639639639639637,0.019975975975975977,0.23557957957957959,0.18885885885885886,0.41860660660660659,0.00087687687687687684
5669726671,0.38954954954954957,0.027933933933933935,0.19569369369369369,0.014294294294294295,0.0043243243243243244,0.16708708708708708,0.0028408408408408408,0.00058258258258258254,0.16135135135135134,0.01424024024024024,0.022102102102102103
5670274044,0.41756756756756758,0,0,0.57948348348348344,0,0,0,0,0,0.0029489489489489488,0
5670279820,0.25585585585585585,0,0,0.41420420420420423,0,0,0,0,0,0.32993993993993992,0
5670288938,0.0042702702702702702,0.0002942942942942943,0.43684084084084085,0.0081441441441441435,0.0035975975975975974,0,0.0060780780780780785,0.19141741741741741,0.0603003003003003,0.16643843843843845,0.12261861861861861
5670289852,0.0018018018018018018,0.021207207207207208,0.46383183183183185,0.049009009009009008,0.0227987987987988,0.0055135135135135132,0.0034234234234234236,0.08575975975975976,0.0035855855855855857,0.089525525525525521,0.25354354354354353
5670291784,0.0025045045045045044,0.0018138138138138139,0.38524924924924925,0.015003003003003003,0.0026126126126126128,0,0.0077297297297297301,0.16233033033033034,0.092264264264264262,0.32980780780780783,0.00068468468468468467
5670292258,0.0034114114114114115,0.0028288288288288287,0.3198258258258258,0.006066066066066066,0.013123123123123123,0.037609609609609608,0.0043003003003003002,0.30455855855855857,0.055327327327327327,0.022960960960960963,0.229987987987988
5670294902,0.13569369369369369,0.00060060060060060057,0.51275075075075072,0.18661261261261261,0.028750750750750752,0.00071471471471471469,0.050546546546546549,0.00017417417417417416,0.0025225225225225223,0.078420420420420425,0.0032132132132132131
5670296210,0.0063063063063063061,0,0.58827027027027023,0.032144144144144148,0.011945945945945946,0,0.00048048048048048047,0.35113513513513511,1.8018018018018019e-05,0,0.0096996996996997001
5670296752,0.16393993993993994,0.013081081081081081,0.24018018018018017,0.013801801801801801,0.049417417417417418,0.2935015015015015,0.012762762762762763,0.0016156156156156157,0.058918918918918921,0.028114114114114113,0.12466666666666666
5670297892,0.10402402402402403,0.0011051051051051051,0.1422942942942943,0.011927927927927929,0.0011951951951951951,0.428984984984985,0.12535735735735737,0.00060060060060060057,0.15986186186186185,0.015363363363363363,0.0092852852852852857
6158583485,0.20994133333333334,0.015706666666666667,0.14300266666666667,0.39756799999999998,0.046250666666666669,5.3333333333333333e-05,0.032143999999999999,0.0028533333333333332,0.00059733333333333329,0.13393066666666667,0.017951999999999999
6158593295,0.48109333333333332,0.018277333333333333,0.12030933333333334,0.13473066666666667,0.053215999999999999,2.6666666666666667e-05,0.035765333333333336,0.00077333333333333334,0.00042666666666666667,0.120976,0.034405333333333336
6158664041,0.04293333333333333,0.0012053333333333334,0.23489066666666666,0.053461333333333333,0.0020266666666666666,0.0090026666666666675,0.41143466666666667,0.0079146666666666671,0.21617600000000001,0.016266666666666665,0.0046880000000000003
6158674487,0.0064479999999999997,0,0.35904000000000003,0.002032,0,0.0012693333333333333,0.51498133333333329,0.00054933333333333331,0.11557866666666666,0.00010133333333333333,0
6158683895,4.0404040404040404e-06,0,0.0045333333333333337,0,0,0.21843636363636362,0.013967676767676768,4.0404040404040404e-06,0.76305454545454543,0,0
6158689283,0.35179733333333335,0.0019840000000000001,0.17747733333333332,0.16264000000000001,0.002176,0.0033333333333333335,0.00016533333333333333,0.0043573333333333337,0.110336,0.18572266666666667,1.0666666666666667e-05
6158694333,0.13357333333333332,0.0031679999999999998,0.055328000000000002,0.036549333333333336,0.0029759999999999999,0.091135999999999995,0.22752,0.00055466666666666663,0.38237866666666664,0.066687999999999997,0.00012799999999999999
6158794323,0.10856,0.0010986666666666666,0.037045333333333333,0.82556799999999997,0.0015893333333333334,0,0.025717333333333332,0.00030400000000000002,1.5999999999999999e-05,0.00010133333333333333,0
6158816565,0.010405333333333334,0.0013173333333333333,0.081935999999999995,0.12186666666666666,3.1999999999999999e-05,0.03514133333333333,0.25085333333333332,0.0051679999999999999,0.38511466666666666,0.092490666666666665,0.015674666666666667
6158828361,0.070933333333333334,0.16670933333333332,0.21653333333333333,0.51107733333333338,0.00088000000000000003,1.0666666666666667e-05,1.0666666666666667e-05,0.013296000000000001,0.017951999999999999,0.0025920000000000001,5.3333333333333337e-06
6159142818,0.57876799999999995,0.0046239999999999996,0.15543466666666667,0.050335999999999999,0.05506133333333333,2.1333333333333335e-05,0.094528000000000001,0.00068266666666666671,0.0053493333333333335,0.029242666666666667,0.025951999999999999
6159240676,0.012368000000000001,0.00013866666666666666,0.018138666666666668,0.039002666666666665,0.00064533333333333337,0,0.91710933333333333,0.00011733333333333333,0.012426666666666667,5.3333333333333333e-05,0
6159297676,0.33218666666666669,0.037296000000000003,0.24760533333333334,0.18545066666666668,0.072933333333333336,0,0,3.7333333333333331e-05,0,0.021546666666666665,0.10294399999999999
6159319674,0.081829333333333337,0.018202666666666666,0.075333333333333335,0.22656000000000001,0.17692266666666667,5.8666666666666665e-05,0.00040000000000000002,0.00013333333333333334,0.00010133333333333333,0.273312,0.14714666666666668
6159329428,0.12610666666666667,0.0017813333333333333,0.19809599999999999,0.39150400000000002,0.00045333333333333331,0,0.25221866666666665,0.00025599999999999999,0.029007999999999999,0.00057600000000000001,0
6246445413,0.20592533333333332,0.042442666666666663,0.137568,0.21096000000000001,0.18983466666666668,0.00016000000000000001,0.0020106666666666667,0.011338666666666667,0.00074666666666666664,0.13173333333333334,0.067280000000000006
6246446035,0.31467200000000001,0.0013333333333333333,0.093264,0.049738666666666667,0.52671466666666666,0.00054933333333333331,8.0000000000000007e-05,0.0030240000000000002,8.5333333333333339e-05,0.0023466666666666666,0.0081919999999999996
6247663849,0.374608,0.073562666666666665,0.089791999999999997,0.050479999999999997,0.14716266666666666,0.00018666666666666666,0.0022880000000000001,0.012624,0.0012106666666666667,0.22672533333333333,0.021360000000000001
6247664455,0.27334399999999998,0.07066133333333334,0.21256,0.092373333333333335,0.17781333333333332,0.00065600000000000001,0.0074666666666666666,0.034005333333333332,0.009776,0.067690666666666663,0.053653333333333331
6247664891,0.043200000000000002,0.079023999999999997,0.22320000000000001,0.50924266666666662,0.054933333333333334,0.0067999999999999996,0.021210666666666666,0.027653333333333332,0.0085653333333333328,0.010352,0.015818666666666668
6247665303,0.13422933333333334,0.0075946666666666671,0.30520000000000003,0.0092426666666666664,0.037818666666666667,0.002496,0.0027413333333333335,0.0037919999999999998,0.0022720000000000001,0.014432,0.48018133333333335
6247665743,0.023514666666666666,1.5999999999999999e-05,0.25881066666666669,0.0049066666666666668,0.015493333333333333,0.031349333333333333,0.0046880000000000003,0.0015093333333333332,0.027727999999999999,0.0030293333333333335,0.62895466666666666
6247666257,0.0065279999999999999,0,0.58929066666666663,0.000112,0.041178666666666669,0.0039093333333333332,1.5999999999999999e-05,2.6666666666666667e-05,0.010944000000000001,0.0019253333333333334,0.34606933333333334
6247666671,0.05597866666666667,0.0019946666666666667,0.095434666666666668,0.0010453333333333332,0.037583999999999999,0.013984,0.00043733333333333336,0.00018133333333333334,0.012463999999999999,0.040762666666666669,0.74013333333333331
6247672919,0.145424,0.0075306666666666664,0.52228799999999997,0.055440000000000003,0.14090666666666668,0.020496,0.017210666666666666,0.008613333333333334,0.0019466666666666666,0.0034880000000000002,0.076656000000000002
6248175984,0.036037333333333331,0.17864533333333332,0.15470400000000001,0.044672000000000003,0.064165333333333338,0.00058666666666666665,0.0011839999999999999,0.0060533333333333333,0.00020799999999999999,0.061925333333333332,0.45181866666666665
6248176432,0.075866666666666666,0.00025066666666666667,0.30779200000000001,0.12998933333333335,0.013322666666666667,0.12746133333333334,0.028426666666666666,0.00098133333333333341,0.12049600000000001,0.17207466666666665,0.023338666666666667
6248177408,0.27511999999999998,0.049168000000000003,0.16549866666666666,0.16871466666666668,0.135712,0.0016373333333333333,0.0071466666666666666,0.015424,0.0022826666666666668,0.13642133333333334,0.042874666666666665
6248193324,0.03200533333333333,0.101648,0.24129066666666665,0.054783999999999999,0.030949333333333332,0.0082453333333333337,0.014117333333333334,0.0076053333333333337,0.0043466666666666671,0.10159466666666667,0.40341333333333335
6248193828,0.21183466666666667,0.0051999999999999998,0.094154666666666664,0.016234666666666668,0.053189333333333332,0.00012266666666666668,0.00048000000000000001,0.00092800000000000001,8.0000000000000007e-05,0.061797333333333336,0.55597866666666662
6263799451,0.07326708074534162,0.017084886128364389,0.06989233954451346,0.051478260869565216,0.70115527950310563,0.0011014492753623189,6.2111801242236027e-05,0.00041407867494824016,0.00042650103519668739,0.029138716356107659,0.055979296066252585
6602678237,0.33256939501779359,0.0059857651245551601,0.31566548042704629,0.01104626334519573,0.0139644128113879,0.0067259786476868326,0.035316725978647684,0.21900355871886121,0.047416370106761564,0.010761565836298932,0.0015444839857651246
6602680623,0.18507831325301205,0.00066867469879518075,0.24969879518072288,0.020090361445783134,0.012397590361445783,0.00672289156626506,0.099367469879518069,0.25792168674698795,0.12972289156626507,0.021259036144578313,0.017072289156626504
6602682907,0.1855421686746988,0.0098855421686746981,0.20305421686746988,0.022054216867469879,0.029433734939759038,0.003686746987951807,0.079018072289156624,0.3139578313253012,0.092825301204819272,0.044024096385542166,0.016518072289156627
6991343152,0.21733,0.090550000000000005,0.123435,0.045425,0.40976000000000001,0.001645,0.00029999999999999997,0.0042399999999999998,0.0030300000000000001,0.088730000000000003,0.015554999999999999
7201319212,0.71951351351351356,0.14236036036036037,0.043699699699699703,0.0038858858858858859,0.057831831831831833,0.0078078078078078076,0.0012792792792792793,0.0028528528528528529,0.0024744744744744744,0.0030570570570570572,0.015237237237237237
7201320344,0.3008228228228228,0.046636636636636634,0.044582582582582582,0.24315315315315314,0.011183183183183183,0.11772372372372372,0.0072072072072072073,0.0057537537537537533,0.093969969969969966,0.12857057057057056,0.00039639639639639637
7201321608,0.15396996996996998,0.76754354354354359,0.0097537537537537543,0.045753753753753755,0.021225225225225224,0,6.006006006006006e-06,0.00070870870870870875,5.4054054054054054e-05,0.00098498498498498501,0
7201322828,0.650006006006006,0.085177177177177182,0.0083123123123123119,0.16311111111111112,0.032288288288288287,6.006006006006006e-06,0.00039639639639639637,0.0037237237237237237,0.00043243243243243243,0.056456456456456458,9.0090090090090091e-05
7201326520,0.41901501501501504,0.3353693693693694,0.019903903903903904,0.05924924924924925,0.05714114114114114,0.0020840840840840842,0.014816816816816817,0.011063063063063063,0.0022342342342342343,0.069711711711711713,0.0094114114114114116
7201332494,0.23874474474474475,0.0025345345345345344,0.44003003003003005,0.0043543543543543544,0.018420420420420421,0.084192192192192192,0.00016816816816816817,0.002048048048048048,0.18005405405405406,1.2012012012012012e-05,0.029441441441441441
7201337188,0.38442042042042041,0.0093933933933933941,0.21033033033033033,0.090480480480480477,0.11002402402402403,0.0028708708708708708,0.0017597597597597597,0.00097297297297297292,0.0065165165165165162,0.13329729729729731,0.049933933933933937
7201338836,0.38018618618618616,0.11292492492492492,0.098438438438438441,0.19531531531531532,0.0661021021021021,0.00560960960960961,0.0043723723723723728,0.0092552552552552549,0.018852852852852854,0.063327327327327321,0.045615615615615612
7201340360,0.35922522522522521,0.042624624624624623,0.0086006006006006004,0.18532732732732732,0.045963963963963961,0.0012612612612612612,0.0012132132132132132,0.0013993993993993994,0.0080000000000000002,0.30756756756756759,0.03881681681681682
7201346064,0.41915915915915913,0.039375375375375374,0.032396396396396396,0.045273273273273275,0.25826426426426424,0.0010870870870870871,0.0045765765765765761,0.0042702702702702702,0.0017777777777777779,0.052426426426426427,0.14139339339339338
7201347740,0.2846906906906907,0.013651651651651652,0.066324324324324321,0.043867867867867866,0.54855255255255253,0.0079939939939939943,0.00039639639639639637,0.0041021021021021018,0.0047567567567567571,0.024894894894894895,0.00076876876876876877
7201349046,0.6763603603603604,0.009069069069069069,0.061309309309309307,0.0763003003003003,0.06794594594594594,0.0019879879879879879,0.0029369369369369371,0.0045165165165165161,0.0056516516516516516,0.093465465465465469,0.00045645645645645645
7201351082,0.38578978978978978,0.0044024024024024028,0.12514714714714714,0.076018018018018024,0.13144744744744744,0.053735735735735736,0.055897897897897897,0.0030990990990990993,0.063669669669669665,0.086054054054054058,0.014738738738738738
7201353582,0.53021621621621617,0.048492492492492489,0.14383783783783785,0.047927927927927931,0.045039039039039039,0.0001021021021021021,0.11602402402402402,0.033087087087087089,0.031759759759759761,0.0024984984984984986,0.001015015015015015
7201355302,0.35494894894894896,0.034666666666666665,0.081051051051051051,0.16236036036036036,0.32542942942942943,0.0014294294294294294,0.002,0.0019519519519519519,0.0034114114114114115,0.010186186186186186,0.022564564564564564
7721568510,0.113565,0.33877499999999999,0.18826000000000001,0.212815,0.10727,0.00108,0.01489,0.0038800000000000002,0.0098449999999999996,0.0080999999999999996,0.0015200000000000001
7721575202,0.15723000000000001,0.0023800000000000002,0.024840000000000001,0.39479999999999998,0.161495,1.0000000000000001e-05,6.0000000000000002e-05,6.4999999999999994e-05,0,0.25661499999999998,0.0025049999999999998
7756471602,0.087237237237237239,0.0015435435435435436,0.39362162162162162,0.10767567567567568,0.042468468468468468,0.00091891891891891894,0.030768768768768769,0.0014714714714714715,0.066972972972972972,0.26193993993993991,0.0053813813813813815
7756471780,0.1551951951951952,0.022108108108108107,0.16414414414414413,0.17381381381381381,0.032144144144144148,0.00018618618618618617,0.12828228228228228,0.0097717717717717718,0.063993993993993997,0.24028228228228229,0.010078078078078078
7756472070,0.11813813813813814,0.25884084084084086,0.30999399399399402,0.18956756756756757,0.051921921921921924,0.0036576576576576579,0.031135135135135134,0.0049249249249249246,0.0072312312312312315,0.020048048048048047,0.0045405405405405403
7756472312,0.080575999999999995,0.14280533333333334,0.41930666666666666,0.018943999999999999,0.0010026666666666667,0.026858666666666666,0.09746133333333333,0.0020533333333333332,0.20597333333333334,0.0025066666666666666,0.0025119999999999999
7756472496,0.073845333333333332,0.19206933333333334,0.40722133333333332,0.09012266666666667,0.024394666666666665,0.015744000000000001,0.097562666666666673,0.0046186666666666668,0.037925333333333332,0.04108266666666667,0.015413333333333333
7756472742,0.11379041916167665,0.11570658682634731,0.47533532934131739,0.0785748502994012,0.029844311377245508,0.017461077844311376,0.051335329341317362,0.0019700598802395212,0.028029940119760479,0.076628742514970066,0.011323353293413174
7756472964,0.09215615615615616,0.18206006006006006,0.23581981981981981,0.13063663663663663,0.018048048048048049,0.0029309309309309309,0.13102702702702704,0.0082342342342342344,0.070516516516516511,0.12445645645645646,0.0041141141141141143
8002084261,0.10873873873873874,0.17144144144144144,0.22057657657657659,0.056072072072072071,0.0090810810810810806,0.0086246246246246255,0.30634234234234237,0.016822822822822821,0.047489489489489486,0.050906906906906906,0.0039039039039039038
8002086484,0.097021021021021017,0.17428228228228229,0.27431231231231229,0.039459459459459459,0.0088408408408408405,0.0072732732732732732,0.21629429429429428,0.029441441441441441,0.10282282282282282,0.045039039039039039,0.0052132132132132131
8004818628,0.053345345345345345,0.28713513513513511,0.21524324324324323,0.01521921921921922,0.00059459459459459464,0.00072672672672672678,0.24675675675675676,0.072864864864864862,0.082726726726726721,0.024864864864864864,0.00052252252252252252
8004818726,0.0455015015015015,0.25166966966966969,0.22705105105105106,0.017867867867867867,0.00069069069069069072,0.00017417417417417416,0.26768768768768769,0.057051051051051051,0.11668468468468468,0.015531531531531532,9.0090090090090091e-05
8004818828,0.12077477477477477,0.16758558558558559,0.17112312312312311,0.021951951951951952,0.00018018018018018018,1.8018018018018019e-05,0.40526726726726725,0.075051051051051046,0.037417417417417415,0.00061261261261261267,1.8018018018018019e-05
8004818924,0.045711711711711712,0.29193993993993994,0.18686486486486487,0.023987987987987989,0.00060060060060060057,0.00073273273273273272,0.21667267267267268,0.1267987987987988,0.093165165165165167,0.012222222222222223,0.0013033033033033033
8016523691,0.28047447447447449,0.029189189189189189,0.16822222222222222,0.00030030030030030029,0.0051111111111111114,0.058930930930930929,0.088654654654654649,0.09425825825825826,0.25894894894894893,0.01024024024024024,0.00566966966966967
8016526044,0.26393993993993992,0.0058138138138138142,0.15220420420420419,0.0233993993993994,4.2042042042042043e-05,0.19151951951951951,0.10258858858858859,0.062750750750750747,0.18494294294294295,0.010726726726726726,0.0020720720720720722
8047179310,0.020688000000000002,0.036442666666666665,0.086176000000000003,0.023765333333333333,0.0016586666666666666,5.3333333333333333e-05,0.41856533333333334,0.07664,0.19750933333333334,0.13824,0.00026133333333333331
8047210671,0.142176,0.063290666666666662,0.019877333333333334,0.66345066666666663,0.023989333333333335,0.0026773333333333332,0.010607999999999999,0.032821333333333334,0.0010613333333333334,0.036058666666666669,0.0039893333333333334
8047212151,0.101648,0.43021333333333334,0.14635200000000001,0.068559999999999996,0.039754666666666667,0.0041386666666666664,0.152144,0.010021333333333333,0.019216,0.025013333333333332,0.0029386666666666667
8047217441,0.074645333333333327,0.036229333333333336,0.094944000000000001,0.067466666666666661,0.11058666666666667,0.00012266666666666668,0.24953600000000001,0.26278933333333332,0.028624,0.070800000000000002,0.0042560000000000002
8047217741,0.11372266666666667,0.097674666666666674,0.032896000000000002,0.5921386666666667,0.00010666666666666667,0.000272,0.021232000000000001,0.050416000000000002,7.4666666666666661e-05,0.091466666666666668,0
8047219317,0.25341333333333332,0.13731733333333335,0.19196266666666667,0.048021333333333333,0.022336000000000002,0.0089280000000000002,0.076042666666666661,0.080879999999999994,0.070474666666666672,0.11037333333333334,0.00025066666666666667
8047220044,0.67038399999999998,0.032287999999999997,0.046511999999999998,0.04722133333333333,0.048778666666666665,0.00012266666666666668,0.0079573333333333336,0.0074506666666666671,0.0005173333333333333,0.11367466666666666,0.025093333333333332
8047221032,0.14249600000000001,0.03336533333333333,0.06335466666666667,0.022965333333333334,0.14863999999999999,0.0010773333333333334,0.19690133333333334,0.27942933333333331,0.041680000000000002,0.064255999999999994,0.0058346666666666668
8047221157,0.032661333333333334,0,0.8239413333333333,0.0018986666666666668,0.0044213333333333335,0.001328,0.10269333333333333,0.0026186666666666667,0.028576000000000001,0,0.0018613333333333333
8047221324,0.065333333333333327,0.025861333333333333,0.012453333333333334,0.053482666666666664,0.24821333333333334,0,0.40953600000000001,0.15684266666666666,0.0057013333333333334,0.022575999999999999,0
8047222928,0.072186666666666663,0.023834666666666667,0.12157866666666667,0.17371200000000001,0.0054400000000000004,0.010437333333333333,0.14768533333333334,0.24352533333333334,0.066960000000000006,0.134464,0.000176
8047223406,0.08574933333333333,0.047104,0.053450666666666667,0.045168,0.062447999999999997,0,0.29028266666666669,0.21656533333333333,0.088042666666666672,0.11117866666666666,1.0666666666666667e-05
8047225142,0.0076106666666666666,0.056853333333333332,0.81842666666666664,0.004005333333333333,0.0016746666666666668,0.00062933333333333331,0.00082666666666666663,0.0020693333333333332,0.023792000000000001,0.075744000000000006,0.0083680000000000004
8047226158,0.064853333333333332,0,0.75315200000000004,0.0031946666666666668,0.0046186666666666668,0.0041173333333333331,0.12636266666666668,0.0063466666666666663,0.033168000000000003,1.5999999999999999e-05,0.0041706666666666663
8047226598,0.097973333333333329,0.016218666666666666,0.67499733333333334,0.0062506666666666665,0.00096000000000000002,0.0078560000000000001,0.17042133333333334,0.0045760000000000002,0.018159999999999999,0.0023466666666666666,0.00024000000000000001
8222473671,0.10899,0.12121999999999999,0.073980000000000004,0.13408500000000001,0.490485,0.001005,0.0056800000000000002,0.0018799999999999999,0.0023349999999999998,0.020944999999999998,0.039394999999999999
8223561412,0.16764588528678304,0.048608478802992516,0.057895261845386535,0.060004987531172067,0.57535162094763093,0.001915211970074813,0.0067381546134663338,0.0029276807980049874,0.0105785536159601,0.063880299251870318,0.0044538653366583544
8284227035,0.27562593516209477,0.029910224438902743,0.052039900249376561,0.44926683291770575,0.12638403990024938,0.007481296758104738,0.0017955112219451373,0.003740648379052369,0.027251870324189527,0.015062344139650873,0.011441396508728179
8639532518,0.020106666666666665,0.64592000000000005,1.5999999999999999e-05,0.00078399999999999997,0.33156266666666667,0,5.3333333333333337e-06,0.00071466666666666662,5.3333333333333337e-06,0.00086399999999999997,2.1333333333333335e-05
8810436449,0.22831095406360424,0.1052226148409894,0.13818374558303886,0.26349823321554772,0.097024734982332161,2.8268551236749116e-05,0.001547703180212014,0.0060141342756183745,7.0671378091872789e-06,0.15927208480565372,0.00089045936395759715
8810436711,0.1767279151943463,0.31937102473498236,0.19204946996466432,0.23072791519434629,0.016946996466431094,0.00076325088339222616,3.5335689045936397e-05,0.0083816254416961139,0.00022614840989399292,0.050784452296819785,0.0039858657243816258
8810437275,0.19879858657243815,0.012318021201413428,0.37465724381625443,0.28896819787985867,0.010162544169611307,3.5335689045936397e-05,0.0045583038869257946,0.026134275618374558,0.023215547703180212,0.041823321554770317,0.01932862190812721
8810438217,0.081265017667844525,0.00084805653710247353,0.34014134275618374,0.54561837455830386,0.015823321554770318,5.6537102473498231e-05,0,0.00030388692579505299,7.0671378091872789e-06,0.00053710247349823327,0.015399293286219081
8810440157,0.074586572438162538,0.45427561837455832,0.14823321554770319,0.21084805653710248,0.038402826855123674,0.011561837455830389,0.0040706713780918726,0.0054770318021201414,0.0019929328621908129,0.0023674911660777386,0.048183745583038867
8810440549,0.47107420494699648,0.17110954063604239,0.063257950530035342,0.13132862190812722,0.080226148409893991,0,0.00065017667844522971,0.0044240282685512368,0.00012014134275618375,0.052537102473498236,0.025272084805653711
8810440817,0.018190812720848056,0.015257950530035336,0.53520848056537107,0.1002190812720848,0.0036890459363957597,0.063575971731448758,0.046466431095406359,0.0015618374558303888,0.092946996466431092,0.11665724381625442,0.0062261484098939928
8821024424,0.21393639575971732,5.6537102473498231e-05,0.29197879858657244,0.015045936395759718,0.044939929328621911,0.13959010600706714,0.0039646643109540634,0.015491166077738516,0.2223886925795053,0.01176678445229682,0.040840989399293287
8821025202,0.16278445229681979,0.048954063604240282,0.44480565371024733,0.17269257950530034,0.008035335689045936,7.0671378091872789e-06,0.0045441696113074203,0.0088763250883392222,0.00013427561837455832,0.10081272084805654,0.048353356890459366
8821026606,0.12361837455830389,0.0030530035335689047,0.23263604240282684,0.48397173144876326,0.075908127208480572,2.8268551236749116e-05,0.00072791519434628981,0.00075618374558303889,0.0028339222614840991,0.045243816254416959,0.031222614840989399
8821027118,0.14245936395759717,0.00011307420494699646,0.57503180212014138,0.11915901060070672,0.073886925795053002,0,0.0012084805653710248,0.00045229681978798585,0.00069257950530035334,0.02337809187279152,0.063618374558303881
8821027502,0.38633215547703181,0.26945583038869259,0.11449469964664311,0.13456537102473498,0.045250883392226146,0.00073498233215547708,0.014063604240282685,0.004777385159010601,0.00062190812720848052,0.018742049469964665,0.01096113074204947
8821027922,0.12032508833922262,0.0208339222614841,0.1186713780918728,0.40648056537102473,0.22777385159010602,0,0.01127208480565371,0.021088339222614841,0.00013427561837455832,0.069526501766784446,0.0038939929328621909
8821028134,0.26539929328621908,2.1201413427561837e-05,0.24063604240282685,0.21657950530035336,0.0037950530035335689,7.0671378091872789e-06,0.0030459363957597175,0.0011024734982332156,0.039780918727915192,0.069031802120141345,0.16060070671378091
