2212300301,0.39247042746645361,0.37031564815957752,0.0024798063514034122,0.23076410021902821,0.20656802817791761,0.0011009062500106808,-0.066621678503550746,0.98312951774823987,-0.66574614393147813
2212302177,0.39816995349452561,0.29928223491788447,0.0026336748019993184,0.2322562937285241,0.16972164207873017,0.0010051371077210583,-0.15587882572941311,1.346227258896425,-0.90930775608023706
2212304635,0.38656338581873662,0.34231200991371152,0.0020115224605921057,0.29094006752285517,0.27646869554588582,0.0011229969474298065,0.46833791723711948,0.91553180042840532,-0.21020111605581077
2213092852,0.43471466077324938,0.22065866963609268,0.0018234799982351634,0.24862683250741965,0.2328033014594498,0.00085181890984353966,0.067147391095894349,1.8564135538872151,0.3758327101497167
2213093218,0.35693162446748961,0.25162687000315587,0.0025310237395868157,0.26042682138500767,0.28491165387496181,0.0014682939806437685,0.28586617360145866,1.0941222121946201,-0.52111000788627604
2214646871,0.37253729542150504,0.29203285161492287,0.0024241451339227825,0.27583791749888165,0.20814837875422679,0.00083098342513966,0.64437576608155267,1.0351144758389428,-0.3586164296990712
2215439862,0.21138654228417295,0.46268037038703341,0.0016668200845827038,0.21480425227818201,0.31980738232252426,0.0011856615891289203,2.0931122574612249,0.27150754605546695,0.44171658988122409
2216540933,0.20117812462973975,0.46647366041509375,0.0024639493938221264,0.1722325431902445,0.30448262517688934,0.0010606644212858901,2.1490689557679676,-0.24002652112069542,-0.13387057241087755
2216544555,0.25264802791542568,0.42861436242653272,0.0018306562296552568,0.23072484135888272,0.29512370514747605,0.0012303814806742047,1.0891970896083862,0.25299865637914459,0.1309371825992946
2217335676,0.38181691882031393,0.24075460312557159,0.0019319420576662449,0.24147401942028493,0.25664015051381528,0.0010420046853700017,0.26596516029239059,1.2245997019848414,0.008283707329680803
2257547988,0.45515820450798938,0.3156384662870827,0.0017081797830130012,0.22514190161704187,0.20485260907054173,0.0010108202792462691,-0.62727382527965059,1.3039662192562822,-0.28535130388670704
2258160457,0.3092447857008081,0.41420916043971029,0.0013223481020120421,0.18912038667728803,0.28904340824396252,0.00086004738623077226,1.1792909185455809,-0.017580835309454798,0.91856227531175916
2258171683,0.20247012931629965,0.46243284806933643,0.0013611584467512505,0.1208929108396159,0.2502915409199104,0.00061889501559350506,3.199013550287781,-0.017769008863661749,1.2075262471927846
2258177045,0.29563052160605313,0.43568101251867336,0.0011632317826476453,0.18120042280968615,0.23276695447080187,0.00045987395002214778,1.5237054471146483,-0.072957153269448682,1.7255272797551051
2258183835,0.20950443578183581,0.5884970537027604,0.0011354024862232149,0.13152661172425925,0.19943380740991692,0.00051153556514849086,3.3382522525477389,-1.1191512714501466,3.1904647815812495
2423863366,0.58252841570362723,0.38112861747269844,0.0021733638856849509,0.29191101415162002,0.31194472006241192,0.00058828314149649756,-0.80115047232430403,0.19964401729461001,-0.27744574550423773
2423864888,0.50870489734851954,0.40755474442357614,0.0023279336870433197,0.26551019264540066,0.23310758565147219,0.00072136793346332128,-0.65228269899992097,-0.069833782130357444,-0.92731813750862579
2440618445,0.63558554177730919,0.13991144297669555,0.0019579443803662273,0.30948040406752464,0.091168515035770337,0.00099713849769092347,-1.0604108280303355,1.024619037769996,0.89078737449076906
2440618667,0.54193048314046322,0.3391025485267099,0.0019596764731513411,0.35878621170809066,0.27652996025278576,0.00082604832974549091,-0.20371681337548128,0.66172988080025541,-0.10601746801542326
2441447770,0.50240152424734486,0.12504796702156673,0.0020783273715232913,0.31514208842607438,0.11559324314508679,0.0013761144176417993,-0.43854603560526495,1.448260496441184,0.097719977305033581
2441448298,0.7118453338926537,0.1116795042975697,0.0019773294989106375,0.31159122098059827,0.048784980167455048,0.00052369294934470297,-1.5101376795734147,1.9752323944792172,-0.047863234972371854
2441448480,0.53285949111033515,0.12342375102196304,0.0015033681199538283,0.33846901998424717,0.11070105681293173,0.000639822151352269,-0.48555539321532271,3.5074571802745034,0.45718743429726622
2450161544,0.50327356154412606,0.4476241863959638,0.0024292347866204816,0.27879051758303963,0.31843875776358732,0.00074213060821291257,-0.55784928100319442,-0.023662890862551217,-0.90508591450045295
2450162628,0.53932091083645506,0.31653602870604652,0.0024174097552223861,0.19364904605156991,0.20147349546652252,0.0013263610840731053,-1.3292729891676183,0.69268745590344361,-0.46758681031415628
2450216244,0.32115002895265032,0.24394134642429074,0.0021729497680378837,0.31382690673534386,0.15888686314728323,0.00065278415624095561,0.9726348532342558,0.88067172543798256,-0.60343777017543365
2456918469,0.58570174759322258,0.11397689074338298,0.0022636361194411712,0.36710003300754662,0.089845554405276862,0.00067639866711511503,-0.66920028266728226,4.1780045149797305,-0.92800520532270125
2456918629,0.53039087307027721,0.22037803978903614,0.0022059721440469849,0.20739416048281872,0.16689393812559172,0.00089781705043213218,-1.2779052967626647,1.0108000486827025,0.52980218131927248
2457745660,0.3679455309142533,0.36944925012820035,0.0024867523567857802,0.24150130291778599,0.22610944602242991,0.00098454162036199877,0.64138390252957278,-0.13475612962951977,-0.42539997735867185
2457745846,0.41067501292037545,0.21635647240632516,0.002137480169165683,0.36653392164694859,0.25274971520477885,0.00076948554689663115,0.27114613632577544,1.7362015769633872,-0.7136647597130874
2457746116,0.57115068300154148,0.099858335829092662,0.003107006925541232,0.22221830785679061,0.073981296393225454,0.00059974321273490632,-1.0519212417085795,1.9990382794627934,-0.71128533266911176
2477058053,0.44117088143932648,0.33349217880033233,0.0024878102410943043,0.20204010024251878,0.2075223332318635,0.0010175362120401312,-0.34851861998784256,0.0079098024576477379,-0.59321321846922526
2477060887,0.32967674970908017,0.1926148085443545,0.0020931665691066611,0.22984023544148555,0.26225573945168523,0.00099561981027714149,0.63649220764929915,1.3696722693321373,-0.73016319678793529
2477062839,0.30770216711811588,0.15348331420479899,0.0023689656441557923,0.2169171625098591,0.096049227109742369,0.0010605085476324742,0.28600455792106583,2.3232453592445772,-0.80640755096892447
2477871254,0.3384746976247423,0.16794807833661746,0.0019130413458441067,0.25170348922249336,0.23315927740933554,0.00092870049344203026,0.35753725645916545,1.6403159991301679,-0.4046438297881586
2477871906,0.36840618453124274,0.22991919354483345,0.0024426419691604591,0.246265551502199,0.24245148494627278,0.0010550446633225186,0.43350381594214704,1.0831473814426795,-0.67430201972800441
2477873668,0.22059205487946626,0.14022223205351847,0.0022022611815967963,0.23125997278103233,0.14734174888467111,0.0010906216854271319,1.7712514590100754,2.1272851428073087,-0.34406992618849819
2478873975,0.36284622479119716,0.12254333518840739,0.0020725684489481368,0.21876245802920252,0.10758357656195618,0.00085904626112670243,0.11553057523197947,1.5610152784941049,-0.41876568724945634
2478874181,0.42052570995051364,0.19209464933289996,0.0027151804585772779,0.19820998788746463,0.10455958858337738,0.00083060547452194972,-0.51121986781895434,1.6672979547009261,-0.29356621717719972
2478925841,0.29646506387434207,0.18937986296087511,0.002165572707371017,0.18365084160390854,0.15993937597384472,0.00089779185952305548,0.63798639121366241,1.1301956880350734,-0.086036808414090934
2479686758,0.37240899016565665,0.20066620412565603,0.0024689785979753677,0.22839959901848039,0.10372611290276466,0.0010762519634805461,-0.17179209576192656,2.1166489604573444,-0.66826140307521709
2479688606,0.48441632675298313,0.08924895227946851,0.0027929242568180044,0.15349846860947,0.099002056680411635,0.00088894233088075627,-1.2914871546593203,4.9078683507253595,-1.6796906088020429
2479738318,0.46075403360905343,0.13890879776734885,0.0025431322240139936,0.19097908789511553,0.10951770432039828,0.0012582737432708798,-0.92991262610797554,2.0241953959244667,-0.49152312247559826
2479738524,0.42234596513654454,0.24979039317826565,0.0022228034724458947,0.13679359019104625,0.12189308824549132,0.00085691086052749334,-1.1399424269896388,1.3585449974661472,-0.52544765713793162
2479739062,0.31248549542514725,0.1998018331465983,0.0026613081763112254,0.22149304025340377,0.13981114521162372,0.0010350718831921787,0.54586146965667748,0.92156628384407779,-0.45570473028024705
2479739604,0.33868622494484346,0.11071557389763614,0.0023240296891092922,0.26813962868346303,0.14036888747213269,0.0014443900798914062,-0.12613358591406174,1.7576989307652588,-0.081022659643975953
2598486281,0.46109787710799416,0.3269208082174419,0.0024428399743683547,0.26028784778712244,0.19445274937517393,0.0013535515909543752,-0.43576424531021118,0.52768062840953511,-0.1730753273332441
2598688979,0.35837050231428685,0.13023479308804048,0.0028983181104966483,0.2163573796257037,0.128622668251693,0.0013110021959516014,0.0036818734500597495,2.4467014601958246,-0.87050188534150841
2598690365,0.3508800890149375,0.14395263344871803,0.0035063720698762044,0.21464288700081521,0.11594076801311867,0.00097354953593081989,-0.074923910724951831,1.6169577320370654,-2.5088497069628306
2598705467,0.38107850747208744,0.18372650720003803,0.0030490638273782595,0.22548563443848621,0.17025916840980962,0.0010619465309875606,0.15635021431075935,2.0074456705901471,-1.0875976870966726
2598708251,0.35479043302715085,0.15432597193863967,0.0032280073383637647,0.24727778791221333,0.17182937432235545,0.00095837920326138492,0.2770189641460219,1.7307439276654681,-1.3274882125719942
2598709673,0.37528232479626017,0.1174783969203481,0.0033178848975835085,0.17451309150215003,0.10998999315097972,0.0010421349146103468,-0.0081036682380631973,2.2778232303792567,-1.6389361817092425
2599306614,0.40716909377726695,0.26569524951414231,0.0027211435191590006,0.23138566018396522,0.26768886502443878,0.00066804017145919456,-0.24095489597583708,0.40477245559286967,-2.0020927562462516
2599308690,0.43686505774119611,0.28473490581767469,0.0026692684147121629,0.23105855531571592,0.25514812583124391,0.00078701869048306548,-0.46715083566228011,0.35004808623908196,-1.2542286152890036
2599310734,0.40647168959123903,0.27731914243258049,0.0027713660079455101,0.25377444680735439,0.24314329428843148,0.00082572955158955385,-0.17283334111854071,0.43968391364400311,-1.2327384569040396
2599312272,0.42581686198672808,0.24407654554813898,0.0017472875150581885,0.25525554578429516,0.17905917384506939,0.0011844939332812286,-0.21843675453191408,1.5739780031065607,0.25471059237889154
2599500042,0.53301142194480655,0.2396181648246905,0.0032587052565818441,0.074074505790533526,0.084005612603601398,0.00070823880844296831,-2.0446907573969488,1.3987408436418183,-1.0708329999221817
2599504754,0.38878748244556144,0.17031445709979284,0.0026394971672935447,0.21279282888578091,0.13491519521010589,0.0011021787012987063,-0.11709613477461944,0.63785286557628273,-0.22952752362370424
2599517698,0.26798792082129302,0.22478812765520692,0.0018863986939649554,0.19388569339142325,0.1772846997930719,0.00099225392076929394,1.0419829141511718,1.0917969989646754,0.42777299476557556
2599531978,0.53099147873517039,0.35661917942788152,0.0032711661603927983,0.14543419626570153,0.13479133512879748,0.00093420148978898732,-1.9125742161776647,0.29723495971901409,-1.9333155859792304
2599535370,0.41585580088151219,0.19906708718562172,0.0030573428330274285,0.21645979432041063,0.17103129015236723,0.0010922499697569655,-0.17230339865729957,1.9656828990151267,-1.0958712008394966
2849497539,0.31235233149948749,0.25856857603364125,0.0022560778367289908,0.22492647093434978,0.26568794640557247,0.0014004079923693518,0.23195699814637191,1.061630372809248,0.0048555797586460692
2849497641,0.44678889030640262,0.24357341579520519,0.002561617757272653,0.19783562050036335,0.16052984542075766,0.0011333535918883386,-0.74986302942886596,0.13845869941993746,-0.39822208738352011
2849497777,0.40774139406571275,0.31012572692542867,0.0025518651185439038,0.19155557390336972,0.20069964707371979,0.0010586049220308047,-0.15291165644478197,-0.051872851452931863,-0.28033323684778622
2849497989,0.41978797580887561,0.16296800898255132,0.002626457885428438,0.23182761575263286,0.12529342196387327,0.0011228756478071742,-0.43304906725007675,1.4948785913753004,-0.51607646753829739
2849498069,0.42024371048006309,0.26392073694685581,0.0025346744380357676,0.195798295210833,0.12673400384100283,0.001263839381166699,-0.34295897524468555,-0.057707481721461638,-0.36462842365791404
2849498245,0.44965316426274105,0.21350350626680892,0.0026596556196334109,0.20731082595141642,0.15836327090624744,0.00097711173026641864,-0.60667289283921888,0.31297577781118924,-0.67020019949201914
2849498351,0.46364755248207334,0.22626394906199793,0.0023637057747022271,0.20409240857612476,0.12857256466327102,0.0011442405747025021,-0.96640213808911002,0.44693953741115766,-0.37965435028935163
2849498613,0.37372604468221188,0.090362401323978339,0.0018625125310777414,0.33212336907365564,0.089164695956928636,0.00085279012728099691,0.38218806237776487,2.3558092826792909,0.15460772235819287
2849498673,0.32063557629776573,0.12137249073966246,0.0018454584954503998,0.2552116962643291,0.11560736571031394,0.00096715890957582533,0.47849311700448627,1.8103426914625984,0.27089754579260539
2849498731,0.45741811920998338,0.26582798904599131,0.0028048274356019453,0.20755644857536371,0.16742783505519473,0.00086229679621118989,-0.70563607435651876,-0.16551802464467424,-0.95477193397803228
2850329510,0.40804728300649851,0.27625925648690031,0.002418468219914927,0.19106535125582264,0.23379196859352278,0.0013568396183376759,-0.3616638799125988,1.0592939219391799,-0.16241464632833899
2850329796,0.39547394903878613,0.15185597362558753,0.0026971239574519212,0.2226310832715126,0.10101480301896386,0.0010993722362992312,-0.33152888541052955,1.7744980438747135,-0.53662272380574216
2850330306,0.40813362806111564,0.27117400257189084,0.0026941436883249903,0.21298024458538753,0.14932622826106376,0.00091045451458640441,-0.29870555654095915,0.15946116527880602,-0.59962097741754838
2850330452,0.42686728234523269,0.26956968150670091,0.0026734355914393147,0.21484827530208159,0.13246425682470583,0.00092031762530188029,-0.55768775899697209,0.6493158873231778,-0.65596095105148633
2850330508,0.4737982375244475,0.18980031380339912,0.0025261511931308025,0.19802508779792186,0.13673097334691717,0.0010210643829663218,-0.92064134059921798,0.37972400445736004,-0.42407491456098384
2902582615,0.45757972754141102,0.43223767969033611,0.0028223846907513895,0.1954488978215623,0.14571670174711399,0.0010766782750549545,-0.5001867266729676,-0.99563627860885817,-0.57635828679645595
2902584245,0.51929896425727917,0.46047939582008446,0.0027491860109077767,0.15545789447794353,0.21862980650253927,0.00083370031528336229,-1.6011353303488578,-0.90120908291054436,-1.3689577502042598
2902585749,0.45137698124941739,0.33248949235715131,0.0024099379556920086,0.18096146544586447,0.24012024462160364,0.0010391815201167556,-0.6834666999330824,-0.0062942167251516497,-0.49958464442808953
2902591727,0.28880731612360055,0.072624215350464413,0.0022601111042044601,0.15971581716372132,0.068172714144028687,0.00076421821021585741,0.98597026545435884,5.6492240202454189,-0.29381060102597645
2902651005,0.46777794260268024,0.22684995048920659,0.001966127168960748,0.13906006440066929,0.11655318486950586,0.00079588159724431945,-0.98073373913446182,2.3682826280264755,-0.11578645610400704
2902685959,0.41762661565327858,0.20474702802326747,0.0021869379579939475,0.17935260232143477,0.12301037421378888,0.00102662759714401,-0.64394360979113796,1.3274183581032977,-0.076715227157075794
2903432858,0.27948986728567271,0.11542213616758557,0.0018557692458220775,0.18638109881606157,0.11407696772346199,0.00084517312933685444,1.2127323284115461,3.8725240973915902,-0.0024577271203090971
2903435370,0.29502489577077667,0.0775144315724208,0.0021967045378677294,0.16326224363380692,0.074601649659791117,0.00076523083117782653,0.94129534970633977,5.349963744825347,-0.28656680108487437
2903470430,0.28362729266883097,0.34516680489544543,0.0021554876866796118,0.3555929996211038,0.17986926688811236,0.0011274710337602048,0.94648634077709992,0.56196801628893167,-0.19266342778051551
2903479300,0.13427802100131339,0.46418467040464451,0.00054096881208754572,0.11309157185672848,0.16929433637017444,0.00051617985456893121,4.6077884640490918,-0.059339327313626511,4.4716024089858468
2903521994,0.48380720519423764,0.29735147504569404,0.0019993235213540067,0.10364304674701399,0.15371168271721705,0.00092329518279957049,-1.4515395221269465,0.83275154844521704,0.12014958061815387
2903524322,0.48086259597956993,0.34858983476012034,0.0016454311676531075,0.098638895682900532,0.17554600279496652,0.00089873403222107877,-1.3942936101984851,0.6617630796365751,0.35975924015381477
2903526246,0.46844844800748681,0.23769133513451232,0.0020802297596271479,0.14444219877848111,0.13114878154077883,0.00097816619556356701,-1.2195796194522066,0.55292260319727271,-0.00056114878124505902
2903530486,0.42745232975504988,0.21740119418220313,0.0021172366224873566,0.17386750218571365,0.12833858606322973,0.0010533096785907969,-0.71834963782398109,1.2726465738630721,-0.05479146575845114
2903532388,0.40048664546839668,0.2398385787040142,0.0014749378290707892,0.1827093005756929,0.17204550849214509,0.00099326336946722036,-0.23679694886764782,1.2700675459947415,0.57502281259359789
3118035379,0.42117623739628895,0.20100222814969132,0.0024153041445596607,0.21586854354579851,0.13804363392967969,0.00093974163750029931,-0.31363583616771396,0.66170405674102351,-0.4774798738273815
3118036539,0.44689747372989636,0.22348367319053108,0.0025193489683454544,0.17958941307115667,0.11373363907939715,0.00086136963292967846,-0.82023524534980286,0.70498559446450904,-0.21402002922983637
3118039171,0.44082498930613417,0.24757403781890286,0.0022287896245034031,0.21867349550425283,0.14641234573613163,0.00097107756849816411,-0.4772535482670443,0.56789299460289366,-0.23480268735650062
3118040593,0.25807078239037562,0.2195209126772418,0.001931049042675854,0.1838060042217316,0.18220885658943084,0.00081425854400426351,1.6991236082987782,1.027071738945883,-0.45996892069553119
3118047559,0.42507294084472863,0.22706700154902876,0.0021046852338843752,0.2269913565524187,0.14584049365334512,0.0011340010224102019,-0.29095068960173187,0.67523425133552262,-0.16407641349456442
3118869290,0.3867164422654058,0.17428973418437746,0.0022644604998077068,0.21505376032717569,0.15204377165770619,0.0010070197173588074,0.015464219097580124,0.9163463994583686,-0.53302001388929843
3118870690,0.48724185391944314,0.24474488091760824,0.0024835865590154996,0.19507632697274918,0.20123010925297877,0.0010949618240789286,-0.55635073022876291,1.1260155464319008,-0.41301908607383114
3118872018,0.50247305577700518,0.26775695517846598,0.0023018781494294036,0.20831238532322005,0.20333697354650171,0.001201038169276037,-0.36983154568292703,1.3488029652382973,-0.046864139047363806
3118873464,0.49565048202747208,0.23093566434494056,0.0025110977829034169,0.17382155750063119,0.15894263325058999,0.0011611108742239507,-0.72558376120543933,1.2801060699064095,-0.24730421905156943
369445762,0.46399029696523741,0.17104203805472812,0.0024950757318757356,0.17248646059924838,0.11505103643411949,0.0014003972369082502,-0.8873338462385516,2.0564792521617168,-0.48995204655995722
369446541,0.45699680135166304,0.14091742345995861,0.0023561428245406058,0.21202856900347813,0.11882120257650733,0.0012890351913863742,-0.47518398444468368,2.3694659249662458,-0.14090998060368826
369446910,0.36823063222627211,0.174786477701036,0.0019449147283952489,0.21776433467128131,0.14494381326100403,0.00099149397066930446,0.12269623836087708,1.1029812527909815,-0.11926898591512243
369447268,0.45231361918806462,0.25811324954187098,0.0026048229907457551,0.22946676537871682,0.20055334099048766,0.00085966245121594695,-0.62006360300614005,0.096907687271997736,-1.114188596513854
369448297,0.44390474799741952,0.29652394014839972,0.0024481286712022547,0.2227537334736838,0.17218644022753923,0.0010874315086767735,-0.57417534663448688,-0.13356797350181288,-0.54933358788436082
369448727,0.4227483167087035,0.21745566056886492,0.0021655151967466396,0.18847394418295216,0.15807448355636008,0.0012654364628329174,-0.52156567547917476,1.3342444293191251,-0.22546325597925557
4257656589,0.46018813486594073,0.11959277150176849,0.0022548684786283532,0.22868826259446332,0.14749847726761658,0.0010694809688015594,-0.99767442444483079,2.6745291138194474,-0.8903509742307073
4257657019,0.40754927713452599,0.18986165973313607,0.0025359373675864255,0.28551033453081781,0.23576886459608679,0.001091340105571631,0.1118131265246825,1.7001884372945164,-0.31260185959272513
4257658009,0.39692514511209143,0.065509134648296233,0.0027354377214582298,0.29525178889388232,0.075862908192044956,0.00099595237741818463,0.017647592968483512,2.4385818148412346,-0.65498961827001922
4257658331,0.38522763252204473,0.075660014763579392,0.0025777424021476664,0.28511042271469339,0.065891683967943038,0.0011069498306908536,0.13171236691613059,2.5145476601516612,0.027650674014059334
4257659425,0.36732185230461334,0.19368470992923587,0.0021990150704336076,0.30017731627110694,0.17948339920200304,0.00073633171770088181,0.63355544462354652,0.82805860967323908,0.34052516982927644
4257660145,0.41684330563986732,0.28804438442836805,0.0017257683981559027,0.23808669293289841,0.17973863079827218,0.00060884245189980236,-0.23698923166507713,0.098965712843041329,-0.20192719030500869
4257660395,0.32370173313770018,0.06946301112577917,0.00241178377916521,0.31807529636810078,0.10171187079439166,0.00093486793309344304,0.52741012063505788,3.4620416917192118,-0.20485528805593045
4258414762,0.53490074930885079,0.096924875223413046,0.0019030018075712192,0.28242720581871988,0.13276678549694793,0.00068699099591388072,-0.83888367531808217,2.7156637914854564,-0.88443967125777989
4258414830,0.57281328348150795,0.13495040040429507,0.0023270450010071473,0.16088525233530551,0.085879393045828811,0.00062933000075977331,-1.9820001295769145,4.2247735758370197,-2.1674873914119015
4258415044,0.33341593845519402,0.17363505589458661,0.0028639203254370717,0.34024250519975247,0.24739627512977,0.00099877898110949234,0.44327934212847908,1.6503501352607262,-0.40993695112681827
4258416242,0.36284196763940485,0.12816031530405547,0.0028220851993858952,0.26041243470058978,0.14451263545708148,0.00099466218387800538,0.021073830888366583,3.5123782193956594,-0.93591306098390981
4258416596,0.36102399060636581,0.11177124660121157,0.0027616710135740822,0.32138092362301102,0.094916286379882642,0.0009084168730927795,0.2202274848308414,2.6012514656771604,-1.1692229295375367
4258417618,0.3585980547361261,0.13106060723675783,0.0022267688680607071,0.28374068123027246,0.17514175794250511,0.00070805081386446367,0.41677016269910261,2.2111288591704077,-1.1105825166339871
4258418616,0.27417950748033398,0.13845740793443265,0.0023370114289605541,0.27342064002759403,0.11040236781808428,0.00069209308896777256,0.66775254502480152,2.6479904704455697,-1.2255985543111327
4258419896,0.27716223801489981,0.13229730730474007,0.0021878742410227753,0.31237730499272437,0.14715525086724338,0.00087451359281316991,1.0391445214887651,1.3058211388441716,0.65631219348776459
4498877138,0.37762002177809395,0.40880065508184399,0.0024137832066442313,0.24992864455642297,0.31102637770935609,0.0013001893508415296,-0.084764339380237502,0.50173261687756532,-0.49931403683745712
4501138433,0.40739193269985546,0.33228815885336899,0.0028082516918890763,0.24053995627498681,0.1566934750362802,0.00084757261681857202,-0.61943210699036733,0.81811728010703377,-1.2220527920247648
4501140729,0.50923194472325017,0.41914938592126605,0.0027498402375360615,0.26927667241717912,0.33590404785660605,0.00098306518031689638,-0.5529018033500267,0.37067266574436297,-0.97534380132535559
4501142371,0.3394525355145348,0.23270384340660391,0.0027699596540716339,0.27824041053858622,0.17821831414940853,0.0011655485678859641,0.2899435130230798,2.214837649403302,-0.85559784143155371
4501146209,0.39809204906171486,0.10052216124818575,0.0026518845856319069,0.31349685176414949,0.14297805996324511,0.00094611141234025278,0.034460186763027777,3.9642708789895607,-1.3222792949379825
4501149417,0.39626544407852965,0.24993511749405736,0.0026214408730656086,0.25332492919833871,0.16041537900640751,0.0011001574850266224,-0.38130316814748211,1.7147968193794221,-0.84249512025198536
4501150865,0.41956407480927888,0.16537027928940545,0.0028769336168195736,0.26844473661039542,0.13065382980361875,0.0012595952750486731,-0.29819221052625849,3.1520719898858864,-0.92904986435211667
4501152483,0.4096979768711857,0.24937733922484803,0.0030457885984533396,0.26324979584265734,0.097825115549320649,0.00097878456437692314,-0.44571158721790621,2.7866691178053018,-1.3014969378993353
4501760852,0.32179013973166232,0.27914388137177437,0.0030523545624240693,0.21651836832677279,0.19619044093029317,0.00087737323618718437,0.55813888513869425,0.66252799596045442,-1.1687402834361773
4501762660,0.36843477111371664,0.46424311154746822,0.0031542188129679641,0.23566134396800245,0.16813239793465093,0.00056774300429269381,0.01827142297707653,0.038625364955021661,-0.763546858294468
4501765022,0.31277977770847387,0.17959158095157599,0.0029735051856788677,0.27549306433641285,0.12386033513143438,0.00088685891113080234,0.49899013473281989,1.6858098560496402,-0.7187665146625335
4501766904,0.34762941679788778,0.33167658038459902,0.0029301565199667812,0.24838303398859407,0.18776972654374935,0.00079586206830523218,0.064321707048555818,0.16613874436905496,-0.93365846825470267
4501768222,0.31827035735449344,0.49874751721697624,0.0023698050332819111,0.23328005460392673,0.25775586827857472,0.00068955771483398382,0.50917389647721067,0.10652213483566222,0.21374086354732955
4501770658,0.39860594303491859,0.32317306160804643,0.0027339072338449961,0.23227319176358777,0.13725128328286176,0.00081538621104645611,-0.59387857212700057,1.9104708277187741,-1.3904035791847984
4501788190,0.46627241711983741,0.22599003845631296,0.0020658664183839034,0.32147967684194739,0.24401310746003654,0.0012590618543235404,-0.19098566346030305,1.4256742758734291,-0.033815856106503436
5099625465,0.32405647034723495,0.4646508878878835,0.0025478205861348838,0.23716844583895511,0.20801940572055885,0.001202938879348317,0.35765863607034165,-0.1151339718283222,-0.35754276973739363
5099634667,0.32786830167686726,0.49344621401603711,0.0024596918108418264,0.25044798695018466,0.26417938509694811,0.001029402058625958,0.26441862117542225,0.029805414005636223,-0.50465940564458145
5099651367,0.29539035865897945,0.4158964810131156,0.0021828981655728497,0.28124864930099086,0.22785962204230731,0.0011402590474445221,0.53317342379122634,0.33035184360903336,-0.49933159317718956
5099658661,0.38713983136738778,0.5191734196818375,0.0019963520440855905,0.23284440262724398,0.19835538222164545,0.00084417092604528884,-0.29388779113958341,-0.16406299541840871,-0.70626158872264211
5099670993,0.41925948617705389,0.44806461810601655,0.0025482543735748002,0.31865552436006322,0.26568656733270618,0.001144248937543277,0.079223035932768304,0.17591000998500683,-0.74921854446621006
5099679869,0.50235454774296429,0.48766997527824713,0.0024574259591640555,0.26614453079476674,0.26294333084615912,0.0013025292023123314,-0.65453699641054031,-0.29424426750954635,-0.58537352310334401
5100226496,0.27021060309019151,0.47743612966288856,0.0023284798049581184,0.23094871367718986,0.24589179980582107,0.0011810807282608444,0.73524165228555893,0.40324150944660825,-0.44336580753534111
5100230736,0.2769827688540647,0.56270152507095272,0.0024524577342732914,0.22429357476062553,0.26197792804535153,0.0010212311486859223,0.67702290751212602,-0.30964959003903014,-0.40096963944301667
5100232718,0.28573805650238643,0.48496070390652846,0.0022407475528746028,0.24050693129112366,0.26041924572998321,0.0011669155626137207,0.72911494396947052,0.27769748590384685,-0.5947601183805733
5100256572,0.20152216149351387,0.36222891135455793,0.002194357028118773,0.22561085229384048,0.248759557847227,0.0010473110823201977,2.0266238513669887,0.25187660324282929,-0.198571400501456
5100271980,0.33443277249163456,0.26226789411675344,0.0020905450186783801,0.31761476263652488,0.23459169596114451,0.0011881983095961821,0.63230374628800556,1.2901655393645279,0.16480829371624398
5100277306,0.30332533976344017,0.48880880791204073,0.0024971972523937223,0.24182772284637294,0.18992886696802644,0.0011055751334249685,0.35137759344918285,-0.24817435532450682,-0.96318186826874985
5159842047,0.22201605307896521,0.22755047896910077,0.0016745893220552967,0.23159231292594026,0.2024134248946024,0.0013043234839179435,1.3439668135310345,1.7488293881338597,0.64620318373820551
5160401002,0.22998031726532298,0.20446373323552505,0.0019061683650618071,0.25517581786273952,0.15688856251534769,0.0010551637194302908,1.474890926650241,2.4961090654647995,-0.33325983090204592
626387657,0.42068948101388326,0.22991119640532195,0.0022737533692305683,0.24360921665219423,0.17829155654309695,0.0011971286014931079,-0.27450432728174606,1.9488692755252743,-0.30157054006977052
626390527,0.35222869283058533,0.14501351346673746,0.0017866445574346525,0.31464423828073551,0.16389112351622706,0.00082798199594277843,0.46481810600424572,2.3304914259801808,-0.24890948080265146
626405993,0.52186748504672043,0.10494839958912613,0.0018681064255417774,0.26075256585729617,0.074427576257752079,0.00073686603095548392,-0.66266229439815616,3.1229462989462409,0.39081505051928478
626407669,0.50697313383368703,0.27057057634428339,0.0024808756812989799,0.24136849574373681,0.19322924309017175,0.0012464911278058132,-0.65742133736970043,0.70364815153205928,-0.43203094384497437
626422679,0.38256145698180888,0.21772365968781779,0.0025955645196108919,0.26583776352284016,0.19155334190110318,0.0010229058795576994,0.20306643560415802,1.4655339366626416,-0.92485141797035975
626423947,0.49441198072122278,0.12061313834894309,0.0030885829057786529,0.23691566349129412,0.20856610747649632,0.0010767101156535163,-0.23589719058710185,3.3467041423385271,-1.9543638220598565
626425111,0.46083200001020719,0.24525571374532512,0.0020122998911893844,0.27464571992063924,0.19584923429352197,0.0015376941236292449,-0.18279064424141486,1.9058983130465659,0.18977844573289648
626427043,0.47382027986138886,0.26631967935510176,0.0027452488656149331,0.25374173340276834,0.20576248245099332,0.0012352487192952252,-0.42555386145077773,0.58140451862666354,-0.88502426387910815
626429569,0.41870982045038008,0.21046537166024668,0.00099831993864967741,0.35835262057177403,0.15626186234579875,0.0008206988794616215,0.28714891069597875,1.8127378426058554,2.2186883464433382
627269522,0.42149479100861797,0.1244682875918901,0.0022003361109568481,0.28234142220834701,0.11698541210450843,0.00099870977875200903,0.0053091400228696319,2.9093216280852543,-0.32169819979581765
627277774,0.54932730304268029,0.29110345863210779,0.0033549364332642003,0.13070739597071981,0.11953053290470547,0.00091040096087643952,-2.2857611807927629,2.6443591961529216,-2.3688056585223496
627281860,0.56983872724885343,0.27130636601212338,0.0030416255856008266,0.12902783176830915,0.10412149886283049,0.0011426583311974423,-2.3458636237148172,0.038909001098361894,-1.3887152766192479
627282812,0.55992017497164559,0.24060525634410002,0.0029865933094428503,0.14364047705918048,0.10328592343137331,0.0011504719074018526,-2.1866813202460387,0.16216144505169527,-1.1677857001347693
627289094,0.45902079886741354,0.11300398337633792,0.002561824555343701,0.37485420146529608,0.1102500275896915,0.00094322698839891146,0.037533153180968185,4.2325504550267423,-1.0655669164599555
627293626,0.45682231855356098,0.24673393595681772,0.003232260483935572,0.21808979943297827,0.14191192811654177,0.00084380017969217685,-0.85251819745417901,-0.28329445924028573,-1.8022434456959631
6739484063,0.34276028856807306,0.35602918559499924,0.0024585155863128564,0.24005946648250467,0.20539304321534108,0.00082308990292438006,0.38541242017637034,-0.15910153290807322,-0.34961796160566394
6739484983,0.34911307499896793,0.34362392427089866,0.0024386891195693544,0.25102962842845522,0.21406584120861147,0.00083328717852414614,0.36767545638565163,0.018275578675906134,-0.58570226066767783
6739485967,0.37641118644718435,0.22202397916719244,0.002090165608099227,0.29207740138979593,0.18470159124893604,0.0011957120184415057,0.40432064282986657,1.3259592165802401,-0.052423089797932913
6739487013,0.43298190297797229,0.28833217864681282,0.0019799153351272576,0.2377871904474575,0.20967052350068702,0.0011101755581491904,0.11313037030798866,0.46230445354226662,0.1640991659605997
6739487927,0.36208706627368259,0.15796017022450914,0.0020608150916313663,0.30629387745954495,0.21838170253570793,0.00082022609525532497,0.63309741897948646,1.9945084553938379,-0.74887414982765876
6739488965,0.56042422068921993,0.28939113726683363,0.002162605520953161,0.13001420601831404,0.18021244890046961,0.00083318462418640509,-1.8632915344187566,0.4924594566028947,0.2912834574902452
6739489903,0.57966893117797991,0.42345646368982998,0.0018652122106880657,0.085418006685242714,0.1745467920510593,0.00072164923195579462,-3.1787007224116972,-0.41596994143807609,0.94803761868271186
6739491561,0.168014028427524,0.27226429629967774,0.0016942516673075037,0.22571799818404611,0.17135317093303259,0.0012433060625485718,2.5904733435710789,0.99361307331912729,0.40041855421046957
6739493259,0.26759677381980934,0.12689742723126049,0.0021577784134306785,0.24747886071351893,0.1402781880291932,0.0010723998513944809,1.4015093427900414,2.6588426237783551,-0.56997548397958797
6739494085,0.24980077134331191,0.10906366900723462,0.0022739827450979685,0.25138271410934987,0.12931129140666983,0.0013681513762474973,1.5487341662883658,2.8412315815874019,-0.42122328171160867
6739494919,0.20324689761028789,0.22450288165963744,0.002067318108419675,0.28938492596199639,0.15102608859562336,0.00065496512984092206,1.9226388832708261,0.38583724394625629,0.73670591352290893
6739501411,0.31452678424476188,0.34765957105153267,0.0025420439933358956,0.22827228420964946,0.17004243483003145,0.00073433764727993608,0.46774060768317838,-0.054184878914491363,-0.20012081429038775
6739502517,0.24362570394643573,0.29467205733023133,0.00225944712546444,0.20725131221779633,0.14305709718771009,0.00090910230286534691,1.4314261396362224,0.39032409281835079,-0.22486267489278336
6739503599,0.28584038391830463,0.12989058741275994,0.0025631100243492652,0.25169445269721435,0.09995646464761658,0.0011854378790557257,0.90944919148809678,2.0641264761789508,-0.38173905372950984
6739504555,0.36869322591000037,0.13298047398731369,0.0021268911751889303,0.27166639369591511,0.15327552449175996,0.0010907290119083822,0.41289518421126681,2.2136796430563686,-0.15236112584126174
7179795872,0.3810707941125403,0.42046205344126503,0.0024771327753767463,0.23257769434086167,0.2465098424658401,0.00081452194041882454,0.15693976938105117,-0.0093836497815693205,-0.1757005124717827
7189671892,0.39990199199933568,0.34822112549223549,0.0022950707108492859,0.23869608553321722,0.21970029645634365,0.0011063144857145137,-0.32816454709315229,0.51111300540919902,-0.4303606178215264
7189681078,0.43872860029378413,0.24894060160865092,0.0024021552072089557,0.24020396007895639,0.11540385273306621,0.0011175406457079834,-0.72183222747219244,0.81432929070022786,-0.7430191389602645
7189701544,0.34756564026915737,0.21369389217764595,0.0020658660967773084,0.20394632411164518,0.19016982296131155,0.0012300336460088334,0.1906560552241067,2.1604739492953202,0.10359595774004639
7189732106,0.51046307752418962,0.28823087859948165,0.0028866305732400395,0.27132540442835695,0.1376076733228957,0.0010105685459338887,-0.67284344626058956,0.42154164742811828,-1.2580396034704378
7189748072,0.12989628207377898,0.093614463284645941,0.0026486876625013808,0.1438721109675388,0.097554798637924572,0.00087441886504306177,4.6335417579218277,3.6080760040993569,-0.36748230550691074
7189752932,0.12157211610653262,0.12053163959221828,0.0026301662821987455,0.14561423935979451,0.097346201911785835,0.00093318037606841277,4.6229049735793195,1.8927499131870806,-0.15990911967208341
7189761950,0.11379670154792214,0.15914949514967727,0.0022632625557375179,0.037383634534515389,0.1580822153168995,0.0007554524059458879,16.531682863639229,3.6107034160645202,-1.2598200778198345
7189767826,0.41596977831773685,0.24572520138148982,0.0026071323457253644,0.2247722004049561,0.15304902293986095,0.0010406350298461829,-0.53466904532694171,0.19009500988202493,-0.78293457584597514
7191682578,0.12005652888268514,0.27353872601613305,0.0023911239061899623,0.029062246587707903,0.17515605086396782,0.00076960478962423721,20.922663207140381,2.4964911220555033,-1.0372760273215091
7191685656,0.57197819938038241,0.073964088702548392,0.0022701687616099148,0.035716625714561058,0.060961266968442195,0.00077006232054670828,-15.424402338331857,8.9427092508077823,-0.4302611567422715
7191690694,0.48296691808100373,0.17727745004953427,0.0026058917972179422,0.22465250102528744,0.10608551711084961,0.00078398602067206906,-0.6670974263342222,2.1194847689299605,-0.8599764695762927
7191700558,0.12096951023157566,0.11485864601257327,0.0031287246123653137,0.1318796127471904,0.099039037813525466,0.00084264938368827506,4.968128722090098,3.4856543647151663,-1.4045481380410181
7191707200,0.57150922350866395,0.060620474655642742,0.002218544357506715,0.0045399663000550887,0.056530152566781525,0.00073337975452434452,-55.553080016281889,9.8233170475543172,-0.73976585990345489
7191769184,0.43563015305672076,0.36509920866131307,0.0023018864083209026,0.27028799982432095,0.28375140323586739,0.00090633240315256454,-0.35905871534727851,0.79147608817838999,-0.49873368364057508
7692504868,0.2725074971660133,0.55091385956190986,0.0024444627940300901,0.22704056925765412,0.25175523276094375,0.0012231868028021731,0.770895449287334,-0.17826354472087649,-0.36051775033073941
7708306180,0.36579885029533266,0.31311921864388381,0.0017708988645392793,0.19456986067695706,0.26011579624278541,0.001101616025371276,0.32959347482794205,0.56690733726823717,0.31397263270449083
7708306446,0.38553436476416802,0.16586263353169628,0.0020006841266178598,0.23398683828293004,0.16207468038233094,0.001015938662264332,-0.090224589533484306,2.1790541684515699,-0.28220125307725197
7708306700,0.39574915217595608,0.12322553426608315,0.002090577101115008,0.19754126844259012,0.098309456613476384,0.00065855510128005564,-0.46338190037467497,1.6790750192271187,-0.30440053164063402
7708307028,0.51864336558894553,0.1640654763621982,0.0020030631910798397,0.21528775148654569,0.10627952106536848,0.0011612800413132913,-0.40578139287174309,1.4810873235197612,0.82075124939447697
7708307258,0.28596213800380244,0.21147775482809211,0.001867353089836858,0.20137955516095393,0.21703477398343035,0.0014246005752847203,0.56577164340973607,0.98945020333549272,0.5038246367311483
7708307496,0.47937368122441198,0.19606990080622272,0.0021715924234267442,0.17143954547365653,0.12360386756568598,0.00076770406007545136,-1.5742713125852212,0.56004140755384746,-0.24667792256341448
7708307688,0.49419179950948006,0.24113873306700828,0.0021517233884401229,0.17417585406892103,0.11819554530090734,0.0011668738851707051,-1.3145768303002474,1.6065537236584435,-0.3546365593621798
7708307888,0.31215528525188396,0.24314247141448331,0.0017598929642443542,0.19273166335365818,0.20212249155060999,0.0011692256895258382,0.43860439533687151,0.60985747023310544,0.82587503830258757
7708308116,0.28596157556905405,0.28690922319414303,0.0019148644162501503,0.23489018559386365,0.23769310545609235,0.00097975191930819799,0.70285863593358588,0.44720258920633288,0.032736205583104097
7708308322,0.39809524331433932,0.25980218180670778,0.002011642619505408,0.20037692760308431,0.15168692248213286,0.0012279779541914686,-0.14308010819579978,0.61096143854469642,0.26153904007478579
7708308512,0.49306347397626826,0.31001211909531057,0.0022193247110083658,0.17516756534674219,0.14966461881841961,0.00098097650763196743,-1.3504597205126936,-0.019192771263534376,-0.37203719526618306
7708308682,0.335549165701785,0.32927019638906069,0.00196175780597192,0.20197321759529616,0.23147769939841525,0.0010823273028158695,0.33118826945547986,0.3717223470410923,0.10177024047471285
7708308862,0.42428401843748864,0.39006372398541123,0.0023814591926184618,0.17189229568834782,0.14155850830543837,0.0011102842093660191,-0.21334109305200327,0.29616021705124684,-0.18353782408055805
7708309292,0.51735607936687722,0.39025202840908035,0.0018336773446104462,0.1437852047021928,0.21351221662769479,0.0014069376721831701,-1.034207303258774,1.2276988622487908,0.54749699088879322
7708309574,0.34549705246047085,0.44732029975204962,0.0018869613020634664,0.18639999434400353,0.20219507469245118,0.0011936609488813516,0.47331515337710289,0.13705079295599515,0.2754196276831623
8155015011,0.47136174386085633,0.18790031683586778,0.0022940937246354125,0.2294308540285907,0.14248312238203611,0.00097121241404089006,-0.86729669840310597,1.0770982887613756,0.40117911820219426
8155173557,0.49691962279885521,0.57028623229511122,0.0029089594187910388,0.16736537196664189,0.35816676261227548,0.00074810577192286135,-1.0682907286706551,-0.62546382775956633,-1.0547246660722451
8155174797,0.54485946434143473,0.5070609630989299,0.0028497055493036812,0.10316783827545524,0.17365582321511708,0.00081717910645418468,-2.821601810559335,-0.43196655436528653,-1.0862903700324498
8155178515,0.52065517702570818,0.40463737556399526,0.00270376831051897,0.14083480226195122,0.25424392375601024,0.00092673992435375987,-2.2106756900313256,-0.026572530448311392,-0.81516616118180396
8155179911,0.30667753168678463,0.11612688696565214,0.0025297315770211118,0.16859066176321635,0.16592325917652634,0.0010901390213338602,0.53134788943805622,2.6644402645277405,-1.0013288152088107
8155183601,0.33976086491183721,0.2646165010627376,0.002306828812665074,0.19578782504388628,0.29293559946797304,0.0010120701198653495,0.1539923804907132,0.83352480680313357,-0.74500927948909723
8155184983,0.49483020306942826,0.46030808093410541,0.0028082162503997379,0.15612549042403656,0.25588735906272425,0.00080192357951561135,-1.4290739303035307,-0.64668391309051432,-0.93773541070363697
8155188753,0.470817057720535,0.35750759674914256,0.0019637778936445922,0.23994922493992277,0.28593676375678956,0.0011454357544027636,-0.33576300792468239,0.24851787628101321,0.19482073307598108
8155196702,0.41084358729728176,0.39145525580557161,0.0029122764748596361,0.16598740113924607,0.26471485633506442,0.00090259266969235541,-0.24189317808826685,-0.22876493185357191,-0.56831690862266648
8155198192,0.39039236260830568,0.41300685814155114,0.0027752668931904549,0.17718423133108749,0.28542797313277457,0.00091290316387094889,-0.0081493642689091563,-0.19425535826064602,-0.34363771601014509
8155205218,0.48072003966675841,0.30102445690780888,0.002720396580872119,0.16678425042914785,0.23046632883875548,0.001199276209489887,-1.2006084326010333,0.93233827853158546,-0.85801534078848551
8155206766,0.43050771894337975,0.2862023812676423,0.0023664049980769938,0.25348065425737043,0.23457997992895838,0.0011388063740334923,-0.78105685180732587,0.41653092874068376,-0.097651651893873939
8155210366,0.30225421559798726,0.19567390568973206,0.0025615982863734701,0.25596605435594177,0.16510315752986995,0.0011365864400894766,0.39575380522537196,1.3684291023380304,-1.0735609154231351
8155220516,0.42801400105049275,0.40546255399036663,0.0026999107065541939,0.19654196583090019,0.36213258813504801,0.00087588161629910497,-0.45769730582017459,0.11228222446071703,-1.0440108999047988
8155222822,0.36526070927026255,0.39002249578541059,0.0027563454916013914,0.17716429888439914,0.24257856632432881,0.00078132534376859793,0.29408132517267699,-0.43701903202698367,-0.27637637362499951
8557857521,0.46147694560517688,0.42899193763531612,0.0026437213994614695,0.19707444751645026,0.1350968411078938,0.00059067873536552669,-0.99163921682071288,-0.73294805834038501,-0.92039771100294332
8557862523,0.43588428875164487,0.33433279079463579,0.0023513375265922908,0.22983756378418224,0.2423949718505837,0.00087693500920621188,-0.19308397820892334,-0.047654706557035735,-0.6006629755330547
8557871431,0.46762268006084012,0.11751781354171495,0.0015379268896577542,0.26173292840015827,0.086662003812388214,0.0010988026301139622,-0.49131932580419058,2.1158724429696534,0.40726884862795043
8557876311,0.35410337932910663,0.098270948380394102,0.0022514174753300504,0.26039983078824291,0.066090045194999933,0.00065123469626855528,0.42158111171893936,2.4791655385237554,-0.88030392031673588
8557881025,0.50615834061325116,0.25435196518548114,0.0024324996642313824,0.21588534764684766,0.17972539403015808,0.0011836911398806504,-0.78875685081210656,0.084309400806538634,-0.333959354370161
8557890681,0.27857076181530427,0.17680695750175035,0.0013246786107906719,0.2730772690949454,0.16135608368623047,0.0013763477043338792,0.86143696479215282,1.4982141636293331,0.83561005285452739
8557891475,0.48499921314610539,0.34395907863520198,0.0026314333666538031,0.21906028343539921,0.24521020108663713,0.00086031901555126851,-0.80287788413805028,-0.080813695815903155,-1.0278438248713919
8558970800,0.29887545858943937,0.12173471223321947,0.0021311767063948777,0.3156436995815306,0.097597672208227404,0.00088878111582234829,0.77162485692433169,0.63302497241691047,0.28426998668808945
8558970954,0.30550617063491214,0.16074751009495067,0.0014533262386261922,0.27161519515543792,0.12097766299486575,0.0010800876456297061,0.69017934491074029,1.064572131616407,0.36662540375538594
8558975538,0.48856878796765874,0.31927095260663391,0.0025576807279252224,0.20258329887761942,0.14708354337959884,0.00093981144800151493,-1.0832560109112779,-0.31401841981242035,-0.80553997299550939
8558976032,0.50274237799949917,0.34517827406569074,0.0025389164167627263,0.18512195652924571,0.14391002168422548,0.00087892978099540244,-1.3267308240370539,-0.49505829738627821,-0.7198980578226557
8558978104,0.44717942210578482,0.18416969910844772,0.0023978547738040023,0.21073185431865138,0.13326571148042171,0.0012883631523993013,-0.83697326061879329,1.0686257673695618,0.0071300274562695514
8558986902,0.48117426018225162,0.19479674461304505,0.0023175499064457877,0.23574045213157913,0.18762432026524525,0.0012123736675722116,-0.83890982983176654,0.93502918287648018,-0.0068402500978575519
8558988832,0.42331812888728504,0.33545874631566297,0.0023507489529667825,0.2290759422909949,0.21103970721474902,0.00088224694583647744,-0.1453772573910421,-0.21743991296302537,-0.59227469046685188
8558989306,0.45363954121211192,0.1682625021880399,0.0022815179802634753,0.27048972173897712,0.16859601680862188,0.0012474441173850057,-0.6290975211317188,0.88202924405973659,-0.097424185972845245
8653272913,0.39867022578583855,0.25961879621907302,0.00294320933965581,0.21566033721240446,0.19664678851471515,0.0010111781749084134,-0.30271199694433792,0.018895160440301369,-0.84879182959382016
8653279555,0.36255942019749576,0.34593887000057216,0.0023258335917740801,0.22028786975279635,0.22623263465009205,0.0012294885512888138,0.085494832995500911,0.14802798429714348,-0.32959697347138722
8653286717,0.44791158392709846,0.17903777662739587,0.0024107376781640722,0.22441975558412297,0.18528830108210387,0.0009930315729513512,-0.68992337735922959,1.5062957371441748,0.14732811950378269
8653288843,0.41591707152956781,0.34306254630670951,0.0033695484539402378,0.23216308359346133,0.22761771943956835,0.00079307643445769799,-0.48183640565917579,-0.0360300535751907,-2.1052608946745623
8653297845,0.50990848352860207,0.17940494181877045,0.0023121990496331097,0.2124772556367181,0.14193237843421133,0.0012627271570300714,-1.1718634516058093,1.4833732049302715,-0.043891852876784113
8653300067,0.43027347842576996,0.20698747057531311,0.0024251709835044857,0.24056196986610376,0.18962266344414402,0.0012193146244465583,-0.48699077352948777,1.4318823586583291,-0.10834416006836414
8653303931,0.34280039926193279,0.20532932539575044,0.0028401410101387909,0.25002320338320483,0.16014891660738922,0.0009647952307427378,0.24758170938730376,0.8625130470228749,-0.959220310894634
8653306711,0.33366143993954289,0.23971155464434421,0.0029896058104535066,0.23648830845206334,0.1813518566717067,0.00082489570858234782,0.26618594774339377,0.39334115286936511,-0.81703832735647153
8654373732,0.36061564751506064,0.35532931369905829,0.002636046326592729,0.21984139629105773,0.22533779682274105,0.00098062548384941859,0.11013563823018001,-0.24008620796983349,-0.36893367252376186
8654383558,0.44339905948058972,0.31323488010058259,0.0026468824098553538,0.22826690009470832,0.15886184768769321,0.0011506288196876562,-0.61119681485738453,0.36667192566306822,-0.26925144977222565
8654391386,0.38946841635580376,0.3281381795534884,0.0030514136905277194,0.24527229770585648,0.22956260844805707,0.00089606348146756363,-0.21290491791095714,0.10186575359060711,-1.3518777773304194
8654402912,0.40270820590552314,0.26980604583767992,0.002646583105962527,0.23255719094361862,0.19603897019393232,0.0012963428873758881,-0.17616527675700366,0.19492570347472388,-0.5682407093200551
8654409280,0.21981749490115896,0.24436969929692259,0.0024358487265527481,0.19973581839210236,0.19134194909276117,0.00099925026037826358,1.6846694836738763,0.93750416821756677,-0.63147214482992464
8671077420,0.41961671323409444,0.2716834594794299,0.0026735221289505406,0.23515637735398945,0.12844861236581659,0.0011384826566187569,-0.55184344338917979,0.29452441645995048,-0.44459750962351652
8671091746,0.31070386903491443,0.37081773831480963,0.0030708296019067126,0.22344235092830311,0.25358798602555466,0.00072896560767944511,0.51530200127278591,-0.20383710462516416,-0.35790469517121842
8768427721,0.36142471514099039,0.31106383031298757,0.0024218731090044432,0.16549810455148206,0.28974678995168718,0.0013647912226998032,0.25466484358709512,0.57830503356930185,-0.23414620174211315
8768460867,0.26165980476279455,0.3091022480994729,0.0018079240497241378,0.17844592416340885,0.23825436465568456,0.001397216894565645,0.42680084691031173,0.50588733078165316,0.32659841470445428
8768496841,0.30962527235395271,0.19756819875573975,0.0025127559759066304,0.21135600583813621,0.21217790743343135,0.001029989475122521,0.78982118531608236,1.8264189814395873,-0.4414579409731082
8768516369,0.37832201899047163,0.18870153434771353,0.0023683511264895847,0.21188512655632072,0.1956275552563759,0.0012334403803358266,0.016285384149125514,2.458526653155646,-0.33169811608726307
8768527097,0.39162144367955964,0.37247904693955036,0.002668342001794144,0.20095588966767966,0.25296784494479146,0.0010436501827805302,-0.10857787426199693,0.40433894905049661,-0.49742524615140521
8768539223,0.36489789021296148,0.26184020282179493,0.0027708853722923582,0.21041414061023883,0.22847870457270911,0.0010394547464467406,0.27795876563376809,1.3315395114553497,-0.76977403497393038
8768541971,0.25204916130872351,0.36209796763273228,0.0022322818608226818,0.15528216616154034,0.37137496982253243,0.00085223584779756459,1.9439059138446892,0.66413533261381896,-0.055756693827761446
8768546535,0.38611967628431809,0.35891504257263024,0.0025342549891060962,0.21258120817661505,0.24595813918412143,0.0013568584907365413,-0.097357817279671813,0.68448517094669292,-0.39051208921567454
8773245552,0.39420096678264682,0.28131438340878523,0.0025542100627964489,0.18563506090601442,0.21288383253483759,0.00097844046898181206,0.086668721804887258,0.13247382457993234,-0.27593564271038279
8773280344,0.42605929955013749,0.38976643348276685,0.0023617910239647154,0.17869233573027551,0.24674917518695219,0.0011975869496407179,-0.26667774376821846,0.40701182794069346,-0.10028307762154134
8773283324,0.36839500619155185,0.49371874203505284,0.0024002986338581083,0.18622653002799122,0.3668140581540893,0.0011613645856615507,0.26889162439350084,0.068003889308919749,-0.043277571724561273
8773325088,0.38018483604664477,0.22554645735761,0.0021901552120976255,0.20068894477796273,0.24946684909554218,0.0012470922280156454,0.0803808132184365,1.9094845386898607,0.072787418881766666
8773336198,0.36043775388239518,0.25743231061052141,0.0028029929821861699,0.20673290075122691,0.23976587792625623,0.0008133551282757007,0.19210935649452826,0.54410382333574758,-0.82621196951649989
8773346090,0.36559379343595821,0.3817553824129582,0.0020323366910161835,0.18927420253874552,0.34794187826922712,0.0011895942867910796,0.17818696503477807,0.5534122113570783,0.058309307045080423
8773360440,0.31800709072004396,0.15661277018707556,0.0024378553889529563,0.22915256984601529,0.19875135150644849,0.0011181974877524069,0.77642080008799375,2.725608984914432,-0.84186884167533571
8978419236,0.33326623772948066,0.31336279231091813,0.0022876878268881014,0.23271839173267211,0.20294953405587654,0.0012106079156975096,0.14571052945589977,1.1773981608406383,-0.17892474821220641
9099219295,0.49026710036806803,0.17521858732957543,0.0023155075586859912,0.30969365323842935,0.23527258892302597,0.001044138808407713,-0.45400256429478375,2.134187910326093,-0.21425429406234722
9279760637,0.19410311856225004,0.20748847559399805,0.001086843850678464,0.21218736696935034,0.13421353558062826,0.00050880954005235054,1.5189257538821641,1.2168879443046559,1.9668788449246104
9279762379,0.36133793321731894,0.18963403099907586,0.0016763755478661165,0.21068993974527572,0.1245674487832928,0.00092573882918569857,-0.18364400960707919,1.2193615117744789,1.044242652360486
9279767211,0.38472351066649907,0.18896209071871026,0.0015459859524666834,0.23654892797427823,0.15951859217476036,0.00094860583591338489,-0.27170443358564988,1.5752605298706051,0.39967377444407659
9279813863,0.45177126033251402,0.16460936278060834,0.0017942960688454217,0.25357232006918684,0.1010736476170517,0.001110309728540115,-0.54852419685788489,1.2314692575604775,0.35995718687098255
9279816157,0.28734013854275131,0.43994236623233207,0.002364155981032848,0.23244961585154617,0.27114356702455877,0.00089599876073171944,0.36065176427866419,0.95040882942395544,-0.51554331767724337
9282545690,0.36047800924119511,0.30288563088936454,0.0022034011534023509,0.21161742706014311,0.14756646753839611,0.0012176142305525498,-0.1290736957560823,0.20438274162268574,-0.061371069540140967
9282550652,0.23780546197430749,0.26572442902740029,0.0016937817960833864,0.15435992203337226,0.11625329228578549,0.00090595909551729797,1.1371900391670577,0.18904985553118175,0.53289120322804318
9282555290,0.35892875069952196,0.1709700235774772,0.001723144103549676,0.21498255086767343,0.094133615497811698,0.00092694159163622843,-0.17842956720901693,0.59272397428632573,0.2624754864163964
9282556000,0.35885416167196926,0.28338970981997241,0.0018244569319492056,0.22366471930628604,0.19043948726260757,0.00096063504873423653,-0.10256831422504352,1.1781827335895605,-0.30844750260896769
9282559098,0.4714957979293129,0.20284719068794713,0.0019691633679353006,0.20424492895231453,0.11571649254590056,0.0011013207040766811,-1.0306142413053914,0.020510377562498891,0.055107090796698711
9282566668,0.34581301473478665,0.26893120104629775,0.0023874059133975585,0.23179991816395185,0.17883768107301265,0.0011437139740219614,0.058711230927110343,0.54259828357629381,-0.012674747871091128
9282567320,0.40290408031238206,0.18232669785904931,0.0021716769857744334,0.24555957653026286,0.12924305559425867,0.001257827244154451,-0.49957980026783028,0.91391643039374715,-0.083491692296777331
9282579316,0.29284956129192607,0.54318141184629787,0.0024981365862625196,0.24320317686039758,0.37645452761193465,0.00082162557004370244,0.3287065663034886,0.2711309925247411,-0.89870634863752286
9282584782,0.39572445034062931,0.67129547268996959,0.0021137789455721108,0.23077677861724588,0.3652582853469819,0.00066452652662373174,-0.62359400504580065,-0.40932217266550475,-0.08922323350410713
9282586236,0.41448266460144784,0.37990914258805075,0.002135569437395725,0.19804229019539366,0.2237188341570733,0.0012130342613033717,-0.5562166282833052,0.2909763855354639,-0.005721332702043596
9838838294,0.26884851981579611,0.42598492138560523,0.0022538244819213073,0.2150226823039845,0.23777967877748293,0.0011871593380670274,0.91463623800468863,0.41292562124747734,-0.49728888504585972
9838858124,0.31458494659587521,0.21737169960204694,0.0018353111127273054,0.25065087952951765,0.16336356476402872,0.00093248472961027543,0.48879384137412779,1.0452124211767282,0.93037234133176494
9838887075,0.43205211884915873,0.38862800623430349,0.0023370238981768208,0.23826722601397063,0.21356393512792091,0.001405886430899833,-0.48519850713302487,-0.26082518418629336,-0.12909233140557697
9838891576,0.38953717986599512,0.16871581454050075,0.0019612057732471002,0.26613461836703189,0.15635597305436705,0.00079991641772871134,-0.0020051377125554996,2.4189250903244517,0.37159880265872336
9838945473,0.39257011013423182,0.38872240729558499,0.0021746527149985278,0.24010051981817043,0.2400800845397679,0.0010132440181795427,-0.12190567935334616,0.28540309826542337,-0.3824450668204934
9838948093,0.39461234272276141,0.30636831793853525,0.0025980503225247332,0.24089798827847919,0.20660271511770081,0.0011646444678341649,-0.13396988777731905,0.69213046148280466,-0.42841671610578286
9838952953,0.25497430973370988,0.40561012559794263,0.0021670162896460466,0.21541532024719168,0.25196376312781815,0.0011450838736835514,1.0939732975024941,0.54200567920423937,-0.37391460524992509
9838954383,0.29442061705912165,0.36046557924324868,0.0020126989273009542,0.25406291562385525,0.2583352406408555,0.001182607170182466,1.0332365234776979,0.77044048665147991,0.012802864324135278
9838956473,0.31508429501468954,0.20637165854343087,0.0019616315739034449,0.25287263033265234,0.17621485489488137,0.0012044650841112757,0.45027439748810899,1.2267544596134288,0.64112777235859375
9838958763,0.38877904970566785,0.36585656827506707,0.0025297700006809884,0.25313534099245977,0.17464771267852869,0.001137560103899219,-0.16686978456057469,-0.19324479443782483,-0.30320144851770864
9838965013,0.34039164951608503,0.1922155399638216,0.0019898321389435806,0.26527125423556247,0.15087482059657825,0.0012148654583944267,0.31442969567560225,1.1034943291110895,0.7483443539218243
9838968313,0.41307433523383313,0.20425017203031412,0.0021702576394150136,0.26722522750037425,0.16558159501457684,0.0013321743148528398,-0.18728310945663759,0.96220323604535218,0.30603477243608435
9838973373,0.45854978291108683,0.41841496404211032,0.0026144545468185713,0.23317593388101385,0.23553837758211937,0.0012713363627819938,-0.68158210478691017,-0.33837313744503261,-0.60686900930026155
