112242497,0.24875147928994082,0.39501183431952663,0.016171597633136095,0.041260355029585798,0.039662721893491126,0,0.00084023668639053258,0.038023668639053251,3.5502958579881656e-05,0.21991715976331361,0.00032544378698224854
112242501,0.12884939759036146,0.058325301204819276,0.05703012048192771,0.37225903614457834,0.012548192771084337,0.00013253012048192772,0.097162650602409639,0.14656024096385542,3.0120481927710842e-05,0.12639156626506023,0.00071084337349397594
112243180,0.090704142011834313,0.15723668639053254,0.041674556213017751,0.36661538461538462,0.039568047337278103,0.000378698224852071,0.050781065088757397,0.13401183431952662,0.002757396449704142,0.11611242603550295,0.00015976331360946746
112243571,0.46262130177514793,0.25333727810650886,0.017420118343195266,0.14820118343195265,0.006585798816568047,7.6923076923076926e-05,0.0022662721893491125,0.070976331360946748,0.00092899408284023667,0.03720118343195266,0.00038461538461538462
112243572,0.11762700964630225,0.29630868167202573,0.35721543408360129,0.026514469453376207,0.010244372990353698,1.2861736334405144e-05,0.0046816720257234724,0.058000000000000003,0.00030868167202572348,0.12898392282958199,0.00010289389067524115
112243575,0.45671382636655949,0.2505273311897106,0.0020771704180064308,0.0025337620578778134,0.075672025723472675,0,1.2861736334405144e-05,0.0012154340836012861,0,0.2112411575562701,6.4308681672025721e-06
112244038,0.086023598820059,0.30486135693215338,0.23347492625368732,0.13225368731563422,0.018106194690265486,0.001663716814159292,0.078082595870206495,0.051716814159292038,0.00010619469026548673,0.090194690265486724,0.0035162241887905605
112244042,0.14770501474926254,0.1351622418879056,0.1352566371681416,0.13638348082595869,0.20521533923303834,0.00065486725663716817,0.047528023598820059,0.036684365781710915,0.00012979351032448377,0.13486725663716814,0.020412979351032447
112244446,0.16811834319526628,0.30017159763313611,0.1294378698224852,0.098899408284023674,0.14959171597633136,8.2840236686390539e-05,0.0070118343195266272,0.0046923076923076927,1.7751479289940828e-05,0.025562130177514793,0.11641420118343196
112244447,0.069597633136094669,0.2635207100591716,0.31013609467455622,0.1355207100591716,0.051153846153846154,0.00060355029585798818,0.090923076923076926,0.028852071005917159,8.8757396449704138e-05,0.045609467455621298,0.0039940828402366861
112244448,0.31490476190476191,0.34690476190476188,0.02919047619047619,0.067952380952380959,0.048386904761904763,1.7857142857142858e-05,0.0022499999999999998,0.041285714285714287,1.1904761904761905e-05,0.14849404761904761,0.00060119047619047619
112244851,0.17626190476190476,0.15185119047619047,0.035386904761904765,0.32845833333333335,0.11966071428571429,0.00016071428571428571,0.046910714285714285,0.070220238095238099,0,0.069107142857142853,0.0019821428571428572
112244853,0.31633827893175076,0.35400593471810088,0.062534124629080118,0.003459940652818991,0.0035252225519287832,0,0.00013649851632047477,0.013928783382789318,0,0.24598219584569733,8.9020771513353121e-05
1799241762,0.10073273273273273,0.34049249249249247,0.051771771771771773,0.10704504504504504,0.17672072072072073,0,0.011003003003003003,0.00022822822822822822,7.2072072072072076e-05,0.11546546546546546,0.096468468468468474
1799274620,0.18153753753753754,0.0075375375375375375,0.047471471471471474,0.36234834834834834,0.15727327327327328,0,0.00048648648648648646,0.00033033033033033035,6.006006006006006e-06,0.24300300300300301,6.006006006006006e-06
1811502245,0.022786786786786788,0.15145345345345346,0.10812612612612613,0.13785585585585586,0.039075075075075072,0.00017417417417417416,0.015561561561561561,0.00012612612612612612,0.00054654654654654659,0.2463843843843844,0.27790990990990994
1811502361,0.020582582582582581,0.52645045045045047,0.09490690690690691,0.10073873873873875,0.095261261261261262,3.0030030030030029e-05,0.014672672672672672,2.4024024024024024e-05,7.8078078078078081e-05,0.10992792792792792,0.037327327327327325
1811503423,0.060132132132132129,0.22457657657657656,0.10938138138138138,0.34043843843843846,0.035375375375375377,0.00012012012012012012,0.027837837837837838,7.8078078078078081e-05,7.8078078078078081e-05,0.20085285285285284,0.001129129129129129
1811503757,0.059093093093093095,0.32925525525525523,0.075597597597597599,0.31276876876876875,0.034072072072072072,6.006006006006006e-06,0.023429429429429431,2.4024024024024024e-05,0.00011411411411411411,0.16547147147147148,0.00016816816816816817
1812346070,0.019219219219219218,0.43448048048048049,0.041657657657657658,0.31676276276276277,0.066918918918918921,6.006006006006006e-06,0.017135135135135135,6.006006006006006e-06,6.006006006006006e-06,0.10166366366366367,0.0021441441441441443
1812346226,0.029381381381381383,0.30855855855855857,0.034930930930930928,0.38816216216216215,0.080846846846846843,6.006006006006006e-06,0.012354354354354355,1.2012012012012012e-05,2.4024024024024024e-05,0.14103903903903903,0.0046846846846846845
1812346442,0.020084084084084085,1.8018018018018019e-05,0.34535135135135137,0.06587987987987988,0.20293093093093093,1.2012012012012012e-05,0.011495495495495495,0,0,0.14022822822822822,0.214
1812346600,0.00099699699699699689,0,0.26729129129129131,0.35929129129129128,0.016282282282282283,0,0.012768768768768769,0,0,0.16924324324324325,0.17412612612612613
1812346810,0.00019819819819819818,1.8018018018018019e-05,0.34345945945945944,0.28282882882882882,0.073297297297297295,0.00034834834834834833,0.0055975975975975974,0,0,0.20151951951951952,0.092732732732732734
1812347970,0.15056456456456457,0.038564564564564564,0.067201201201201197,0.35099699699699699,0.12706306306306306,0,0.0017177177177177176,4.2042042042042043e-05,6.006006006006006e-06,0.26379579579579582,4.8048048048048048e-05
1812348124,0.33117117117117117,0.012756756756756757,0.0053633633633633632,0.33306306306306305,0.20906306306306308,0,0.0015375375375375375,0.00058858858858858859,6.0060060060060059e-05,0.10636036036036035,3.6036036036036038e-05
1812348642,0.4115015015015015,0.32368168168168165,0.0015795795795795797,0.073357357357357364,0.097285285285285281,0,0.00033633633633633635,3.0030030030030029e-05,0,0.092228228228228223,0
193788469,0.019226666666666666,0.56528,0.026693333333333333,0.26824533333333334,0.028191999999999998,2.1333333333333335e-05,0.012090666666666666,0.00090666666666666662,0.00034133333333333335,0.078927999999999998,7.4666666666666661e-05
193788811,0.020522666666666668,0.49235200000000001,0.027472,0.29546666666666666,0.0075360000000000002,9.6000000000000002e-05,0.019573333333333335,0.0013333333333333333,0.00074133333333333332,0.134848,5.8666666666666665e-05
193789218,0.010175999999999999,0.30689066666666664,0.076954666666666671,0.49452266666666667,0.0094879999999999999,0.00072000000000000005,0.028874666666666667,0.0027360000000000002,0.0013386666666666666,0.06735466666666666,0.00094399999999999996
193789678,0.036741333333333334,0.19060266666666667,0.084080000000000002,0.30332266666666668,0.230624,6.9333333333333329e-05,0.07457066666666666,0.0051146666666666667,0.0064586666666666664,0.068064,0.00035199999999999999
193790888,0.019952000000000001,0.30593066666666668,0.237952,0.041829333333333336,0.33966400000000002,0,0.015264,0.00024000000000000001,0.00016000000000000001,0.029322666666666667,0.009685333333333334
193791308,0.03942933333333333,0.36705599999999999,0.053760000000000002,0.14276800000000001,0.38129600000000002,0,0.00030400000000000002,0.00024533333333333335,5.3333333333333337e-06,0.014976,0.00016000000000000001
193791736,0.016192000000000002,0.27554666666666666,0.13575466666666666,0.069071999999999995,0.45169066666666668,0,0.0046560000000000004,0.00020799999999999999,7.4666666666666661e-05,0.044400000000000002,0.0024053333333333335
193792167,0.010437333333333333,0.31561066666666665,0.046922666666666668,0.080362666666666666,0.47977599999999998,0,0.0056800000000000002,4.2666666666666669e-05,2.1333333333333335e-05,0.059226666666666664,0.00192
193792888,0.008352,0.29996800000000001,0.045349333333333332,0.06649066666666667,0.47439999999999999,0,0.0048640000000000003,7.4666666666666661e-05,1.0666666666666667e-05,0.09784533333333334,0.0026453333333333333
193794600,0.015968,0.21915733333333334,0.047306666666666664,0.62853333333333339,0.007018666666666667,0.000112,0.024986666666666667,0.0066613333333333333,0.0012586666666666666,0.047802666666666667,0.0011946666666666666
193794990,0.012112,0.25157866666666667,0.17413866666666666,0.42152000000000001,0.0061173333333333331,4.2666666666666669e-05,0.050629333333333332,0.0058933333333333338,0.0036159999999999999,0.073989333333333338,0.00036266666666666668
193797926,0.058026666666666664,0.26222933333333331,0.0037759999999999998,0.66598933333333332,0.0054026666666666667,0,4.2666666666666669e-05,0.004032,6.3999999999999997e-05,0.00043733333333333336,0
193802181,0.065472000000000002,0.20644266666666666,0.019642666666666666,0.42793599999999998,0.16968533333333333,0,0.0015573333333333333,0.0018826666666666666,3.7333333333333331e-05,0.10734399999999999,0
1944634552,0.195296,0.00027733333333333332,0.34222399999999997,0.25380799999999998,0.17781866666666668,0,0.00069866666666666666,0.00013333333333333334,2.6666666666666667e-05,0.025877333333333332,0.0038400000000000001
1944634590,0.14725333333333335,0.084394666666666673,0.23183466666666666,0.12773333333333334,0.23077333333333333,0,0.0013173333333333333,0.00042666666666666667,3.1999999999999999e-05,0.16567999999999999,0.010554666666666667
195133578,0.011264,0.48150933333333334,0.013978666666666667,0.134016,0.329872,0,0.0036053333333333332,0.00012266666666666668,1.5999999999999999e-05,0.02528,0.00033599999999999998
195152065,0.13733866666666666,0.18145066666666668,0.0065013333333333329,0.6112266666666667,0.0035573333333333334,0,0.005162666666666667,0.0084480000000000006,1.0666666666666667e-05,0.046303999999999998,0
1954857953,0.45639466666666667,6.9333333333333329e-05,0.059909333333333335,0.09136533333333334,0.33672533333333332,0,0.0033706666666666668,0.00043199999999999998,0.00012799999999999999,0.040325333333333331,0.01128
1954857979,0.22964266666666666,3.1999999999999999e-05,0.104864,0.12876266666666666,0.40509333333333336,0,0.0054400000000000004,0.00049600000000000002,2.6666666666666667e-05,0.10509866666666667,0.020544
1954858007,0.045376,1.0666666666666667e-05,0.073029333333333335,0.020992,0.79885866666666672,5.3333333333333337e-06,0.00031466666666666665,3.7333333333333331e-05,3.7333333333333331e-05,0.018645333333333333,0.042693333333333333
1954858039,0.061946666666666664,5.3333333333333337e-06,0.079280000000000003,0.027738666666666665,0.66093333333333337,5.3333333333333337e-06,0.00041599999999999997,4.2666666666666669e-05,0,0.051061333333333334,0.11857066666666667
1954858057,0.20445866666666668,5.3333333333333337e-06,0.20229866666666665,0.010976,0.38534400000000002,2.6666666666666667e-05,0.00073066666666666668,0.00010133333333333333,6.9333333333333329e-05,0.037232000000000001,0.15875733333333333
1954858119,0.42916799999999999,5.3333333333333337e-06,0.19844800000000001,0.004469333333333333,0.28151466666666669,0,8.0000000000000007e-05,7.4666666666666661e-05,9.6000000000000002e-05,0.0010293333333333333,0.085114666666666672
1955158215,0.59018666666666664,0.102288,0.056906666666666668,0.065504000000000007,0.12128533333333333,0,0.00068266666666666671,0.0014346666666666668,5.8666666666666665e-05,0.055989333333333335,0.0056639999999999998
1955158259,0.70123733333333338,0.007162666666666667,0.036234666666666665,0.056154666666666665,0.10450666666666666,0,0.001088,0.0033279999999999998,0.00012799999999999999,0.087605333333333327,0.0025546666666666665
1955829324,0.42916799999999999,5.3333333333333337e-06,0.19844800000000001,0.004469333333333333,0.28151466666666669,0,8.0000000000000007e-05,7.4666666666666661e-05,9.6000000000000002e-05,0.0010293333333333333,0.085114666666666672
1955829430,0.33917333333333333,0.001488,0.29846400000000001,0.11695466666666667,0.18388266666666667,2.6666666666666667e-05,0.00010666666666666667,0.00032000000000000003,0.000112,0.018960000000000001,0.040511999999999999
1956115780,0.52249066666666666,0.00013333333333333334,0.042453333333333336,0.021653333333333333,0.36849066666666669,2.6666666666666667e-05,0.00098133333333333341,0.001024,0.00049600000000000002,0.0067733333333333335,0.035477333333333333
1956115826,0.065472000000000002,2.1333333333333335e-05,0.5028853333333333,0.0074933333333333336,0.35455466666666668,0.000176,0.00080533333333333336,0.00018133333333333334,0.00032000000000000003,0.0047306666666666669,0.06336
1956115854,0.055904000000000002,0.00045866666666666668,0.20618666666666666,0.017728000000000001,0.57800533333333337,2.6666666666666667e-05,0.00059733333333333329,0.00012266666666666668,6.9333333333333329e-05,0.037669333333333332,0.103232
2232146012,0.13213213213213212,0.019375375375375377,0.048474474474474477,0.18265465465465466,0.066582582582582581,0,0.00051051051051051054,0.0014834834834834836,0.00012012012012012012,0.40626426426426426,0.1424024024024024
2293092517,0.20876266666666668,0.17033599999999999,0.012677333333333334,0.34134399999999998,0.095930666666666664,0,0.00091200000000000005,0.01136,1.0666666666666667e-05,0.15857599999999999,9.066666666666667e-05
2293879588,0.30536000000000002,0.106368,0.065311999999999995,0.23006399999999999,0.14719466666666667,3.7333333333333331e-05,0.018858666666666666,0.012602666666666667,0.00077333333333333334,0.10808,0.0053493333333333335
2391990493,0.05666066066066066,0.43965765765765763,0.043813813813813815,0.24266066066066067,0.091177177177177174,0,0.011081081081081081,0.0035795795795795795,8.4084084084084086e-05,0.10885285285285286,0.0024324324324324323
2391991895,0.148018018018018,0.45932132132132131,0.076312312312312308,0.14272672672672673,0.075597597597597599,0,0.00090090090090090091,0.0025585585585585586,8.4084084084084086e-05,0.074270270270270264,0.02021021021021021
2392001617,0.12828228228228228,0.37170570570570571,0.20038438438438438,0.12175975975975976,0.0045885885885885887,1.8018018018018019e-05,0.0081381381381381377,0.00034234234234234234,0.00043243243243243243,0.16417417417417418,0.00017417417417417416
2392005615,0.17401201201201202,0.11868468468468468,0.17972372372372372,0.20021621621621621,0.21396996996996998,6.006006006006006e-06,0.0037837837837837837,0.0040540540540540543,0.00058858858858858859,0.087531531531531537,0.017429429429429429
2392006703,0.15697297297297297,0.45114714714714715,0.02012012012012012,0.19102102102102103,0.02007207207207207,6.006006006006006e-06,0.0059459459459459459,0.00039039039039039038,0,0.15297897897897897,0.0013453453453453454
2392010919,0.2092716049382716,0.44105555555555553,0.031265432098765429,0.16839506172839505,0.063870370370370369,6.1728395061728391e-06,0.0075987654320987651,0.0023950617283950617,0.00010493827160493828,0.075574074074074071,0.00046296296296296298
2392036795,0.37623384615384614,0.00013538461538461539,0.10788923076923077,0.50198769230769236,0.010356923076923076,0,0.00021538461538461539,0.001876923076923077,0.00070153846153846156,0.00060307692307692308,0
2392820298,0.14600600600600599,0.35397597597597596,0.084198198198198196,0.2076936936936937,0.091513513513513514,0,0.0083783783783783778,0.0012792792792792793,0.00013213213213213214,0.086942942942942941,0.01987987987987988
2392821786,0.15373053892215569,0.021425149700598802,0.050107784431137725,0.62149700598802393,0.013203592814371258,1.7964071856287426e-05,0.010023952095808383,0.00056287425149700594,2.3952095808383234e-05,0.12876646706586825,0.00064071856287425152
2392826064,0.081974110032362463,0.16761812297734627,0.36178640776699028,0.12176051779935275,0.11930744336569579,3.8834951456310678e-05,0.010504854368932039,0.0030097087378640778,0.00063430420711974109,0.12588996763754046,0.0074757281553398062
2392827886,0.17733933933933935,0.026618618618618618,0.14290690690690691,0.070606606606606601,0.51669069069069073,2.4024024024024024e-05,0.0036156156156156158,0.0015135135135135136,0.00024024024024024023,0.031213213213213215,0.029231231231231232
2392830330,0.053177177177177175,0.0059279279279279276,0.32362162162162161,0.083567567567567572,0.43138138138138138,9.0090090090090091e-05,0.0060780780780780785,0.00094894894894894896,0.00072672672672672678,0.053459459459459457,0.041021021021021023
2392833234,0.12731325301204818,0.0002710843373493976,0.50201204819277112,0.15864457831325302,0.065861445783132536,0.0031506024096385542,0.023012048192771084,8.4337349397590357e-05,0.001072289156626506,0.074102409638554217,0.044475903614457829
2392835042,0.0026761565836298934,0,0.89257651245551606,6.4056939501779363e-05,0.00086120996441281137,0.028861209964412812,5.6939501779359428e-05,0,0.015103202846975089,0,0.059800711743772245
2392835410,0.013382165605095541,0.017891719745222929,0.13383439490445859,0.41298089171974522,0.37215923566878983,0,0.00094267515923566884,3.8216560509554143e-05,0.00041401273885350318,0.047821656050955411,0.00053503184713375794
2399262243,0.067174479166666662,0.45579427083333335,0,0.29149739583333334,0.00013020833333333333,0,0.00069010416666666667,7.8125000000000002e-05,0,0.18463541666666666,0
2778834633,0.10429866666666666,0.19376533333333334,0.326656,0.18129600000000001,0.114384,0,1.0666666666666667e-05,8.5333333333333339e-05,0,0.079504000000000005,0
2778840281,0.023781333333333335,0.193552,0.021514666666666668,0.31301866666666667,0.30181866666666668,0,0.00023466666666666666,6.3999999999999997e-05,0.0005173333333333333,0.145456,4.2666666666666669e-05
2778848263,0.0034293333333333333,0.00014933333333333332,0.81552533333333332,0.024656000000000001,0.0052106666666666664,0.0039093333333333332,0.013541333333333334,0.00013333333333333334,0.00095466666666666671,0.034101333333333331,0.098389333333333329
2778861397,0.20875733333333332,0.060890666666666669,0.10909866666666666,0.13081066666666666,0.32922133333333331,0.00019733333333333332,0.0051520000000000003,0.0026826666666666665,0,0.080821333333333328,0.072368000000000002
2778867583,0.043333333333333335,0.17037866666666668,0.085856000000000002,0.17539199999999999,0.31900800000000001,5.3333333333333337e-06,0.023061333333333333,0.0039093333333333332,5.3333333333333337e-06,0.16243199999999999,0.016618666666666667
2778870073,0.083413333333333339,0.247776,0.025637333333333335,0.53864000000000001,0.062496000000000003,0,0.0065013333333333329,0.0032426666666666667,3.1999999999999999e-05,0.031968000000000003,0.00029333333333333333
2778877037,0.084954666666666664,0.008442666666666666,0.015301333333333333,0.55288000000000004,0.19788800000000001,0,0.0042986666666666668,0.004352,0,0.12628800000000001,0.0055946666666666671
2779695912,0.070143999999999998,0.0022026666666666666,0.076037333333333332,0.41512533333333335,0.22714666666666666,0,0.0028533333333333332,0.0014400000000000001,0.00018666666666666666,0.20471466666666666,0.00014933333333333332
2779697228,0.20093333333333332,0.051136000000000001,0.124608,0.33494400000000002,0.16149866666666668,1.5999999999999999e-05,0.0057546666666666666,0.0038986666666666666,6.9333333333333329e-05,0.11589866666666666,0.0012426666666666667
2779698826,0.066042666666666666,0.0062666666666666669,0.43509333333333333,0.05778133333333333,0.028752,0,0.0010826666666666667,7.4666666666666661e-05,0,0.40409600000000001,0.00081066666666666668
2779701876,0.019509333333333333,1.5999999999999999e-05,0.23883199999999999,0.19621866666666668,0.43700266666666665,0.00044799999999999999,0.010362666666666666,0.0017866666666666667,0.00012799999999999999,0.024832,0.070863999999999996
2779716348,0.053205333333333334,0.30475733333333332,0.09701866666666667,0.18745600000000001,0.25925866666666669,5.3333333333333333e-05,0.014229333333333333,0.0026293333333333333,0.00072000000000000005,0.06513066666666667,0.015541333333333334
2779729550,0.11050133333333333,0.020048,0.014501333333333333,0.37304533333333334,0.24332799999999999,0,0.016458666666666667,0.005104,8.0000000000000007e-05,0.21334933333333334,0.0035839999999999999
2779738426,0.24194133333333334,0.184832,0.032954666666666667,0.48321066666666668,0.046112,0,0.0026559999999999999,0.0018186666666666666,8.5333333333333339e-05,0.0062826666666666664,0.00010666666666666667
2779740694,0.083872000000000002,0.27542933333333336,0.080058666666666667,0.40139200000000003,0.084229333333333337,0.000192,0.018330666666666665,0.00088533333333333335,0.00093333333333333332,0.05427733333333333,0.00040000000000000002
3307350379,0.46149333333333331,0.13896,0.021936000000000001,0.30754666666666669,0.053696000000000001,0,0.00043199999999999998,0.0022079999999999999,0,0.013685333333333334,4.2666666666666669e-05
3307567251,0.018453333333333332,0.41060799999999997,0.054741333333333336,0.17913599999999999,0.026005333333333332,0,0.0017813333333333333,5.8666666666666665e-05,5.3333333333333337e-06,0.30768000000000001,0.0015306666666666667
3308185446,0.21477333333333334,0.48896000000000001,0.012224,0.26110933333333336,0.018794666666666668,5.3333333333333337e-06,1.0666666666666667e-05,0.0031093333333333333,3.1999999999999999e-05,0.00097066666666666666,1.0666666666666667e-05
3308439478,0.067295999999999995,0.19933866666666666,0.090186666666666665,0.44331199999999998,0.058533333333333333,0,0.0039093333333333332,0.0007626666666666667,2.6666666666666667e-05,0.13141333333333333,0.005221333333333333
3308441962,0.055274666666666666,0.37110399999999999,0.14731733333333333,0.22035199999999999,0.042325333333333333,0,0.011887999999999999,0.0012586666666666666,4.2666666666666669e-05,0.13460266666666668,0.015834666666666667
3309785881,0.046991999999999999,0.19525333333333333,0.18586666666666668,0.16179199999999999,0.11450666666666667,0,0.0007626666666666667,0.0022026666666666666,0.0017013333333333333,0.22844800000000001,0.062474666666666664
3309818987,0.08941866666666666,0.0016746666666666668,0.15083199999999999,0.35191466666666665,0.178512,0,0.0029759999999999999,0.0005173333333333333,1.0666666666666667e-05,0.21415466666666666,0.0099893333333333327
3309860357,0.28565866666666667,0.11882666666666666,0.063002666666666665,0.30533866666666665,0.12396799999999999,0,0.00074133333333333332,0.0071893333333333332,0.00059199999999999997,0.094682666666666665,0
3309873475,0.16667733333333334,0.014885333333333334,0.12286933333333333,0.24044266666666667,0.22083733333333333,1.5999999999999999e-05,0.0011733333333333333,0.012330666666666667,7.4666666666666661e-05,0.21255466666666667,0.0081386666666666673
3309896949,0.14725866666666668,0.16262933333333332,0.25616,0.31545600000000001,0.040949333333333331,0,5.3333333333333337e-06,0.0022720000000000001,0.00016533333333333333,0.075023999999999993,8.0000000000000007e-05
3309898393,0.15201066666666666,0.022783999999999999,0.13413333333333333,0.37435200000000002,0.08083733333333333,0.00016533333333333333,0.0068746666666666669,0.0073813333333333335,0.000112,0.20568533333333333,0.015664000000000001
3310625824,0.35703466666666667,0.071957333333333331,0.07630933333333334,0.18248533333333333,0.16789866666666667,0,0.00017066666666666668,0.0026293333333333333,6.3999999999999997e-05,0.14138133333333333,6.9333333333333329e-05
3310629850,0.32758933333333334,0.071989333333333336,0.014981333333333333,0.46657066666666669,0.044405333333333331,0,0.00041066666666666666,0.004496,0,0.06950933333333334,4.8000000000000001e-05
3317132243,0.26578666666666667,0.280144,0.046767999999999997,0.17818133333333333,0.075850666666666663,5.3333333333333337e-06,0.0061173333333333331,0.009045333333333334,0.00010666666666666667,0.12810666666666667,0.0098879999999999992
3317145289,0.335536,0.25425599999999998,0.0041866666666666667,0.27703466666666665,0.075488,0,0.00010133333333333333,0.0049386666666666667,0,0.048437333333333332,2.1333333333333335e-05
3345798108,0.1875075075075075,0.0030570570570570572,0.20764564564564564,0.38271471471471469,0.12413213213213213,0.00022222222222222223,0.0072312312312312315,0.002,0.0010750750750750751,0.035615615615615617,0.048798798798798795
3392225125,0.032772058823529411,0.40198529411764705,0.22928676470588236,0.11852205882352941,0.050926470588235295,0.00011029411764705883,0.0067720588235294114,0.00020588235294117648,8.0882352941176477e-05,0.064595588235294113,0.094742647058823529
3392228585,0.191243553008596,0.00085386819484240689,0.025398280802292263,0.62363323782234958,0.0043381088825214902,5.7306590257879659e-06,0.0081375358166189109,0.00099713467048710594,2.2922636103151864e-05,0.1445214899713467,0.00084813753581661894
3393035860,0.19032081911262799,0.17395904436860068,0.19307849829351537,0.19715358361774743,0.0075494880546075087,0.022498293515358363,0.0048873720136518774,0.00075085324232081912,2.0477815699658705e-05,0.2017679180887372,0.0080136518771331058
3393037264,0.021151724137931035,0.41426206896551726,0.1300896551724138,0.23773793103448276,0.019282758620689656,0,0.01836551724137931,0.00075172413793103449,8.2758620689655173e-05,0.15786206896551724,0.00041379310344827585
3393038960,0.075090225563909777,0.37130827067669175,0.14525563909774436,0.22505263157894737,0.04020300751879699,0.00027819548872180452,0.0040827067669172929,0.00010526315789473685,1.5037593984962406e-05,0.088293233082706771,0.05031578947368421
3393040676,0.21095918367346939,0.0044761904761904765,0.012312925170068028,0.60061904761904761,0.010238095238095239,6.1224489795918364e-05,0.016510204081632653,0.0032176870748299321,4.0816326530612245e-05,0.141156462585034,0.00040816326530612246
3396193652,0.086090592334494773,0.33390243902439026,0.28093379790940765,0.16032055749128921,0.022195121951219511,0.0002299651567944251,0.0130801393728223,0.00032752613240418117,0.00010452961672473868,0.026285714285714287,0.07652961672473868
3396194692,0.11540540540540541,0.3248738738738739,0.077801801801801795,0.37491891891891893,0.0079009009009009014,9.0090090090090095e-06,0.0076756756756756759,0.0027027027027027029,0.00012612612612612612,0.088432432432432428,0.00015315315315315317
3397107719,0.055293375394321768,0.04882018927444795,0.36806309148264982,0.39036593059936908,0.013627760252365931,0.00029022082018927446,0.020466876971608833,0.0053501577287066249,0.013343848580441641,0.084100946372239749,0.00027760252365930597
3400132921,0.11022222222222222,6.0060060060060059e-05,0.49496096096096098,0.065195195195195191,0.0044264264264264261,0,0.00045045045045045046,3.6036036036036038e-05,0.0001021021021021021,0.32452252252252251,2.4024024024024024e-05
3400934744,0.1492072072072072,3.0030030030030029e-05,0.013957957957957958,0.79667267267267272,0.001063063063063063,0.0026306306306306307,0.0017357357357357358,8.4084084084084086e-05,4.8048048048048048e-05,0.034552552552552553,1.8018018018018019e-05
3400936016,0.19899099099099099,8.4084084084084086e-05,0.012972972972972972,0.65411411411411413,0.0015255255255255255,0,0.0045165165165165161,0.00019819819819819818,1.8018018018018019e-05,0.12754354354354355,3.6036036036036038e-05
3400936956,0.02607807807807808,0.018378378378378378,0.41178978978978981,0.13351351351351351,0.013843843843843844,0.00043843843843843842,0.0058798798798798801,0.00033033033033033035,0.00033033033033033035,0.38544744744744747,0.0039699699699699701
3400937564,0.060120120120120121,0.025213213213213213,0.58146546546546551,0.10696096096096096,0.036324324324324322,0.0015375375375375375,0.016156156156156155,0.00013213213213213214,0.00045645645645645645,0.15993393393393393,0.0116996996996997
3400939280,0.01343421052631579,0,0.77846710526315788,0.022421052631578946,0.007684210526315789,0.056736842105263155,0.016921052631578948,0,0.0020592105263157897,0.011861842105263158,0.090414473684210531
3434353579,0.59849066666666662,0.028442666666666668,0.019498666666666668,0.044613333333333331,0.12608,0.000544,0.0004906666666666667,0.0023573333333333332,1.5999999999999999e-05,0.17009066666666667,0.0093760000000000007
3434356807,0.023829333333333334,0.11588266666666666,0.0082826666666666673,0.076719999999999997,0.69132800000000005,0.00022933333333333334,0.010986666666666667,0.0081759999999999992,0.00076800000000000002,0.032064000000000002,0.031733333333333336
3434358453,0.27854400000000001,0.064666666666666664,0.25205333333333335,0.19693333333333332,0.11995733333333333,0.0015893333333333334,0.015904000000000001,0.0090933333333333335,0.0077013333333333335,0.051669333333333331,0.0018879999999999999
3434361581,0.26908266666666669,0.056245333333333335,0.035487999999999999,0.252272,0.30450666666666665,0.000112,0.0049119999999999997,0.01208,0.00040000000000000002,0.05819733333333333,0.0067039999999999999
3434567667,0.16862933333333333,0.025418666666666666,0.12202666666666667,0.39310400000000001,0.174624,3.1999999999999999e-05,0.016591999999999999,0.023136,0.00054933333333333331,0.068608000000000002,0.00728
3435151964,0.34832533333333332,0.016959999999999999,0.171648,0.14558399999999999,0.18060266666666666,0.00040533333333333334,0.016373333333333333,0.010058666666666667,0.001328,0.10345600000000001,0.0052586666666666667
3435154794,0.11592533333333334,0.0068533333333333337,0.018042666666666665,0.026112,0.42977599999999999,0.0011786666666666666,0.0043039999999999997,0.0075893333333333333,0.0024746666666666667,0.36059733333333333,0.027146666666666666
3435157084,0.28095999999999999,0.15253866666666666,0.075424000000000005,0.093685333333333329,0.22815466666666667,0.0053813333333333335,0.0086026666666666664,0.0081333333333333327,0.0011039999999999999,0.137072,0.0089440000000000006
3435368358,0.25844266666666665,0.048709333333333334,0.16150933333333334,0.292128,0.090469333333333332,6.9333333333333329e-05,0.011861333333333333,0.026794666666666668,0.001072,0.10618133333333334,0.0027626666666666667
3435446916,0.15748266666666666,0.36896533333333331,0.013018666666666666,0.074314666666666668,0.36202133333333331,0,0.0011946666666666666,0.002496,3.7333333333333331e-05,0.017904,0.0025653333333333335
3435556260,0.26239466666666666,0.29103466666666666,0.025824,0.26438400000000001,0.10222933333333334,0,0.00030400000000000002,0.0088000000000000005,8.0000000000000007e-05,0.044890666666666669,5.8666666666666665e-05
3435585816,0.23696,0.12458666666666667,0.025936000000000001,0.13253866666666667,0.24274666666666667,5.3333333333333337e-06,0.007573333333333333,0.015850666666666666,0.00016533333333333333,0.20061866666666667,0.013018666666666666
3435588820,0.19212266666666666,0.16384533333333334,0.030720000000000001,0.24386133333333335,0.118448,0,0.000144,0.0061066666666666665,1.0666666666666667e-05,0.24474133333333334,0
4598224965,0.027405405405405404,0.25557357357357358,0.18004204204204205,0.24987987987987989,0.08978378378378378,1.2012012012012012e-05,0.0013813813813813814,0.0041441441441441443,0.00033633633633633635,0.19001201201201201,0.0014294294294294294
4598238923,0.023297124600638978,0,0.49061980830670926,0.34649201277955272,5.7507987220447287e-05,0,0.0025367412140575082,0,0,0.13699680511182108,0
4598239599,0.63367647058823529,0,0,0.33813529411764703,0,0,0,0,0,0.028188235294117646,0
4598243005,0.12117717717717717,0.03123123123123123,0.097591591591591587,0.54206606606606611,0.041459459459459461,6.006006006006006e-06,0.07613213213213213,0.014102102102102103,0.00040240240240240242,0.074978978978978983,0.00085285285285285287
4598244365,0.15150641025641026,0.031737179487179489,0.088717948717948719,0.40757051282051282,0.20706410256410257,0.00016666666666666666,0.01441025641025641,0.015371794871794872,0.00050641025641025642,0.078256410256410253,0.0046923076923076927
4598246565,0.11453453453453454,0.17611411411411412,0.22851651651651653,0.31687087087087085,0.032174174174174175,0,0.0042342342342342344,0.0014534534534534536,0.00012012012012012012,0.11323723723723723,0.012744744744744746
4598250239,0.42576744186046511,0,0,0.54161627906976739,0,0,0,0,0,0.03261627906976744,0
4598254147,0.24564637681159421,0.15012173913043478,0.16509565217391303,0.36613333333333331,0.010110144927536232,4.6376811594202899e-05,0.013431884057971015,0.0024405797101449277,0.00028985507246376811,0.045484057971014492,0.0011999999999999999
4598255209,0.038822822822822824,0.12828828828828828,0.31937537537537536,0.32027027027027027,0.082150150150150147,0,0.0077537537537537534,0.00042042042042042044,0,0.079747747747747746,0.023171171171171172
4598256659,0.28487087087087087,0,0,0.70018018018018013,0,0,0,0,0,0.014948948948948949,0
4598842622,0.098996996996997003,0.14022822822822822,0.18434234234234234,0.32935135135135135,0.041747747747747747,0,0.0021741741741741743,0.00557957957957958,2.4024024024024024e-05,0.19741141141141141,0.00014414414414414415
4598845104,0.053659217877094975,0,0.015854748603351954,0.84107821229050284,0.013480446927374302,0,5.5865921787709501e-06,0,0,0.075921787709497202,0
4598846818,0.02203003003003003,0.10702102102102103,0.26943543543543541,0.21037237237237238,0.085243243243243241,0.00019819819819819818,0.0042042042042042043,0.0046426426426426429,3.6036036036036038e-05,0.17508108108108109,0.12173573573573573
4598848520,0.42075520833333335,0,0,0.57089583333333338,0,0,0,0,0,0.0083489583333333332,0
4598859698,0.049183183183183182,0.1612972972972973,0.29093093093093092,0.20802402402402403,0.053813813813813817,0,0.009675675675675675,0.0075675675675675675,0.00017417417417417416,0.21440240240240241,0.0049309309309309313
4745749035,0.20888288288288287,0.051279279279279277,0.29406006006006008,0.13512912912912914,0.085885885885885888,5.4054054054054054e-05,0.0013213213213213214,0.00055255255255255253,9.0090090090090091e-05,0.22222822822822824,0.00051651651651651647
4745763089,0.14015015015015014,0.014900900900900901,0.017789789789789789,0.14830630630630631,0.55404804804804808,3.0030030030030029e-05,0.0087867867867867863,0.0026126126126126128,0.00025225225225225225,0.072792792792792799,0.04033033033033033
4745768037,0.24686103542234333,0.063460490463215252,0.15720980926430517,0.023673024523160762,0.20277929155313351,0.081193460490463221,0.016239782016348774,0.01171117166212534,0.088959128065395091,0.032021798365122617,0.075891008174386917
4745825323,0.21836036036036036,0.53134534534534539,0.0078738738738738743,0.019327327327327327,0.0071291291291291289,0.0081561561561561569,0.017129129129129127,0.17213213213213213,0.0044984984984984986,0.0051351351351351347,0.0089129129129129122
4745834327,0.97449849849849846,0.00030030030030030029,0.0091051051051051057,0,0.00015015015015015014,0.0047027027027027029,0.00012612612612612612,0.0011711711711711711,0.00046246246246246244,0.00058258258258258254,0.0089009009009009005
4745838465,0.86926726726726722,6.006006006006006e-06,0.069015015015015016,1.2012012012012012e-05,0.001015015015015015,0.02631831831831832,6.006006006006006e-06,1.2012012012012012e-05,0.0088348348348348347,7.2072072072072076e-05,0.025441441441441441
4745842759,0.77296096096096101,0.0023303303303303302,0.10112312312312312,2.4024024024024024e-05,0.003171171171171171,0.021681681681681681,0.00017417417417417416,0.0047627627627627629,0.063483483483483483,0.0037417417417417416,0.026546546546546545
4746343456,0.082935251798561149,0.055458033573141489,0.025568345323741005,0.50127098321342922,0.047203836930455635,0,0.030930455635491606,0.00063309352517985614,4.3165467625899284e-05,0.24764988009592326,0.0083069544364508391
4746349218,0.070684684684684682,0.13687687687687689,0.065213213213213217,0.17724924924924926,0.22461261261261262,0,0.014882882882882883,0.00031831831831831832,4.2042042042042043e-05,0.30767567567567566,0.0024444444444444444
4746366668,6.006006006006006e-06,0,0.95926126126126121,0.00015015015015015014,0.00064864864864864862,0.016636636636636636,0.003171171171171171,0,0.003033033033033033,0.0057477477477477475,0.011345345345345346
4746393844,0.022612612612612614,7.2072072072072076e-05,0.10295495495495495,0.66206006006006002,0.039705705705705703,0,0.024282282282282283,0.00012612612612612612,0,0.14787387387387388,0.00031231231231231232
4746416920,0.035813813813813815,0.12166366366366366,0.01612012012012012,0.22763363363363365,0.22172972972972974,0,0.00052852852852852857,0.00011411411411411411,0.00018618618618618617,0.3762042042042042,6.006006006006006e-06
4746428890,0.07816816816816817,0.031981981981981981,0.14086486486486485,0.35905105105105106,0.24451651651651651,0.00016216216216216215,0.036990990990990992,0.0015135135135135136,0.00024024024024024023,0.10592192192192192,0.00058858858858858859
4746434804,0.1308048048048048,0.019501501501501501,0.066162162162162155,0.32073273273273273,0.15682282282282281,0.0066426426426426429,0.018462462462462463,0.0041201201201201201,0.0084204204204204203,0.26416216216216215,0.0041681681681681685
4746470290,0.61786786786786785,0.076936936936936942,0.058570570570570572,0.021549549549549549,0.028108108108108109,0.0036876876876876879,0.0035375375375375374,0.0077777777777777776,0.00021021021021021022,0.016204204204204205,0.16554954954954956
5096278363,0.15831466666666666,0.048607999999999998,0.011541333333333334,0.24479999999999999,0.35262933333333335,0,0.014512000000000001,0.029568000000000001,0.000464,0.13601066666666667,0.003552
5096278783,0.17467632850241546,0.061618357487922708,0.15697101449275364,0.33084541062801931,0.070700483091787433,0.00014009661835748792,0.0476280193236715,0.018927536231884059,0.0028309178743961354,0.1338695652173913,0.0017922705314009661
5096278947,0.24736533333333333,0.0084746666666666668,0.29385066666666665,0.302672,0.041834666666666666,1.5999999999999999e-05,0.0083413333333333325,0.0029546666666666666,0.00015466666666666667,0.094095999999999999,0.00024000000000000001
5096279109,0.16555614973262031,0.013620320855614973,0.065513368983957224,0.6174331550802139,0.026689839572192512,0,0.002352941176470588,0.002679144385026738,0,0.10611229946524064,4.2780748663101606e-05
5096280907,0.089349333333333336,0.20848533333333333,0.17561599999999999,0.17310933333333334,0.12946666666666667,8.0000000000000007e-05,0.0026559999999999999,0.0020586666666666665,0.00042666666666666667,0.19683200000000001,0.021919999999999999
5096285041,0.20218666666666665,0.013221333333333333,0.066901333333333327,0.27848533333333331,0.062895999999999994,6.9333333333333329e-05,0.024330666666666667,0.023941333333333332,0.00035733333333333331,0.32119999999999999,0.0064106666666666669
5096285773,0.18789333333333333,0.064383999999999997,0.08166933333333333,0.22107199999999999,0.25894400000000001,0.00028800000000000001,0.029818666666666667,0.013141333333333333,0.00097599999999999998,0.13944000000000001,0.0023733333333333332
5096294117,0.033397333333333334,0.53226666666666667,0.0077600000000000004,0.026682666666666667,0.30751466666666666,1.0666666666666667e-05,0.00064533333333333337,0.00019733333333333332,0.000112,0.030469333333333334,0.060943999999999998
5096874748,0.089563451776649747,0.44422842639593907,0.0059492385786802026,0.12326903553299492,0.28830964467005077,0,0.0013248730964467005,0.00078680203045685283,5.0761421319796953e-06,0.046238578680203049,0.0003248730964467005
5096875304,0.11922133333333333,0.057514666666666665,0.14996799999999999,0.29060799999999998,0.11298133333333334,0.0018666666666666666,0.017477333333333334,0.042453333333333336,0.0047946666666666667,0.20081599999999999,0.0022986666666666667
5096878246,0.20021002386634845,0.19860620525059666,0.033460620525059666,0.3465489260143198,0.16364200477326968,0,0.0047016706443914081,0.00060143198090692126,3.8186157517899762e-05,0.051446300715990455,0.0007446300715990453
5096878634,0.1404,0.050106666666666667,0.029626666666666666,0.53301333333333334,0.039477333333333336,8.0000000000000007e-05,0.039295999999999998,0.036842666666666669,0.00014933333333333332,0.129968,0.0010399999999999999
5096879628,0.093578666666666671,0.31309866666666669,0.04021333333333333,0.43025600000000003,0.015530666666666667,0,0.0050239999999999998,0.00034666666666666667,1.5999999999999999e-05,0.10059733333333333,0.0013386666666666666
5096883078,0.17269333333333334,0.020799999999999999,0.099610666666666667,0.33004266666666665,0.15848533333333334,0.000224,0.0037759999999999998,0.0046666666666666671,4.2666666666666669e-05,0.204816,0.004842666666666667
5096883348,0.17702933333333334,0.020581333333333333,0.068783999999999998,0.38645333333333332,0.16322666666666666,0.00012266666666666668,0.004469333333333333,0.0057173333333333329,6.9333333333333329e-05,0.166912,0.0066346666666666663
5554064683,0.041429429429429426,0.19563963963963965,0.12604204204204203,0.043615615615615617,0.25222222222222224,0.0071411411411411415,0.00099099099099099106,0.00023423423423423424,0.0025465465465465465,0.22332132132132132,0.10681681681681682
5554064741,0.10945945945945947,0.022936936936936936,0.39617417417417417,0.05204204204204204,0.30887687687687687,0.008276276276276277,0.0067207207207207204,0.0040060060060060059,0.022504504504504506,0.021963963963963964,0.047039039039039041
5554064813,0.16533333333333333,0.14500300300300301,0.18917117117117116,0.23303303303303302,0.19681081081081081,4.8048048048048048e-05,0.0016936936936936937,0.00064864864864864862,0.0002042042042042042,0.065447447447447446,0.0026066066066066066
5554065147,0.024772455089820358,2.3952095808383234e-05,0.41210179640718564,0.0046526946107784432,0.073365269461077839,0.11429940119760479,0.0022335329341317367,0.00022754491017964071,0.036910179640718563,0.0052994011976047906,0.32611377245508982
5554065419,0.10117117117117116,0.17958558558558557,0.24652852852852852,0.061975975975975976,0.063573573573573572,0.029573573573573573,0.0032312312312312314,0.0018378378378378379,0.060624624624624625,0.028792792792792794,0.22310510510510512
5554065539,0.024042042042042043,0.20260660660660659,0.0404024024024024,0.03499099099099099,0.037891891891891891,0.0046966966966966971,0.0029189189189189188,0.0018318318318318318,0.0036576576576576579,0.24302702702702703,0.40393393393393395
5554065599,0.36463063063063061,0.039693693693693695,0.3376276276276276,0.036804804804804803,0.0489009009009009,0.028606606606606605,0.0008708708708708709,0.00021621621621621621,0.00387987987987988,0.060564564564564563,0.078204204204204208
5554065737,0.12903903903903904,0.53045645645645645,0.092570570570570568,0.030084084084084084,0.03548948948948949,0.042606606606606603,0.029213213213213213,0.0077897897897897901,0.065315315315315314,0.014912912912912912,0.022522522522522521
5554066051,0.1799099099099099,0.34454054054054056,0.19145945945945947,0.021345345345345344,0.026354354354354355,0.071477477477477472,0.015699699699699698,0.0039459459459459459,0.038186186186186188,0.0060540540540540543,0.10102702702702702
5554649384,0.033609609609609611,0.057177177177177178,0.54316516516516522,0.058054054054054054,0.010804804804804806,0.0066726726726726729,0.0027327327327327329,5.4054054054054054e-05,0.0031771771771771772,0.27016216216216216,0.01439039039039039
5554649466,0.042660660660660661,0.25347747747747745,0.16436036036036036,0.10367567567567568,0.031021021021021021,0.10206006006006006,0.0010870870870870871,6.6066066066066071e-05,0.00082282282282282286,0.073897897897897899,0.22687087087087088
5554649508,0.020732732732732732,0.25484684684684683,0.33411411411411412,0.059357357357357358,0.0065705705705705704,0.012198198198198198,0.0013693693693693693,0.00015015015015015014,0.0018018018018018018,0.10923723723723723,0.19962162162162161
5554650108,0.064408408408408405,0.0001021021021021021,0.72254054054054051,0.010678678678678678,0.042534534534534534,0.0071111111111111115,0.0040960960960960959,0.00012612612612612612,0.028150150150150152,0.057729729729729728,0.062522522522522522
5554650356,0.14548348348348347,0.32216216216216215,0.18103903903903903,0.023201201201201203,0.025705705705705705,0.073309309309309303,0.016870870870870872,0.0094714714714714716,0.036570570570570574,0.0070150150150150147,0.15917117117117116
5554650428,0.1020900900900901,0.43619819819819822,0.15291891891891893,0.013945945945945946,0.030222222222222223,0.058660660660660661,0.012150150150150149,0.0033453453453453452,0.030168168168168169,0.0083783783783783778,0.15192192192192192
5601664567,0.10113066666666666,0.070496000000000003,0.16737066666666667,0.36867733333333336,0.23597866666666667,4.2666666666666669e-05,0.0094506666666666662,0.011525333333333334,6.9333333333333329e-05,0.028431999999999999,0.0068266666666666666
5602248226,0.060429561200923784,0.07671131639722864,0.25194919168591223,0.26878521939953809,0.24902078521939955,0.00021247113163972285,0.01133487297921478,0.0042771362586605079,2.7713625866050809e-05,0.056914549653579678,0.02033718244803695
5604422261,0.10400533333333334,0.14760000000000001,0.10438933333333333,0.15939733333333334,0.023450666666666668,0.0024266666666666668,0.143264,0.039045333333333335,0.10063999999999999,0.13891200000000001,0.03686933333333333
5604423185,0.13725906735751295,0.052699481865284975,0.12055440414507772,0.31211917098445596,0.27512953367875648,0.0026321243523316062,0.044077720207253888,0.019005181347150259,0.014953367875647668,0.011160621761658031,0.010409326424870467
5605009338,0.11204799999999999,0.052309333333333333,0.22662933333333332,0.15196799999999999,0.29680000000000001,0.0022453333333333331,0.021936000000000001,0.022415999999999998,0.010768,0.095013333333333339,0.0078666666666666659
5611681967,0.043147208121827409,0.20655329949238579,0.047695431472081218,0.32966497461928934,0.29788832487309647,0,0.0011878172588832487,0.0018375634517766497,0.00089847715736040613,0.0710761421319797,5.0761421319796953e-05
5611687251,0.077834666666666663,0.0084639999999999993,0.10058666666666667,0.73542933333333338,0.025669333333333332,0,0.0061760000000000001,0.0036319999999999998,0.00025066666666666667,0.041674666666666665,0.00028266666666666669
5612266992,0.15936,0.011301333333333333,0.042026666666666664,0.71532266666666666,0.032842666666666666,0,0.0012373333333333333,0.0066293333333333334,2.1333333333333335e-05,0.031221333333333334,3.7333333333333331e-05
5612267858,0.043810945273631843,0.0030945273631840797,0.10875124378109453,0.77831343283582088,0.013621890547263682,0,0.0074278606965174129,0.0036766169154228857,8.4577114427860701e-05,0.040915422885572136,0.00030348258706467659
5612270238,0.19537066666666666,0.10932799999999999,0.076485333333333336,0.5444053333333333,0.037850666666666664,0,0.00024533333333333335,0.0015466666666666667,0,0.034741333333333332,2.6666666666666667e-05
5617737535,0.055809523809523809,0.26491609977324265,0.067301587301587307,0.44083446712018143,0.077623582766439908,0,0.0021315192743764171,0.0031065759637188208,0.0037596371882086168,0.084439909297052154,7.709750566893424e-05
5617739573,0.10034383954154728,0.32714613180515761,0.043541547277936965,0.44176504297994268,0.057249283667621775,0,5.7306590257879659e-06,0.00030945558739255017,5.7306590257879659e-06,0.02963323782234957,0
5618322370,0.075247999999999995,0.31896533333333332,0.098575999999999997,0.34390399999999999,0.050405333333333337,0,0.00052266666666666661,0.00060800000000000003,3.1999999999999999e-05,0.11173866666666667,0
5618323622,0.30830933333333332,0,0,0.43797866666666668,0,0,0,0,0,0.25371199999999999,0
5618324404,0.13187412587412586,0.44631701631701631,0.048839160839160838,0.33555244755244756,0.028750582750582749,0,6.5268065268065271e-05,0.0014032634032634032,0,0.0071701631701631702,2.7972027972027973e-05
5801467175,0.0009792284866468842,1.7804154302670624e-05,0.21642136498516321,0.00035608308605341248,0,0.081584569732937692,0.33641543026706233,0.0064332344213649849,0.35778635014836796,0,5.934718100890208e-06
5801467771,0.00029585798816568048,0,0.11082248520710059,0,5.9171597633136094e-06,0.11870414201183432,0.0077692307692307696,0.0056094674556213019,0.75679289940828398,0,0
6262100823,0.084964539007092194,0.24469503546099292,0.077418439716312057,0.13753191489361702,0.16481560283687943,0.00045390070921985816,0.011205673758865248,0.029624113475177304,0.052695035460992905,0.19521985815602838,0.0013758865248226951
6262107581,0.10071378091872792,0.20946289752650177,0.068197879858657245,0.09827561837455831,0.28887632508833921,0.002,0.049625441696113076,0.10836749116607775,0.067024734982332149,0.0060000000000000001,0.0014558303886925796
6262627314,0.52528825622775799,0.038306049822064057,0.10750889679715303,0.077615658362989323,0.12172953736654804,0,0.00088967971530249106,0.0087330960854092518,0.031103202846975091,0.088825622775800708,0
6262628206,0.35130249110320283,0.046370106761565839,0.10138790035587189,0.051473309608540928,0.13933096085409252,6.4056939501779363e-05,0.0053950177935943059,0.020320284697508895,0.042049822064056941,0.24222775800711743,7.829181494661922e-05
6262631762,0.13359430604982206,0.2926120996441281,0.046576512455516014,0.11553736654804271,0.10864768683274022,0.00047686832740213522,0.045629893238434166,0.16221352313167259,0.037416370106761569,0.055871886120996445,0.0014234875444839859
6274407641,0.1205748502994012,0.32863473053892217,0.055431137724550897,0.060706586826347303,0.28518562874251496,6.5868263473053894e-05,0.00083832335329341316,0.015556886227544911,0.00095808383233532933,0.13198203592814373,6.5868263473053894e-05
6274408823,0.1354251497005988,0.29702994011976047,0.046305389221556886,0.15940718562874251,0.25431137724550901,1.7964071856287426e-05,0.00067664670658682631,0.012964071856287425,0.00056886227544910184,0.092634730538922155,0.00065868263473053891
6274411655,0.30896716417910447,0.041641791044776118,0.057880597014925372,0.25123582089552238,0.06053134328358209,0,0.00075820895522388059,0.023385074626865673,4.7761194029850745e-05,0.25499701492537313,0.00055522388059701488
6274412785,0.35394011976047907,0.020880239520958084,0.078634730538922157,0.11549101796407185,0.035479041916167665,0,0.00028742514970059882,0.0078143712574850303,0.00017964071856287425,0.38726347305389219,2.9940119760479042e-05
6274414743,0.35105988023952095,0.013443113772455089,0.094227544910179636,0.19537125748502995,0.014131736526946107,0,0.00038323353293413174,0.010748502994011975,0.00031736526946107786,0.31937125748502992,0.00094610778443113774
6274415699,0.25616766467065866,0.029772455089820359,0.072634730538922151,0.01829940119760479,0.025592814371257485,0,0,0.002874251497005988,0,0.5946047904191617,5.3892215568862272e-05
6274417245,0.28124924924924927,0.0044324324324324328,0.08516516516516516,0.065351351351351353,0.036810810810810814,0,0.00023423423423423424,0.011573573573573574,6.6066066066066071e-05,0.51375975975975974,0.0013573573573573573
6274420141,0.31791616766467068,0.055886227544910183,0.12876646706586825,0.16946706586826346,0.063640718562874246,5.9880239520958085e-06,0.011461077844311378,0.048359281437125749,0.00090419161676646704,0.19968263473053893,0.003910179640718563
6274423779,0.12093693693693694,0.023765765765765764,0.056210210210210207,0.26064264264264264,0.14743543543543544,6.0060060060060059e-05,0.086402402402402406,0.20703303303303303,0.0012732732732732733,0.092534534534534529,0.0037057057057057058
6274935598,0.20183832335329341,0.012467065868263473,0.072958083832335333,0.3912754491017964,0.016526946107784431,0,0.0044131736526946104,0.019401197604790418,0.0003532934131736527,0.2806047904191617,0.00016167664670658683
6279892153,0.24205405405405406,0.25745945945945947,0.046594594594594592,0.36072672672672673,0.0067807807807807804,6.006006006006006e-06,0.007339339339339339,0.00040240240240240242,9.0090090090090091e-05,0.078036036036036038,0.00051051051051051054
6279907527,0.1256096096096096,0.0003783783783783784,0.037279279279279279,0.80049249249249255,0.0037717717717717716,0,0.00190990990990991,0.0010570570570570571,1.2012012012012012e-05,0.029489489489489488,0
6279910199,0.13887687687687689,0.00051051051051051054,0.15503903903903904,0.37433033033033031,0.0099339339339339344,3.0030030030030029e-05,0.066288288288288283,0.00088888888888888893,0.00066666666666666664,0.25201201201201201,0.0014234234234234233
6279953711,0.15553753753753755,0.0018318318318318318,0.070966966966966971,0.50816816816816812,0.041543543543543546,0,0.0015195195195195196,0.00082282282282282286,2.4024024024024024e-05,0.2188048048048048,0.00078078078078078076
6279965095,0.2392072072072072,4.2042042042042043e-05,0.13070270270270271,0.43354354354354352,0.0043423423423423427,3.6036036036036038e-05,0.066588588588588585,0.0038858858858858859,0.00027027027027027027,0.12101501501501502,0.00036636636636636636
6279969201,0.28308708708708707,0.011447447447447447,0.027369369369369369,0.25439039039039041,0.12296696696696696,3.0030030030030029e-05,0.012294294294294295,0.014738738738738738,0.00080480480480480483,0.26137537537537536,0.011495495495495495
6280417560,0.10779579579579579,0.12715915915915915,0.1664144144144144,0.27036636636636635,0.063825825825825827,0.00014414414414414415,0.083909909909909916,0.021969969969969971,0.0056036036036036033,0.1503903903903904,0.0024204204204204202
6280420766,0.19997597597597597,0.10311111111111111,0.013465465465465466,0.53501501501501503,0.01947147147147147,0,0.0034954954954954957,0.01923123123123123,0.00016816816816816817,0.10544744744744745,0.0006186186186186186
6280469142,0.32612012012012009,0.010102102102102103,0.022084084084084084,0.20200000000000001,0.25673273273273273,0.00014414414414414415,0.027297297297297296,0.012612612612612612,0.00063663663663663663,0.14116516516516517,0.0011051051051051051
6280492506,0.12324324324324325,0.00061261261261261267,0.18025825825825825,0.63879879879879875,0.028510510510510512,0,0.0063663663663663661,0.011831831831831832,1.2012012012012012e-05,0.010366366366366366,0
6280493848,0.020438438438438438,0,0.68993393393393398,0.2450870870870871,0.042006006006006007,0,0.00068468468468468467,6.006006006006006e-06,6.006006006006006e-06,0.00093093093093093093,0.00090690690690690696
6280499600,0.051435435435435432,0.008492492492492492,0.18217417417417417,0.329975975975976,0.05294894894894895,0.00039039039039039038,0.15955555555555556,0.0064444444444444445,0.0023723723723723723,0.19892492492492492,0.0072852852852852857
6280505010,0.29897897897897896,0.0031111111111111109,0.046402402402402405,0.40657057057057056,0.090258258258258256,0,0.016468468468468469,0.0086606606606606604,0.00052852852852852857,0.12886486486486487,0.00015615615615615616
6280510878,0.41588588588588588,0.00042642642642642644,0.20553153153153153,0.12044444444444445,0.033375375375375375,0.00015015015015015014,0.043195195195195192,0.0095615615615615608,0.018888888888888889,0.15161561561561562,0.00092492492492492488
6280549492,0.36603603603603602,0.00018618618618618617,0.036384384384384384,0.48836636636636638,0.0044564564564564561,0,0.019327327327327327,0.0039579579579579575,0.00012012012012012012,0.081159159159159153,6.006006006006006e-06
680202635,0.027429429429429428,0.0078138138138138143,0.18971771771771773,0.20627027027027028,0.099057057057057057,0,0.0063783783783783786,0.001099099099099099,1.8018018018018019e-05,0.44544744744744746,0.016768768768768767
680290015,0.11614414414414415,0.14519519519519519,0.19225825825825826,0.26663663663663661,0.12762762762762764,3.0030030030030029e-05,0.0031111111111111109,0.00022222222222222223,0.00025825825825825824,0.11662462462462463,0.031891891891891892
680313683,0.00018018018018018018,0,0.29713513513513512,0,5.4054054054054054e-05,0.28712912912912913,0,0,0.0002882882882882883,0,0.41521321321321319
680394297,0.12082282282282282,0.00042042042042042044,0.0098018018018018026,0.635045045045045,0.089357357357357364,0,0.00018618618618618617,0.00055255255255255253,0,0.14381381381381381,0
680419277,0.14989189189189189,0.014846846846846846,0.44614414414414416,0.13818618618618619,0.17036636636636637,0.0010030030030030029,0.0055735735735735733,0.0053333333333333332,0.00019819819819819818,0.054102102102102104,0.014354354354354355
680827502,0.04088288288288288,6.006006006006006e-06,0.43129729729729732,0.26066666666666666,0.0032852852852852852,0,0.18559759759759759,0.00012012012012012012,0.044228228228228229,0.033915915915915917,0
681114448,0.026258258258258258,1.2012012012012012e-05,0.098102102102102101,0.29658258258258258,0.51953153153153153,0,0.0009129129129129129,0,0,0.044954954954954954,0.013645645645645646
681202774,0.17984384384384383,4.2042042042042043e-05,0.023153153153153153,0.37295495495495495,0.05891291291291291,0,6.6066066066066071e-05,0,0,0.36446246246246244,0.00056456456456456452
681206440,0.14136936936936936,8.4084084084084086e-05,0.0089309309309309314,0.50496696696696697,0.039387387387387389,0,4.8048048048048048e-05,6.006006006006006e-06,0,0.30466666666666664,0.00054054054054054055
681223248,0.029735735735735735,0,0.28466066066066065,0.38744144144144144,0.14653453453453452,6.006006006006006e-06,0.0021801801801801801,0.00012012012012012012,0,0.086738738738738733,0.062582582582582577
681301346,0.047237237237237238,0.00017417417417417416,0.20344144144144144,0.18971171171171172,0.16751351351351351,9.6096096096096097e-05,0.00051651651651651647,6.006006006006006e-06,1.2012012012012012e-05,0.36919519519519517,0.022096096096096095
681317936,0.07627627627627627,0.0018018018018018018,0.04694294294294294,0.44866066066066068,0.14459459459459459,0,0.00013213213213213214,0.0015735735735735736,0,0.2136816816816817,0.06633633633633633
681321254,0.096210210210210215,0.00054654654654654659,0.068954954954954961,0.1739099099099099,0.066168168168168173,1.8018018018018019e-05,0.00016816816816816817,4.8048048048048048e-05,0.00011411411411411411,0.42422822822822825,0.16963363363363362
6891536334,0.25453900709219857,0.076936170212765956,0.23392907801418439,0.18058156028368794,0.122177304964539,0.00034042553191489364,0.0077588652482269505,0.00059574468085106384,7.0921985815602836e-05,0.1130709219858156,0.01
6891537864,0.097950177935943059,0.013110320284697509,0.17660498220640569,0.37749466192170816,0.10232740213523131,0,0.0023416370106761567,0.00045551601423487542,0,0.2267544483985765,0.0029608540925266905
6891540298,0.053553719008264465,0.1992396694214876,0.088528925619834706,0.2414710743801653,0.037413223140495867,0,0.006677685950413223,0,0,0.36780991735537188,0.0053057851239669421
6891541216,0.057302491103202846,0.23198576512455515,0.040903914590747333,0.44296085409252667,0.049345195729537369,0,0.013736654804270462,4.2704626334519571e-05,4.98220640569395e-05,0.16141637010676158,0.0022562277580071175
6891541374,0.13980071174377223,0.36644839857651246,0.039743772241992881,0.1945338078291815,0.01493238434163701,0,0.002690391459074733,0.00021352313167259787,0,0.24155160142348756,8.5409252669039142e-05
6891541568,0.046967971530249113,0.26118861209964411,0.14815658362989323,0.23027046263345197,0.12582206405693949,0,0.00034875444839857652,7.1174377224199285e-05,0,0.17283274021352313,0.014341637010676157
6891542100,0.073224913494809682,0.32875432525951559,0.195840830449827,0.094602076124567475,0.06579238754325259,0.00028373702422145329,0.01128719723183391,0.0033287197231833912,0.0044290657439446371,0.17849134948096887,0.043965397923875431
7037628693,0.34546619217081853,0.13372953736654805,0.11046975088967971,0.22558718861209964,0.090811387900355867,9.9644128113878999e-05,0.0005266903914590747,0.0019644128113879005,7.1174377224199285e-05,0.090533807829181495,0.00074021352313167262
7037629487,0.066932384341637008,0.029359430604982206,0.13048398576512454,0.32574377224199286,0.26780071174377224,0,0.026875444839857651,0.0047758007117437726,7.1174377224199285e-06,0.14737366548042705,0.00064768683274021356
7037630201,0.11318149466192171,0.085708185053380778,0.10606405693950179,0.45528113879003557,0.06708185053380783,0,0.0032384341637010676,0.00013523131672597865,0,0.15839145907473309,0.01091814946619217
7037631309,0.10483985765124555,0.1947544483985765,0.14052669039145907,0.24533807829181495,0.041188612099644126,0,0.020370106761565837,0.00012099644128113879,0,0.25084697508896797,0.00201423487544484
7037631873,0.083553191489361703,0.0065673758865248226,0.21143262411347519,0.20172340425531915,0.39956028368794327,0,0.0022340425531914895,0.0016808510638297873,3.5460992907801418e-05,0.018035460992907801,0.075177304964539005
7037633887,0.16483985765124556,0.069060498220640573,0.23340213523131673,0.10817081850533808,0.12548754448398577,0.026007117437722421,0.050256227758007116,0.028661921708185052,0.083373665480427045,0.084946619217081853,0.02579359430604982
7037637227,0.040661921708185056,0.22843416370106762,0.17729537366548043,0.12901779359430604,0.17745907473309608,7.1174377224199285e-05,0.0065693950177935943,0.00096085409252669044,0.00046263345195729537,0.23283985765124554,0.0062277580071174376
7037637371,0.10769395017793594,0.048327402135231318,0.14770818505338079,0.27677580071174379,0.27845551601423485,0.0083843416370106769,0.014882562277580072,0.012619217081850534,0.015537366548042705,0.083914590747330958,0.0057010676156583626
8263917479,0.090058666666666662,0.0078239999999999994,0.21047466666666667,0.066512000000000002,0.27135999999999999,0.0053706666666666668,0.030911999999999999,0.0053119999999999999,0.098917333333333329,0.20349866666666666,0.0097599999999999996
8263920145,0.18850133333333333,0.0050080000000000003,0.060165333333333335,0.25100800000000001,0.29205333333333333,0,0.00011733333333333333,0.0021066666666666668,0,0.20090666666666668,0.00013333333333333334
8263922931,0.28832000000000002,0.021440000000000001,0.015935999999999999,0.39393066666666665,0.050720000000000001,0,2.6666666666666667e-05,0.0031413333333333332,0,0.22635733333333333,0.00012799999999999999
8263939731,0.11504533333333333,0.010181333333333334,0.031098666666666667,0.7296853333333333,0.033397333333333334,0,0.0035466666666666667,0.00081599999999999999,5.3333333333333337e-06,0.07557333333333334,0.00065066666666666669
8263945135,0.179808,0.010304000000000001,0.17893866666666666,0.32389866666666667,0.064090666666666671,0,0.0047093333333333336,0.0017493333333333334,5.8666666666666665e-05,0.23400533333333334,0.0024373333333333335
8263963365,0.13421866666666665,0.44996799999999998,0.089471999999999996,0.23119466666666666,0.069738666666666671,0,0.0019840000000000001,0.000544,0.0005706666666666667,0.022101333333333334,0.00020799999999999999
8263965931,0.36906133333333335,0.0061226666666666669,0.030485333333333333,0.33754666666666666,0.074927999999999995,0,0.010031999999999999,0.00085866666666666665,0,0.17068266666666668,0.00028266666666666669
8263968081,0.41115733333333332,0.0021066666666666668,0.020197333333333334,0.21484266666666665,0.028879999999999999,0,6.3999999999999997e-05,0.0011733333333333333,0,0.32147733333333334,0.00010133333333333333
8263975989,0.41722666666666669,0.029776,0.022304000000000001,0.19005866666666665,0.016170666666666667,0,5.3333333333333337e-06,0.00020799999999999999,0,0.31854399999999999,0.0057066666666666663
8263978315,0.27014933333333335,0.20894933333333332,0.15801066666666666,0.083877333333333332,0.044629333333333333,0,0,0.00013333333333333334,0,0.23396800000000001,0.00028266666666666669
8264997786,0.12195733333333333,0.017370666666666666,0.032490666666666668,0.41796800000000001,0.23050133333333334,0,0.000224,0.001088,2.6666666666666667e-05,0.17757866666666666,0.00079466666666666672
8265039974,0.17574400000000001,0.16248533333333334,0.022965333333333334,0.53510400000000002,0.026810666666666667,0,0.00060800000000000003,0.00066666666666666664,5.3333333333333337e-06,0.074368000000000004,0.0012426666666666667
8265042836,0.17574933333333334,0.014901333333333334,0.060117333333333335,0.49485333333333331,0.144672,0,0.00026133333333333331,0.0025333333333333332,0.00012799999999999999,0.068320000000000006,0.038463999999999998
8265049954,0.099317333333333327,0.15843199999999999,0.05383466666666667,0.24707733333333334,0.31333866666666665,5.3333333333333333e-05,9.6000000000000002e-05,0.00015466666666666667,0.00087466666666666671,0.12262933333333334,0.0041920000000000004
8265051998,0.26875733333333335,0.011024000000000001,0.07243733333333334,0.19797333333333333,0.10680533333333334,0,0,3.7333333333333331e-05,0,0.34029866666666669,0.0026666666666666666
9617659901,0.19845866666666667,0.22662933333333332,0.13589866666666667,0.18272533333333332,0.13082133333333335,5.3333333333333333e-05,0.010255999999999999,0.0042880000000000001,0.00047466666666666669,0.018293333333333335,0.092101333333333327
9617660115,0.083178666666666665,0.18483733333333333,0.037610666666666667,0.090373333333333333,0.33921066666666666,0,0.030533333333333332,0.0014133333333333333,7.4666666666666661e-05,0.213952,0.018815999999999999
9617661329,0.47878933333333334,0.016320000000000001,0.115856,0.10772266666666666,0.21692800000000001,0,0.013514666666666666,0.010842666666666667,0.00042666666666666667,0.038842666666666664,0.00075733333333333338
9617662087,0.16067733333333334,0.0031199999999999999,0.70350400000000002,0.042256000000000002,0.0073813333333333335,0.0014613333333333334,0.038752000000000002,0.00065600000000000001,0.0031359999999999999,0.034874666666666665,0.0041813333333333329
9617662393,0.19334399999999999,0.015349333333333333,0.27739733333333333,0.088202666666666665,0.28399466666666667,0.00019733333333333332,0.026501333333333332,0.004986666666666667,0.0092906666666666658,0.092938666666666669,0.0077973333333333332
9617662661,0.34981866666666667,0.041162666666666667,0.077829333333333334,0.26557333333333333,0.17732800000000001,0,0.0075786666666666667,0.0040000000000000001,1.5999999999999999e-05,0.073978666666666665,0.0027146666666666669
9617663181,0.15628266666666665,0.022928,0.087999999999999995,0.38696000000000003,0.036991999999999997,0,0.062848000000000001,0.035594666666666663,0.000144,0.20988266666666666,0.000368
9617663457,0.099215999999999999,0.10341866666666667,0.015952000000000001,0.32105066666666665,0.20598933333333333,0,0.014213333333333333,0.010618666666666667,0.000144,0.22757866666666668,0.0018186666666666666
9617664129,0.59470933333333331,0.15133333333333332,0.0038986666666666666,0.11308799999999999,0.018549333333333334,0,1.0666666666666667e-05,0.0036213333333333332,0.00034133333333333335,0.11444799999999999,0
9620896452,0.29667199999999999,0.19009599999999999,0.050117333333333333,0.17635733333333334,0.085573333333333335,0,0.011466666666666667,0.0033279999999999998,8.0000000000000007e-05,0.18629866666666667,1.0666666666666667e-05
9620896664,0.17504533333333333,0.62437333333333334,0.010106666666666667,0.11448,0.00088000000000000003,0,0.0007626666666666667,0.0044479999999999997,1.5999999999999999e-05,0.069888000000000006,0
9620897724,0.13545599999999999,0.34739733333333334,0.0067093333333333336,0.026032,0.35538666666666668,5.3333333333333337e-06,0.0011626666666666667,0.0022079999999999999,0.00061866666666666667,0.12499733333333334,2.6666666666666667e-05
9620898086,0.12663466666666667,0.020416,0.126272,0.31104533333333334,0.15409600000000001,1.0666666666666667e-05,0.064911999999999997,0.020869333333333333,0.0011999999999999999,0.14391999999999999,0.030623999999999998
9620901074,0.19233600000000001,0.37280000000000002,0.07664,0.049424000000000003,0.21789866666666666,3.7333333333333331e-05,0.0011093333333333333,0.0015626666666666666,0.0012586666666666666,0.086741333333333337,0.000192
9620901280,0.17960533333333334,0.29310933333333333,0.23507733333333333,0.055893333333333337,0.039808000000000003,0,0.00058666666666666665,0.0049386666666666667,0.00018133333333333334,0.19078400000000001,1.5999999999999999e-05
