11750946615,0.51482783967588408,0.17574496599811043,0.0021642678969626397,0.21621269544734686,0.082318288717689744,0.001179724404504556,-1.2846654262575126,0.13865198859457725,0.012516729725301134
11751023475,0.45116160821601536,0.19231072123325521,0.0027598637251557557,0.20010991215677551,0.13912774916674828,0.0011899688734616335,-1.5369049976778157,0.26114997776577981,-0.45797192620910421
11751039725,0.63586764185477773,0.29132151569888926,0.0020059830936816798,0.15959818421373881,0.1856430503666236,0.00081227990500425693,-2.9052067326628346,0.30292933870129912,0.96164697643116459
11751044075,0.65966227250974852,0.25458757442090535,0.0023913556119439794,0.094554017102134846,0.12486813696496506,0.00090739566364140298,-1.6964225787931848,0.32145643202885527,0.12670106444374049
11751052205,0.62031392171447164,0.33849943718153225,0.0026865952479813884,0.057469542097423588,0.1302948537043418,0.00087516261880283956,-5.9395670766559556,-0.12030408328079914,-0.39795397501110946
11751129883,0.57002087036153926,0.052323050838803516,0.0027782420504931802,0.24960806825609083,0.027687480796752578,0.00061726742857036909,-1.191068166675489,1.1286007323114657,-1.445504743909289
11751130873,0.56167429151391779,0.065524742483064266,0.0030088249545049336,0.24896638706695234,0.05401216045228445,0.00077946213289098985,-1.1536254929009022,4.203305216489051,-1.738455451545877
11751246553,0.47833394516321642,0.56527052701569236,0.0021493590875304464,0.22039304178513677,0.28053467955882755,0.00076137813744446288,-0.92886545602173276,-0.76949231437144372,-0.3751385775009155
11751268593,0.23008150063303004,0.44506411428175169,0.00072681460976559782,0.23803115104398567,0.31926525863885824,0.00061206735823991418,1.1684607048032494,0.15822943384672952,0.75203067104162824
11751269183,0.40140630772403008,0.061349221040437843,0.0020893257260029439,0.29877060883908796,0.067230431309046365,0.0010999349540590799,0.085991677181309456,3.3704529402904124,-0.67509435997972045
11751275653,0.59190640159009167,0.44741241372212676,0.0019885156785847619,0.025008518647703881,0.12915107777348606,0.0014795486900085213,-2.7646356107438761,0.35293427598728905,0.24784022189376745
11751292774,0.61377925094142971,0.041559895781090817,0.0027928439420731015,0.19229114089030652,0.016676288931686937,0.00051116067445537196,-2.0996890332396787,0.24306735488641298,-1.6665891333885634
11751433254,0.40212270502278785,0.15182288663315949,0.0023435937152376379,0.23658243539528276,0.14356173696649768,0.0011791828737604752,-0.18416912122697976,1.8618733272648429,-0.72234573057761564
11751437724,0.60481053231363124,0.3108863459902716,0.0019722727361269092,0.055251755226712287,0.11749507074118987,0.001427900536104176,-5.0270788758173257,0.24823911317219094,0.19523470527087819
11751467524,0.62425679661281108,0.31004013812706338,0.002808195165961782,0.049247247113749205,0.12436428779664442,0.00071919328105780899,-8.4391555506533127,-0.36054470781278086,-0.57986616890971054
1193619034,0.5342400738416565,0.16477784341541538,0.0024612965474811637,0.25633693893666393,0.10582535060256731,0.001194594190449535,-0.74131183268618006,1.1762312188526862,0.18464827697336247
2313902629,0.44191874710762735,0.27185972033333927,0.0018151165236747718,0.18799970655389239,0.21848042249133645,0.000933588048592683,-0.48699049800404054,1.4646905954681519,-0.41736536625547771
2313903253,0.49177991510372948,0.18791419240282359,0.0018483434761174702,0.18909709982575193,0.14246639421989366,0.00055839426592215976,-1.2003760775535448,3.1259789827047366,-1.5180380505620401
2313903839,0.50349848252673801,0.22342452213764946,0.0022284838933513836,0.17902243930437889,0.11083452488013118,0.00084374967784664467,-1.2583682114197448,0.46508328248610792,-0.028796601216043279
2313904509,0.5197118723753329,0.19324700329889044,0.0019923077864484979,0.16456151834290014,0.088331882512701729,0.00056560642847143863,-1.6677434755645955,0.42689493445726534,0.15233758150594556
2313905107,0.48830688287401985,0.20946025135031388,0.0019612741230272319,0.18363036444978667,0.092573469083549409,0.00062344699174283385,-1.1232046777898332,0.3691449519703604,0.26847023378511897
2313906127,0.54263235873049465,0.19305202028368829,0.0020666354936250768,0.12464481139336513,0.16307716204566242,0.00081780354623193,-1.9616115107629191,2.1184815460412909,-0.67480214074957789
2313907005,0.54533723656790822,0.14393336956635558,0.0021926464411355499,0.11217976971788099,0.11897103962790855,0.00076067556912883904,-2.9842354975520435,0.80921585160139364,-0.55777885008404038
2313907535,0.5763531829931744,0.14602056951149506,0.0021178108212015941,0.096647848392676025,0.091443609613258425,0.0003673074012448359,-3.4411610104550401,0.91135770520235937,-0.62559345824662693
2313909335,0.54818603386649167,0.25033022023714863,0.0023568723971953498,0.12006173618793703,0.10432374279823514,0.00078222657167708644,-2.5250553366505795,1.1218894229102789,-0.13822066796884377
2313910111,0.46558426040860923,0.31027529047706592,0.0023800330896063186,0.20271146978041593,0.15226318089589816,0.00091952441939004669,-0.92000431124601556,0.23658214767192051,-0.71767810589763281
2313912667,0.53600547605114746,0.33950561056909556,0.0024817558504293055,0.12665877237709425,0.12276526846001785,0.0011674997439915652,-1.7728437086305167,-0.021057128999788274,-0.98888235318050854
2313913101,0.44429596390569631,0.10446503354658879,0.0025861469312447589,0.22202094645422737,0.08231335032397423,0.0012202112314799248,-0.8754442812590596,1.4199949841068313,-0.78658793632050883
2314715700,0.50114795324538131,0.27787235288291845,0.0020983035168964017,0.16354610024079716,0.16703478233231356,0.00093560276074245428,-1.189080145789488,1.3206872605904785,-0.31668521216269963
2314716412,0.43811154551748394,0.24534934475369338,0.0017965026618313891,0.18974156505614098,0.18167310609928539,0.00079089460021369905,-0.45953128918755509,1.6842993599913361,-0.087811092745141206
2314720094,0.48194862979863629,0.1117618104062614,0.0027591499227023379,0.1876577526842739,0.072198695690717754,0.0011400031071311092,-1.252584044263076,1.4544778013019843,-1.0166638626703681
2523908185,0.49399163478591435,0.36537780323179003,0.0022763595130078007,0.18197421235789293,0.20238437074448903,0.0011919200309891431,-0.8470870850054899,1.2350231624289105,-0.4269350624258661
2523918981,0.61771300820164465,0.12727846051422506,0.0023448915955400235,0.082838866545072332,0.076674371799865457,0.00059325686833115775,-2.2117069553492326,3.2699801124670658,-0.39822535871281073
2523921613,0.53285590089454871,0.32313978981849445,0.0023299414481610086,0.17607004099188159,0.18002659544257985,0.0010996205578029108,-1.0707521700909781,1.1202547070287141,-0.43398235219097236
2523921999,0.62108166469774095,0.17355008564265434,0.0023348388465969233,0.14587660039402248,0.15297743633731384,0.0014013507397555207,-3.0179915098900532,1.142120796626199,-0.29897726128634733
2523930235,0.56997054486945442,0.33911422997409607,0.0024166710034601753,0.1277832097000047,0.13887565836174218,0.00087931307032211505,-1.9614653171660519,-0.032057277946391849,-0.57714559449767699
2523932903,0.57911007643130874,0.31802125994796016,0.002393411026528269,0.11807429802940032,0.15090660275241322,0.00093046665795859464,-2.0450928449617556,0.73490820687852532,-0.76498574991485813
2523944107,0.53957428430060628,0.32877901469284948,0.0023549664077919157,0.21627807077290306,0.15939546861194986,0.0010676246519304338,-1.0219849596896557,0.59068355532612971,-0.53907042945674621
2523949851,0.53583246905912829,0.41490181442011503,0.0024494916109188318,0.17445671444093921,0.18689604061061313,0.0011180587376187379,-1.4973622289968125,0.0065052293695757931,-0.93460323350258012
2524735294,0.5317286487612114,0.362236503160906,0.0024302211559657279,0.15248263573665991,0.18340158050478153,0.0010085522370525107,-1.4225370970675268,1.3078849399035566,-0.69346600178207229
2524738124,0.50088293853619814,0.29716863723567005,0.0019130235652954567,0.20694355798623248,0.25294142447714901,0.0012504309314598731,-0.83681302287340931,1.3060875627767548,-0.21574389752241252
2524751584,0.58706894451332903,0.34327926380244383,0.0025221413302576462,0.094012325352274134,0.12138171883320796,0.00083698594339194144,-2.4910577208660425,-0.75672894340743313,-0.41129437115930684
2524759686,0.52507419688870971,0.31389207675581388,0.0020212806766628914,0.16024099920737633,0.23544305940306218,0.0013140117309386329,-1.3371120470143787,1.1515438006042757,-0.21828408930054122
2524762934,0.59511462275845028,0.19061014396723888,0.002510508881199267,0.12842346077121752,0.1546130133576939,0.001092420880900545,-2.7297638057509621,1.4099584054603715,-0.58804813733378214
2524765658,0.59818846102328183,0.40477869379231735,0.002524964531590249,0.06387897687290503,0.13858554968190354,0.00069396051219035109,-3.8153130999927698,-0.44352922728885708,-0.94645998541859722
2524771260,0.49280840241419238,0.28846121442520345,0.0021659174778930761,0.24257160341246944,0.18477530889225005,0.0011782945143691366,-0.54846756084946613,0.97475824355713936,-0.15964605595995249
2613272151,0.40717393718921829,0.2279206017773388,0.0021983053783762225,0.23880799820049647,0.16534060622045635,0.0012439983545182278,-0.22001544822493904,0.75077424966639794,-0.12954615128929398
2613284933,0.36229094440607928,0.28424735268776757,0.0021472971933871477,0.25052509204369799,0.21911038269403807,0.0011662464847417835,0.22245704157773599,0.8702292005553327,-0.057321087033088712
2613546193,0.46550063826857191,0.41828292434638326,0.0025258887299752847,0.25312315799149676,0.35100673956894979,0.00067779594346941351,-0.56787808089978997,-0.13792425332457686,-0.54620176885078264
2614110022,0.43839548353999613,0.21221453399656007,0.0021711058988670351,0.226095413584988,0.14449915701855948,0.0010460403531570509,-0.31890138219102121,1.411676733535667,-0.36120245087830621
2614112752,0.47047027553091569,0.21229146950879102,0.0023416793022562974,0.24492032953072998,0.1464720626337431,0.00092051804789446319,-0.29945184297906963,0.83892263748815965,-0.61138814409579056
2614342944,0.57160615380006785,0.31244432464313576,0.0022012790567726764,0.096570542076886687,0.13018604855030685,0.0013358620098853739,-2.7124095877241441,0.98678020156768598,-0.063776384378046863
2614355710,0.55516879104983241,0.63019419914833241,0.00269170220684333,0.16747717645539442,0.28713085777452019,0.00052327296936873402,-2.0679101131883653,-1.5272688952081963,-0.71552095683578842
2614359260,0.46231411558871077,0.54047709680018829,0.0023934467871332831,0.22021809661217462,0.38172582731067378,0.00068781632057107257,-0.74983679548392723,-0.44822495278966051,-0.41423425846996142
2614369444,0.54468571981418989,0.546863926253775,0.0028041059900036406,0.1769282213480908,0.26486931411336045,0.00091870525521394538,-1.5310147785774761,-0.89302963607649333,-1.2333262092080255
2614372366,0.47934577739000911,0.57149591833324098,0.0022624313315389986,0.2075518105268909,0.28660353468161348,0.00086385743969584635,-0.71597715517395344,-0.92088272991579267,-0.88296351333679723
2614375716,0.46684232378656054,0.40167928785663898,0.0024215850519027681,0.24163221094347492,0.34688188959388683,0.00083238266941103615,-0.63397174100599707,0.092496601701956935,-0.54685516156446612
2614387646,0.58490475898235661,0.5690196010483658,0.0028234902063309711,0.10553118811760194,0.20577482273890652,0.00079930896464400247,-3.6678159829690222,-1.4387276522001384,-1.3010725858148862
2615604743,0.49963639619734285,0.51878193068282774,0.0028328325576768443,0.18732590879953651,0.27968715081757556,0.00062472774541731874,-1.3693551642520414,-0.95108968254340187,-1.5150220525051343
2616426152,0.51511121615161204,0.59949008259066194,0.0022305737178008392,0.20401169327635144,0.30998492252797033,0.00062172242927861407,-1.3834060944952569,-1.1519417704474584,0.60036359401318828
2771191157,0.28383019946277788,0.3622703208449759,0.0022683210867613809,0.38810261149900926,0.21484382432422852,0.0010690048048928736,1.0008834692949027,0.30404746705485169,0.14202901542061561
2771193237,0.48842350020322794,0.19664839755864696,0.0024311272279890694,0.15515071715135853,0.10596308537514926,0.0011712735091609647,-1.3209027685468875,1.3086413725165897,-0.61534096864976084
2771193533,0.49016559171814533,0.085429257899509184,0.0027370373036011393,0.13560688254456085,0.059685286540484439,0.00052062287550479279,-1.4915999497437515,0.27698432140999579,-0.19272260800685292
2771193635,0.11779666614064586,0.6227163086065638,0.0010654843521724344,0.19572219216747072,0.32043043993823522,0.0011932394134790097,3.4383413791711739,-0.65146963856048179,1.0928780453486617
2771193867,0.53517960965569344,0.44149366454247263,0.0026323679815455255,0.14112757821044555,0.18710799274053649,0.00045942564316273131,-2.035913678389087,-1.3092826709009115,-2.4432714057591411
2771194339,0.27522783389794503,0.27207329063180619,0.0021065918646671067,0.27986597048743644,0.14253346709929887,0.0013229955341116065,0.58678642749690357,-0.032536397215735195,0.092965962477564515
2771195589,0.13625714466316477,0.5887387821089447,0.0019713627271562505,0.19796880658234203,0.26741634939189285,0.0010646688359798357,2.9569274069845917,-0.31730994707718718,-0.0012121717800399792
2772036020,0.32038361030645895,0.24717872843989958,0.0022599703293603398,0.26613262771009505,0.19159009181020401,0.0012272087250943834,0.24939583729904757,0.58675458706798367,-0.27862276635175198
2772036760,0.38351156862626751,0.15748999418775592,0.0021965745687554557,0.2126295953966596,0.11852806805927719,0.00070476882819610332,-0.27763440798425199,1.3366902982228801,1.1192770992203189
2772038328,0.56996171029468379,0.1702341868402194,0.0027093882045365549,0.07807240925661664,0.076157543893077842,0.00073033817721393556,-4.7441129760332892,0.48895383622709954,-0.28605744748217982
2772039126,0.53754357313264955,0.17233369186813283,0.0023736830654874455,0.097701030346692114,0.11458683974031671,0.00096490928267112567,-4.1051511438262951,0.66329946203902779,-0.023870681467567163
2772039580,0.086591217086769229,0.28090922426725884,0.0014631756606432427,0.14823366572104876,0.17913817438470656,0.00097675850214843556,5.0071363436031424,-0.44923654736108226,0.12899929526898399
2772040972,0.32354564796368523,0.29811720010403475,0.0020660094015120837,0.28966507334699443,0.25994512172487844,0.00099993414839785852,0.40093446253233062,1.0635775396188638,0.093093538377491417
2772041130,0.58293623771896674,0.328464287884426,0.0025596966089964875,0.069141944590058707,0.11540966051951287,0.0013240611965579946,-5.3510318881835106,1.1100806322427859,-0.76581897302038426
2814999674,0.55890477900160507,0.18373619390174786,0.0023165474612328501,0.074890726924182513,0.066687571049119418,0.00072996992401552579,-5.8228524297299433,0.026986479278880947,-0.49918352171142705
2920018703,0.30419007249134145,0.20202047516809613,0.0031720451410081033,0.2639195167155331,0.3047701919937606,0.00089724788418278211,0.25568251327671287,1.4308768134821552,-1.5247259013095107
3170652501,0.5468979518682846,0.2164048902895325,0.0022708610739458177,0.027913801622392594,0.090466603437924217,0.00093554386616776875,-6.4218525217995808,1.1123163572177286,-0.40517781251372376
3170653137,0.54204946337145632,0.19726712408455685,0.0021760218172497915,0.03489594551703943,0.080243184511560886,0.00081827636097371766,-5.7453059258472479,1.8011981593002915,-0.66502389888765101
3170653823,0.5385797518648785,0.22903056945088404,0.0019601044521336984,0.059717837375491654,0.1013291710390415,0.00073639208081739173,-2.856530996616633,3.0094701245430548,-0.77544394350059009
3170655067,0.53810413895251286,0.32236605476625008,0.001817675212097859,0.07667313679792552,0.17127666758488094,0.0009835947413294301,-3.4987621300549288,0.89127960955850538,-0.40147575145375269
3170657309,0.52514684240115939,0.25431879975870214,0.0017700112469562464,0.24426888637607991,0.14253603490050085,0.001131794917630879,-0.49791592732700485,1.3883559266903449,-0.081136001858416518
3170658109,0.5071658640132517,0.35500263738865201,0.0016552245444059269,0.077580950544085744,0.17681119683437008,0.0010793883085453131,-2.0529687693289205,0.56932430275865042,0.23623811093584238
3170658801,0.53773331257805257,0.22134042368458079,0.002098072064590624,0.039311856380441143,0.069582097593038558,0.00073608307010806357,-4.4297559954548973,2.427486119775712,-0.9950917116011162
3170659495,0.46050720601833589,0.19825533686964136,0.0017532056491092213,0.13462225088703697,0.1256616049869434,0.00090999753124673406,-0.9747969684882698,1.469780957198247,0.1857958386367066
3170660905,0.48811374003766778,0.36212384301578826,0.0019255639728309099,0.12094614786009585,0.20993874975695895,0.0011980225651406495,-1.6346346019117433,0.63848736689787311,0.14384274336705019
3171484234,0.48125663269338631,0.3269626645943603,0.0019045172164550846,0.11913414284408017,0.19368357496402555,0.0011658861700275173,-1.2122315938939743,0.92093188534357995,0.0042244159575225097
3171487000,0.5564787031133912,0.25479925948462295,0.0019295338100729525,0.031524011640067753,0.096102200602894608,0.00071831762623720456,-7.5680227278588683,1.5763204859672173,-0.50110304084862789
3171488340,0.55959109049800337,0.38031905960726847,0.0022616888068691691,0.094294743907940265,0.1764515315325757,0.00064366383711047246,-3.2756355855842436,0.50021914803040135,-2.3070215764997348
3171489052,0.44019884883228505,0.23678456767930386,0.002039951895424517,0.24964181662292212,0.19506635898973995,0.0013040204034660326,-0.61487882617994538,1.1489287322339516,0.2213931703899634
3171494112,0.54448309192232569,0.27367319206833235,0.001754307502242662,0.08639892928455721,0.094802694342343993,0.00098939803600517828,-3.7294702027976152,1.1590104848238629,0.091196272211163651
3171494954,0.54686054172860055,0.22124448479952646,0.002365784400871433,0.054325416668269615,0.058801844461313792,0.00044811786910532741,-3.8446067734808085,-0.47703850307420875,-2.168551276910422
3184871233,0.56603691475376305,0.302482807956234,0.0030014492109149919,0.090701258397805004,0.12872503819459377,0.00078768813908155252,-3.686692456736377,-0.90603927361024239,-1.2356417464102978
3184874163,0.57422741028570712,0.3604125890759845,0.0023079158618325253,0.12796634506472135,0.14889220125028621,0.00049037711653875094,-3.2988707573526219,-0.93624825130892608,-0.26034312156085265
3184875263,0.55070255886559971,0.21770244432523006,0.0025606656383317101,0.1114611032570816,0.13300753459056619,0.00073275664825817738,-3.9637284980208403,0.18996107005518714,-1.5646961280226523
3184878905,0.58401076403791941,0.34916223214829512,0.0026170832349003037,0.041201662038858028,0.11609138931945302,0.00071164913813434865,-8.6954301367474844,-0.52821316193776335,-1.4369426198389537
3184881083,0.56341173870417727,0.23568385772240147,0.0027168902600015732,0.12726166715367784,0.13189870901545761,0.00098675724565889774,-2.9163687801133427,-0.48663873633329557,-0.50880975209604906
3184882031,0.51985522749450785,0.10528818452109313,0.0028911632689927295,0.2058363450982858,0.056888252745055157,0.00068408574353031508,-1.3396085544258083,1.0215191220356494,-1.6472465964773679
3185623536,0.32846535360456625,0.065743742897224414,0.0022807054107390787,0.2388378543564704,0.065621704661591271,0.0010893579099360603,0.67185053601922839,2.0522529634078022,-0.42361204606405445
3185714822,0.48009469452736298,0.51389130554726814,0.0027413862138287938,0.21463543137634394,0.18033450134846471,0.00071641012479140703,-1.0341361605555013,-1.1841073651850478,-1.7637371179772086
3185715876,0.56761367764754511,0.27668523877893592,0.0026470714229466829,0.098124087660466125,0.13534130629749938,0.00090250054232237243,-3.8056823961877315,-0.55835195386200553,-0.68426326736592746
3185723398,0.5763682964652318,0.33223754858058419,0.0028065338169283327,0.067628519059126785,0.16548841122939251,0.00083562584498236034,-6.9013678361924775,-0.2856879304104441,-1.0234318361238419
3185723606,0.53607874155226054,0.30672385907476668,0.0026412863449182472,0.18810189604229804,0.1914458082985834,0.00091748493057609533,-2.1251743726328702,-0.36670121197679534,-0.6902103260117034
3185723928,0.58056986316611836,0.23585427857348198,0.003044221175358889,0.037785733537637894,0.11467391532883682,0.00058533482586720391,-8.4489763762360557,0.53268667414906956,-0.92826434514921741
3185725074,0.55499433141171473,0.3297574533736613,0.0027001952909680733,0.1148891416740115,0.15101891597110928,0.00065028587157110978,-2.8298606013526406,-0.8343702602068056,-1.5415729354286356
3185725590,0.59358872106872218,0.47907052774605169,0.0030638701518876524,0.028465297709445021,0.10564553211631696,0.00054893346769366866,-14.324302256076948,-0.8771861140390208,-1.2311064903362052
3185726020,0.50112786439664136,0.15394558424619836,0.0024844297142435474,0.18291598495895892,0.11323432699588368,0.00088238934564463436,-1.5008834049987823,0.48534793863003189,-0.94968864373465955
3213336488,0.16072199444819141,0.46582897883183211,0.0017174879732746358,0.18024667008417142,0.25656337239242449,0.0010978521082817647,2.9717900995745166,0.13024070958614942,0.43132601142974786
3312398493,0.40023275141759568,0.22621292196029746,0.0019503273715235948,0.19670705361026225,0.22674766298102431,0.0011670765466310087,-0.37852192909186361,1.6965447737852795,0.23748561296132137
3312411015,0.44221874029361591,0.20137070998203677,0.0021395861079074262,0.23025847865356425,0.13101072321835266,0.00068758430588091184,-0.4850851405313496,0.62520840039188064,-0.53992208898759952
3312415455,0.44314595416009145,0.20917502127983151,0.0018114303934382904,0.22230311232699607,0.14797813663915191,0.001356785219690381,-0.76856205883897533,0.70433757466574576,0.080157221554235963
3312420079,0.38366050363306731,0.15441317104854738,0.0010165823811356636,0.37517415315389963,0.16023747237121799,0.0014129726469025402,0.34925782462414018,1.0728732344695113,1.4081078850303448
3312421765,0.37219285810824432,0.18248623661451491,0.0013631490657439141,0.33288684767299015,0.16468730844206395,0.0016023598504144266,0.4271054865009199,0.87010296862252345,0.82798125522392518
3312424155,0.41405037951613266,0.25134042806590029,0.0014997058567216761,0.22864032115890714,0.18669991635464517,0.0013052562024001701,-0.60952840691210086,0.57422716963282916,0.73050909497777394
3312428867,0.42844631018730062,0.21184241519930747,0.0018331215788797333,0.20576085687362267,0.14195198222388322,0.0011829676281575278,-0.7280852649530587,0.21572366338406884,0.47446936509944015
3312442081,0.36490485744107015,0.12932670451542091,0.001687417044726478,0.2401998185119236,0.13089950239154605,0.0011957332269828377,-0.17240974100915543,1.7643086959833501,0.36013240280585573
3313056116,0.35857305483975571,0.18708153976411565,0.0016165424785337175,0.22719691400457678,0.1167275451294799,0.0011038058752371571,-0.0085318392948563436,0.31839688831359492,0.92201023634007229
3313224208,0.46948756247395407,0.22114897465492994,0.0016331455696526717,0.17243671259121973,0.14183431439382127,0.001117441819858514,-1.1239987651187284,0.65109598117751444,0.30036320030642177
3313230114,0.42090255800344933,0.67838494436110464,0.0023607994053567835,0.21709107257307278,0.14498819069240862,0.00087199235536364707,-0.6305722248186959,-0.45935772687834969,-0.57626094950892326
3313254336,0.41171082063236653,0.17881630177495333,0.0021257270690758293,0.21577373057110674,0.11790174956825544,0.0008432817420872317,-0.58560981666290912,0.12932299416074361,0.5058786172313321
3313259918,0.36148415655963656,0.16550544452406193,0.0021695366807636812,0.2172014575039625,0.11766916698627902,0.00084702070750134037,-0.13088901304874856,0.34584866695230748,0.57668791385288631
3313264608,0.42580160172208203,0.24341144245880822,0.001783471259771664,0.20889692637322665,0.14667225949100104,0.0011732358269453431,-0.74983806831996436,-0.011836624329536421,0.83672684281680454
3313272320,0.22652573192470923,0.16824652177008359,0.0019218844034343116,0.20169047953809402,0.10961832729443817,0.0011711767876623062,1.3456554172747268,0.46773878685441223,0.47999951232749433
3755043132,0.47660782012538921,0.3324677452362097,0.0027337704301764153,0.21834955957925611,0.18493331872604565,0.0008727866848915216,-0.8543633956666703,0.5621693664746874,-1.1452757111838905
3917718572,0.52295473669209225,0.2147998068632565,0.0020592935435091225,0.24999500651204346,0.24491047478403041,0.0014922034785012877,-0.3388372705436144,1.2199749842496828,-0.33049247799830994
3917725408,0.42078136177826736,0.1176713858573621,0.0026581239010636955,0.26411069501862938,0.16650386425349534,0.0010646528198293159,0.2662218731938687,2.1536896294407351,-1.3172128817552873
4105861783,0.5332240526294767,0.1847487732026373,0.0025566503139817171,0.11472329779504352,0.091738413189911522,0.00056030731655686895,-3.0958701837208373,0.85429910221333649,-0.84697436664403014
4105862127,0.39885157329343701,0.37357629669546716,0.0024869775829805593,0.1817451387338509,0.25749864929146526,0.00081109467819634646,0.091850463754633807,0.49279196402506675,0.21209418059879609
4105862885,0.4749223834639596,0.31127177403763578,0.003039495742662773,0.19619560239789843,0.19356119855557022,0.00071887759377245268,-0.77034889515199789,0.012239737590198172,-1.5701680800542477
4105863265,0.54356762591500629,0.27444619076913679,0.0020366053825453413,0.090089944012568493,0.18270202672904357,0.00070595944276537518,-2.0895494382507298,1.5344195419688407,-0.46588786595289911
4106628128,0.52373019294386591,0.19542386971805356,0.0025724747917466374,0.11571644574811735,0.17114311247633185,0.000816629901598361,-1.9807966958892826,2.8027566969188964,-0.99325086420894515
4106628270,0.48645045802256448,0.23661849183537892,0.0024524927130591206,0.14689053095288399,0.21218669606064208,0.0010807409425593849,-0.99582279562976561,1.8121366535005319,-0.55058593965688829
4106628746,0.53779285845852765,0.41380428813586134,0.0034368943226957779,0.13202495637189324,0.1706882994270395,0.0007511008924816218,-1.9815154227109035,-1.0159714929675527,-2.3374486700793926
4106628892,0.45922773746626966,0.25730415241594567,0.0030456710906065134,0.19486280866034458,0.10732882898600246,0.00061393580142246032,-0.83667244155163478,0.62239546164178783,-1.5710950615678234
4106629292,0.37472514298838744,0.11906375526425816,0.002392731410995818,0.17190045602093523,0.16109733749683586,0.00071159690505559047,0.12554572255290616,2.341749513165007,-0.69795141188468701
4106629436,0.55554368302745671,0.15619275612379402,0.0027112955734972014,0.1175994173123434,0.11473119643587605,0.00094028634047808618,-1.5989577016006666,0.65866373489183772,-0.86194169743651561
4106629618,0.49283042120383586,0.33918332328165718,0.0027640254876330666,0.19671927289721397,0.19192343529916608,0.0007574185475326987,-0.99589583190011199,-0.046617712585612502,-1.3556717474718198
4106629912,0.4349942070709546,0.16587629957004221,0.0025140991311026245,0.22689203275084491,0.1341783783283042,0.0013904487102225228,-1.0319339966296892,0.45076463573909054,-0.20174329304294703
4106630092,0.47802378163467618,0.29095497566446915,0.0024299745482506941,0.15227900073223941,0.27620164121753477,0.0010253040176278739,-0.84417288859367468,1.4916159874467683,-0.37402164498480955
4106630422,0.38530124568424129,0.21608292866462006,0.0022740295271049754,0.14925878772821846,0.1261180977141648,0.00052434753612345931,0.18185769338074317,1.8733367142864128,0.30521728394713721
4106630562,0.52089258885106671,0.2358352993130908,0.0024473034986541775,0.12548181274352449,0.12436538041596593,0.00089302520018662724,-1.9235792290049327,0.38176788731720829,-0.43260041581852154
5056614025,0.4090846085508788,0.35086483635211491,0.002032311946749037,0.25164433361243083,0.26170087291464178,0.0012082809873901336,-0.5671122183546391,0.69234941537069816,-0.56242847673565566
5056736599,0.43994878526694892,0.61147289060756682,0.0022666207204256302,0.21311077785950311,0.33586640454895206,0.00090958823510513829,-0.94360647247674667,-0.28448183967661178,-1.0271212239989298
5057268406,0.1911905745340203,0.2818442891057143,0.0027088394176471063,0.21025685218769388,0.16153400736376189,0.00087728685362395984,1.6619391503983911,2.6557618939968406,-1.7137227597162459
5057313604,0.11885372438870899,0.77705065814118413,0.0025570417569221989,0.17982937122946915,0.28848911840460023,0.001349568731620036,3.9296348172730355,-1.2479632375849892,-0.53499650254974784
5057317848,0.24760362452253307,0.55057649663245989,0.0018963998091558096,0.24443290293117625,0.29808370927809719,0.0013224900769975335,0.93009498912402722,0.0065059695284465317,0.18434021826206717
5057320116,0.24597743328891358,0.39082329191335086,0.002413805135676024,0.21606600063280534,0.30267592738250854,0.0011935240169370968,1.0765222712163391,0.68301976148227384,-0.22971894683446203
5059340137,0.48416170372322376,0.18731389929435785,0.0030226727178511003,0.36356823200840016,0.27335990225350726,0.00059773654942333785,-0.013602908824417174,1.8190376482448354,-2.4169366984034113
5059343337,0.22004836237972913,0.30644484538018341,0.0019227011017875903,0.25262586788996805,0.30927161468122055,0.0010650320269768331,1.340001219647279,1.0239838252563123,-0.15302853064453847
5059954072,0.16799900216519428,0.47844079672910572,0.0020259281206906851,0.19576463830853855,0.28489449513224996,0.00088830986384397747,2.1630365116031758,0.39788836967428148,-0.61026914075923577
5059955700,0.2363365452843674,0.35580369368329534,0.0020510653693351579,0.29631632837759631,0.37675498558761139,0.0012970936991569667,1.5597613278370523,0.71215282805007996,-0.046439951610913154
5059957124,0.30902320522607213,0.31104195346637525,0.0022584222592450013,0.33008759735661602,0.37009983685307302,0.0012805865165592522,0.87649009621466023,0.91914716749484848,-0.39725220703725456
5236075993,0.36429899444130248,0.17846360039647108,0.0030704421607290959,0.32092149017402261,0.23093205558060287,0.0010844743995687195,0.12912558511403444,1.2991278708093028,-1.0795915698227967
5236087833,0.34173437344152535,0.31538211131600991,0.0024992030554194283,0.33019835230406896,0.26423322882008293,0.001164283977591723,0.40109917237556025,1.0030432367931086,-0.32633772686025464
5236089799,0.19146610220670321,0.2044379677207552,0.0030082777587264078,0.28734135357722357,0.24348001236564995,0.0011065946116363737,1.5718153371037875,1.2111718490618484,-0.89584388266878279
5236658882,0.49977157654346954,0.21468468961511311,0.0027781313031595908,0.26633467333576305,0.21423486315206497,0.001237665221030414,-0.88501234722632172,0.95389950272798629,-0.74501366397319757
5236664668,0.25442581390517233,0.12648677981072559,0.003485877573073433,0.33125704964502045,0.21437521314141683,0.00081626821493081261,0.76900014863031652,2.0885224496692971,-2.4126453606414771
5236672840,0.57075763570864468,0.16614205017482248,0.0031873277660584148,0.19605040107444399,0.215436720629015,0.0011005237665850114,-1.9324932530855856,1.9172601670387208,-1.7622378497416107
5236687054,0.34526806432493795,0.26869122354406155,0.0024219941279222182,0.35350673150288309,0.21265138559683602,0.0012259486298599614,0.55804397904552439,0.99068436273861105,-0.20648442708765913
5268900519,0.54362332991091833,0.082849637021124259,0.002848967750864944,0.14332272664663609,0.094677007147636202,0.00096835992621537666,-1.9650650540742169,6.2595777578977962,-1.3581140918595418
5268902791,0.53048757105487043,0.12788368610660864,0.0031106027527872514,0.15208483339255335,0.14514951267180001,0.00080790954050900669,-1.9415595547716848,2.4473369513091328,-2.2216255354636805
5268904045,0.51455092383794088,0.19011008272167093,0.0029237495732408474,0.2248663999893461,0.20402265806589964,0.001126686515067076,-0.60059561648227755,1.9490670128941188,-1.2627453009776026
5268904225,0.54198208466330877,0.19799304483051652,0.0031706006817889582,0.13809258539357885,0.17683796911201768,0.00079673130932439852,-2.3837573077301877,1.4249625497553737,-2.4925280824445122
5268904525,0.51587258542330205,0.27916856286829794,0.0023733318569779459,0.20710753582166358,0.19253658090317322,0.0012403389010514807,-1.1132127724463647,1.673990823749294,-0.31714202172458816
5269511496,0.49300427833460503,0.29279909656545189,0.0022631076662822051,0.22103727784237667,0.23674241534686172,0.0009211719274555951,-0.35893376653237219,1.3305192540861399,-0.56518820089598765
5269511646,0.46237208481240721,0.22434919013055724,0.0018719893374344711,0.22501767960785199,0.24278206806384844,0.0015299650930716861,-0.73631433114884781,1.6634958380939935,-0.067029805290449135
5269511806,0.55125107754120328,0.19216282082368089,0.0026884832602845007,0.12322438835293406,0.15752627781940265,0.0010859886421338678,-2.5808297167921488,2.0692086408784323,-0.92980366552543492
5269512796,0.48314722031396995,0.14825927114014789,0.0027595754820749171,0.20460425588570955,0.15526470377761861,0.00097987622446323161,-0.72353485208940305,2.4018812716408107,-1.4300472965359345
5269513024,0.58538443156956488,0.076743851068757557,0.002953094348327441,0.13970155820670063,0.081393458877830754,0.00075060705319896892,-2.4123286263191437,7.3558335400180761,-1.7090567780612038
5269513210,0.49443157542029109,0.073687613078028569,0.0027340457977695215,0.16555925646472902,0.095514506543809163,0.0013037952073380447,-1.113375493808938,4.639287393212304,-0.66424840447526279
5269513328,0.58406079576965875,0.11144599517929793,0.0027447063129566939,0.087279759286799347,0.075870982397761758,0.00085978568776129232,-4.5688968192797743,5.7620728361483415,-1.5845649641072719
5269513586,0.48016902369288411,0.22531823034721124,0.0023738074074071648,0.14760697010007626,0.19694159121946742,0.001409656357933964,-0.99895132447466573,1.4723783666609056,-0.37225474925898971
5269515926,0.37039324062300466,0.18994154285773368,0.0019034832756626959,0.29514941647811443,0.1998148824728225,0.0010332946189406294,0.31680318328470347,1.5082215931660798,0.23898403791798456
5269516684,0.21702895524321145,0.44249473942248696,0.0012658586492374549,0.18631406814634655,0.1784470155573008,0.0008934831552275406,3.2455351356178554,0.69223190661904321,1.0228169552895585
5285625077,0.32042359242456547,0.37010427792319361,0.0013594038790809343,0.29267151494512694,0.28234311444648158,0.00092825911291566181,0.97283167010720961,0.65116681626764505,0.73965858444252985
5285625445,0.163420542945582,0.13949892143675352,0.0035017035909253461,0.25030496747477271,0.24263119821013457,0.00070377412636895838,2.8056989242532735,1.7480008548509258,-2.1409588464605802
5285625683,0.62593631051064547,0.043212046667124172,0.00370980650777582,0.02390364294360213,0.036716509986870455,0.00026839419269306358,-0.44117896044646426,6.0313732166746687,-2.6887800548599969
5285625961,0.53234162988746814,0.32821310714817986,0.0024097952623904134,0.16904129167110338,0.23185398620808823,0.00087742237948621501,-1.6394171120364283,0.83310043726622562,-1.1684069081347517
5285626787,0.18344074349435399,0.2353678959129073,0.0016967429251627056,0.20057625018044822,0.22631973488864998,0.00096137526567998614,2.505722027644266,1.6275804628525896,-0.14483638551634037
5286222758,0.30339299252504359,0.29675683046488144,0.0017782656474234694,0.27063989966148233,0.21454883431374214,0.0010771034295507284,0.78897152720362129,0.88694631260371615,0.4662494282325419
5286223212,0.3177607474356231,0.21849225476308645,0.0024664164048706166,0.28783211161619859,0.21755853952024962,0.0010510017604364887,0.8538781586465547,1.2533825566178658,-0.60194621267007331
5286223914,0.55727048974879279,0.13129011763208701,0.0025881562300476731,0.20188134357749821,0.16010929022997206,0.0010625392948119918,-1.5599331226238249,2.8514380708777174,-0.46500937734751485
5497362355,0.29615438355781437,0.053144343505082271,0.0023776704039680293,0.14379138716340786,0.059670101476694749,0.00084831389479383143,0.6671172272852014,4.5089927329647059,-1.3574328368371331
5497365227,0.39539829145368655,0.10634597989213707,0.002620197729078439,0.13382225404465253,0.17647321668893567,0.0011070162774780763,-0.84511840928250781,2.71980606606542,-1.0059761197881254
5497366735,0.5017712987751537,0.037260443575443544,0.0031158016557734564,0.13753303452641355,0.018414457441555124,0.00077867025957163987,-1.9528710205217026,15.494207319722404,-2.1817422327179594
5497372167,0.45940034201274588,0.19232476606522442,0.0021177079994872815,0.15753109403669691,0.14910453823314085,0.00093139855843276482,-0.76892144621096292,2.576781920544549,-0.24569827409901029
5497373953,0.44096716337576641,0.21734554376506729,0.0020447002640010094,0.17076067054791078,0.21527037111095035,0.0010354090487916328,-0.58733352824841989,1.8700920222315589,-0.50566446268626664
5497376933,0.4153739776026692,0.04423900062649043,0.0026076496937070411,0.24293973932894208,0.049714718736244626,0.001278981992707611,-0.56990116231230392,4.2133778902922581,-0.85352108665352666
5497378599,0.34123608669789246,0.20386494329018684,0.0024383423401251273,0.19430432298394501,0.14827103774246428,0.0010280331466043723,0.073461851213109816,0.53269762721958713,0.0063488268320392597
5497383891,0.37906183083192174,0.44402407014983514,0.0018293306266820351,0.18453346638249443,0.28002032058013909,0.0016209871275226781,-0.045152351850902515,0.56094973719536778,0.19715745640244736
5497388857,0.46897910019240419,0.35190297315526187,0.0013953605126232869,0.22608165875438205,0.20487875102552863,0.00087347767162752367,0.030179277843099012,0.75717115441537097,0.60845684266173272
5497962124,0.37337672916871312,0.087647534206522534,0.0029517486505177912,0.28955350979877781,0.10762131188899557,0.0011735190023272704,-0.27672735593494652,1.4278448364785263,-1.0279842523648324
5497964096,0.5060726873940975,0.17742721508984788,0.0026263056567984973,0.10485312450363796,0.15330321375627484,0.00046954559724840143,-1.5323276497966343,0.53404073640913619,-0.92092683932464492
5497969214,0.53383234353454634,0.26615338727068799,0.0027196888171216443,0.089076954590196641,0.22827526219775857,0.00037434022029448412,-2.3045917089116883,0.35619611868000062,-3.0771039024466527
5497974242,0.48941031368370075,0.32921614001282701,0.0022988521953094692,0.15396550756409694,0.1686739329381175,0.0010858401574367728,-1.2242225124726696,0.65216624567355974,-0.58383751996679567
5497980908,0.34592881796615643,0.30418741748064215,0.0013870450237087511,0.20531508486156075,0.17694054052074676,0.00082792360245851954,1.5669497923015108,1.036861462418071,0.97305733940280359
5497986160,0.37651018298231376,0.37758479101632031,0.0010562719774445393,0.098209461260517272,0.13643592458097895,0.00060261891587086772,-0.094613894037262461,0.20126222954105713,0.78436874539951151
6077356765,0.15214819331959789,0.59252549935731369,0.0014902329687280251,0.048981806645190647,0.21701339095675409,0.00076372540184516124,5.739547136027066,0.17625522004479421,0.18959213727663354
6077442803,0.1695735084559839,0.435239584168925,0.0020879339226952585,0.050919303771911839,0.19230885625504576,0.00073252105193992532,2.6009117139977693,0.76243514605601148,-0.050190186493721992
6077451511,0.16518505584910606,0.42182548301057976,0.0021013930268510891,0.047609355828022677,0.17697716358603791,0.00072161804155152919,1.9915280539225564,0.76872320454512066,-0.016134847530997535
6077486331,0.1656220262057673,0.51095353235121888,0.0022701061060642247,0.036285500074314629,0.2887547883592671,0.00079950024720206651,3.1516912876592524,0.27270351918289648,-0.20180992443467999
6077516071,0.2395629963517048,0.35072521762688574,0.0022292317502795749,0.11146512603180113,0.233827817369547,0.00088467106784660004,1.8512406736023383,0.51838020581275968,-0.057950536033784673
6077850234,0.15503367688655165,0.50867656490282198,0.0020019076093205773,0.048962252396464734,0.22131858626230033,0.00082964604664338595,6.8288209282464738,0.56669076214731007,-0.41610142842459691
6077891352,0.15275041033606065,0.48009568819958259,0.0021635303177606059,0.048856135446354344,0.17322103314177506,0.00082613009922875575,5.4947709957350206,0.60685520303425389,-0.24565216516004418
6077910084,0.1609598123514841,0.44212954851046621,0.0023193015003524862,0.052904313161040689,0.17191954482224664,0.00074341946388810256,4.2633329282911241,0.63121541137213655,-0.6499074944784814
6078127064,0.16856104162996061,0.52317401449089784,0.0018469377917625263,0.06154772978657156,0.19705472214444159,0.00081646629146867424,0.34953949445499483,0.53732441402460773,0.093163494918213366
6078152574,0.19702453115438998,0.72085393733031566,0.00096736681569139062,0.061432487667992759,0.22501336482535086,0.0007017773350859979,2.2161493211481278,-0.62670999930626181,0.89853026987402207
6318555208,0.41165234598813522,0.3791548122697716,0.0021693085276287423,0.24620712180622339,0.24940310143785291,0.00098814474349864637,-0.21234217930992588,0.85105159506960681,-0.69058351864898493
6866650616,0.35357264778980907,0.1434636079094834,0.0027632739082794496,0.2999106025220738,0.16458034974802571,0.0011548629587665134,0.37483528169374336,2.7940178277772918,-1.0846606775045511
6866667448,0.59718468530421154,0.38182937670497014,0.0027577143069128737,0.16991422918390739,0.23912285630414584,0.00057083214636851481,-2.0913346770378092,-0.2689189116269875,-1.0119221814605142
6868439308,0.59809978540833242,0.27100760713619354,0.0026949773973571792,0.067175038194657741,0.123400319559269,0.00064475344632779403,-4.4911908775064582,0.3136123351931645,-0.81372177782191346
6868463116,0.41243255318247229,0.18538440341247686,0.0020358656234087235,0.26488064385349003,0.15849034140803345,0.00098410460107753233,-0.028500756997974431,1.8264748848311667,0.36820722981918785
6868482726,0.13624856874442698,0.271731320794802,0.0023860053825447043,0.21397625653503854,0.12361023428351241,0.0013082977076879158,3.1753338333844856,1.9016778878672966,-0.014068104455237825
6868509120,0.11623754133181032,0.32777454025024128,0.0023414267323838113,0.14710218549911272,0.16136555855439999,0.0011400095357639024,4.3940084638224866,-0.24585394922787307,-0.24940793902773087
6868529050,0.095216140550609771,0.71147665265508842,0.0020815314976603333,0.17414764405932037,0.30560514626959195,0.00090044187388795438,4.2925253460614226,-1.430141528968671,0.69767202099655945
6868533838,0.10296282649395846,0.69527495211393564,0.0020271983171174452,0.095796029758494328,0.24367839975246675,0.0011554871983327107,6.0016772180158133,-1.4002803057276609,0.17545832280280912
6868578544,0.20424048055807231,0.45160166706502147,0.0020063535738735305,0.23042034592830796,0.19148281110737117,0.0011752379668812849,0.99789417770815747,-0.48620591332319169,0.23283856121396374
6910897237,0.48502786930188546,0.30077442029996826,0.0023968551483905028,0.22215887028730893,0.27247849118352985,0.00081483841322177268,-0.61172449597766587,0.78078977208899092,-0.7435552340395214
6910923603,0.29490028886649905,0.17309904282906949,0.0022056111012973508,0.26577192900784508,0.17892481108232142,0.00073877168139977226,0.61357418052983403,1.8962417466944461,-0.5640453550341169
6910930333,0.31854997064413632,0.24360566913568926,0.0021983670406277201,0.29428856085791161,0.25945479211575118,0.00083979900010757564,0.72655206346379697,1.3536758962492614,-0.43524696731763596
6910962599,0.44952041850710922,0.27423480420181356,0.0022041537731502213,0.23023063473641733,0.17040867498407647,0.00071550055056318564,-0.57864954970632176,0.69750313505106243,-0.017275684796078758
6910993947,0.23372749594336517,0.18627082796372108,0.0019802971817365579,0.25240705348253045,0.21809460574579817,0.00073888088593003129,1.3613410320886135,2.3573585732930247,0.14994846034401491
6911003027,0.44493086758273209,0.39566818604997167,0.0020401453356470615,0.22443655389227388,0.23502211735926892,0.00072736774185758917,-0.70170306881134481,0.67405750778614537,-0.27881263561872394
6911038383,0.48153136532545321,0.20884405395133712,0.0018297823913878478,0.22765139194195255,0.14686834048526443,0.00065122839595740923,-0.70692442725357552,1.5486000612231128,0.082392817621359901
6911118857,0.40375372376223129,0.33021371611823375,0.0021438329094925941,0.25285856779193633,0.17308209564484359,0.00076119974458449492,0.014861530049681854,1.0220431072030258,-0.079469892379098114
6911130395,0.3383453032564438,0.2386221870863609,0.0026081444115562086,0.25449750676578764,0.19096007030967438,0.00074462304028470236,0.21346965300843182,0.86185631011464814,-1.0027919562779828
6911141373,0.42763452918181166,0.43316774930483304,0.0026192163097353148,0.25264596918842008,0.21103232833920668,0.00073448860965210207,-0.49249953487513654,0.3065455996113825,-1.3792160118619743
6911155485,0.46532214307666148,0.20165776828295628,0.0018732998892918369,0.23679089425293648,0.15860190591842704,0.00064621503471433547,-0.56680977489860496,1.6216948389636774,-0.18007437097720921
6911164987,0.39343831653574923,0.39750922879101103,0.0018148633523950681,0.2723743299947341,0.28358764352688293,0.00087110511163041103,0.042922585289337234,0.27771209541470909,-0.19245809916794909
6916923093,0.37332032511060487,0.29658485356161784,0.0017367816933063929,0.28316618356456513,0.24462287156974311,0.00086479007378772359,0.2692267937895052,0.86173953613047138,-0.079939005457500087
6916937341,0.31744781419161999,0.26656334744221188,0.0016795507555369157,0.28479395939304658,0.22955640855989737,0.00084237310802847667,0.63869421574212493,1.2657103480602232,-0.032976197473290128
6916944785,0.43268576639155037,0.41428384139459179,0.0017561833875188832,0.25383665965155594,0.26346221213032717,0.00087696740591343598,-0.1442238246829772,0.29509431019614579,-0.19644660964941363
7014610535,0.22340065467631379,0.21906817625214348,0.0025000531397765795,0.25993820992409916,0.10957649508381156,0.0013369981936845812,1.742781833202802,0.079080553514634902,-0.19855562635007154
7014621337,0.31092036449364735,0.28793684142124049,0.0021967973601592643,0.32769638744552915,0.1181107084837566,0.0012962517527337098,0.74881499029370813,-0.28405694146816951,-0.4694517711813681
7014628395,0.32032956276226421,0.1649429314563588,0.0024295949005520567,0.37897396065619221,0.11980259731088078,0.0011221646224595159,0.89667282026181527,0.88394586719931012,-0.022536720288871031
7014634471,0.272084958443437,0.27266264707395105,0.0020252107239878444,0.38545580034110888,0.14292517146645556,0.0013677710605303353,1.1003718805593092,0.53089264362906596,0.10932627438664445
7014650069,0.074099365995565547,0.5877212849122827,0.0018708206392771013,0.09530456696539033,0.37165002069726544,0.0014926102053622469,6.4242959355739506,-0.77233327156150378,-0.1870106170524132
7014702437,0.35745882427617942,0.32337683447827453,0.0019371899696696575,0.28091636898922678,0.20160139659145571,0.00097646110468450301,0.12935419408877555,0.33242848350147097,0.088935015276707288
7240599800,0.1615822000759578,0.59149813039911647,0.0017899960045532489,0.24177868509833633,0.21472826442486626,0.0010217182732920852,2.7264716680044465,-0.74211906837241381,0.36838312782291444
7255517110,0.1260535030878511,0.45148438711090694,0.0025120795910777184,0.14371539487479554,0.22511269545989804,0.0009798108796560687,3.9093276391327687,0.37006429495524601,-1.0279608072891966
7473328636,0.37980322562540297,0.19864839354780531,0.0018686649134946819,0.2433803891812969,0.23950873106172835,0.0011803516024806577,0.047668828679198992,1.6049447388975018,0.051079650911782314
7473334684,0.54593305967764871,0.35185720561101519,0.0026863666589771306,0.12107640225505524,0.1366021452422842,0.00092999313460719122,-2.316676924639208,-0.1961187208153238,-0.41112455068163134
7473339568,0.47546409319621696,0.26916152132404936,0.0021678601030810317,0.25119747994084723,0.19387791421342149,0.00079768747141741514,-0.1150443908358951,1.0913143011565549,-0.077895378525688105
7473343860,0.4513593013390399,0.193191793337121,0.0023668198790223888,0.18761532953288193,0.15449485514425179,0.0011236893658931487,-0.97696880186856017,1.7484950756272133,-0.41977149848484702
7473349148,0.53990394665563191,0.1033702030884609,0.0026903388102851181,0.18459366150622089,0.079417606088939594,0.00078038704259461469,-1.8600929280540195,1.502176154871484,-1.3804157848325715
7473432344,0.33659673301633969,0.14771951714272386,0.0027616147635518818,0.29615030684987886,0.15678404752971054,0.0010266423712316575,0.1640506393169181,1.4191989944682959,-0.36481666524310913
7473784730,0.51145676037485377,0.17996684457445244,0.0024489732254634883,0.10906377715684791,0.087014478024367917,0.00069614219357154287,-2.4021518714853816,0.59480159446664771,-0.69431651763833513
7473789642,0.5502922841955773,0.3091045145244069,0.0024376703731523969,0.078770111425890271,0.09268825153020599,0.00035379485023236026,-3.1173926235315741,-1.4559743449898963,-0.52296512047895938
7473793280,0.38525505579054159,0.15695262048451944,0.0020890589849781541,0.23585940717814166,0.1798919197764812,0.0012755449112530016,-0.0012853000076050447,2.2697096540997639,0.055503245071137679
7473797700,0.49346030934927676,0.18974970018517051,0.0021016581358661219,0.22726235367328584,0.10297783620223525,0.00059268598345281096,-0.35325320286027984,0.66326269065473809,0.59548077006949096
7473817902,0.45589495810715897,0.27893335010605641,0.0023853457950060697,0.17549761530634714,0.16472825598067595,0.0010518849008873839,-0.68460171705413775,0.67197975025502199,-0.12966505260622366
7473823296,0.49020413716782302,0.25922000689505603,0.0025347629504664593,0.17141290275280582,0.12667780007073265,0.00084226137851699245,-1.3206431958793672,0.81383100920464979,-0.064704673427076018
7473828404,0.49232054975709949,0.25423824259001837,0.0021103949890611895,0.16495514407567599,0.13357823281240763,0.00074570612786772309,-1.4127502786942836,0.68887159245596141,-0.1282794237012658
7473833772,0.51230187169647667,0.32157430571782497,0.0021191349070505353,0.1580666769271718,0.14671611803186221,0.0008209370514320382,-1.6460320274714837,0.24123834624773127,-0.15589761988867681
7473839724,0.5212279464369205,0.20397837876303992,0.0021297768583394073,0.14732476904149025,0.14176986635282804,0.00074243776975857771,-1.9219141568378786,0.74570992571693806,-0.53749417670286004
7822341174,0.21306734913229278,0.50103368903147283,0.0022915375814105713,0.14949065823457713,0.28106785046701299,0.00074294508676601653,2.7793508893143049,0.11110078437898452,-0.47574626354016686
8219336145,0.57800878116577092,0.40170532386638697,0.0024610861668588409,0.077891059354357431,0.15389470166995137,0.0013123021643827156,-5.2909384869657439,0.82695854683115211,-0.58575840555504732
8219342345,0.40811833178009987,0.30832401698844741,0.0022620873407661461,0.23243459842965286,0.21092832339990927,0.0010220815310652389,0.051195610454432668,0.89195919640373877,-0.12947048252835894
8219343527,0.45315723972704314,0.3438026998821751,0.0020291000281940663,0.2233207705125225,0.2246988255489718,0.0011299525122080228,-0.26056279195565857,0.55493733505910325,0.39034700828184871
8219345625,0.40858530303887386,0.32040048748570926,0.0021239889888495186,0.30156009153983998,0.25584100998217868,0.0012403112316208655,0.16890312802752569,0.77568345086988244,0.26490248180316683
8219346403,0.48254348110512907,0.44730084428349742,0.0015539932436241873,0.24472258282073522,0.31372847006727556,0.0011460197726369159,-0.044037385319878775,0.56583376201490432,0.74780875705098382
8219347763,0.36515786476290846,0.34716276563132548,0.0011030052646418484,0.2386601310356827,0.25842113207312534,0.001107911400422718,0.50592655209795379,0.68597493240800034,1.2467458740432031
8220410000,0.35038571083146519,0.31926831148831397,0.0019316060387027944,0.22579672584633698,0.23177687105528016,0.0011178816926666944,0.34827915411736732,0.78453500131607778,0.43553573647649463
8220412330,0.27135045294567511,0.28476785255634274,0.0013353322363192587,0.20664358907703176,0.21506154109657771,0.0010223798319281977,1.320062256076975,1.3062693729442292,1.162706258206629
8220413134,0.43545082498924736,0.36305889194342594,0.0022132731308469812,0.16784291748238622,0.19189306022467031,0.00116976770305157,-0.68266826288648785,1.0858471912398464,0.0084226726408275568
8220414854,0.39945829073774131,0.42097475669768547,0.0018860382519543548,0.24514535395042336,0.25610508865361242,0.0011656958626990272,0.16119357694011263,0.070950145494552877,0.025144988857680482
8220419576,0.49182230046212611,0.29966716286245187,0.002225967079328213,0.17851379312968316,0.21784306501033648,0.0013312391381331747,-0.92415590465762198,1.358257598694637,-0.26334228351569855
8220420502,0.46043515383569794,0.38207046252823079,0.0021185547712417297,0.25249634804301457,0.23941536522451351,0.00099997424578284594,-0.35823124635642367,0.83866633587771067,-0.47921656702910703
8220421212,0.48448337957743298,0.35076466080209351,0.0023534280456233899,0.19329197872720161,0.20466562489847764,0.0011633744267091045,-0.74345047155522204,0.56205735144529989,-0.31245991603000928
8220430998,0.43403483889729449,0.26635183417340391,0.0012901983339741786,0.32706224130189443,0.24925277900252527,0.0012169911819850221,0.13296264469679128,1.3221691138657297,0.9492220774684107
8220432002,0.33538245291809676,0.27593304750454045,0.0010027511469950523,0.34259379410862517,0.27142700603234249,0.0014054622838359494,0.51561153910067192,0.92304249853591513,1.1935427343919436
9337128659,0.21768231689296547,0.30991813623871062,0.0015678975861674199,0.2581761764359588,0.26762505692676025,0.0013071146484169396,1.3723858689746766,0.42929383995391268,0.64479364234419601
9337129011,0.25673115268030638,0.18117736197292972,0.002194447734932273,0.30620472329563697,0.24390418635460698,0.0013578324344064258,0.78281640149511367,1.2912597460769286,-0.28992413876240386
9337139389,0.32903988416680147,0.31886543693130964,0.0016678055679670274,0.35245744281263303,0.16726005503963673,0.00090821097008709811,0.75536285907519307,0.49891593892733632,0.30016320092296572
9337146253,0.32473068262434185,0.21881474042956289,0.0018764448416118647,0.26005497678713413,0.17727274223794115,0.0011711434502100016,0.49937951204602665,1.070623956797742,0.27794819868444337
9337149377,0.22088955388994572,0.33464052112180437,0.0020097893510580959,0.21009760618660217,0.19881648497948751,0.0010064609428012642,1.5588391274362663,-0.013588300758788393,0.0823561527126941
9337152291,0.25100139021932233,0.21305939852605099,0.0022040103309768095,0.21836389341129675,0.15982095044310404,0.00080637945152497363,0.87276622317928032,1.006808044742747,-0.8587350564757944
9339917084,0.33464391843018804,0.18018682985008902,0.0020846065904427131,0.31489503438400079,0.22635757511657473,0.0011615183610076073,0.44439064580319382,1.2288263013667025,-0.16988144537296992
9339919890,0.53479843983927866,0.46328830823788714,0.0024890000034630674,0.24882629801007694,0.3047672664076751,0.0011481812772429207,-0.96298848341294641,0.2994044095004551,-0.17254997763052701
9339922364,0.4547469200003475,0.21547570605989089,0.001802808760317257,0.26890753442946347,0.21415296146989693,0.0006470177223951056,-0.60858781809827456,0.91290312590893008,-0.03579580900966902
9339923372,0.35774018012782888,0.25345923007793175,0.0021423647407498472,0.26672044576251858,0.2045288371007653,0.0010750482074433493,0.49933870459312618,1.2338826297604517,-0.10547521278492299
9339928766,0.44034921672666294,0.31880705759635208,0.0015690303452240771,0.27335919006111298,0.25683581692925417,0.0011085330930095893,-0.13476785364731395,0.88065565050785366,0.66081101433197176
9339929824,0.40002294453272108,0.33413000525497338,0.0016767322339638617,0.29540370839333113,0.29950229204366458,0.001429763241255252,-0.15634878418825643,0.54993984088363246,0.29676316387888596
9339931348,0.36567675144009476,0.22005922541540357,0.0019402295028591444,0.2681291974859889,0.17996184800784445,0.0011819520086378652,-0.038714171022524002,0.99791373549690865,0.082458446500335569
9339935222,0.25297005392994465,0.3369307481712816,0.0016215849528882782,0.24139921239551507,0.2412714096357447,0.001037359643947959,1.2951608988253032,0.51853572997637198,0.63970512536661717
9339938192,0.17881008475207774,0.29257748199083661,0.0022224353072795378,0.21176053084162172,0.13923466772917845,0.00079214195838187777,2.4511948114538464,0.56622556067483543,-0.46729940851731633
9857533935,0.46196748043797159,0.60499784829657977,0.0020721809765470228,0.32070122029921411,0.33114162266131791,0.0011763381829681962,-0.19110093163220968,0.059080224768447875,0.49627060149967156
9857547165,0.20776621827719163,0.62253886943154357,0.0011827762248984863,0.27509130916791058,0.29939166371893561,0.00098278346109376136,1.5641785914981006,-0.36179307055360427,0.6220158075388017
9857556716,0.47769909834023078,0.14184822403332406,0.0024931311956938851,0.21496465459992792,0.18394210693499857,0.00086731504485813892,-0.60897907766527015,2.6987714889395966,-1.1194661981318157
9857652416,0.32582253561392871,0.48583341512362277,0.00071474316300170003,0.30674660816708221,0.36756616493236705,0.0009198054756205025,0.55787432623109412,0.17551522260738336,1.7172783537731826
9857658116,0.28400596091828961,0.35148066105943659,0.0006472994794103949,0.30447570162636434,0.37111760645536551,0.00094644138700933128,0.70378531075969764,0.73062351039999485,1.8182553284355683
9857662016,0.34369034329731274,0.29933356695499624,0.0024320986268847908,0.26985514909378089,0.3045146377210517,0.0014921005196719508,0.044109538089962305,0.94139764743407117,-0.55551151729074066
9857695785,0.51644451034462147,0.32426040256702954,0.0021759762992519514,0.16241647437319037,0.17071943665267494,0.00093728225996815887,-1.3123710582009789,0.44567475028383891,-0.15019169521225226
9857700925,0.36617796671498754,0.31104687958105065,0.0019863387262693756,0.26732128436934327,0.34241433127486021,0.0013464848723019256,0.18865743654276351,1.0803552653667114,0.27245379873234266
9857704455,0.50857850645780778,0.23474123931257657,0.0022863816988846039,0.21594572496649259,0.24318873131064431,0.0012289357213317162,-0.84280774216455479,1.6215949011105695,-0.36372387175405907
9857729596,0.58353149555144657,0.21532754078631774,0.002920479510652739,0.076417451848785331,0.11625470710876244,0.00075648143273362198,-4.5133458346345048,1.3918440160889174,-1.6671819330749917
9857738994,0.47018831132412664,0.24319011216813627,0.0023567555560174932,0.22471712281933676,0.24255064226537473,0.0013144805040275645,-0.86430357955616,2.1084370431978625,-0.63683835648807763
9857741145,0.51457531625737363,0.47096558337580852,0.0027200080357171236,0.12494884153292082,0.22746178696514174,0.0011240874536842195,-1.6768500393517873,0.60965901378201426,-1.0492358912422919
9857780413,0.58144238158134032,0.36973945908043693,0.0027436048736163283,0.084643675769796034,0.16795049005847265,0.0011334177515736827,-3.5310977499061464,1.0996811830020037,-0.90806257295945692
9857793423,0.52748222415729129,0.33257428503981423,0.0020211441891718794,0.14761462801758884,0.15309514338442692,0.0012551891896195081,-1.6276967509656575,1.5200754713960281,0.13928370285225675
