10405932235,0.19009499776049135,0.44163231076740145,0.0021074281201615653,0.10383536603324683,0.22809497284251692,0.0010514281241144005,2.6342055822730024,0.89368613022831944,-0.2867133949678381
10423178764,0.10870048537575748,0.87594101253788947,0.0032728203203892239,0.046179906402989766,0.20387943785074733,0.00060348893642478538,10.275660871444023,-2.0370047827306221,-1.0246184429610226
10423185434,0.15365469581014704,0.10571685305467679,0.0029464810904621963,0.16996299328750805,0.17377859436784326,0.00096233019406359219,2.6990880816390521,3.9440293883811917,-1.0427477526953186
10423191424,0.26483911553811856,0.20445488102899786,0.0033340816814046953,0.23628298147854659,0.20258436762439602,0.00058619491432090887,0.69721743115226775,1.8882322334248529,-3.0410146454881706
10650631163,0.28278155534413529,0.37258209977485734,0.0011626408908326806,0.16150828718492524,0.36167345611327933,0.0012976269499100394,0.84997650600361518,0.81025662982709801,1.0144854895079289
10753757385,0.4693840923127251,0.37278480631301381,0.001891425308214754,0.24026124183866485,0.23360046234913273,0.0010825266964873959,-0.66116975432743152,-0.17983830472312989,-0.28664735159943039
10753820836,0.35962325906135412,0.16929477106517679,0.0014036024298347172,0.24612425859023704,0.14687159960122032,0.00079244280742253115,0.47750030729132337,1.8450864769637172,-0.11267321168004804
10753851726,0.47511214032352511,0.24538767173602749,0.0023813715135203913,0.25885203247337429,0.21368809592139154,0.0010801154553709946,-0.58541077354172921,0.49545525896331583,0.00085165732088938778
10753856126,0.44579559703009208,0.30544411124876669,0.0017773384800718298,0.25296316305642352,0.28014901364438338,0.00091057439798024168,-0.37880196352985612,0.5043792450441611,0.21922143869981819
10753860484,0.47374982571945407,0.2714603988489791,0.0019414174035627223,0.27270518456414672,0.19451486557584022,0.0013895230210177105,-0.54798780066411745,1.0533161950398751,0.092854864059906797
10753880654,0.45761117777008253,0.23279084430417055,0.0020158074176595581,0.22508166750998945,0.1908079034796609,0.0011880096601145805,-0.54775815397241479,0.68189811502245712,0.13733110508589777
10754056253,0.39403689507551148,0.26852945905336745,0.0017721195642700464,0.299803056286985,0.23431478110031545,0.0011310429880232867,0.26626656874414262,0.91432630896657763,0.33712674490199335
10754058903,0.47310393243668425,0.33089669781652659,0.0018395058310905108,0.24631082958567829,0.258716365660632,0.0010827257445116991,-0.65140426297788556,0.24859664167224113,-0.12966189242582285
10754059703,0.46137232989871207,0.33965734536568198,0.0020091805510701862,0.25062960689410912,0.2483643427718687,0.0010660742745165006,-0.5232434955431865,0.11422638493731999,-0.32882056258886905
10754066633,0.43911442129971506,0.25450471398336622,0.001908598518518429,0.28702777554892928,0.19753140025611404,0.0011215372703695236,-0.14254713023702878,0.51541875316276708,0.19428785245190036
10754272665,0.37155256096997685,0.12007374335126642,0.0019488187825190046,0.28556756389609961,0.142659098737275,0.0011968593486204554,0.15388167251516358,2.5957471541937926,0.48572631984693077
10754351066,0.43949063968146063,0.16630379051633815,0.0021158979059330298,0.2480229965600298,0.14460702152258018,0.0013271271671816802,-0.53275017083966425,1.5478439590138822,0.28167148409301956
10754359856,0.40932275138341184,0.34053563227316785,0.0020708694809689282,0.25391635373625382,0.18391028072579133,0.0011502344563267765,-0.464560365359316,0.465374544985664,-0.65594995873369821
10754361846,0.47231765010583077,0.17984233656209253,0.0018853189388693657,0.23325773663478414,0.13764806423623804,0.0012347425908070416,-0.71096471122727378,2.1332947080659133,0.61004419614452476
10754568493,0.42798671647911751,0.32603903011449775,0.0019889161809557294,0.23351708161619919,0.15244932121356677,0.0014042584610237398,-0.65107976028064185,0.36041375939759696,-0.066486684128076026
138908177,0.48422464736224524,0.46959832947942659,0.0020756182596436174,0.31921724523017692,0.30333127905149659,0.0011357364616026912,-0.14543492654797685,0.22640946313390076,-0.034287280264923371
138908525,0.46070673147539731,0.49735954525275256,0.0021662930462641432,0.32159937589516041,0.31328376173091815,0.0012054936838851126,-0.069104108813726431,0.064943180392845024,-0.24976450019720337
138909372,0.54554165594401516,0.33245548214202753,0.0025273978110978475,0.20521051743032476,0.20358074964237699,0.0012319897179658009,-1.0132259327753175,0.85104177242513246,-0.36534897570050262
138909924,0.57546886913045625,0.41253716312044814,0.002059683219274501,0.26203934382945276,0.28613656194942194,0.0010901572060109512,-0.77732479846010327,0.66412439385279953,-0.047402494333742065
1850401943,0.12679460701228851,0.31285463686930176,0.00071748691774482646,0.23313380113199964,0.33020552091725797,0.0011849818409807073,2.1759064542373974,0.55897664090029653,1.647642608035353
1850421881,0.21778424591952131,0.51009538585927683,0.0010734786942839193,0.33697263055651844,0.3716996947640393,0.0012234149824939264,1.462954727230888,-0.16767887011933497,0.93016405673571878
1850437547,0.15649151733679503,0.35038555083654721,0.0017086927874356212,0.24228118875648189,0.30504149383282964,0.0012620528251315441,2.0353480950955234,0.56957156111757001,0.18663496120100972
1850556281,0.16499419910653018,0.297942652543076,0.00059431844500163768,0.26142821515707465,0.3501737338558682,0.00096971284136754005,1.4452027463584056,0.78919665692149588,1.6788566671396867
1850703607,0.17079992522827983,0.30262968502574128,0.00064160030573233689,0.2921445611732969,0.32083527774780812,0.0011068217756358722,1.79450880075421,0.74671154468597745,1.9288858455694828
1850748831,0.16197658251481961,0.40366970167544097,0.001024284901937873,0.25221304733677213,0.37545348457469035,0.0012041983012988347,1.5632474875479339,0.33142908695262369,0.85427172266935925
1850761519,0.30971629073515294,0.43537819791149379,0.00071516850957843085,0.28632600372911571,0.36468612486009211,0.00095991777383392122,0.32004645087050732,0.2098464543789838,1.4939324887183592
1850833667,0.26142417727222167,0.47760860780086145,0.00081406239424271784,0.31549132333899044,0.35895329665095943,0.0011077563097852828,0.9901302588274119,0.035184630720263198,1.5064104379457324
1850838881,0.16260612957252629,0.46003309681819676,0.0011429499018113408,0.2558299029218542,0.36175820114181306,0.0011854497554095763,1.7634318507139874,0.031168486368137648,0.57240568160707894
1851342008,0.16255595275077075,0.40616923487731849,0.00077123777819218932,0.26028131147742911,0.35778153559291326,0.0011136223987714552,1.722499637151623,0.17472806739806881,1.2794593797995868
1851515838,0.11787481851960735,0.37692930185343027,0.0011209402187551888,0.24172809936929274,0.34332136753648779,0.0012930526143096381,2.3767637180613299,0.2491663107603071,0.78602812913001119
1851537978,0.18979708692348501,0.48089470524446198,0.0014062460546036075,0.29594033897197358,0.31515071928038224,0.0011906890432045346,1.6921462271735417,0.091706294689100548,0.58679054496832306
1851554226,0.1972171563205771,0.51758550131603265,0.0011010597950582449,0.34284020464536807,0.35414641430374283,0.0012870087828599987,1.6693568464485373,-0.2618642963195274,0.87954019347083967
1851633042,0.16588362654117689,0.42414680703941099,0.0011402684826426709,0.26059729788487224,0.33128077176762838,0.0012660334353131754,1.92018567261656,0.11530307697872522,0.85177879848533489
1880070931,0.17104628092440766,0.44109784155179788,0.00091006609618170676,0.26833809662825403,0.34077911384020859,0.001017588348833901,1.9307125304485262,-0.019423681922327553,0.78353520017836598
2482756687,0.46524924971616499,0.28181591185713195,0.001376181348591899,0.26507209504838181,0.29031411627297699,0.00075105034763712499,-0.45757867262428065,0.53257095851423075,0.2927859536719814
2482764143,0.35149640861482401,0.22440124771617756,0.0012906136124590406,0.27561699678889268,0.23870791190518681,0.00064049500246722406,0.34405806881227741,1.0407836777111485,0.36150048061106377
2482772123,0.3452135272458573,0.079258037732483147,0.0016056535428161333,0.282909370201538,0.083958972969810003,0.00066167664046812454,0.4386302248961137,3.3940802544577822,0.31594127273974332
2482775717,0.4618172942966362,0.30376381396017804,0.0012481510345408815,0.25262227283614291,0.29060781815281095,0.00069767655786707864,-0.37381824115795498,0.47231110663314696,0.88478725004780989
2482779969,0.46468537175148278,0.24666175050225847,0.0019003524862808881,0.24844775470245456,0.19139299307947499,0.0013327094507900612,-0.75345124068657732,0.96746269096459514,-0.039218920184303264
2482786763,0.52893053944067825,0.11472293563924149,0.0022550358432246063,0.21596134175689191,0.12694300350122031,0.0013422202203031135,-1.1095658419189087,2.1131993774852691,0.013005172020447688
2482788211,0.45518722755859808,0.33234943421673141,0.0014066830844685378,0.25469414886774805,0.26354115787566268,0.0008357221192834231,-0.40745139198056723,0.56375949893427846,0.43418097402424222
2482789731,0.41724242334915712,0.45448196744573144,0.0013147098655749471,0.23767997666622742,0.2453951509924682,0.00066493614495894435,-0.18380352167862923,-0.70304416187660679,0.34269673994596178
2482817075,0.34602673713423709,0.20589330511322826,0.0018858957688941964,0.27649018715134899,0.24725913050542178,0.0015599652642025762,0.034276337314877087,1.6294934267847805,0.2871088895938812
2483574130,0.4114310549560995,0.13048163886160394,0.0015943699177839775,0.29147609610555253,0.17097226359856932,0.00081632287074529083,-0.049633602909899661,2.2704668605565401,-0.24388840427174394
2483578418,0.4558185839440681,0.30062702415181053,0.0012510230184047879,0.25792424604407921,0.28957542104508616,0.00068594335758651644,-0.35618898139510435,0.46208068274330166,0.926841782931762
2483590658,0.2932326311078855,0.29534243145987715,0.001978959259143603,0.29837839121929965,0.17664164194382409,0.0011643316856441651,1.1576625420959696,0.74301837842726293,0.12600408366271929
2483597646,0.50982734382602124,0.30226253602168146,0.001702517557926993,0.22994206715421117,0.23176566870602666,0.0010262137867741196,-0.94581349286363448,0.3960626878752499,0.11351873368787489
2483644362,0.47682518581867633,0.19183917604342657,0.001531775835812779,0.23505256026798219,0.1562557367311519,0.0013632403261370023,-1.0825720633494584,1.9468568231745869,0.37994899890530676
2483652182,0.48831652960527527,0.38181739722172442,0.0019432534264367262,0.22727220873321924,0.21694461651995733,0.00098245773152623233,-1.1950786927333377,-0.56597756905744945,-0.59954368386074897
251982623,0.47317108516446343,0.19792196661749437,0.0024217512238877939,0.25587889915824541,0.19023358161398349,0.0014172035240742219,-0.35923953725994873,2.0319105075672872,-0.29346602243274439
2886513934,0.46421103161880017,0.31522303842572125,0.0013714413430730534,0.36009463189723873,0.19297444346227635,0.0010962022618269582,0.024273585099633659,0.51089681824666378,1.1697510872862171
2908373128,0.57921764698888534,0.35112722945787667,0.0015789036216840647,0.25047176922982434,0.16193989952444357,0.00063603531278610416,-1.2870736014737711,0.97614090348651106,-0.71636850108649952
2914167342,0.59565528059210271,0.3741748713951194,0.0016958255440215689,0.22660965656906817,0.191029820847327,0.00099683879371717521,-1.4138534953542217,0.49570642985816005,-0.40937757669433011
2943175092,0.17786120696161287,0.58891058173538557,0.0012365692374726638,0.20770981366121843,0.32208771664497599,0.0010125905965898531,2.3164543661836507,-0.35310036131117156,0.73947790421834103
2976176423,0.1063612060364782,0.42581770727529994,0.0022941653439836522,0.10345959984062437,0.20621733292459068,0.0010314586950642434,6.5341174503491555,0.67239451640924497,-0.64919348538296562
2976178615,0.23321627430092737,0.43022461742102136,0.0022172822163690426,0.18723760407208989,0.29449322047154997,0.0010659639200890332,1.4130885239127404,0.46585422248571645,-0.27651257117223593
2976179201,0.16522065843402675,0.44954452792056765,0.0021850590186322555,0.18059856495783372,0.25405798043797828,0.0012727047290457434,2.583004509099228,0.58304327245962717,-0.15056411852161106
2976179619,0.41509087154334579,0.33734006862295585,0.0022078155474072503,0.24048887530972443,0.23210817168360556,0.0012003294249193592,-0.41437950980268479,1.3029383228477125,-0.48260568751508554
2977031608,0.17412058761684446,0.58108146047202236,0.0021152214475489294,0.21375468517335261,0.24325070776419677,0.001023531608949711,1.7686598455625948,-0.25351424259046923,-0.41679526046444793
2977032484,0.15292008038524837,0.5101069597597846,0.0024930034946375472,0.17205859113013319,0.21331612097963557,0.0010401802220860192,2.5533261377566538,0.085761763511548378,-0.88230781954876081
2998910157,0.19347825509092118,0.48782178233197993,0.0019806961042539107,0.20356547573219752,0.23672125301476596,0.0011987457739184597,1.7681925350301806,0.24181804346791549,-0.075182276850722499
2998910511,0.12061975195710391,0.42669136508696065,0.0022195116229695587,0.13619523486025628,0.2389063426528201,0.0013110483263971723,4.8296847022885645,0.94957423020980891,-0.42404650845896075
2998911107,0.42576846099517823,0.21381873815979313,0.0023979214423844259,0.25488445537842919,0.21975693119520059,0.0012693317609125596,-0.46562231306959212,1.621590083576502,-0.44067396608949411
2998912353,0.26465568338379791,0.5598001240021222,0.0019491270751203712,0.24710085319627972,0.20256599842243078,0.001171188693030353,0.83725731803183934,0.06378806159097497,0.063530249873054792
2998912711,0.36221592979741296,0.45756451003872373,0.0020683536871584406,0.24054913034541656,0.26728264520218675,0.0010865345776178324,-0.036825042084984091,-0.17136766842464268,-0.52422618433466228
2999749448,0.31435912213833295,0.44207610399481351,0.0019864761085001499,0.2460744999574562,0.18984863598172955,0.001050164712434155,0.28853637512899261,0.77377527459875262,-0.22356459412726531
2999750116,0.34985041526924615,0.18834073903955362,0.001852612187046347,0.2536435749261996,0.20842388054981054,0.00086822793724889151,0.29780542070146615,1.9742630600069733,-0.39653570725950626
2999750460,0.23614246365015479,0.41564792288176744,0.0017759411477790438,0.23786577756992969,0.234991378989726,0.0013004076643472161,1.2417575933238305,0.63391969319000785,0.11837474628023791
2999751672,0.35169912817210197,0.34218203333441921,0.0020582208220715895,0.24210380542176035,0.2686457846479951,0.0012848302482765348,0.090867606712754484,0.72258323513711997,0.22830979418163941
3019561247,0.53911773686879683,0.38344465734109451,0.0019614284967318439,0.22083485489115351,0.23012622365669175,0.00058267732692214829,-1.4229384311984263,0.20569034023858923,-0.46439102988225062
3038902071,0.44843849548108278,0.25863063418943949,0.0020899779469431769,0.26917419690548011,0.23433412414338556,0.0010766686033805014,-0.3121524906968583,0.92868896851614524,0.084651118420906973
3039742328,0.15725680168595954,0.26793492394384577,0.0019460207612455658,0.2043655462786966,0.16755049551305887,0.00098563331597662711,3.0272910139133211,1.6934470267359523,0.042671316363432181
3118939717,0.12236813685397975,0.44695762990520493,0.0017375895834934138,0.20059658175036835,0.16538382380811625,0.0007365771372974104,3.4351392127184033,0.45670629938866986,0.44570384504373972
3168952218,0.2327529568661629,0.33119791577599678,0.0020649568422399698,0.33735502370859854,0.18712246531266188,0.00083676451723530248,1.5571199279818591,0.43435096963867215,0.17501009637605561
3213272217,0.33391530447706047,0.21703210331719777,0.0017015651211070204,0.30524173575404689,0.14766795548972281,0.00086743831043308679,0.51986929695017037,1.3765246528049837,-0.22216417993027923
3213610937,0.23280438708244242,0.36054197132879495,0.0020267358913234404,0.32209988631520875,0.22558910860302819,0.0013400204120062288,1.610982590044078,0.1962054490479358,0.21302775404262675
3213771883,0.50377100830210719,0.17196983206033509,0.0020230713315387873,0.3217950808515409,0.11347608301557374,0.0011790533643679358,-0.37318273510757816,0.63846438718992127,0.33929172716867217
3215991839,0.25770282915941745,0.30495444819601281,0.0014939751377674572,0.25455103440386839,0.22391881659230051,0.00083779543189317889,1.2435829861647436,0.74656584872785969,0.58519517466805293
3249151290,0.10584594510369709,0.63508275776377521,0.0024739048673586353,0.14498449483361478,0.17565526426434339,0.00081512965579578459,4.6541271324868614,-0.76009819733108486,-0.98643952272922375
3259219916,0.21828625509482136,0.17439407473129936,0.0018073572933486669,0.28330086279196431,0.099328431715561591,0.0010093608046267924,1.8825370206763772,1.9341581975944546,-0.21661426770767692
3397457265,0.33231152731188057,0.19215216850986738,0.0018225686817149849,0.31826490899141896,0.18079357876820568,0.0012464954445269253,0.56961040628886794,1.3384900464849903,0.3302728320726343
3397462655,0.39944573186564558,0.21131064378630912,0.0023162366056938177,0.30172527369169233,0.2302971992689756,0.0012634023024171589,-0.17869857874345949,1.6118035349592448,0.10436610869804551
3397465641,0.2842839976620451,0.26575175331985457,0.0018595997612375036,0.25636886233639461,0.24378419739963955,0.001099193992183718,0.81781813328346731,1.0936754070555363,-0.019626313279249165
3397468387,0.29110473098870132,0.23410959763141087,0.0019393155554631412,0.27253724545479358,0.21976734471919376,0.0010990315456066522,0.81754605306322448,1.3247416871246136,-0.035226573586707263
3397472543,0.4356678426659128,0.34993083247505358,0.0019917214561735027,0.26617156048902779,0.26570984518911323,0.0011440155266579789,-0.10440405151545373,0.7254044650426178,-0.025653546715514407
3397500309,0.31406014519761416,0.35008753741105347,0.0019844518105186274,0.25638381916327713,0.28375732403269982,0.0010730625055586395,0.43297818536504046,0.73294851968345698,0.11172269029972624
3397529403,0.2204790004623981,0.48029708510391744,0.0016559717272058927,0.26626641189179195,0.30509375070369038,0.0010446371795971982,1.5267719581862331,0.14051881435557995,0.072247459051237334
3397551299,0.7148783715277508,0.43942818792881572,0.0014133920771982262,0.35109436885147943,0.16146515722602767,0.00097681687214116282,-1.2062270581190522,0.52067339176595318,0.4872749159148852
3398261716,0.48272778171044073,0.21125571429205758,0.002307643191057248,0.29341546813691238,0.2275290045740479,0.0012684639385395868,-0.2660897057863128,1.3488896389088991,-0.36360106362692757
3398303642,0.36432362006070568,0.47612711051544004,0.0021331206177341842,0.36212808107153527,0.33216037015582889,0.00097718910932434217,0.69414199632543516,0.32197268374191601,-0.36162111160451338
3398318160,0.34158319732415182,0.24361797950794117,0.0021170909317623113,0.31209364816200535,0.30546006009756355,0.0010842731145494975,0.61559950728461821,1.380372379248558,-0.41781326912988992
3398324266,0.24075299716119605,0.28357032403602217,0.0015905517512899651,0.26615796681879872,0.20617075787799205,0.00088072410767760169,1.2890367681682231,1.7650849870745093,0.26979214886175668
3398327000,0.42858936427498512,0.34495664060070774,0.0020649179744911508,0.28394421201302067,0.30089834186564163,0.00091003018301191306,-0.14186711207803551,0.9687768162467344,0.010206957871890323
3398330080,0.18365730736220687,0.27230795703360222,0.0018983661862553283,0.24011404522844204,0.25760944428165289,0.0012261103840808766,1.8664677194511181,0.93397470497412005,0.17559109792600022
3398354030,0.38697416783244248,0.4791888701792979,0.0018836042963379753,0.4168877521224163,0.31538217705864113,0.0010634988029490334,0.36701665213301571,0.30296078778358793,-0.5370427510285195
3676878611,0.61359696392472785,0.55503477672381818,0.002539279600153405,0.25050296889409029,0.28411575267516831,0.0010844213794246453,-0.6681036861145303,-0.36300305909623426,-0.18220631607854862
3677692912,0.53027378822334093,0.48859427085301049,0.0020589949096501631,0.20920215121374147,0.33667705115942465,0.00097957160495721219,-0.72135415683145532,-0.076091237086797173,-0.17912107816321743
3677693352,0.62960103101724774,0.59208351634790946,0.0024775544175314021,0.28045899306544908,0.31769304234506773,0.0010319267934354331,-0.84241283755966523,-0.43165005448896548,-0.28971096795393392
3677694004,0.53514843234293785,0.4251245388968562,0.0025678485505568898,0.18900372263876239,0.19612873900468628,0.001311754653678046,-0.79386246841772568,0.16050850067790032,-0.30874649041059177
3951504485,0.48573887396431104,0.37949088473755332,0.0021768454498327446,0.23823200291918567,0.34279208009407475,0.0010074354002822235,-0.68265078993040107,0.20631554370060842,-0.37717492748997822
3951520407,0.33316882825153654,0.14202027523483704,0.0017955392070270789,0.28424887949719019,0.20963596949314453,0.0011961048077594174,0.68892974266973916,2.7053068012405701,0.37463098545621876
3952254100,0.40853588610985125,0.19275016500951564,0.0018973404777326642,0.22473380188238024,0.14057958907313894,0.0011948201234494426,-0.24472130762842206,1.7155563719175315,0.42622432849055486
3978328679,0.46075210098685043,0.44742168957010453,0.001821864780212642,0.22822226188103575,0.23691356516468071,0.00088529317887060051,-0.75861351316057279,-0.53270319731693283,-0.17496863526577103
3985075445,0.2977853301042323,0.47811676487845989,0.0011680452748942336,0.2324558754573964,0.29396861124533763,0.00084069326045833241,0.64188225527353859,0.22028669026396233,0.87034349643331799
3985077169,0.29681449386189535,0.42411810429601587,0.0013821538587722314,0.23166085743652734,0.22754912950526093,0.00099366941330614623,0.63376576477379254,0.31431102473034528,0.47225199664051976
3985087547,0.27277000058358769,0.23513902827072325,0.00088630411892869901,0.3322577210979929,0.15948120400961155,0.00078905938811081806,1.0390608427884027,1.1007884410257758,2.1883863092202085
3985091689,0.66647678863901783,0.54190298340706078,0.0011887688735101997,0.41703486944060336,0.20676667582053171,0.00096260521280624935,-0.77344392173979393,-0.48991904437756045,0.99958397612121452
3985098227,0.53738839961046614,0.2127668228116579,0.00077346415481234498,0.33591931817490184,0.20608431406992175,0.00091975473288508113,-0.74383030189031463,1.2551287724418794,1.895369211333489
3985102209,0.5918911556004669,0.69076050706839542,0.0018346874996794686,0.017400575754972163,0.24595044345702693,0.00081329218157220732,-1.2532627325530978,-0.76959847366341161,-0.10161623234406909
3985111577,0.58159465751632877,0.67510222888742155,0.0017010880123028674,0.15467914437206534,0.27022867756438923,0.0013714728864087792,-2.6585738161539858,-0.94341967024447304,0.49778462522645395
3985761536,0.4193621508646263,0.20670485537499431,0.0012406439779571819,0.23310353718887322,0.17187848134548808,0.00099823510038847432,-0.32873767549309463,1.3488422543848466,0.9157492834871781
3985823224,0.73171638421099106,0.34820658535486598,0.0013529058669741808,0.32313156535066678,0.14047951632273434,0.00079616594566211593,-1.3240266693996239,0.12718148071289931,1.2955899684504955
3985829810,0.38062790389960738,0.23582262396625353,0.00086157951557090217,0.34698530003128725,0.16590937805166109,0.00078977101958728425,0.46318249527438132,1.2105076265123944,1.5828012140731662
3985836358,0.4263584594011276,0.42091838127665221,0.0015345309445085561,0.29242639596162018,0.26952614576536976,0.0011379947759197679,-0.43528633674877293,-0.22717320169027194,0.35832233356926524
3985870074,0.55147346089390603,0.57544398525360585,0.0017824762783542243,0.22620857711471873,0.3322398035949034,0.0013874335218485513,-1.7078892052631061,-0.45325810337009265,0.16393866834475165
3985873730,0.49523773217571898,0.50993893321143491,0.0013823785108290933,0.27278265664188878,0.34256736939432547,0.0013916355549248092,-1.0196694874684527,-0.22912102027549017,0.59179863170560731
4056769011,0.30608211679543912,0.087233209237161935,0.0020401295678538931,0.26061689039799774,0.12715348721993219,0.0012352448231091318,0.84001574729828343,3.5818337926535007,-0.12525602519416776
4057508220,0.3890798739494713,0.36223143709364736,0.0013030577368907963,0.282078757741626,0.2519406755483008,0.0011159065278063605,0.12802287123835346,0.53260395771854474,0.89517398157509809
4057508622,0.38916192157924884,0.28274832285106283,0.0020145015620431565,0.25952523947918105,0.35163999229757958,0.0010246732864936806,-0.026071519822130722,0.85566255199184649,0.19908933909822815
4216955108,0.49131778669637394,0.52629475674505288,0.00095431743203338389,0.28434214421709758,0.24519831595401889,0.00083868702344373357,0.4993026836335569,0.29408663746635189,0.96480958221064361
4534113784,0,0,0.0024013423408573097,0,0,0.0013650957809254877,0,0,-0.28242864281647223
4791684371,0.4348531027943276,0.39842147353836949,0.0022671782740064034,0.35103306806284251,0.29479464507319575,0.00097978545370024052,0.40998403498850727,0.3589262440959845,-0.33445642210778104
4791687247,0.13027652183575794,0.16203414804109742,0.0028752958725733039,0.17780019862043811,0.068586274608943246,0.00045558195305848693,3.1729995640207287,3.6560784716364947,-1.4943500733687223
4791703957,0.42428250908973852,0.11258089048116285,0.0025531751821019763,0.23836773275358278,0.15873951644201259,0.0011266077141403846,-0.092101030393786712,1.8875573895673385,-0.22150755228160007
4791704809,0.47368306179844333,0.57505916579125649,0.0022968128913226481,0.40424943627321996,0.28419083473750756,0.0010103213451454836,0.19762863710531536,-0.13566173174846377,-0.19962831327467326
4791735809,0.43553184421926577,0.30167151116650875,0.0021717326091950334,0.33362042309390882,0.21196698868849942,0.00097483999866974133,0.17887469635291936,0.78552163128922492,-0.11751805273308578
4791749541,0.35106440589332716,0.29415557074483945,0.0021521299846556097,0.327690106983618,0.24865631664533339,0.0011273446466671421,0.53697229523312207,0.83561471911700036,0.091305918383132068
4791772681,0.44589411244060728,0.34504392226934683,0.0024219097990724708,0.23097134963608806,0.1974083460527844,0.0010704697572216199,-0.60220599847835543,1.0378353109362375,-0.56483385342124826
4791784389,0.4592664216718968,0.3605688998116221,0.001932623188355506,0.30233595288663612,0.26694678538912114,0.0010344975948850907,0.24335140083743967,0.6846488292883024,0.10975626544458172
4791792711,0.42868544513237672,0.33110966929400054,0.0021557023690355012,0.30308647818262491,0.21776958599017829,0.0011052279858972758,0.29681928852927719,0.58880174321025991,0.0068728539218988471
4791843529,0.28433336622910438,0.46550746546338662,0.0020883769120908276,0.27275883925582906,0.20793668786216593,0.001187866408298104,0.63828154687226868,0.14208263395657184,-0.042773228885047497
4792290086,0.33684117857209855,0.31913692418513728,0.0022945145837879005,0.30049847628073373,0.17256520495351416,0.00070546883285497282,0.72088158513675527,0.41601864402058003,-0.38729350296893378
4792311308,0.23526378192460382,0.40260229025615829,0.0024769338658150041,0.27369344718288313,0.2288664362612273,0.0008832575881678415,1.4962723625268786,0.46068742318379691,-0.74891407541521271
4792317644,0.43272528152276435,0.20523691026716825,0.0020824431351766847,0.25918797576831404,0.1881404150745849,0.00094734768612078808,-0.3348541767574208,1.5746365493459418,-0.084635515509284345
4792323134,0.35881558025382571,0.32994093786545453,0.001978779778242215,0.33630292281474466,0.21353406264056582,0.0012298210568182164,0.58039121668618177,0.43112359091825886,0.28072103085682099
481403224,0.45400766616037291,0.27943288349921014,0.0022038936819167698,0.26485401640379042,0.24890348715340907,0.0011026595529401593,-0.029847591797290948,0.89764735830369846,0.071370596999461883
481403396,0.54469013118242271,0.22656884466681884,0.0020271053902343921,0.30468191623877888,0.2360741289073183,0.0010653828428636243,-0.49526174395730127,1.3053097804034846,0.0019476424874280412
481403732,0.48347489175952646,0.37213331468213651,0.0019169863488400593,0.28506542675970165,0.28096965061111506,0.0010792067912244515,-0.13708616086513853,0.54370257509482101,0.081238739269371849
481406552,0.47433462149746081,0.30582442596634402,0.0021408557734202884,0.27492531552653726,0.24237607724140639,0.00104676908435275,-0.14790869314102706,0.75450726049301342,0.042025519895785311
481407168,0.39490236698907227,0.19664306473678483,0.002646689119568767,0.3239782016816497,0.21237186686889048,0.0013285909321092222,0.032789138958792943,1.1741234812974171,-0.61737609606829003
481407628,0.46856494816001321,0.17674602388128119,0.002389269603997842,0.28382678070148476,0.21859467650648537,0.0011230944627476952,-0.37068925688443427,1.689922592912612,-0.085788128986989079
481412759,0.40532428888033251,0.30450570523014442,0.0020294141637831327,0.26704604582469976,0.30265758395308673,0.00085182864896808696,0.31557643147235681,0.72019106309885927,0.28063724789160632
481414417,0.4244162776218246,0.43217589931734962,0.0019102034807124853,0.28589063015657706,0.274761734787412,0.0010740871201936203,0.43754290417489455,0.21516272679072429,0.17095106273905755
481415219,0.49443764702556825,0.23733014703636388,0.0023427803255157403,0.29441870364678191,0.20791104610817437,0.0012129239931920025,-0.35420098726214438,1.4998724699054402,-0.31051855535983636
481415895,0.49889731297539214,0.19647532811144874,0.0024084830552348279,0.23971579492322348,0.18967831531030396,0.0011546910670110094,-0.73729348373148107,1.2564210321149711,-0.11310608073939296
4846887335,0.2338495419423442,0.21634067400091064,0.0018298314814179817,0.19215629293618455,0.1443122172135049,0.00087273574965944967,1.9949305497236742,0.77838265355660918,0.99779468858358511
4846888849,0.18450228413261235,0.31659565256466388,0.0017200339295088626,0.16429445972469658,0.21706818874413825,0.001076537796070172,2.579772468889272,0.87752187508962742,0.51859894326332145
4846889025,0.32921339556301182,0.23538585569063847,0.0022861390700423742,0.22345099088221512,0.20553786946946573,0.0011315523075932092,0.24157282659429513,1.2167741536898216,-0.39915444223563223
4846890949,0.20954889588243394,0.32581986303556798,0.0018210925285146483,0.13952554202103162,0.162550397281846,0.00099624922661315559,2.3933639462827139,0.67238484557145761,0.46174720709727002
4846891119,0.17643023526018514,0.27327539619053842,0.001617688629915566,0.20421040738094998,0.19718818752999132,0.00098081705084750886,2.0344512682891214,0.66032208092425315,0.79648004009179396
4846891629,0.16958030295315499,0.38560647556676475,0.0018533724340176728,0.31452965626072538,0.27091049078954527,0.00094277486883609938,2.0878065327901885,0.77863857436682138,-0.32895231472622971
4846893179,0.44723140952545981,0.16492243619502869,0.0023848089606561471,0.18532937526724186,0.10537423001187564,0.0012384290138428363,-0.77427815965744184,2.2511335296100263,-0.56585746337279286
4847507978,0.51723851973615265,0.12145583716388057,0.0024097792026969429,0.14488321397685497,0.082647253753354313,0.00088995876515359429,-1.7591976699549088,2.4777290467397504,-0.63502170046662143
4847508088,0.27201565776554626,0.1918404681148794,0.002144853394665453,0.21650113517624311,0.19301653625142184,0.0013262849473806753,0.60433463959413725,1.0026627239445915,0.057351524686381099
4847508172,0.36872222577995872,0.298728051571852,0.0018802593701840577,0.21449050952827536,0.27323599497732265,0.0011594260941366582,0.29909604816660745,0.63609235537231534,0.05658744496690582
4847511916,0.26406758125954294,0.106060401911875,0.0023351648750477754,0.3586326219700478,0.058798437691281534,0.00059385438575597425,0.96885512097150761,2.3442699999505678,-0.42241114385114531
4847512108,0.088903247029531673,0.56042704603437377,0.0018738083254692445,0.064820732668864386,0.16279823084736855,0.00078891557605679347,10.471155816192026,-0.3139380849626533,0.12196094489023487
4847512208,0.079736026411385386,0.662099024849091,0.0024021564628988325,0.027880683307218174,0.27164188346463214,0.00084950896648510843,16.876961455949136,-0.89679512379882342,-0.10221299713448838
4847516024,0.35085332093999816,0.18282546539293987,0.0024768252562793677,0.25286654593948338,0.20030839694275376,0.001186685111009605,0.15441600265796757,0.76228764514749747,-0.31719243109750189
4847516728,0.47653535103946421,0.2663746757476082,0.0018103721534078782,0.15869118362759485,0.22366897425909685,0.0011897760977324563,-1.0079112750617496,1.382195780631986,0.10478116541613279
5138240457,0.18435832078385292,0.23477940717224999,0.00086178198375969691,0.25943185822205178,0.18823255199854527,0.00085437446378758297,2.1007065444866702,1.3345258594738665,1.9190149642275296
5138246823,0.2421317127294588,0.27276015020008715,0.0019608553707330602,0.29832555598510418,0.26335965548635426,0.0013080413051815495,1.1612702043986074,0.90511333121035664,0.12339761399142692
5138256361,0.33915556900353366,0.32098904076025503,0.00087460819054764507,0.355628915374405,0.31504965456702011,0.00097768676578306171,0.40227882751493249,0.84842638025398298,1.7259730971150342
5138260287,0.21788711710244352,0.17918929943678188,0.0016833247638767055,0.23772211428130438,0.20085657400757859,0.00095044337044245214,1.7945725890694235,1.7370578864884454,0.21333935720254155
5138269497,0.23322574243708877,0.10980155692645041,0.0019442885266556346,0.30299812389479952,0.10475925371791918,0.00080546927013776194,1.4265768539093482,2.0015379501802522,0.24001309239091298
5138271265,0.30433107543493271,0.15290612376197965,0.0016804125382729686,0.30860525575440784,0.1845487463361799,0.0010826169410644683,0.66152104088868235,2.0390093068139015,0.43519116412374331
5138853562,0.2679069742756317,0.32551307377679761,0.0016671665670755643,0.31794033369240288,0.28073028791873411,0.0012418787404950052,1.0520959717708793,0.7297996174733421,0.51553943883648479
5138854992,0.23568378322916037,0.2279668967644031,0.0021772693542332373,0.300750178537044,0.22605581463003924,0.0013532503187454188,1.229081091285344,1.1826014793646986,-0.038760920756074915
5138857954,0.23303327928788445,0.36394157153903911,0.0016218636020436884,0.30658043405211899,0.29238389434521894,0.0011471568435713511,1.2720376710844201,0.52503653683998563,0.35809681469430937
5138861770,0.28219137289027357,0.33885308929822394,0.0015860827392614393,0.3278813810253402,0.28570260329880348,0.0011985928990934577,0.92460207212975731,0.58784332388919114,0.58660269368092222
5138862812,0.22841999849666084,0.36470686193529145,0.0014970356165145287,0.29817465942903376,0.28506149148163884,0.0012120835612759616,1.351455644329939,0.52968205511499844,0.42484139372710178
5138864974,0.26481727164965357,0.18526737122068343,0.0012001501739368726,0.26704322428120192,0.2075963646478034,0.0010301075901275362,1.0249134634200034,1.6578927947561815,1.0680699117170134
5138869458,0.35653658888677342,0.21182051424880699,0.0016705035597985151,0.31950794347178962,0.23980929326048894,0.0011741182739924887,0.28347357480806484,1.432522407784401,0.65650847767982401
5138871416,0.22589217942481504,0.18401330597289725,0.00078436495694437429,0.29136044359121238,0.21413066499009292,0.00080689574873809829,1.2716589154939033,1.6141154491110175,1.3695848331005396
5138871926,0.23931274258479773,0.3357273983720202,0.0010603398136953487,0.27690338575564033,0.23627923042285767,0.00089859811439558981,1.2090199978988916,0.79836515478936976,1.2466693189646305
5884122323,0.41399253914991768,0.26297686221639849,0.0026744631346914301,0.28824951318240422,0.23471000451286003,0.0010764969634318405,0.2252091857062519,1.5882441583152722,-0.34630398546521635
6417790281,0.14256312529058174,0.40298991851338339,0.00016800579125828523,0.21293425505733587,0.38469221313355312,0.00041492379645153844,2.5726100049494636,0.3408336673529993,5.6656447744209766
6417793045,0.11596165999305499,0.23923429449051875,0.00021485254574057732,0.1855867957347109,0.33813954424102199,0.00054146660136589393,2.1102649155771513,1.1949405271068079,3.8501084486550798
6479931561,0.51076015327230506,0.27376394131140463,0.0027107186540638695,0.17600008692713046,0.13254924830592044,0.00095431988602369454,-1.428902704876404,0.61051511390463375,-0.64168991866652414
6479933111,0.55172315189016596,0.32224185764595759,0.0025967574033086095,0.13929414632509401,0.12943489400801089,0.00080504090753163158,-2.5778954598430732,-0.8199452873609191,-1.3109173819243636
6479935103,0.52252827706653349,0.21218545932477384,0.0023926968260072549,0.18313392065229459,0.11964215511894268,0.0010040917744640338,-1.5317686473969003,0.76325002763507832,-0.029024987356315615
6479937569,0.48501031372923747,0.17046315796493233,0.0021210861611322281,0.22174004464555461,0.13008497118255827,0.00076710987498777449,-0.8448219337376377,2.0945932290752256,-0.40788817078914058
6479939945,0.41891394762682549,0.28358338804238697,0.0022199325045923631,0.23761710943939982,0.14793795707132271,0.0011624901848627757,-0.4421877919694801,0.92428424844251789,-0.056194489303244222
6479941871,0.47174481204576707,0.23693847918819125,0.0027022998084589344,0.20965648124656888,0.11272067816537713,0.00099030997233746942,-1.009531966908048,1.0813908132093719,-0.73035179694544872
6479967277,0.5059423385124695,0.081976889676827411,0.0024367032776714198,0.19752543297813968,0.06127978057590306,0.0011070809310741731,-1.2069395449235478,0.87225152276819251,0.21389534873485622
6479983763,0.36709113904544144,0.083325110830966637,0.0022699818157255898,0.2838711120254836,0.091568863346518134,0.00077254433331353596,0.31707074083855008,2.1930278688248332,-0.25934864996353035
6479985501,0.53790127810407673,0.16224957143104757,0.0025955888067999895,0.18802482301618723,0.095177389241809601,0.0010645312657698502,-1.5514762772512332,2.6482441545538555,-0.59179262992094817
6491457719,0.49944354921083484,0.37560012183320896,0.0022128305929920164,0.33639370177791045,0.35482989761196654,0.00085646345265175952,-0.017997124389004724,0.70971605189402209,-0.3022886578169155
6491459625,0.37026226950879837,0.31939757723470991,0.0022208841214913918,0.39683195786890696,0.26613888405121805,0.0012043289605406901,0.50565986935117202,0.97422234902216942,-0.20182200216260063
6491460601,0.52835722689812492,0.63098869061157148,0.0027300310691312523,0.2257332635413897,0.38838636200807514,0.00077902899339145262,-1.0739412966601436,-0.43757174561791429,-0.68882186402192369
6491461031,0.52009986383385232,0.3907223468126006,0.0025751244208452382,0.38217671768154027,0.32222441188359308,0.00079275431279107657,-0.17506896712595338,0.56803123753961737,-0.75891189346617727
6491461471,0.50889737654373279,0.4522958368623311,0.0021760355973042991,0.38717768141725761,0.33629269573391923,0.00099253487287636016,-0.11552008072120555,0.28650717981132057,-0.66931876657160438
6491462245,0.46722195173690578,0.38994997036715118,0.0026271602167330941,0.28399650214134942,0.41778097092314004,0.0010498307986401988,-0.2201629252862034,0.59410027175365687,-0.65211994843929166
6491462977,0.51419739972784018,0.47239216185460398,0.0027180232135247335,0.37494488155796085,0.43697044586546879,0.00085192290125764118,0.094657406525585103,0.21369148365831153,-0.85814473151976556
6491463383,0.57201683669447945,0.50244752444783114,0.0020978271004568334,0.3862114190185601,0.35080039518307637,0.00089313917590314214,-0.32327360965734764,0.27499860668651344,-0.054148536356375294
6491463861,0.41806023981014506,0.3652148712982794,0.0021749427397407691,0.36567220788209481,0.26805806296847084,0.0011227903271341163,0.3576838157909063,0.72402097112369812,-0.022292911945789147
6491465199,0.35632413829125659,0.35328822089772083,0.0023175909473486756,0.33346007245814541,0.35202272173244981,0.0010566150884900797,0.47478600566753931,0.79875145513929569,-0.58189178501374106
6491467273,0.4910924502634933,0.50589017038812489,0.0024793723827633441,0.32707779566284062,0.40548277054239595,0.0007829142803075363,0.12540674409072292,0.18326068729898476,-0.57374034376069427
6491467667,0.52330445550136961,0.3184333251326511,0.0024657418664337611,0.35690727470326949,0.33436828048033651,0.00088691453581560015,-0.0060460562901497985,0.86004406553491142,-0.62442403296643434
6491468795,0.57968049540916566,0.46458002267061771,0.0024584022084367758,0.42825486824540027,0.34421752170453113,0.00076052853931985224,-0.42177219743309546,0.35565066705038295,-0.52519247360336752
6491470619,0.64364770733700138,0.53854832689280696,0.0026535615199973538,0.38197886270986486,0.4172618370722489,0.00089583526549223669,-0.61584828086245136,0.0081168085406987493,-0.4965699935795464
6491472913,0.48323623890757744,0.34836613970408653,0.0027720723722567237,0.38785087463339779,0.34707963623762011,0.00084562096184221443,0.071905992025340967,0.96815877864348188,-1.0784397032478712
6700311309,0.35847369827332293,0.18757045202215689,0.0024030559780975052,0.17804272025282342,0.28120391500280445,0.0014269598849889816,-0.097213435231831194,1.9422430978550971,-0.2022130859249068
6700314595,0.17586487604573198,0.20098486581448799,0.0025531249807240991,0.14821484283824293,0.29658353894861617,0.0015210524350818138,1.7475652825575383,1.6288082202992533,-0.47676003620029439
6700317529,0.1313417606036974,0.13482677563928586,0.0023164674279958402,0.17877306871891857,0.21311735727785011,0.0014320120432419414,2.2041391605996079,2.550497261249252,-0.15950927098853412
6700321899,0.12811454025095584,0.25362204713790532,0.0020024591117766585,0.13258717331110734,0.25702161836669096,0.0015535403846150676,4.1663818167211115,1.1724453415701335,0.23203477436547251
6700323211,0.15445108704514698,0.17156133799238601,0.0023263036224236686,0.16096305162452726,0.24296888486324311,0.0012658542013764627,1.9670063128971109,2.2410404101177033,-0.22359559068894011
6700328527,0.16598205526652141,0.32919664815581151,0.0022242821456980931,0.2586022851155339,0.39417006768142365,0.001593162640233167,1.9292060283791941,0.720466553075647,-0.11255758331235073
6700331305,0.32887688968864381,0.25523200936595741,0.0020340147617981461,0.14413736864199536,0.29318693889560571,0.0013809772980791844,0.26276657158727446,1.235869722727797,0.073067113948658419
6700332213,0.2275808881592894,0.1768649863182144,0.0023649923044285147,0.13731963859639848,0.28168909702809319,0.0015005251290816832,1.2286125785748234,1.8640344185952005,-0.40578065418244824
6700332883,0.18007761541720207,0.26362516192027546,0.0016581600690591862,0.11687098653505604,0.25651741612667373,0.0011039165407323115,2.9929969209486407,1.8074561076747533,0.15903750544638079
6700333445,0.15161981844290062,0.2316784678082886,0.0023377253627971419,0.1147065936482103,0.24735367041682188,0.0012663703776332311,4.846761521842744,1.7320962726635813,-0.25567856836084957
6705163319,0.0071795065458205307,0.00038029362882706727,0.0018140543202650576,0.055987324306567783,0.0038488716384724822,0.001183282657223787,8.1924046299199347,28.626008642223194,0.15059810523007949
6705167201,0.44464227906068599,0.39976004144108301,0.00095899740910132634,0.40414528000016026,0.34887722889929801,0.0010294801587652301,-0.012353101255118112,0.593763947774682,0.90107546484592671
6705226949,0.37573280704388595,0.46461153255893167,0.00173671837446303,0.27784638722200977,0.35766619405839517,0.0012835061705041969,0.064013317103777945,0.10643126626783404,0.42358840805305753
6705243765,0.40101981649839974,0.45511219411696613,0.0017487635154722822,0.24776808324294586,0.37161194947334969,0.001271404706313555,-0.31436151707774024,0.44387748207983019,0.12440100339221322
6705245497,0.19388803872231894,0.27823838012948487,0.0018703436563884343,0.2321545980911599,0.24829763995718421,0.0014064275484196968,1.6379950742973299,0.88294371398074833,0.1406096747792821
6799483464,0.78436341949934341,0.63588480489935195,0.0012343323132128386,0.31211125607989815,0.15115897126628206,0.00070726420527105871,-1.784197736232793,-0.5984582872720231,1.2843281485661313
6801572390,0.58065926304359039,0.54913459294133882,0.001791737208765799,0.38230334197456634,0.20335206711160431,0.00081416669435216578,-0.4575847501891826,-0.46621735581030044,0.42811693537874412
6801572484,0.69684313398787123,0.43403694461808839,0.0013319222684963366,0.29047484250978312,0.16262551704349743,0.00060490410739111474,-1.4383502865798548,0.92102209618653563,1.4453849532174785
6947680077,0.85368983217442929,0.65659939530081057,0.0020595158480278463,0.14570186308564462,0.16387957818767407,0.00075993683044468471,-3.6978139041838509,-0.61331149678832475,0.39436101816157521
6947680431,0.76101572704735987,0.43952907025498344,0.001797543960015284,0.24644696276598177,0.16994903356778421,0.00068011973199797826,-2.1404215962934243,0.6229853684441452,0.48876322375449832
6947680571,0.7694985773910894,0.63614421210689132,0.0020880141040693018,0.229736701774409,0.12410688166845843,0.0009385609756682135,-2.1089609276785914,-0.36782746226382568,0.45768840376893766
6947680687,0.60687661574474938,0.45891687810351078,0.0023275740792695595,0.45513912270277068,0.27387413595450544,0.00081033853512688233,-0.43978334974680761,0.34005181454746503,0.19762476461063672
6947680829,0.67608270189757658,0.50986325478229055,0.0023251351928628219,0.22135218043905877,0.2566670265069535,0.0010357162920773539,-1.6704534873560322,-0.047450388506957202,-0.13393305942018682
6947681083,0.7919661932579094,0.55285471872650627,0.0015514173458349141,0.22180064254687248,0.1808644072111443,0.00081000827546745546,-2.6053724226627977,-0.19664448657886802,0.5468269237311516
7423550510,0.16727080629198413,0.44139915463302765,0.0020336785338970743,0.1970217223187482,0.21628185303242686,0.00089392293394217968,2.2648857950859287,0.99321226740221491,0.046253984650546941
7423569506,0.49219186945741367,0.3356123136736327,0.0028829100213434845,0.1895445429842213,0.23124193639258933,0.0011381230852808165,-0.74574776575061874,0.44685402038162758,-0.72211677674648556
7434957772,0.37392517446034046,0.27722098726337607,0.0019293403668949661,0.30435246596863202,0.2109267584871661,0.0012138287943971413,0.26726605111927293,0.8865085383094623,0.23218737885145965
7434976748,0.29932591820051269,0.54544014262975826,0.0019214411643475825,0.21044369128017398,0.21785584089987525,0.0012874548834998442,0.8101816015140425,-0.00060239135023141947,0.28236477356186462
7441611662,0.46680029922402899,0.77086909321075991,0.0029892985782259008,0.31962067420670837,0.18986007545739989,0.00085119091448993087,0.056245990142683076,-1.1643605570199429,-1.161324134273602
7657020532,0.27509753310853391,0.32947997605034579,0.0017726361193950385,0.2420034082058721,0.15578850275231079,0.00087904594005783698,0.71835974187586948,0.9185454606451694,-0.37739791901758257
7669667584,0.17450222032805157,0.42508313287259397,0.0027281531199761263,0.2315959933728686,0.36190074931737681,0.0012862671166564638,2.1968434331896569,0.24881966695745858,-0.59661229100127622
7669686422,0.28162517890195926,0.27320627561321892,0.0025890670409433512,0.22131364138043449,0.31543693051098293,0.0011475695363429743,0.75375353136437173,1.1886314069773538,-0.64943720627999046
7669688356,0.22399709960399913,0.27107100241358018,0.0024774670539134684,0.20886046816881843,0.28630316482631296,0.0011354466061203868,1.7328766964775388,1.4058725658425955,-0.83447668866048541
7669731928,0.17441012061370148,0.41950046881888398,0.001821685820560205,0.14140117820101478,0.29318207832950877,0.00098582769173649913,3.195958982934449,0.31347969003971216,0.51305974817536726
7669734690,0.18067566265641158,0.36398702934088506,0.0021776516909622918,0.17247378850819572,0.31663054322336831,0.001152607970386793,2.580753366674279,0.75890639746027233,-0.27610321423889495
7669740696,0.1926080142374591,0.32467429437440576,0.0023321004432956239,0.13260790186222074,0.21903137330404765,0.0010527954003151183,2.9072228024559035,0.45790817179217935,-0.22210303425721206
7669743422,0.1571575552413074,0.33972071651276953,0.0024360995539249846,0.15708980781759177,0.30436269331481597,0.0011000749090209947,2.4564699354917776,0.6495218837822051,-0.41576391995967987
7669778380,0.12344943885011744,0.37173934465096375,0.0025476319117299362,0.0981028212184194,0.36642293575349588,0.00097722743327851853,3.911899365809155,0.76281257691281357,-0.76822225377092623
7669780204,0.17366350606035014,0.34414727905597048,0.0025149399443216442,0.2260629302032402,0.33527426605248328,0.0010755829079543307,2.5906293224166097,0.80439476512075925,-0.4885072287629908
7669793312,0.15552790615498416,0.1414283913674865,0.0027732422654862146,0.15084769942481585,0.19980449334068487,0.00077480914211987295,3.2364523102959502,2.5910005344362319,-1.6702879122407781
7669795154,0.17225764293890883,0.37154503908557707,0.0022204093884188123,0.16102202167183657,0.31765189858590454,0.0012634869851290427,3.143568496655325,0.77930667648539409,-0.36624464001780116
7669799210,0.15456529347896419,0.25210164282009118,0.0024036220545388498,0.11468325715326901,0.24605722139913061,0.00094296425218163486,4.0931169128851206,1.4968969686555682,-0.8116459323466374
7774626850,0.24166567320339807,0.78710809639103718,0.0014541449766773079,0.26325339333414316,0.30407253179170562,0.0012737126567538143,1.4903356797106284,-1.4469551261462497,0.37575434105601391
7774639336,0.25662856975975334,0.59207216622404046,0.0022443285483339241,0.15519370149525943,0.37300532536192577,0.0015486250387449084,1.7539401747560177,-0.28410475863953255,-0.33271758493791437
7774768304,0.22595060356634858,0.69569452128168208,0.0021621061408261567,0.21987688533335034,0.31014558608368115,0.0014614107721933377,1.9541242759392512,-0.64284952469494849,-0.22274781775325572
8525061998,0.28943328763402404,0.22522669390697039,0.0029339557183884124,0.28217072422559863,0.28655240207474614,0.00088791817888305216,0.57437591495394424,1.4663298295898097,-0.91353890081025257
8754279197,0.42211149025926731,0.20685983293977023,0.0017406978373991678,0.2907827920123896,0.21002002067491751,0.0011917415529328556,0.029825261932099369,1.4241030678628372,0.15027060250372887
8754279689,0.48094660496935177,0.3566407135998293,0.0017139352963112411,0.30844530247900859,0.26681489425812016,0.0011313192087561406,-0.14464741190610564,0.72203126652688288,0.23310603935580448
8754282065,0.37661815412343475,0.22839544410085919,0.0015824364156544284,0.29472027853432187,0.22688015791948074,0.0010631756776490447,0.24879609493521482,1.495608742784017,0.51249072804656715
8754295435,0.38811267150127815,0.27463387119567889,0.0019705755120748313,0.26207684737835385,0.27116124830826244,0.0011542440841767814,0.13933602800113706,1.0126253798511327,0.086852488383178078
8754304907,0.34437552469729399,0.26358140624015641,0.0018522082867180815,0.28063233668051346,0.22263998675245508,0.00099818306169150253,0.39201934029234808,0.73777129527436047,-0.011207184822049278
8754314739,0.35899775338244327,0.26184545761508504,0.0013262800978602863,0.28481636691202811,0.23368486905886654,0.00094133594542900577,0.34830862766718557,0.95695740915923277,0.34643877337867934
8754330321,0.39815424516317088,0.31716425828081363,0.001582595190345997,0.30604353349106905,0.24443793429741534,0.0010014502924839243,0.3377457960983582,0.77355849701489865,0.55570027929174248
8754334063,0.38997166005887374,0.40814892581053641,0.0020172573958040499,0.32203426373413507,0.31698572462378166,0.0009818531824599692,0.38032313170719378,0.46902115179215925,-0.037783823387356023
8755383884,0.3207374740837608,0.29033563302795617,0.0020840907343328183,0.29026760226966064,0.22410704081033012,0.0010406963088435816,0.6700526521548873,0.7977657303511092,-0.20304954572842845
8755387494,0.20058808462969951,0.44830470848540305,0.0022685146969343597,0.25618376799855136,0.29339337099390483,0.0011407854854813642,1.4458073024024667,0.29477318762764471,-0.31035551859733795
8755397068,0.40801259538772849,0.31918569739467495,0.0018133654762028963,0.31433134285498743,0.30078677959597988,0.0010396752595523264,0.30553117575799676,0.93145137711066395,0.23329834339487421
8755407226,0.37141252588601881,0.33016932077981692,0.001692464967851397,0.27800450314872976,0.25968052565515742,0.0011677845526799626,0.41917912960713444,0.6756832145188606,0.31816828985849666
8755425458,0.42368482282763764,0.30754676802447911,0.0019852230546578823,0.31777592957401962,0.23530700378292466,0.0010655357283797708,0.066648484783654732,0.8103844875568802,-0.017283138114334278
8755441444,0.36181437907595854,0.32093763095161948,0.0020505931537072148,0.30140960293310032,0.2725214614718936,0.0011437970471990782,0.39253984808781234,0.66923319396639946,-0.14745802765614099
8755451638,0.28140573054534956,0.34535020852846038,0.0017571958117287582,0.28974313092666992,0.27719344878656427,0.001220236300080347,0.78818280323611356,0.63265500556686516,0.02353832964573976
8991938569,0.42702707999345002,0.4557786082042542,0.0024439968113090125,0.23000847470894156,0.27531044430206225,0.00086517026589871988,-0.47815594425510283,-0.4002268661744468,-0.77412900816090402
8991943745,0.30906609445254257,0.47466570708654582,0.0020634740763194608,0.25960262063383099,0.25771288085352356,0.0011724862269387407,0.56830737713285462,0.12549953733162691,0.088913981396674932
8991950803,0.41262525234501224,0.22175303866421767,0.0019712612509015029,0.26780065332647635,0.22969335078368577,0.001075161869654017,-0.26435127941528364,1.2809400397652748,0.12233291398728179
8991955645,0.13600299567603591,0.28036751365771956,0.0018708855413499055,0.1905442844060391,0.22398080353000005,0.00085058912929581766,2.6914882187932059,0.94251377212847109,0.3817387821828444
8991961713,0.21453375998926749,0.16833308865845281,0.0021169077661274517,0.25154858005019926,0.15759082343439212,0.0007684164391744755,1.5591022432461683,2.1694556652831585,0.23068799157878092
8991972315,0.37157992501831744,0.19083786163697614,0.0014712511920234623,0.33530357926191851,0.16234955145249416,0.00072664453681757545,0.26266482820543896,1.9440163069669008,0.82097425330542018
8991977797,0.2164370711560408,0.23454512892983376,0.001881214638571396,0.25517080462287883,0.20823258305527317,0.00074369194577716166,1.5248898080445774,1.5596287099441788,0.33869039620707359
8991997243,0.35950156163903563,0.50978373904392393,0.00063977912283339335,0.36211598544733598,0.27538994775393399,0.00075357249224973456,0.61483095733520388,0.2156216233332601,2.3023045361802814
8993141420,0.44386209966333934,0.37244800870425265,0.0021834265582983533,0.21724275360603182,0.3246641744264645,0.00084558770891463182,-0.64133360306781828,0.21219436376451192,-0.407741999765384
8993146626,0.16644294638360763,0.24855530362390496,0.0017650208901757629,0.20093229492847456,0.21776299743406499,0.00070510538726636354,2.0909391980640102,0.95095147126474577,0.83876734599026781
8993152272,0.1372392662383739,0.2798333884509227,0.0020601991100331917,0.22965349497405421,0.16058175515883291,0.00048346537503513764,3.1470501546627321,1.4210198921894459,0.060127386151806093
8993156578,0.15639111747445919,0.2476023652191307,0.0020880049156087443,0.20139917617268432,0.18527502606340207,0.00061016304490726751,2.5406689519014769,1.0305690574931325,0.11062430901853874
8993169230,0.13236590523636288,0.18473901213621108,0.0017442867779183034,0.17700572665065087,0.11455145220317228,0.00074430449894207764,3.1994112384664684,0.38287856764585121,1.4596811146320783
8993176772,0.076068192415032182,0.2548350400433867,0.0014785252708984468,0.065869915270965571,0.11175540236295371,0.00049239152087101115,10.89873745992816,2.4517438892732901,2.0124256927146922
8993188812,0.1552085127099801,0.24541052747907921,0.0019525924377214944,0.16059833104296761,0.20416402718814256,0.00067386299856188889,2.4779459336361378,0.92117836064267755,0.5572175010331859
9186157305,0.20929217120210772,0.28258820607688584,0.0026912355965651572,0.16304704988243734,0.24203423765707455,0.00091979252295944431,1.8500222152210319,1.2035220309662318,-0.73745266629446671
9203105571,0.36348460196921584,0.6261457360966145,0.00086738989757627761,0.2754709754415588,0.28562252088275109,0.00069889035693935044,-0.072461975684414898,-1.0372942010111004,0.66305952747322505
9203107857,0.3769922185022076,0.48906296660045623,0.0011779794558110521,0.31282772606192222,0.23698522525564469,0.00073505560953262021,0.21750289841284795,-0.077527740806655573,1.7710057171887907
9203108375,0.33765817815826965,0.37711875084293833,0.000999982127456225,0.28222529309801453,0.31495917973796039,0.0011358182608025118,0.51393563399282205,0.64525366797250505,1.5873237329722047
9203111957,0.42195361031412876,0.46047040162062219,0.0008483387193423007,0.27297177199180234,0.24532564433723739,0.001024391708243582,-0.18122576919646277,-0.17129133202394864,1.9597038970750185
9203112839,0.39544475886518382,0.41822456893593385,0.0010004516165533198,0.29732247622931168,0.18410493353237181,0.0011873986740337714,-0.079451048005230632,-0.098249889353603792,1.2668501990400143
9203115019,0.19440467301996353,0.30667857516569802,0.00041846543198331877,0.2864600442500444,0.32461812213744956,0.00080870847023730081,1.4825085101289246,0.7423521533257913,2.6438578069120506
9205890218,0.36835934339396248,0.49190346402833246,0.0015062342619435814,0.27009380267782845,0.26777815984486664,0.00098843253115492671,0.11518296331430383,-0.14906763944829338,0.49264678782667959
9205890648,0.44139461422613774,0.53674583439658308,0.0014833427198825328,0.27629063270767062,0.29610066398468865,0.00097227511935385545,-0.34877373114213839,-0.40452324998679395,0.35766892598247968
9205893280,0.13854124003483989,0.25341609161860373,0.00054187262233400659,0.16485290598832897,0.25014554435282876,0.00077638176523002304,2.731438536012833,1.4759732971176807,1.9864516222898594
9205897206,0.40066101546757693,0.41933165304740233,0.00073081034898815991,0.29040849725314682,0.25762747931735214,0.0010814575146673995,-0.065106248458657062,0.33286364369410959,1.7628414173705702
9205897640,0.37978169929245492,0.51743268210626225,0.00041407996231517257,0.28624594937359116,0.3326837109008639,0.00082213839159658267,-0.029837834539336486,-0.094685596253514109,2.8150091261736043
9363910295,0.41985883020021419,0.31341319360672498,0.0022131471430462861,0.30013050650825673,0.23870437109089776,0.0010578319577605898,-0.086039594161223087,1.2419592064781131,-0.26638096037988662
