10405932235,0.046084084084084084,0.047909909909909912,0.12387387387387387,0.007219219219219219,0.3354114114114114,0.0065285285285285287,0.00016216216216216215,6.006006006006006e-06,0.00052852852852852857,0.0071951951951951948,0.42508108108108106
10423178764,3.1999999999999999e-05,0,0.038421333333333335,9.066666666666667e-05,6.3999999999999997e-05,0.52419733333333329,0.0010826666666666667,4.2666666666666669e-05,0.0010346666666666666,0.013984,0.42105066666666668
10423185434,0.065738019169329073,0.0077316293929712461,0.035137380191693289,0.37883706070287537,0.0070223642172523963,0,0.013686900958466454,0.00020447284345047922,0,0.49152076677316292,0.00012140575079872204
10423191424,0.012144,0.28930133333333335,0.029850666666666668,0.026709333333333335,0.034405333333333336,2.6666666666666667e-05,0.031989333333333335,0.00010666666666666667,0,0.56103466666666668,0.014432
10650631163,0.60677300613496932,0.016638036809815952,0.0023190184049079756,0.15523517382413088,0.074519427402862992,0,0.00086707566462167684,0.00036400817995910022,8.1799591002044982e-06,0.14322699386503068,4.9079754601226993e-05
10753757385,0.30884266666666665,0.39032,0.052096000000000003,0.12634133333333333,0.023216000000000001,1.0666666666666667e-05,0.0023999999999999998,0.005162666666666667,0.00029333333333333333,0.089167999999999997,0.0021493333333333334
10753820836,0.37917866666666666,0.034917333333333335,0.047125333333333332,0.46562666666666669,0.066522666666666661,0.000176,0.00024533333333333335,0.0021333333333333334,0.00018133333333333334,0.0034293333333333333,0.000464
10753851726,0.11862399999999999,0.31530666666666668,0.053114666666666664,0.37585600000000002,0.020346666666666666,0.00020799999999999999,0.005770666666666667,0.0099360000000000004,0.00096000000000000002,0.094714666666666669,0.005162666666666667
10753856126,0.30943999999999999,0.32518933333333333,0.014218666666666666,0.20762133333333332,0.029530666666666667,0.00029333333333333333,0.0030453333333333335,0.0060533333333333333,0.0035306666666666668,0.100512,0.00056533333333333338
10753860484,0.35905066666666668,0.34955199999999997,0.093205333333333334,0.117728,0.011621333333333332,0.0018506666666666667,0.0018773333333333333,0.007018666666666667,0.002,0.043493333333333335,0.012602666666666667
10753880654,0.31156266666666665,0.31702399999999997,0.0045173333333333333,0.246144,0.053039999999999997,5.3333333333333337e-06,0.0046773333333333337,0.0065386666666666666,5.3333333333333337e-06,0.055306666666666664,0.0011786666666666666
10754056253,0.30666666666666664,0.11831999999999999,0.13660266666666668,0.20787733333333333,0.066159999999999997,0.0019946666666666667,0.0093333333333333341,0.025839999999999998,0.0017386666666666666,0.10165333333333333,0.023813333333333332
10754058903,0.33186666666666664,0.25903466666666669,0.056533333333333331,0.18518399999999999,0.019807999999999999,0.0013173333333333333,0.0038080000000000002,0.0050613333333333335,0.00088000000000000003,0.13534399999999999,0.0011626666666666667
10754059703,0.28470400000000001,0.34324266666666664,0.052207999999999997,0.18292800000000001,0.021189333333333334,3.1999999999999999e-05,0.0036159999999999999,0.0056319999999999999,0.00050666666666666666,0.10471999999999999,0.0012213333333333334
10754066633,0.42507733333333331,0.36626133333333333,0.078261333333333336,0.090970666666666672,0.0062666666666666669,0.000176,0.0022453333333333331,0.0021919999999999999,0.0032053333333333335,0.024282666666666668,0.0010613333333333334
10754272665,0.29782399999999998,0.024117333333333334,0.011114666666666667,0.43181866666666668,0.027141333333333333,2.1333333333333335e-05,0.0007626666666666667,0.0033333333333333335,0.0010026666666666667,0.20230933333333334,0.00055466666666666663
10754351066,0.35961599999999999,0.20016533333333333,0.018330666666666665,0.28765333333333332,0.0064426666666666669,0.0004906666666666667,0.0017333333333333333,0.00093333333333333332,0.00043199999999999998,0.11717333333333334,0.0070293333333333336
10754359856,0.25844266666666665,0.46457599999999999,0.16533866666666666,0.03506666666666667,0.0051306666666666671,0.016832,0.00030400000000000002,0.00072000000000000005,0.0017546666666666667,0.0014666666666666667,0.050368000000000003
10754361846,0.40582933333333332,0.17368,0.038773333333333333,0.28454933333333332,0.011018666666666666,0.00060800000000000003,0.0010826666666666667,0.0035466666666666667,0.0040853333333333332,0.068479999999999999,0.0083466666666666672
10754568493,0.42550399999999999,0.317328,0.076522666666666669,0.010527999999999999,0.0060000000000000001,0.001456,0.00038933333333333333,0.00037333333333333332,0.00063466666666666663,0.0081386666666666673,0.15312533333333334
138908177,0.16108266666666668,0.24838933333333332,0.061567999999999998,0.068592,0.071328000000000003,0.100992,0.049066666666666668,0.065210666666666667,0.055162666666666665,0.068773333333333339,0.049834666666666666
138908525,0.18890666666666667,0.21722133333333332,0.061344000000000003,0.056037333333333335,0.032613333333333334,0.16274133333333332,0.041279999999999997,0.064773333333333336,0.064047999999999994,0.062815999999999997,0.048218666666666667
138909372,0.15682133333333334,0.52586133333333329,0.023237333333333332,0.13341333333333333,0.039034666666666669,0.0014133333333333333,0.01328,0.029573333333333333,0.007626666666666667,0.062384000000000002,0.0073546666666666665
138909924,0.16611733333333334,0.41006933333333334,0.049482666666666668,0.07936,0.049279999999999997,0.0012586666666666666,0.035813333333333336,0.087471999999999994,0.040245333333333334,0.075343999999999994,0.0055573333333333334
1850401943,0.72723353293413173,0.00074251497005988019,0.10968263473053892,0.0036467065868263475,0.0040359281437125751,0.04997604790419162,0.069634730538922149,0.001191616766467066,0.031934131736526948,0.001059880239520958,0.00086227544910179635
1850421881,0.50946107784431138,0.0016646706586826347,0.10464071856287425,0.025928143712574851,0.0071257485029940122,0.07377245508982036,0.06334730538922155,0.0011257485029940119,0.19168263473053893,0.021065868263473054,0.00018562874251497005
1850437547,0.3221437125748503,0.0066646706586826346,0.15754491017964073,0.23918562874251498,0.0037964071856287423,0.12071856287425149,0.052658682634730537,0.0014970059880239522,0.066904191616766473,0.028856287425149701,2.9940119760479042e-05
1850556281,0.76794610778443118,0.0027005988023952095,0.064017964071856281,0.043305389221556884,0.0086287425149700597,0.027820359281437126,0.042221556886227543,0.00085029940119760476,0.041059880239520959,0.00046107784431137722,0.00098802395209580843
1850703607,0.8009700598802395,0.0031017964071856289,0.038694610778443113,0.0048502994011976044,0.0049281437125748501,0.068604790419161676,0.03608982035928144,0.0010479041916167664,0.038047904191616765,4.1916167664670657e-05,0.0036227544910179639
1850748831,0.53211377245508984,0.11394610778443114,0.20543712574850301,0.008712574850299401,0.0087305389221556881,0.014652694610778443,0.074622754491017962,0.0010119760479041916,0.034347305389221559,0.0060179640718562872,0.00040718562874251499
1850761519,0.72002994011976051,0.048712574850299402,0.035401197604790421,0.031161676646706587,0.08238922155688623,0.038125748502994009,0.01048502994011976,0.0020718562874251496,0.029538922155688624,0.00050898203592814376,0.0015748502994011977
1850833667,0.69885029940119758,0.0044550898203592811,0.061790419161676644,0.037760479041916165,0.016910179640718562,0.10445508982035928,0.0097664670658682631,0.0033892215568862277,0.058239520958083831,0.0041796407185628742,0.00020359281437125749
1850838881,0.49346107784431137,0.075185628742514971,0.18227544910179641,0.043455089820359283,0.005383233532934132,0.059778443113772457,0.021628742514970059,0.00050299401197604785,0.11231736526946108,0.0059580838323353294,5.3892215568862272e-05
1851342008,0.71205389221556892,0.0052095808383233536,0.047754491017964071,0.016706586826347306,0.0060419161676646708,0.1592994011976048,0.006221556886227545,0.00050898203592814376,0.044676646706586824,0.0012395209580838324,0.00028742514970059882
1851515838,0.54248502994011971,0.0066526946107784432,0.11707784431137724,0.062550898203592817,0.00063473053892215572,0.049724550898203594,0.10650299401197605,0.00052694610778443115,0.11161676646706586,0.0021676646706586828,5.9880239520958083e-05
1851537978,0.36014371257485028,0.047610778443113774,0.24935928143712574,0.076700598802395215,0.0049401197604790423,0.056203592814371255,0.087251497005988027,0.0059820359281437122,0.10087425149700599,0.0093173652694610778,0.0016167664670658684
1851554226,0.53506586826347302,0.001622754491017964,0.1365808383233533,0.0097844311377245502,0.00048502994011976046,0.088461077844311384,0.0514311377245509,0.0010179640718562875,0.16685029940119761,0.0085209580838323355,0.00017964071856287425
1851633042,0.53891616766467065,0.0073892215568862277,0.092550898203592816,0.01717365269461078,0.062580838323353288,0.14798802395209582,0.038005988023952095,0.001059880239520958,0.085580838323353295,0.0074071856287425148,0.0013473053892215569
1880070931,0.54270059880239518,0.00025149700598802393,0.22034131736526946,0.013449101796407186,0.038083832335329339,0.102437125748503,0.0075508982035928139,0.00029940119760479042,0.073892215568862274,0.00013772455089820359,0.00085628742514970056
2482756687,0.26497297297297295,0.26298498498498496,0.020348348348348349,0.42587987987987985,0.0090990990990990998,0.00013813813813813813,0.00024624624624624625,0.010582582582582583,0.00040840840840840841,0.00097897897897897897,0.0043603603603603602
2482764143,0.44232432432432434,0.20387387387387387,0.011507507507507507,0.30435435435435437,0.03142342342342342,6.006006006006006e-06,0.00022822822822822822,0.0044204204204204203,0.0004144144144144144,0.0011471471471471472,0.00030030030030030029
2482772123,0.24429429429429431,0.0058258258258258259,0.0143003003003003,0.69460660660660656,0.030126126126126127,0,0.00038438438438438439,0.0024084084084084086,0,0.0080540540540540544,0
2482775717,0.39511111111111114,0.32594594594594595,0.0063183183183183186,0.23837237237237238,0.012504504504504504,7.2072072072072076e-05,0.00088288288288288289,0.00566966966966967,0.00064264264264264268,0.013015015015015015,0.0014654654654654654
2482779969,0.35612612612612615,0.37965165165165166,0.0049909909909909914,0.19078078078078078,0.019621621621621621,0,0.0041501501501501501,0.0067747747747747746,0.00066066066066066071,0.036744744744744748,0.00049849849849849844
2482786763,0.33820420420420422,0.0011591591591591593,0.014660660660660661,0.10384984984984985,0.076438438438438436,3.6036036036036038e-05,0.0013693693693693693,0.0021801801801801801,6.006006006006006e-06,0.46093693693693694,0.0011591591591591593
2482788211,0.35198798798798797,0.25460060060060058,0.043705705705705707,0.26373573573573572,0.050306306306306309,0.00018018018018018018,0.001069069069069069,0.0064324324324324328,0.00061261261261261267,0.025093093093093093,0.0022762762762762764
2482789731,0.16784384384384385,0.42542942942942941,0.021855855855855855,0.13706306306306307,0.2412012012012012,1.2012012012012012e-05,0.00023423423423423424,0.0021261261261261259,0.00050450450450450449,0.0032852852852852852,0.00044444444444444447
2482817075,0.42533933933933932,0.049189189189189186,0.023717717717717718,0.098684684684684679,0.05845645645645646,0.0006186186186186186,0.0020720720720720722,0.0081621621621621628,0.0011111111111111111,0.33126126126126126,0.0013873873873873875
2483574130,0.32908708708708706,0.011867867867867869,0.058756756756756755,0.5701021021021021,0.0090150150150150148,0.00012612612612612612,0.00088888888888888893,0.0037057057057057058,0.0018078078078078079,0.0028528528528528529,0.011789789789789789
2483578418,0.39025825825825827,0.33541741741741743,0.0065465465465465462,0.23514114114114115,0.011903903903903904,5.4054054054054054e-05,0.00087687687687687684,0.0058858858858858859,0.00079279279279279274,0.012150150150150149,0.00097297297297297292
2483590658,0.26977777777777778,0.0030810810810810809,0.18953753753753755,0.061693693693693694,0.17833033033033033,0.00025225225225225225,0.011555555555555555,0.019795795795795795,0.0024624624624624623,0.11231831831831832,0.1511951951951952
2483597646,0.36683483483483481,0.33448648648648649,0.0050510510510510514,0.20050450450450449,0.01248048048048048,0.00015015015015015014,0.0036336336336336337,0.008702702702702703,0.00049249249249249251,0.066450450450450449,0.0012132132132132132
2483644362,0.52686486486486483,0.31441441441441442,0.00077477477477477482,0.026846846846846847,0.010516516516516517,0,5.4054054054054054e-05,0.00080480480480480483,3.0030030030030029e-05,0.11969369369369369,0
2483652182,0.29003603603603606,0.61252852852852857,0.0051111111111111114,0.082102102102102101,0.0032072072072072072,0,0.00038438438438438439,0.00075075075075075074,0,0.0058798798798798801,0
251982623,0.23226666666666668,0.19439999999999999,0.044656000000000001,0.159024,0.041840000000000002,0.0015093333333333332,0.014346666666666667,0.016608000000000001,0.019279999999999999,0.2712,0.0048693333333333332
2886513934,0.40864533333333336,0.035712000000000001,0.14915200000000001,0.10567466666666667,0.03543466666666667,0.013968,0.037311999999999998,0.11474666666666666,0.024853333333333335,0.0688,0.0057013333333333334
2908373128,0.15600533333333333,0.62065066666666668,0.073504,0.082949333333333333,0.00026133333333333331,0,0.00046933333333333332,0.058245333333333336,0.0078560000000000001,5.8666666666666665e-05,0
2914167342,0.29250666666666669,0.44796799999999998,0.035695999999999999,0.061098666666666669,0.0030720000000000001,0.0011199999999999999,0.043504000000000001,0.10920000000000001,0.0021493333333333334,0.0016266666666666667,0.0020586666666666665
2943175092,0.328656,0.015557333333333333,0.37670933333333334,0.087136000000000005,0.089088000000000001,0.0019573333333333335,0.0027200000000000002,0.0024906666666666666,0.0094400000000000005,0.059173333333333335,0.027071999999999999
2976176423,0.10678805970149254,0.00042388059701492536,0.78521791044776124,0.0060656716417910447,0.0092477611940298514,0.027779104477611942,0.0024716417910447762,0.0011223880597014924,0.0017253731343283582,0.00029850746268656717,0.058859701492537317
2976178615,0.11340298507462687,0.070680597014925378,0.21712238805970149,0.086059701492537319,0.19713432835820896,0.0043641791044776116,0.0092895522388059693,0.00029253731343283583,0.00025671641791044777,0.096238805970149249,0.20515820895522388
2976179201,0.17840597014925372,0.045510447761194027,0.42117014925373136,0.032447761194029853,0.041200000000000001,0.033164179104477609,0.043594029850746271,0.0011402985074626865,0.0064656716417910449,0.013265671641791045,0.18363582089552238
2976179619,0.23677014925373135,0.46386865671641792,0.14276417910447761,0.029934328358208955,0.029074626865671641,0.023164179104477611,0.0012716417910447761,0.0013671641791044777,0.0048477611940298511,0.033050746268656714,0.033886567164179107
2977031608,0.13355820895522388,0.11753432835820896,0.3832597014925373,0.022752238805970149,0.0048477611940298511,0.21960597014925373,0.0016119402985074627,0.00052537313432835821,0.039223880597014926,0.0033611940298507461,0.073719402985074622
2977032484,0.12012537313432836,0.045367164179104476,0.29125970149253733,0.0057910447761194027,0.0070149253731343281,0.17768358208955223,0.015044776119402985,0.0010567164179104479,0.012555223880597014,0.0065134328358208956,0.31758805970149256
2998910157,0.17038805970149254,0.097008955223880602,0.44860298507462687,0.026143283582089553,0.034561194029850743,0.02462089552238806,0.0045731343283582091,0.00093731343283582084,0.0065552238805970152,0.011558208955223881,0.17505074626865672
2998910511,0.19600597014925372,0.00060298507462686567,0.586555223880597,0.0066149253731343288,0.017808955223880596,0.02008358208955224,0.02088955223880597,0.0011701492537313433,0.010549253731343284,0.0061253731343283583,0.13359402985074628
2998911107,0.21508059701492538,0.045802985074626865,0.19146268656716417,0.04364179104477612,0.0055402985074626864,0.00091940298507462684,0.0020597014925373136,0.000608955223880597,0.0035283582089552239,0.46594029850746271,0.025414925373134327
2998912353,0.1567820895522388,0.23885970149253732,0.30301492537313435,0.0025134328358208955,0.0094626865671641799,0.031707462686567163,0.0053671641791044776,0.0014208955223880596,0.012602985074626866,0.0015104477611940299,0.23675820895522387
2998912711,0.20939104477611939,0.37883582089552237,0.13438208955223879,0.051128358208955227,0.059534328358208953,0.0011283582089552239,0.0090686567164179107,0.00631044776119403,0.00075223880597014925,0.12222686567164179,0.027241791044776118
2999749448,0.17693134328358209,0.35392835820895524,0.3556179104477612,0.012955223880597016,0.02208955223880597,0.001755223880597015,0.0077731343283582088,0.00045970149253731342,0.0021850746268656717,0.012405970149253731,0.053898507462686568
2999750116,0.26364179104477614,0.11915223880597015,0.082065671641791044,0.46960000000000002,0.014638805970149254,0.00051940298507462688,0.0071223880597014923,0.0037074626865671641,0.0010507462686567164,0.013540298507462687,0.024961194029850746
2999750460,0.31133134328358208,0.13376716417910448,0.42355820895522389,0.0081671641791044771,0.013910447761194029,0.002364179104477612,0.010286567164179104,0.0011104477611940298,0.0020776119402985075,0.016053731343283584,0.077373134328358212
2999751672,0.1981910447761194,0.16287164179104477,0.23737910447761193,0.13530149253731344,0.021988059701492538,0.00015522388059701492,0.0022149253731343285,0.00064477611940298512,0.00053731343283582088,0.20491343283582089,0.035802985074626863
3019561247,0.08554133333333333,0.6584106666666667,0.037029333333333331,0.18553600000000001,0.0020479999999999999,0.00026133333333333331,0.0056533333333333331,0.0044640000000000001,0.003914666666666667,0.017141333333333335,0
3038902071,0.19342933333333334,0.21407466666666666,0.077930666666666662,0.35010666666666668,0.039029333333333333,0.018655999999999999,0.0061173333333333331,0.021722666666666668,0.0024480000000000001,0.074704000000000007,0.0017813333333333333
3039742328,0.21122133333333334,0.00037866666666666669,0.33835733333333334,0.26148266666666664,0.084720000000000004,0.040703999999999997,0.031237333333333332,0.0064746666666666668,0.0023679999999999999,0.010250666666666667,0.012805333333333333
3118939717,0.081925333333333336,0.005888,0.81113066666666667,0.009482666666666667,0.020570666666666668,0.009717333333333333,0.016474666666666665,0.015866666666666668,0.0073280000000000003,0.019989333333333335,0.0016266666666666667
3168952218,0.07338133333333334,0.0012053333333333334,0.39509866666666665,0.189328,0.034821333333333336,0.010304000000000001,0.057482666666666668,0.040176000000000003,0.14563200000000001,0.049071999999999998,0.0034986666666666669
3213272217,0.25108799999999998,0.032629333333333337,0.173376,0.49702933333333332,0.0055786666666666667,0,0.0039946666666666663,0.016112000000000001,0.0011999999999999999,0.018981333333333333,1.0666666666666667e-05
3213610937,0.25551466666666667,0.0037013333333333334,0.32910400000000001,0.032309333333333336,0.0075253333333333335,0.085909333333333338,0.030352000000000001,0.038303999999999998,0.014314666666666667,0.17865066666666668,0.024314666666666665
3213771883,0.30441066666666666,0.077797333333333329,0.043994666666666668,0.23763733333333334,0.0046506666666666667,0,0.086682666666666672,0.076037333333333332,0.00021866666666666668,0.16803199999999999,0.00053866666666666668
3215991839,0.25853333333333334,0.032570666666666664,0.32743466666666665,0.25116266666666665,0.050554666666666664,0.006645333333333333,0.0034880000000000002,0.0057066666666666663,0.010565333333333333,0.035978666666666666,0.01736
3249151290,0.056458666666666664,0.020416,0.25391999999999998,0.01136,0.0036746666666666668,0.42712,0.018869333333333332,0.0021653333333333333,0.016320000000000001,0.0091039999999999992,0.180592
3259219916,0.31824000000000002,0.0027520000000000001,0.10646933333333333,0.41541333333333336,0.057183999999999999,0,0.058223999999999998,0.0015679999999999999,5.3333333333333337e-06,0.040143999999999999,0
3397457265,0.40225825825825828,0.063267267267267266,0.061855855855855853,0.1587987987987988,0.010156156156156157,0.0017957957957957958,0.0038558558558558559,0.0324984984984985,0.00013213213213213214,0.26509309309309309,0.0002882882882882883
3397462655,0.17066666666666666,0.20577777777777778,0.093447447447447443,0.092180180180180177,0.012348348348348349,0.00048048048048048047,0.004636636636636637,0.050540540540540538,1.2012012012012012e-05,0.36899699699699701,0.0009129129129129129
3397465641,0.22448048048048047,0.088222222222222216,0.17410210210210211,0.26830630630630631,0.055909909909909912,0.00021621621621621621,0.0052552552552552556,0.0037477477477477479,0.00033033033033033035,0.17230630630630631,0.0071231231231231231
3397468387,0.22976576576576577,0.079063063063063058,0.15364564564564565,0.26638438438438439,0.058246246246246247,0.00016816816816816817,0.0057777777777777775,0.004246246246246246,0.00013213213213213214,0.19732132132132132,0.0052492492492492489
3397472543,0.19179579579579581,0.26296696696696698,0.058174174174174177,0.13281081081081081,0.12378978978978979,0.0040720720720720718,0.033033033033033031,0.01915915915915916,0.0082342342342342344,0.11876276276276276,0.0472012012012012
3397500309,0.13114714714714715,0.17064864864864865,0.26536936936936939,0.14015615615615615,0.079897897897897904,0.00019219219219219219,0.0024984984984984986,0.0038918918918918917,0.0024324324324324323,0.16785585585585586,0.035909909909909908
3397529403,0.22197597597597599,0.0467027027027027,0.39769369369369367,0.1265945945945946,0.017423423423423422,0.0012972972972972972,0.04469069069069069,0.0053813813813813815,0.043645645645645645,0.082768768768768763,0.011825825825825826
3397551299,0.33793393393393395,0.054414414414414414,0.051645645645645645,0.02881081081081081,0.018852852852852854,0.0034534534534534536,0.17445645645645647,0.14333333333333334,0.18499099099099098,0.0010030030030030029,0.0011051051051051051
3398261716,0.15172372372372372,0.077051051051051048,0.041843843843843841,0.073447447447447453,0.011231231231231232,0.0010330330330330329,0.035273273273273273,0.18081081081081082,0.0033693693693693694,0.42097297297297298,0.0032432432432432431
3398303642,0.10799399399399399,0.055663663663663661,0.13224024024024025,0.11810810810810811,0.047633633633633633,0.01685885885885886,0.14796996996996997,0.022300300300300301,0.12688288288288288,0.046198198198198197,0.17815015015015015
3398318160,0.19810210210210211,0.074072072072072073,0.066468468468468475,0.30094894894894897,0.0081141141141141144,0.0048228228228228229,0.018882882882882882,0.038084084084084084,0.026048048048048049,0.26417417417417416,0.00028228228228228226
3398324266,0.26581981981981984,0.026810810810810812,0.20622822822822823,0.19261861861861862,0.18126126126126127,0,0.10984384384384384,0.0011351351351351351,0.0035615615615615616,0.012720720720720721,0
3398327000,0.24532132132132131,0.060444444444444446,0.032984984984984984,0.29784384384384383,0.030978978978978979,0.009945945945945946,0.029513513513513515,0.022780780780780781,0.16107507507507507,0.072816816816816815,0.036294294294294295
3398330080,0.25325525525525527,0.0044984984984984986,0.2158978978978979,0.26845045045045046,0.025681681681681681,0.0090930930930930923,0.0073213213213213215,0.010048048048048049,0.0032732732732732731,0.19176576576576576,0.010714714714714715
3398354030,0.20621021021021022,0.15428828828828828,0.1253993993993994,0.036426426426426427,6.006006006006006e-06,0.049501501501501503,0.24266666666666667,0.055819819819819823,0.1211951951951952,0.0084864864864864862,0
3676878611,0.03864533333333333,0.54046933333333336,0.020810666666666668,0.079530666666666666,0.015834666666666667,0.0036266666666666665,0.062682666666666664,0.075706666666666672,0.10656,0.051322666666666669,0.0048106666666666671
3677692912,0.14109333333333332,0.47376000000000001,0.019610666666666665,0.16202133333333332,0.021663999999999999,0.0013546666666666666,0.012213333333333333,0.019637333333333333,0.025429333333333335,0.116176,0.0070400000000000003
3677693352,0.049605333333333335,0.41289599999999999,0.033242666666666663,0.026858666666666666,0.013184,0.012042666666666667,0.077306666666666662,0.12473066666666667,0.15784533333333334,0.087034666666666663,0.0052533333333333329
3677694004,0.14716266666666666,0.59916266666666662,0.029621333333333333,0.089791999999999997,0.05676266666666667,0.00012266666666666668,0.012650666666666666,0.019962666666666667,0.017056000000000002,0.020719999999999999,0.0069866666666666671
3951504485,0.16081081081081081,0.38424624624624626,0.014036036036036035,0.15429429429429428,0.039915915915915916,0.0008708708708708709,0.0022102102102102101,0.0066906906906906904,0.0021621621621621622,0.2305105105105105,0.0042522522522522518
3951520407,0.40692492492492494,0.043927927927927927,0.013387387387387387,0.19752552552552552,0.051687687687687688,0,0.0018078078078078079,0.0088948948948948947,0,0.27526726726726725,0.00057657657657657661
3952254100,0.3472972972972973,0.26656456456456457,0.024582582582582582,0.26315915915915916,0.041483483483483484,1.8018018018018019e-05,0.00045045045045045046,0.0013693693693693693,0.00038438438438438439,0.05172972972972973,0.0029609609609609609
3978328679,0.23274666666666666,0.573824,0.045664000000000003,0.062106666666666664,0.025349333333333335,0.0089173333333333327,0.0046506666666666667,0.0026666666666666666,0.0049706666666666666,0.029578666666666666,0.0095253333333333336
3985075445,0.44934933333333332,0.067066666666666663,0.17558399999999999,0.010042666666666667,0.080495999999999998,0.045968000000000002,0.00037866666666666669,0.003888,0.027605333333333332,0.0031359999999999999,0.13648533333333332
3985077169,0.41258133333333336,0.078997333333333336,0.15991466666666668,0.020890666666666665,0.074650666666666671,0.0096106666666666667,0.00037866666666666669,0.0039253333333333336,0.0079039999999999996,0.0021333333333333334,0.22901333333333335
3985087547,0.74801600000000001,0.058986666666666666,0.087082666666666669,0.037621333333333333,0.0013600000000000001,0.0016693333333333334,0.0054079999999999996,0.0083573333333333329,0.019578666666666668,0.030293333333333332,0.0016266666666666667
3985091689,0.37037866666666669,0.0016373333333333333,0.071728,0.00033066666666666666,0.00096533333333333334,0.0069013333333333331,0.081839999999999996,0.11429333333333333,0.34530666666666665,0.0035466666666666667,0.0030720000000000001
3985098227,0.7716426666666667,0.074496000000000007,0.002496,0.041413333333333337,0.0083893333333333337,0.00014933333333333332,0.033503999999999999,0.035802666666666663,0.016976000000000002,0.015130666666666667,0
3985102209,0.30148799999999998,0.69789333333333337,0,0,0.00058666666666666665,0,0,2.1333333333333335e-05,0,1.0666666666666667e-05,0
3985111577,0.24733333333333332,0.7209066666666667,0.00014933333333333332,5.3333333333333333e-05,0.00091733333333333337,0.00015466666666666667,0.000192,0.023498666666666668,0.00045866666666666668,0.0063306666666666667,5.3333333333333337e-06
3985761536,0.57330666666666663,0.09725866666666666,0.0049119999999999997,0.10948266666666667,0.16142933333333334,0.00021333333333333333,0.0046293333333333334,0.0090986666666666664,0.00010666666666666667,0.02128,0.018282666666666666
3985823224,0.28750399999999998,0.11889066666666667,0.14103466666666667,0.011546666666666667,0.031493333333333332,0.0010506666666666668,0.028133333333333333,0.27922666666666668,0.089674666666666666,0.010592000000000001,0.00085333333333333333
3985829810,0.68668799999999997,0.052362666666666668,0.110656,0.037061333333333335,0.0080800000000000004,0.001008,0.012314666666666666,0.071509333333333328,0.0097280000000000005,0.0063893333333333337,0.0042026666666666671
3985836358,0.30414933333333333,0.49402666666666667,0.13595733333333335,0.028688000000000002,0.006816,0.00011733333333333333,0.00037866666666666669,0.016330666666666667,0.0053333333333333332,0.00024000000000000001,0.0079626666666666665
3985870074,0.30562133333333336,0.5805973333333333,0.0011893333333333333,0.0049973333333333337,0.0031733333333333331,0.00092266666666666669,0.0013493333333333332,0.072277333333333332,0.00085866666666666665,0.027914666666666667,0.0010986666666666666
3985873730,0.46544000000000002,0.49057066666666665,0.001712,0.0013066666666666667,0.0018026666666666666,0.00010666666666666667,0.000736,0.03271466666666667,0.00034666666666666667,0.0049386666666666667,0.00032533333333333334
4056769011,0.3455508982035928,0.0029461077844311376,0.0017724550898203593,0.26035928143712572,0.033101796407185628,0,0.001437125748502994,0.0035688622754491018,0,0.35058682634730537,0.00067664670658682631
4057508220,0.49892814371257482,0.013988023952095809,0.1764191616766467,0.095197604790419166,0.029119760479041915,0.00055089820359281434,0.0024251497005988022,0.0045628742514970061,0.00097005988023952093,0.035485029940119761,0.14235329341317365
4057508622,0.25052095808383235,0.278251497005988,0.0014071856287425149,0.19756886227544909,0.013748502994011976,0,0.00059281437125748503,0.0011257485029940119,0,0.25661676646706588,0.00016766467065868263
4216955108,0.52132335329341317,0.023161676646706587,0.032862275449101794,0.013604790419161676,0.18817365269461078,0.00093413173652694614,0.02225748502994012,0.0096766467065868261,0.17567065868263473,0.0021976047904191617,0.010137724550898203
4534113784,0.22967724867724867,0,0,0.31502116402116404,0,0,0,0,0,0.45530158730158732,0
4791684371,0.19740540540540541,0.029927927927927929,0.12957957957957958,0.12351951951951952,0.020150150150150151,0.0044684684684684686,0.020954954954954953,0.00076876876876876877,0.22876876876876878,0.089357357357357364,0.15509909909909911
4791687247,0.0026306306306306307,0.03168168168168168,0.12141741741741742,0.3157117117117117,0.010672672672672672,0,0.48153753753753753,0.0110990990990991,0,0.024654654654654655,0.00059459459459459464
4791703957,0.14412012012012013,0.058810810810810812,0.043789789789789792,0.26467867867867867,0.052834834834834837,0.00043243243243243243,0.0019759759759759759,0.0074354354354354358,0.014960960960960961,0.40093093093093091,0.010030030030030029
4791704809,0.0598978978978979,0.15888288288288288,0.22001201201201201,0.026432432432432432,0.047897897897897897,0.00560960960960961,0.023117117117117118,0.0040060060060060059,0.36924324324324326,0.013489489489489489,0.071411411411411413
4791735809,0.17147747747747749,0.11899699699699699,0.15361561561561562,0.10663063063063064,0.12257657657657657,0.0010930930930930932,0.08233633633633633,0.025693693693693693,0.093369369369369376,0.11912312312312312,0.0050870870870870872
4791749541,0.26141141141141139,0.1156036036036036,0.12286486486486486,0.13060660660660661,0.050780780780780778,0.040240240240240241,0.019789789789789791,0.0061021021021021018,0.07675675675675675,0.1040960960960961,0.071747747747747753
4791772681,0.15652252252252252,0.46393393393393395,0.14231231231231231,0.063483483483483483,0.052180180180180183,0.0026726726726726728,0.013603603603603603,0.012504504504504504,0.012288288288288289,0.061543543543543543,0.018954954954954955
4791784389,0.21436636636636636,0.14258258258258258,0.10015615615615615,0.14840240240240241,0.14548348348348347,0.0013753753753753754,0.032636636636636636,0.016624624624624624,0.12446846846846847,0.04463663663663664,0.029267267267267267
4791792711,0.2331051051051051,0.14167567567567568,0.11661261261261262,0.067285285285285282,0.15314714714714714,0.0012792792792792793,0.069567567567567573,0.011237237237237237,0.090582582582582588,0.099621621621621623,0.015885885885885884
4791843529,0.18707507507507506,0.14091891891891892,0.12210810810810811,0.066534534534534534,0.15541741741741741,0.16247447447447447,0.042216216216216219,0.0064564564564564561,0.11117717717717718,0.0054894894894894899,0.00013213213213213214
4792290086,0.046276276276276278,0.16151351351351351,0.20860060060060059,0.13045645645645645,0.20073273273273273,4.8048048048048048e-05,0.13186786786786786,0.011483483483483483,0.055981981981981982,0.05302102102102102,1.8018018018018019e-05
4792311308,0.094702702702702701,0.098468468468468462,0.40896096096096096,0.070810810810810809,0.025465465465465464,0.023825825825825826,0.055597597597597595,0.0021321321321321322,0.075579579579579573,0.029525525525525526,0.11493093093093093
4792317644,0.18805405405405407,0.065117117117117124,0.18684684684684685,0.33804804804804806,0.035525525525525528,0.006882882882882883,0.013087087087087087,0.0019219219219219219,0.022432432432432432,0.14197597597597597,0.00010810810810810811
4792323134,0.25905347593582889,0.13796256684491978,0.12792513368983957,0.044240641711229947,0.071363636363636365,0.043770053475935829,0.05519251336898396,0.020898395721925134,0.07237433155080214,0.14381283422459892,0.023406417112299464
481403224,0.15262933333333334,0.17680000000000001,0.040917333333333333,0.23929066666666668,0.19237866666666667,0.00037866666666666669,0.017621333333333333,0.020725333333333332,0.032927999999999999,0.12343999999999999,0.0028906666666666668
481403396,0.23510933333333334,0.10910400000000001,0.059914666666666665,0.36511466666666664,0.017984,0.0018933333333333332,0.037749333333333336,0.030437333333333334,0.080512,0.057050666666666666,0.0051306666666666671
481403732,0.24396799999999999,0.18772800000000001,0.076266666666666663,0.11479466666666667,0.16641066666666668,0.00071466666666666662,0.018101333333333334,0.026053333333333335,0.075610666666666673,0.069888000000000006,0.020464
481406552,0.171456,0.27337600000000001,0.030234666666666667,0.22061333333333333,0.11672533333333333,0.00053333333333333336,0.027653333333333332,0.031919999999999997,0.030981333333333333,0.094634666666666672,0.001872
481407168,0.18979733333333335,0.18771199999999999,0.071909333333333339,0.10483199999999999,0.011605333333333334,0.00031466666666666665,0.052240000000000002,0.013632,0.027466666666666667,0.30225600000000002,0.038234666666666667
481407628,0.15535466666666667,0.13006400000000001,0.024767999999999998,0.36941333333333332,0.059263999999999997,0.000192,0.017978666666666667,0.013317333333333334,0.029834666666666666,0.19534399999999999,0.004469333333333333
481412759,0.11341333333333334,0.12242133333333333,0.034304000000000001,0.302176,0.26300266666666666,4.2666666666666669e-05,0.01184,0.0090666666666666673,0.021029333333333334,0.11957866666666667,0.0031253333333333333
481414417,0.21285333333333334,0.18411733333333333,0.031642666666666666,0.034085333333333336,0.30337066666666668,0.00022933333333333334,0.016143999999999999,0.0070239999999999999,0.092656000000000002,0.089648000000000005,0.028229333333333332
481415219,0.20810133333333333,0.30725333333333332,0.064255999999999994,0.14288000000000001,0.044197333333333332,0.00072000000000000005,0.038629333333333335,0.020698666666666667,0.036698666666666664,0.12875200000000001,0.0078133333333333336
481415895,0.14823466666666665,0.29344533333333334,0.026933333333333333,0.38284800000000002,0.035061333333333333,0.00053866666666666668,0.0088373333333333342,0.013056,0.0051893333333333331,0.082479999999999998,0.0033760000000000001
4846887335,0.066798679867986793,0.0041584158415841586,0.092574257425742573,0.23003300330033002,0.45786138613861388,0,0.0012805280528052805,0.012237623762376238,6.6006600660066009e-06,0.13238943894389438,0.0026600660066006601
4846888849,0.12304438642297651,0.011535248041775458,0.24133681462140993,0.1389869451697128,0.32885117493472588,0,0.01381201044386423,0.0030026109660574412,0.0020835509138381202,0.12493994778067885,0.012407310704960836
4846889025,0.10649865951742628,0.0059195710455764074,0.26963538873994636,0.072182305630026811,0.22216621983914209,0,0.0027506702412868631,0.00033243967828418231,0.00064879356568364613,0.31971045576407509,0.00015549597855227883
4846890949,0.097464285714285712,0.0046488095238095238,0.17306547619047619,0.03624404761904762,0.53639285714285712,0.0069583333333333337,0.04329761904761905,0.0012083333333333334,0.0082559523809523812,0.089696428571428566,0.0027678571428571427
4846891119,0.26051918735891649,0.014893905191873589,0.31339954853273139,0.19403611738148985,0.077146726862302478,0.030302483069977428,0.013426636568848759,0.002239277652370203,0.0035485327313769751,0.078645598194130931,0.011841986455981942
4846891629,0.15453372434017595,5.8651026392961878e-06,0.50255718475073319,0.13190615835777125,0.0014897360703812316,2.3460410557184751e-05,0.11840469208211143,0.0065102639296187688,0.025935483870967741,0.057290322580645162,0.0013431085043988269
4846893179,0.20258666666666666,0.27816533333333332,0.061402666666666668,0.079013333333333338,0.082912,0,0,0.000192,0,0.29539733333333335,0.00033066666666666666
4847507978,0.08227683615819209,0.1483502824858757,0.018841807909604519,0.42557062146892655,0.071661016949152542,0,0,4.519774011299435e-05,1.1299435028248587e-05,0.25323728813559321,5.6497175141242937e-06
4847508088,0.15127596439169139,0.00068249258160237394,0.071477744807121657,0.13810089020771513,0.23043323442136499,0,0.00078931750741839766,0.00022551928783382791,0.00070623145400593472,0.40623145400593474,7.7151335311572705e-05
4847508172,0.11178711484593838,0.051411764705882351,0.035350140056022411,0.1452436974789916,0.37896918767507004,3.9215686274509805e-05,0.00016806722689075631,0.00017366946778711484,0.0018823529411764706,0.27482913165266104,0.00014565826330532213
4847511916,0.05662933333333333,0.047749333333333331,0.015056,0.78655466666666662,0.011722666666666666,0,0.0069813333333333333,0.0030506666666666668,0,0.072256000000000001,0
4847512108,0.044852272727272727,5.6818181818181818e-05,0.75130681818181821,0.0081988636363636361,0.00045454545454545455,0.012812499999999999,0.00052840909090909089,0.00014772727272727274,0.0012272727272727272,0.0094374999999999997,0.17097727272727273
4847512208,0.0029333333333333334,0,0.39114666666666664,0.0011306666666666668,0.00015466666666666667,0.46589333333333333,0.0016639999999999999,5.3333333333333337e-06,0.021749333333333332,0.085685333333333336,0.029637333333333335
4847516024,0.11505723905723905,0.014653198653198652,0.032686868686868688,0.047602693602693605,0.30221548821548821,0,0.00019528619528619528,0.00024915824915824918,6.7340067340067342e-06,0.48525925925925928,0.0020740740740740741
4847516728,0.35051014492753624,0.14008695652173914,0.0095130434782608689,0.12164637681159421,0.1816927536231884,0,0,0.00011594202898550724,0,0.19643478260869565,0
5138240457,0.72590963855421686,0.0038433734939759038,0.12928313253012047,0.044783132530120479,0.034500000000000003,0.014355421686746988,0.00045180722891566266,0.00078915662650602409,0.0045903614457831329,0.01436144578313253,0.027132530120481928
5138246823,0.32183132530120484,0.015602409638554218,0.15857831325301205,0.15969879518072289,0.0043734939759036149,0.062987951807228909,0.052692771084337349,0.0049518072289156624,0.0352710843373494,0.16135542168674699,0.022656626506024097
5138256361,0.70204216867469882,0.00066867469879518075,0.074993975903614452,0.00084939759036144582,0.002783132530120482,0.11891566265060241,0.0012289156626506025,0.0048674698795180722,0.086271084337349396,0.0048734939759036144,0.0025060240963855423
5138260287,0.30249999999999999,0.0091204819277108436,0.093993975903614455,0.44928915662650604,0.02997590361445783,0.032716867469879521,0.0070421686746987948,0.002469879518072289,0.007590361445783133,0.058204819277108431,0.0070963855421686747
5138269497,0.19302409638554216,0.00041566265060240964,0.11344578313253012,0.61681325301204815,0.0035602409638554218,0.0030180722891566267,0.025891566265060242,0.00077710843373493977,0.0033975903614457833,0.036879518072289154,0.0027771084337349398
5138271265,0.41791566265060243,0.0054156626506024095,0.11526506024096385,0.24776506024096387,0.011536144578313253,0.012542168674698794,0.01269277108433735,0.0023433734939759037,0.011246987951807228,0.15418674698795182,0.0090903614457831326
5138853562,0.40019277108433737,0.011042168674698795,0.18579518072289156,0.13356626506024097,0.016680722891566264,0.07778313253012048,0.041138554216867469,0.0050963855421686747,0.036337349397590361,0.082680722891566263,0.0096867469879518067
5138854992,0.30383734939759038,0.0083614457831325296,0.16692168674698796,0.13056024096385543,0.0032710843373493976,0.056662650602409638,0.099253012048192771,0.0069096385542168678,0.017253012048192771,0.20412650602409638,0.0028433734939759038
5138857954,0.37356024096385543,0.034331325301204821,0.20772289156626506,0.097957831325301212,0.0038433734939759038,0.11618072289156627,0.051530120481927712,0.007590361445783133,0.056777108433734937,0.047228915662650604,0.0032771084337349398
5138861770,0.40995180722891567,0.013457831325301204,0.18051807228915662,0.12949397590361444,0.0045060240963855419,0.10851807228915662,0.027295180722891565,0.0048734939759036144,0.03707831325301205,0.079409638554216871,0.0048975903614457833
5138862812,0.43372289156626503,0.0092831325301204817,0.21353012048192771,0.13209036144578312,0.0025481927710843373,0.085542168674698799,0.056530120481927709,0.0051867469879518071,0.036198795180722894,0.023379518072289156,0.0019879518072289156
5138864974,0.58716867469879519,0.012283132530120483,0.04904819277108434,0.24078313253012049,0.0079096385542168669,0.038198795180722889,0.0090120481927710838,0.0012289156626506025,0.0024156626506024095,0.048915662650602411,0.0030361445783132529
5138869458,0.47169879518072289,0.032933734939759034,0.073228915662650607,0.18892168674698795,0.017120481927710842,0.087614457831325307,0.047506024096385539,0.0018313253012048193,0.013692771084337349,0.062777108433734935,0.002674698795180723
5138871416,0.73144578313253017,0.00029518072289156624,0.048451807228915664,0.17021686746987952,0.0018433734939759035,0.021993975903614457,0.00036144578313253013,0.00033734939759036143,0.014259036144578314,0.010162650602409638,0.00063253012048192767
5138871926,0.57989759036144584,0.039204819277108435,0.14233734939759035,0.12213253012048193,0.017096385542168673,0.037746987951807226,0.010439759036144578,0.0025301204819277107,0.021566265060240963,0.012722891566265061,0.014325301204819276
5884122323,0.116064,0.19033600000000001,0.12197866666666667,0.13945066666666667,0.094026666666666661,0.0028159999999999999,0.059887999999999997,0.011952000000000001,0.015664000000000001,0.22927466666666665,0.018549333333333334
6417790281,0.95034834834834836,0.0021261261261261259,0.010330330330330329,0.0049249249249249246,0.021657657657657658,0.0012072072072072072,0.00012012012012012012,0.00042642642642642644,0.0051351351351351347,0.0023303303303303302,0.0013933933933933933
6417793045,0.92149549549549548,0.0021201201201201201,0.039219219219219219,0.0143003003003003,0.016264264264264264,0.00025825825825825824,0.00067267267267267269,0.00021621621621621621,0.00083483483483483484,0.0026606606606606607,0.0019579579579579579
6479931561,0.10151351351351351,0.572972972972973,0.024756756756756756,0.19870870870870871,0.063483483483483483,0.0010750750750750751,0.0063903903903903903,0.0020660660660660659,0.0018138138138138139,0.024384384384384384,0.002834834834834835
6479933111,0.15511711711711712,0.72136936936936935,0.007159159159159159,0.082684684684684678,0.0020060060060060059,7.8078078078078081e-05,0.002018018018018018,0.0015315315315315315,9.6096096096096097e-05,0.026312312312312312,0.0016276276276276276
6479935103,0.1424084084084084,0.43144144144144142,0.018828828828828827,0.37574774774774777,0.0089669669669669664,0.00016816816816816817,0.0037597597597597596,0.0024204204204204202,0.0012132132132132132,0.011993993993993994,0.0030510510510510509
6479937569,0.12736336336336337,0.26474474474474474,0.047657657657657657,0.48908108108108106,0.011291291291291292,0.0023123123123123123,0.0049009009009009013,0.0045465465465465461,0.004126126126126126,0.022384384384384386,0.021591591591591592
6479939945,0.17445645645645647,0.40537537537537538,0.15822822822822824,0.18548348348348348,0.043405405405405405,0.0019759759759759759,0.0062102102102102102,0.0038738738738738738,0.0019159159159159158,0.015939939939939939,0.0031351351351351351
6479941871,0.096708708708708707,0.5193093093093093,0.11831831831831832,0.20851651651651651,0.016150150150150151,0.0013273273273273272,0.0045645645645645645,0.0020960960960960959,0.00190990990990991,0.026474474474474475,0.0046246246246246245
6479967277,0.17387987987987988,0.024660660660660659,0.0082582582582582578,0.44237237237237237,0.0072252252252252248,0,0.0069669669669669672,0.0016216216216216215,0,0.3347147147147147,0.00030030030030030029
6479983763,0.1170990990990991,0.034534534534534533,0.038618618618618622,0.52372372372372378,0.016042042042042043,0.00046246246246246244,0.0065765765765765762,0.0047147147147147146,0.0002942942942942943,0.25391591591591589,0.0040180180180180184
6479985501,0.16352552552552552,0.37204804804804803,0.029297297297297298,0.22391591591591592,0.0053873873873873874,7.8078078078078081e-05,0.0026426426426426428,0.0045105105105105103,0.0025045045045045044,0.19492492492492491,0.0011651651651651651
6491457719,0.11861861861861862,0.020936936936936937,0.10004804804804805,0.25715915915915916,0.093849849849849856,0.00058258258258258254,0.085513513513513509,0.010534534534534535,0.19773573573573575,0.093153153153153159,0.021867867867867867
6491459625,0.21026,0.030380000000000001,0.19192500000000001,0.075374999999999998,0.020750000000000001,0.00062500000000000001,0.11601,0.010505,0.15171999999999999,0.19179499999999999,0.00065499999999999998
6491460601,0.023267267267267269,0.64150150150150154,0.039585585585585586,0.063573573573573572,0.015891891891891892,0.0013873873873873875,0.057171171171171174,0.016702702702702701,0.013915915915915915,0.12078078078078078,0.0062222222222222219
6491461031,0.052204204204204206,0.1151051051051051,0.083393393393393397,0.17810810810810812,0.028066066066066066,0.00089489489489489487,0.12521921921921922,0.055693693693693695,0.27225825825825828,0.087621621621621626,0.0014354354354354354
6491461471,0.15924324324324324,0.072474474474474471,0.093057057057057052,0.07735135135135135,0.02190990990990991,0.0016336336336336336,0.069591591591591589,0.045723723723723721,0.33697297297297296,0.11037837837837838,0.011663663663663663
6491462245,0.10166366366366367,0.23881681681681682,0.031945945945945943,0.23870270270270269,0.0026786786786786787,0.0047507507507507504,0.043699699699699703,0.0084024024024024029,0.074540540540540545,0.24306906906906908,0.011729729729729729
6491462977,0.030462462462462463,0.025021021021021023,0.028150150150150152,0.14539939939939939,0.10154354354354354,0.00051651651651651647,0.083921921921921924,0.0090630630630630631,0.3088108108108108,0.26711111111111113,0
6491463383,0.14142942942942943,0.045237237237237236,0.06451651651651652,0.15473273273273272,0.032870870870870872,0.041597597597597596,0.094342342342342345,0.035621621621621621,0.34479879879879882,0.033159159159159159,0.011693693693693694
6491463861,0.19923123123123124,0.0086186186186186179,0.10647447447447447,0.058198198198198201,0.17627027027027026,0.0040300300300300301,0.15792192192192192,0.023531531531531532,0.11165765765765766,0.15297897897897897,0.0010870870870870871
6491465199,0.11156156156156156,0.13013813813813813,0.06183783783783784,0.18154354354354355,0.040372372372372373,0.0047447447447447446,0.048984984984984985,0.027387387387387389,0.19818618618618619,0.19099099099099098,0.0042522522522522518
6491467273,0.05867267267267267,0.054498498498498499,0.066162162162162155,0.16984984984984985,0.26557957957957956,0.0019579579579579579,0.062294294294294297,0.046294294294294297,0.18106306306306305,0.091867867867867867,0.0017597597597597597
6491467667,0.083441441441441444,0.033399399399399399,0.059933933933933932,0.20878678678678678,0.044516516516516516,6.0060060060060059e-05,0.11384384384384384,0.03384384384384384,0.21612612612612614,0.20587987987987988,0.00016816816816816817
6491468795,0.03565765765765766,0.0061801801801801802,0.16657657657657657,0.055795795795795793,0.00085885885885885881,0.00037237237237237235,0.16488888888888889,0.036336336336336338,0.39867867867867868,0.13176576576576576,0.0028888888888888888
6491470619,0.025969969969969971,0.010462462462462463,0.10772372372372373,0.12154954954954955,0.022852852852852854,0.0002042042042042042,0.069429429429429423,0.017831831831831832,0.44351951951951951,0.17956156156156156,0.00089489489489489487
6491472913,0.048420420420420419,0.13891291291291291,0.029975975975975976,0.11911111111111111,0.0013273273273273272,0.00064264264264264268,0.11797597597597598,0.010852852852852852,0.27699699699699698,0.2404024024024024,0.015381381381381381
6700311309,0.1676280193236715,0.002966183574879227,0.017289855072463767,0.21581159420289855,0.13543961352657005,0,0.00024154589371980676,0.00025120772946859906,0.0031304347826086958,0.4572270531400966,1.4492753623188405e-05
6700314595,0.17078609625668451,0.00010160427807486631,0.021454545454545455,0.083839572192513367,0.19590909090909092,1.0695187165775402e-05,0.00015508021390374331,3.2085561497326203e-05,0.0009893048128342245,0.52395187165775403,0.0027700534759358287
6700317529,0.21680879120879121,0.00053626373626373622,0.066883516483516481,0.2329978021978022,0.085841758241758243,0.00011868131868131868,0.00059340659340659338,0.00031648351648351649,0.0013362637362637363,0.39194725274725273,0.0026197802197802196
6700321899,0.35355080213903745,0,0.21031016042780748,0.035652406417112301,0.00071122994652406417,0,2.6737967914438501e-05,5.3475935828877008e-06,0,0.39974331550802139,0
6700323211,0.15141176470588236,0.0020802139037433155,0.06007486631016043,0.35696791443850268,0.11135828877005348,0.00077540106951871663,0.0013155080213903742,0.00044385026737967914,0.000518716577540107,0.30724598930481284,0.007807486631016043
6700328527,0.2396524064171123,0.0010641711229946525,0.13514973262032084,0.083802139037433152,0.069133689839572188,0.00036363636363636361,0.00055614973262032089,0.00058823529411764701,0.032026737967914436,0.42989839572192512,0.0077647058823529409
6700331305,0.20047148288973385,0.0015817490494296578,0.031726235741444869,0.12012927756653992,0.29411406844106464,0.0038935361216730037,0.00073764258555133078,3.8022813688212928e-05,0.0023193916349809884,0.34355893536121673,0.0014296577946768061
6700332213,0.26987702265372171,0.00014886731391585759,0.026828478964401294,0.081857605177993523,0.04985113268608414,0,0,1.2944983818770227e-05,0.00056310679611650482,0.57086084142394822,0
6700332883,0.22204716981132075,0.0002169811320754717,0.085349056603773579,0.25752830188679243,0.27817924528301885,0,0.00042452830188679245,3.7735849056603776e-05,0.0015,0.15310377358490565,0.0016132075471698114
6700333445,0.12803550295857988,0,0.16088757396449704,0.13873372781065088,0.13807100591715976,0,0.00011834319526627219,0.00010650887573964498,0.0027337278106508876,0.42676923076923079,0.004544378698224852
6705163319,0.36981873111782476,0,0,0.27767975830815711,0,0,0,0,0,0.35250151057401813,0
6705167201,0.55193473193473197,0.0080372960372960371,0.047762237762237765,0.025999999999999999,7.4592074592074589e-05,0.00282983682983683,0.033072261072261071,0.28820979020979021,0.039258741258741257,0.0028158508158508157,4.6620046620046618e-06
6705226949,0.20244919786096258,0.40375401069518718,0.072053475935828878,0.10611229946524064,0.013989304812834225,2.1390374331550803e-05,0.0028449197860962567,0.00016577540106951872,9.6256684491978609e-05,0.1363475935828877,0.062165775401069517
6705243765,0.37554545454545457,0.34056684491978612,0.032791443850267381,0.16972727272727273,0.049588235294117648,0,0.0005668449197860963,0.00031016042780748662,0,0.029898395721925132,0.0010053475935828877
6705245497,0.35960427807486633,0.0032780748663101605,0.28227807486631018,0.087144385026737964,0.028165775401069518,0.00022459893048128342,0.001839572192513369,0.0021122994652406418,0.0067326203208556146,0.2107379679144385,0.017882352941176471
6799483464,0.14455466666666666,0.028320000000000001,0.080047999999999994,0.000464,0.0053600000000000002,0.0076959999999999997,0.038960000000000002,0.38961600000000002,0.29380800000000001,0.0031359999999999999,0.0080373333333333338
6801572390,0.052805333333333336,0.09412266666666666,0.19124266666666667,0.058890666666666668,0.042794666666666668,0.015599999999999999,0.065274666666666661,0.27650666666666668,0.17889066666666667,1.5999999999999999e-05,0.023855999999999999
6801572484,0.14960479041916167,0.13242514970059879,0.10117964071856288,0.0065269461077844312,0.0017425149700598802,0.00019161676646706587,0.0076886227544910183,0.51558083832335333,0.064718562874251498,0.0017724550898203593,0.018568862275449103
6947680077,0.0003783783783783784,0.061717717717717717,0.00048048048048048047,0,0,9.0090090090090091e-05,0.18366366366366366,0.59342342342342347,0.16024624624624625,0,0
6947680431,0.087210666666666672,0.046949333333333336,0.047338666666666668,0.011301333333333333,0.0021013333333333335,0.00093333333333333332,0.111856,0.6489706666666667,0.021343999999999998,0.0029066666666666668,0.019088000000000001
6947680571,0.012774774774774775,0.088630630630630633,0.03168168168168168,0.00024624624624624625,0.00013213213213213214,0.012270270270270269,0.042786786786786789,0.58518318318318319,0.2187087087087087,0.0016036036036036036,0.0059819819819819818
6947680687,0.00043843843843843842,6.006006006006006e-06,0.10089489489489489,0.032054054054054051,0.018018018018018018,0.023903903903903904,0.37805405405405407,0.01157957957957958,0.41520720720720722,0.019183183183183183,0.00066066066066066071
6947680829,0.076282282282282288,0.18264264264264266,0.025297297297297298,0.062456456456456456,0.0086366366366366371,0.0052972972972972973,0.0058798798798798801,0.57254654654654658,0.034654654654654657,0.0071951951951951948,0.01911111111111111
6947681083,0.095297297297297301,0.034078078078078076,0.018258258258258258,0.0012372372372372372,0.0040540540540540543,0.0041621621621621618,0.05900900900900901,0.71145345345345345,0.062372372372372371,0.0027147147147147145,0.0073633633633633632
7423550510,0.11661333333333333,0.096858666666666662,0.53832000000000002,0.045957333333333336,0.03700266666666667,0.037034666666666667,0.041056000000000002,0.0041866666666666667,0.0054773333333333332,0.0017973333333333333,0.075695999999999999
7423569506,0.10680172413793103,0.5127112068965517,0.0056939655172413796,0.26591379310344826,0.046392241379310348,0.0005258620689655172,0.0028060344827586206,0.0028577586206896552,0.020853448275862069,0.023202586206896553,0.012241379310344828
7434957772,0.32156156156156157,0.13291291291291291,0.18090090090090091,0.081033033033033039,0.024726726726726728,0.0017657657657657658,0.024726726726726728,0.01363963963963964,0.037717717717717716,0.17105105105105106,0.0099639639639639635
7434976748,0.11082882882882883,0.24408408408408408,0.14415615615615615,0.025729729729729731,0.34594594594594597,0.00013813813813813813,0.0012612612612612612,0.0031471471471471472,0.00025225225225225225,0.014222222222222223,0.11023423423423423
7441611662,0.0092088452088452087,0.44110565110565109,0.018835380835380836,0.0010614250614250614,0.016815724815724815,0.057818181818181817,0.039837837837837835,0.024628992628992628,0.20902211302211302,0.0037346437346437345,0.17793120393120393
7657020532,0.23196996996996996,0.28750750750750753,0.35885285285285284,0.036054054054054055,0.034816816816816816,0.0034234234234234236,0.0013033033033033033,0.00079279279279279274,0.0099819819819819827,0.003093093093093093,0.032204204204204202
7669667584,0.024650602409638553,0.020518072289156628,0.10435542168674698,0.060596385542168674,0.15103614457831324,0.11703614457831325,0.085180722891566266,0.0041084337349397591,0.10946385542168675,0.32185542168674697,0.0011987951807228916
7669686422,0.05937951807228916,0.0097650602409638555,0.17383132530120482,0.14621686746987952,0.14721686746987953,0.0077951807228915666,0.015789156626506023,0.00059036144578313249,0.053734939759036142,0.35798192771084336,0.027698795180722893
7669688356,0.099620481927710849,0.026433734939759035,0.18343975903614457,0.12573493975903616,0.11451204819277108,0.0042771084337349394,0.028927710843373495,0.0041385542168674702,0.0088734939759036145,0.39687951807228916,0.0071626506024096382
7669731928,0.08228915662650603,0.0047048192771084341,0.32778915662650604,0.11465060240963855,0.24797590361445784,0.0042108433734939759,0.00672289156626506,0.0019096385542168675,0.001,0.13959638554216869,0.069150602409638551
7669734690,0.077469879518072285,0.0095662650602409641,0.3210722891566265,0.13957831325301204,0.1824277108433735,0.0089578313253012055,0.043355421686746991,0.0016626506024096386,0.012192771084337349,0.19169277108433735,0.012024096385542169
7669740696,0.055475903614457832,0.0054999999999999997,0.15401204819277109,0.051795180722891569,0.37777108433734941,0.011746987951807229,0.015036144578313253,0.0013373493975903615,0.0084216867469879518,0.23744578313253012,0.081457831325301211
7669743422,0.050933734939759036,0.002849397590361446,0.17443373493975903,0.075939759036144583,0.27020481927710843,0.0071144578313253014,0.005024096385542169,0.00090963855421686743,0.070096385542168668,0.26018072289156624,0.082313253012048199
7669778380,0.020373493975903614,0.0008433734939759036,0.073487951807228918,0.1708012048192771,0.21333132530120483,0.01286144578313253,0.0083855421686746985,1.8072289156626505e-05,0.18256626506024096,0.3066566265060241,0.010674698795180723
7669780204,0.03209036144578313,0.00018674698795180723,0.20780722891566264,0.11781927710843373,0.21639759036144579,0.0075120481927710842,0.0065481927710843374,5.4216867469879516e-05,0.11969879518072289,0.27960240963855421,0.012283132530120483
7669793312,0.046698795180722889,0.010114457831325301,0.039144578313253013,0.30628313253012046,0.056620481927710846,0.021018072289156628,0.023240963855421688,0.00060240963855421692,0.0037108433734939759,0.49098192771084337,0.0015843373493975904
7669795154,0.10383734939759036,0.0058012048192771087,0.21943373493975904,0.045759036144578311,0.22023493975903616,0.0066144578313253009,0.064524096385542171,0.0014518072289156627,0.0059337349397590358,0.31175903614457834,0.014650602409638554
7669799210,0.073018072289156633,0.0019337349397590361,0.16048795180722891,0.24384337349397589,0.21703012048192771,0.0048373493975903611,0.0083734939759036141,6.0240963855421684e-05,0.003753012048192771,0.26263855421686749,0.024024096385542169
7774626850,0.34013855421686745,0.00028915662650602408,0.011536144578313253,0.00013855421686746988,0.32096385542168676,0.030783132530120483,0.0015301204819277109,0,0.23094578313253011,0.042608433734939756,0.021066265060240962
7774639336,0.23912048192771085,0.0078192771084337354,0.013475903614457831,0.00027710843373493976,0.42316265060240965,0.056849397590361443,0.00024096385542168674,6.0240963855421684e-06,0.0015180722891566265,0.18018072289156625,0.077349397590361441
7774768304,0.22343975903614458,0.0019457831325301205,0.01702409638554217,0.0019216867469879519,0.46875903614457831,0.08144578313253012,0.0011927710843373494,6.6265060240963859e-05,0.11087349397590361,0.039795180722891565,0.053536144578313252
8525061998,0.047199095022624434,0.18396380090497738,0.059918552036199092,0.15983257918552035,0.012398190045248869,0.10558371040723982,0.01123076923076923,0.0046832579185520362,0.0037556561085972853,0.40713122171945704,0.0043031674208144797
8754279197,0.36610210210210209,0.088378378378378378,0.063471471471471475,0.20239039039039039,0.017849849849849851,0.00067267267267267269,0.011285285285285286,0.029879879879879879,0.021465465465465464,0.19618018018018019,0.0023243243243243243
8754279689,0.34230030030030029,0.13049849849849851,0.11625825825825825,0.097885885885885884,0.027561561561561563,0.006126126126126126,0.07332732732732733,0.054288288288288286,0.065051051051051051,0.080342342342342346,0.0063603603603603603
8754282065,0.35572372372372374,0.070816816816816813,0.072774774774774773,0.35072672672672672,0.03687687687687688,0.00045045045045045046,0.0045225225225225228,0.01066066066066066,0.02667867867867868,0.068882882882882884,0.0018858858858858858
8754295435,0.22387387387387386,0.1092912912912913,0.10491291291291291,0.22940540540540541,0.11117117117117117,0.0012792792792792793,0.0072552552552552557,0.015681681681681683,0.0077357357357357359,0.18535135135135136,0.0040420420420420418
8754304907,0.23400000000000001,0.083993993993993987,0.21434834834834834,0.24442042042042042,0.024798798798798798,0.0015975975975975976,0.017873873873873874,0.012528528528528529,0.011531531531531532,0.14998798798798799,0.0049189189189189188
8754314739,0.39951951951951953,0.07347147147147147,0.13891291291291291,0.29590390390390392,0.02045045045045045,0.0011891891891891893,0.0044084084084084086,0.011507507507507507,0.024648648648648647,0.018594594594594595,0.011393393393393394
8754330321,0.36664864864864866,0.074492492492492499,0.17071471471471472,0.16654054054054054,0.022156156156156157,0.0054114114114114115,0.0089849849849849856,0.011225225225225226,0.084048048048048052,0.080360360360360358,0.0094174174174174174
8754334063,0.18107507507507509,0.080816816816816822,0.17174774774774776,0.12654654654654654,0.075519519519519518,0.0053873873873873874,0.019531531531531532,0.027183183183183184,0.17987987987987988,0.12735735735735737,0.0049549549549549547
8755383884,0.182006006006006,0.092432432432432432,0.23102702702702702,0.22340540540540541,0.021735735735735735,0.0071051051051051048,0.057819819819819818,0.0074774774774774774,0.054270270270270267,0.093813813813813818,0.028906906906906907
8755387494,0.14957357357357356,0.02565165165165165,0.28887087087087088,0.11127327327327327,0.01741141141141141,0.13722522522522523,0.040228228228228226,0.0069609609609609614,0.11513513513513514,0.088948948948948947,0.018720720720720722
8755397068,0.30165765765765767,0.033435435435435437,0.082834834834834836,0.17355555555555555,0.05431831831831832,0.011273273273273274,0.017477477477477476,0.023339339339339338,0.087393393393393387,0.13694894894894896,0.077765765765765771
8755407226,0.31407207207207205,0.10406606606606607,0.061933933933933934,0.1949069069069069,0.15207807807807808,0.010672672672672672,0.030732732732732734,0.029153153153153154,0.022228228228228227,0.058306306306306309,0.021849849849849851
8755425458,0.2036996996996997,0.097561561561561566,0.1943123123123123,0.15609609609609609,0.02727927927927928,0.0038678678678678679,0.028342342342342342,0.13027027027027027,0.031471471471471474,0.11948348348348348,0.0076156156156156158
8755441444,0.20926126126126127,0.1146906906906907,0.14742942942942944,0.18737537537537538,0.031153153153153153,0.054378378378378375,0.032306306306306307,0.038036036036036037,0.03984984984984985,0.13843843843843845,0.0070810810810810814
8755451638,0.31035435435435438,0.068642642642642637,0.28149549549549552,0.097897897897897893,0.023957957957957958,0.017207207207207208,0.025765765765765766,0.015363363363363363,0.024042042042042043,0.10902702702702703,0.026246246246246246
8991938569,0.092050847457627122,0.52396610169491531,0.11207909604519774,0.22614689265536722,0.01644632768361582,0.0023785310734463277,0.0013898305084745763,0.00091525423728813554,0.0014350282485875705,0.019451977401129944,0.0037401129943502825
8991943745,0.13293051359516617,0.29271299093655589,0.31345015105740182,0.092543806646525686,0.062483383685800607,0.0028338368580060423,0.00340785498489426,0.010942598187311178,0.0037341389728096676,0.04061027190332326,0.044350453172205435
8991950803,0.27089425981873111,0.1401570996978852,0.060809667673716011,0.30786706948640485,0.013377643504531722,0.0008459214501510574,0.00056797583081570993,0.0010392749244712992,1.812688821752266e-05,0.14478549848942598,0.059637462235649544
8991955645,0.075486404833836854,0.0080302114803625386,0.47589123867069488,0.3454441087613293,0.0012205438066465258,0.0021027190332326283,0.0017824773413897281,0.0001933534743202417,0.00090634441087613293,0.086706948640483381,0.0022356495468277946
8991961713,0.070833836858006038,0.016761329305135953,0.24351661631419941,0.57178247734138976,0.0030634441087613292,0.00079758308157099696,0.0020906344410876131,0.00058610271903323261,0.00036858006042296071,0.088918429003021146,0.0012809667673716013
8991972315,0.37410271903323261,0.10812688821752266,0.10899697885196374,0.38366767371601207,0.00036253776435045317,0.0019093655589123867,0.0024712990936555891,0.0020060422960725076,0.0006767371601208459,0.016048338368580061,0.0016314199395770393
8991977797,0.095806646525679759,0.040193353474320244,0.29587311178247733,0.50164350453172202,0.014290030211480363,0.0016797583081570996,0.00056193353474320244,0.0014803625377643505,0.00081570996978851964,0.033842900302114801,0.013812688821752265
8991997243,0.64607854984894264,0.0021268882175226587,0.2586344410876133,0.015148036253776436,0.02384894259818731,0.022743202416918427,0.0033353474320241693,0.0016314199395770393,0.0051782477341389731,0.0092628398791540778,0.012012084592145015
8993141420,0.20521865889212829,0.38998833819241985,0.012151603498542274,0.25373177842565597,0.012670553935860059,0.029626822157434403,0.0026297376093294459,0.00095626822157434408,0.0044431486880466475,0.083434402332361518,0.0051486880466472306
8993146626,0.061673716012084594,0.010193353474320242,0.33722054380664651,0.50288217522658607,0.0010694864048338369,6.042296072507553e-06,0.0017401812688821751,0.00015105740181268882,1.2084592145015106e-05,0.084966767371601207,8.4592145015105737e-05
8993152272,0.025570996978851963,4.2296072507552869e-05,0.624392749244713,0.34393957703927491,7.8549848942598182e-05,0.0005075528700906344,0.00058006042296072512,0.0001027190332326284,0.00069486404833836858,0.0010151057401812688,0.0030755287009063444
8993156578,0.034302114803625376,0.011595166163141993,0.44760120845921453,0.46242296072507555,0.0012930513595166163,0.00058006042296072512,0.0021691842900302114,0.0004229607250755287,0.0005075528700906344,0.038332326283987916,0.00077341389728096679
8993169230,0.13363141993957703,0.0010815709969788519,0.3187190332326284,0.45711178247734141,0.00097885196374622365,6.042296072507553e-06,0.0027069486404833836,0.0001027190332326284,6.042296072507553e-06,0.085238670694864044,0.00041691842900302116
8993176772,0.17221752265861026,6.0422960725075529e-05,0.49883383685800603,0.30050151057401814,0.0019577039274924473,0.0031480362537764351,0.00031419939577039273,0.0001027190332326284,0.00020543806646525681,0.008984894259818731,0.013673716012084593
8993188812,0.047927492447129912,0.0061450151057401816,0.33910574018126888,0.51020543806646523,0.003848942598187311,6.042296072507553e-06,0.0011057401812688821,3.0211480362537764e-05,1.812688821752266e-05,0.091468277945619333,0.00013897280966767371
9186157305,0.032218666666666666,0.047002666666666665,0.13865066666666667,0.075471999999999997,0.42140266666666665,0.042495999999999999,0.045781333333333334,0.0015253333333333334,0.025808000000000001,0.11826133333333333,0.051381333333333334
9203105571,0.4184438202247191,0.46332022471910111,0.10693820224719101,0.0019550561797752808,0.0038033707865168537,0.0010674157303370787,0.00052247191011235955,0.00024157303370786517,0.0006797752808988764,0.00073595505617977529,0.0022921348314606741
9203107857,0.26433033033033032,0.35792792792792794,0.23609009009009008,0.049783783783783786,0.016540540540540539,0.012750750750750751,0.0056516516516516516,0.029735735735735735,0.0066066066066066062,0.011345345345345346,0.0092372372372372374
9203108375,0.62697297297297294,0.11459459459459459,0.038330330330330328,0.069579579579579581,0.026186186186186185,0,0.026786786786786788,0.0053633633633633632,0.00026426426426426428,0.090360360360360367,0.0015615615615615615
9203111957,0.73644444444444446,0.024726726726726728,0.076366366366366373,0.053819819819819821,0.030174174174174173,0.00033033033033033035,0.020354354354354353,0.0062882882882882886,0.0012432432432432433,0.043285285285285288,0.0069669669669669672
9203112839,0.64290690690690688,0.00022222222222222223,0.17156756756756758,0.087873873873873867,0.0059459459459459459,0.006126126126126126,0.029567567567567569,0.0015195195195195196,0.0011171171171171172,0.036372372372372369,0.016780780780780782
9203115019,0.85117717717717722,0.0014114114114114115,0.095357357357357356,0.016300300300300299,0.013069069069069069,0.0021861861861861864,0.0044744744744744745,0.00094894894894894896,0.0038078078078078079,0.0054174174174174174,0.0058498498498498501
9205890218,0.3291771771771772,0.42872672672672674,0.13966366366366367,0.042588588588588591,0.015741741741741741,0.0022342342342342343,0.012210210210210209,0.00057057057057057056,0.00040240240240240242,0.014336336336336337,0.014348348348348349
9205890648,0.3153933933933934,0.51318918918918921,0.094990990990990995,0.030702702702702703,0.0063063063063063061,0.00039039039039039038,0.016456456456456457,0.0032612612612612614,0.00057657657657657661,0.014504504504504504,0.0042282282282282285
9205893280,0.8108828828828829,1.2012012012012012e-05,0.066906906906906913,0.086882882882882886,0.013069069069069069,0,0.0136996996996997,0.00087687687687687684,0.00018018018018018018,0.0067507507507507504,0.00073873873873873876
9205897206,0.76799399399399404,0.0019519519519519519,0.0847987987987988,0.049885885885885883,0.016606606606606608,6.0060060060060059e-05,0.032594594594594593,0.0022222222222222222,0.00033033033033033035,0.040960960960960961,0.0025945945945945945
9205897640,0.86568168168168169,0.00018618618618618617,0.081975975975975973,0.016414414414414415,0.012294294294294295,0.0011831831831831832,0.0065825825825825829,0.00070870870870870875,0.00068468468468468467,0.0077117117117117117,0.0065765765765765762
9363910295,0.17909698996655518,0.25547826086956521,0.11616722408026756,0.12516387959866221,0.043846153846153847,0.047933110367892974,0.034595317725752507,0.052668896321070233,0.028401337792642142,0.082287625418060201,0.034361204013377923
