10125352554,0.80494712643678157,0.072211494252873556,0.010055172413793103,0.00081379310344827582,0.0011494252873563218,0.0014666666666666667,0.030096551724137929,0.034110344827586209,0.0025517241379310347,0.04231264367816092,0.00028505747126436783
103560488,0.27606606606606604,0.053027027027027024,0.0080180180180180177,0.3084924924924925,0.031765765765765765,0,0.00069069069069069072,0.00021621621621621621,3.6036036036036038e-05,0.32166966966966964,1.8018018018018019e-05
103561230,0.12472072072072073,0.55443243243243245,0.016198198198198198,0.028294294294294295,0.24177177177177178,4.8048048048048048e-05,0.0015135135135135136,0.0048288288288288288,0.00019819819819819818,0.0072732732732732732,0.020720720720720721
103568430,0.10780180180180181,0.0040480480480480485,0.0041321321321321318,0.79582582582582584,0.033213213213213216,0,0.0022882882882882881,0.00056456456456456452,0.0035015015015015015,0.048600600600600598,2.4024024024024024e-05
103568891,0.07428828828828829,0.0084444444444444437,0.0021321321321321322,0.87751351351351348,0.025357357357357356,0,0.0015915915915915915,0.0014354354354354354,0.0026126126126126128,0.0066066066066066062,1.8018018018018019e-05
103569212,0.35354354354354356,0.44166366366366366,0.037705705705705708,0.07151351351351351,0.025693693693693693,3.6036036036036038e-05,0.00036636636636636636,0.030882882882882882,1.2012012012012012e-05,0.034540540540540537,0.0040420420420420418
103569702,0.2173993993993994,0.30390390390390393,0.087705705705705711,0.082492492492492492,0.17984384384384383,0.009825825825825826,0.029573573573573573,0.036636636636636639,0.0079879879879879885,0.037579579579579581,0.0070510510510510514
103570249,0.1163903903903904,8.4084084084084086e-05,1.8018018018018019e-05,0.74643843843843849,0.040012012012012009,0,7.2072072072072076e-05,0,0,0.096984984984984979,0
103571386,0.32056456456456456,0.25231231231231233,0.025681681681681681,0.10903903903903904,0.049339339339339337,0.00077477477477477482,0.0016096096096096097,0.0018978978978978979,0.0097597597597597601,0.22893093093093092,9.0090090090090091e-05
103572526,0.25577777777777777,0.34779579579579578,0.012684684684684684,0.34321921921921922,0.029393393393393395,1.2012012012012012e-05,0.0018078078078078079,0.0045525525525525528,0.00022822822822822822,0.0044744744744744745,5.4054054054054054e-05
103573052,0.31013813813813812,0.076270270270270266,0.014900900900900901,0.4805165165165165,0.069279279279279279,1.2012012012012012e-05,0.0070630630630630631,0.015993993993993993,0.0040960960960960959,0.02145945945945946,0.00027027027027027027
103573258,0.24581981981981982,0.26744144144144144,0.0031831831831831831,0.39287087087087086,0.05651651651651652,0,0.00083483483483483484,0.0016576576576576576,8.4084084084084086e-05,0.03159159159159159,0
103573701,0.12930330330330331,0.32078678678678679,0.020480480480480481,0.38708108108108108,0.091009009009009004,0.00025825825825825824,0.010942942942942943,0.0073333333333333332,0.00075675675675675679,0.031621621621621625,0.00042642642642642644
103574232,0.18956156156156156,0.27619219219219221,0.017735735735735735,0.41897897897897896,0.042984984984984986,2.4024024024024024e-05,0.0074234234234234232,0.008822822822822823,0.00034834834834834833,0.037009009009009011,0.00091891891891891894
103574519,0.17532732732732734,0.29381981981981981,0.010336336336336337,0.26005405405405407,0.01218018018018018,0,0.0054714714714714716,0.0057957957957957959,1.8018018018018019e-05,0.23604804804804805,0.00094894894894894896
103574946,0.16825825825825827,0.085717717717717717,0.020630630630630632,0.59917117117117114,0.060240240240240238,3.0030030030030029e-05,0.001099099099099099,0.0049909909909909914,0.0011531531531531532,0.0586006006006006,0.00010810810810810811
1039576012,0.34225308641975311,0.00024691358024691359,0.28256172839506172,0.0012222222222222222,0.0032592592592592591,0.0032098765432098763,0.20673456790123457,0.085345679012345674,0.073753086419753089,0.00032716049382716048,0.0010864197530864198
108586683,0.67899665551839461,0.016615384615384615,0.15259531772575252,0.05813377926421405,0.024187290969899664,0.0023812709030100335,0.0051103678929765887,0.033257525083612037,0.00090969899665551844,0.01840133779264214,0.0094113712374581937
1306844642,0.034522666666666667,0.88283733333333336,0.050346666666666665,0.0027573333333333334,0.0023146666666666667,0.00027733333333333332,0.0035893333333333333,0.012154666666666666,0.0015039999999999999,0.0095200000000000007,0.000176
1306848216,0.041578666666666667,0.83050666666666662,0.021221333333333332,0.031578666666666665,0.010784,0,0.017941333333333333,0.037013333333333336,3.1999999999999999e-05,0.0049066666666666668,0.0044373333333333331
1306850114,0.8684748490945674,0.0077223340040241447,0.050245472837022132,0.0039114688128772633,0.041702213279678067,0.0011146881287726357,0.00076458752515090546,0.0042334004024144872,0.0024748490945674046,0.0075492957746478876,0.011806841046277666
1306855842,0.30050133333333334,0.086992,0.18709866666666666,0.10917866666666666,0.13551466666666667,0.012229333333333333,0.0091733333333333337,0.026783999999999999,0.034335999999999998,0.080575999999999995,0.017616
1434412981,0.19179199999999999,0.553952,0.045461333333333333,0.15448000000000001,0.019562666666666666,0.0018453333333333334,0.0039519999999999998,0.0047253333333333331,0.0095200000000000007,0.011253333333333334,0.0034559999999999999
1465972308,0.53169066666666664,0.22216,1.5999999999999999e-05,0.031472,0.0007093333333333333,0,0.00010666666666666667,0.00081066666666666668,2.1333333333333335e-05,0.21301333333333333,0
1486670103,0.38581437125748502,0.0053413173652694613,0.2785389221556886,0.046017964071856286,0.17303592814371258,0.052976047904191616,0.01188622754491018,0.0020179640718562875,0.006856287425149701,0.013491017964071856,0.024023952095808383
1516342106,0.28102089552238807,0.0050865671641791045,0.5858746268656716,0.0071343283582089552,0.025665671641791045,0.016949253731343282,0.00060298507462686567,0.012644776119402986,0.00033432835820895523,0.0035044776119402985,0.061182089552238805
1516349522,0.080797953964194369,0.0045575447570332479,0.58566751918158566,0.065053708439897703,0.067120204603580563,0.056112531969309466,0.01941687979539642,0.0026189258312020462,0.008726342710997443,0.03969820971867008,0.070230179028132986
1523263873,0.34977844311377243,0.027652694610778444,0.31152095808383234,0.1067065868263473,0.053251497005988024,0.039766467065868262,0.0084251497005988028,0.0042155688622754492,0.053137724550898206,0.010365269461077844,0.035179640718562874
1523271735,0.54845970149253731,0.23773731343283583,0.049116417910447761,0.021946268656716419,0.013892537313432835,0.060907462686567167,0.0014208955223880596,0.0013134328358208956,0.032220895522388063,0.027110447761194031,0.005874626865671642
1523277395,0.54556287425149697,0.0544251497005988,0.010233532934131737,0.21688622754491019,0.014215568862275449,0.00014970059880239521,0.022808383233532934,0.032916167664670662,0.001341317365269461,0.10132335329341317,0.00013772455089820359
1523281215,0.35451343283582087,0.37909253731343284,0.14747462686567164,0.057623880597014926,0.0027462686567164179,0.0038447761194029852,0.020107462686567164,0.026591044776119403,0.0040955223880597014,0.0020955223880597014,0.0018149253731343283
1889799985,0.22164266666666665,0.042768,0.010016000000000001,0.519872,0.087583999999999995,1.5999999999999999e-05,0.023040000000000001,0.027184,0.00071466666666666662,0.066671999999999995,0.0004906666666666667
1894854074,0.20408000000000001,0.096901333333333339,0.10182933333333333,0.34387733333333331,0.10205333333333333,0.00086933333333333329,0.042437333333333334,0.037866666666666667,0.0062560000000000003,0.046106666666666664,0.017722666666666668
19323760,0.19084799999999999,0.038085333333333332,0.18440533333333334,0.045567999999999997,0.0087626666666666669,0.0011573333333333333,0.00023466666666666666,0.00059733333333333329,0.00074133333333333332,0.52958933333333336,1.0666666666666667e-05
1979427420,0.43224533333333331,0.020938666666666668,0.12785066666666667,0.21963199999999999,0.022501333333333335,0.00038400000000000001,0.0080373333333333338,0.012970666666666667,0.0010933333333333333,0.12349333333333333,0.030853333333333333
1979433292,0.33565866666666666,0.17725866666666668,0.0020213333333333333,0.035701333333333335,0.37143466666666669,0,0.000176,0.001312,0.00041066666666666666,0.0022399999999999998,0.073786666666666667
2132545386,0.19608,0.026789333333333332,0.032810666666666669,0.059861333333333336,0.010298666666666666,0.0015093333333333332,0.40129066666666668,0.23027733333333333,0.021226666666666668,0.014085333333333333,0.005770666666666667
2142285729,0.18146133333333334,0.028085333333333334,0.085194666666666669,0.061696000000000001,0.0036640000000000002,0.0013066666666666667,0.46949866666666668,0.12713066666666667,0.032368000000000001,0.0057600000000000004,0.0038346666666666668
2356257081,0.024319277108433734,0.49892168674698795,0.017030120481927712,0.43446987951807231,0.0027771084337349398,0,0.012644578313253012,0.00040361445783132532,0.00014457831325301204,0.0092530120481927706,3.614457831325301e-05
2356257745,0.16822289156626505,0.14532530120481929,0.0089036144578313256,0.37730120481927709,0.029638554216867469,6.0240963855421684e-06,0.0018313253012048193,0.0010481927710843373,4.8192771084337347e-05,0.26757831325301207,9.6385542168674694e-05
2356258145,0.2815542168674699,0.27596987951807228,0.075445783132530114,0.1688012048192771,0.0048313253012048189,0.00046385542168674699,0.0061626506024096382,0.0066325301204819276,0.00045180722891566266,0.17773493975903615,0.0019518072289156627
2356259091,0.28186746987951805,0.37990963855421689,0.011439759036144578,0.18151807228915662,0.06189156626506024,6.0240963855421684e-06,0.0015963855421686746,0.0011686746987951808,4.8192771084337347e-05,0.080403614457831327,0.00015060240963855423
2356261145,0.15003614457831324,0.18201204819277109,0.2000301204819277,0.35325301204819276,0.010042168674698796,0.00025903614457831327,0.0076686746987951809,0.0099457831325301203,0.0021024096385542168,0.083331325301204823,0.0013192771084337349
2356262181,0.30154819277108436,0.21171084337349397,0.061343373493975902,0.25089156626506026,0.066325301204819276,0.00086144578313253014,0.020337349397590361,0.02133132530120482,0.0085060240963855428,0.05650602409638554,0.00063855421686746989
2356263285,0.10829518072289157,0.43047590361445781,0.10903012048192771,0.24680120481927711,0.010439759036144578,0.0015843373493975904,0.01783132530120482,0.013578313253012049,0.0014698795180722892,0.055566265060240962,0.0049277108433734944
2356264285,0.00038961038961038961,0.46553246753246752,0.14012987012987013,0.068701298701298708,0.0012337662337662339,0,0.036103896103896103,0.004701298701298701,0,0.23507792207792208,0.048129870129870127
2356265081,0.14840963855421688,0.0062771084337349395,0.29131325301204819,0.34137951807228917,0.047012048192771085,3.614457831325301e-05,0.0032951807228915665,0.002674698795180723,3.0120481927710842e-05,0.15551204819277109,0.0040602409638554214
2357088640,0.017879518072289158,0.79743975903614461,0.0039337349397590366,0.12378313253012048,0.00022289156626506025,0,0.016379518072289156,0.00033132530120481927,0,0.040018072289156624,1.2048192771084337e-05
2357090456,0.34666265060240964,0.092891566265060246,0.10845783132530121,0.2076987951807229,0.062331325301204818,0.0025180722891566267,0.011680722891566265,0.012855421686746988,0.00086746987951807225,0.13496987951807229,0.019066265060240964
2357091390,0.27926506024096387,0.26026506024096385,0.077349397590361441,0.25937349397590359,0.01030722891566265,0.0010060240963855422,0.020138554216867471,0.016632530120481926,0.0016204819277108435,0.068048192771084343,0.0059939759036144579
2357092050,0.16964457831325302,0.14659036144578313,0.18276506024096387,0.39663253012048194,0.057457831325301204,0.00053614457831325298,0.003186746987951807,0.0035602409638554218,0.0016144578313253013,0.032204819277108436,0.005807228915662651
2357094424,0.10613253012048193,0.19056024096385543,0.20722289156626506,0.42620481927710846,0.02891566265060241,0.00039759036144578315,0.0045843373493975907,0.003849397590361446,0.0015120481927710842,0.028602409638554215,0.0020180722891566267
2357095710,0.17660240963855423,0.023343373493975902,0.2288433734939759,0.37945180722891564,0.028716867469879517,0.0067951807228915665,0.027855421686746987,0.017753012048192771,0.0065602409638554219,0.09269277108433735,0.011385542168674699
2497966897,0.31073139158576052,0.0088996763754045308,0.063255663430420717,0.052355987055016179,0.3658705501618123,0.00043365695792880262,0.0011326860841423948,0.004135922330097087,0.00064724919093851134,0.11886084142394822,0.073676375404530745
2516194346,0.25990625000000001,0.017953125,0.040500000000000001,0.145328125,0.065953125000000001,1.5625e-05,0.012718749999999999,0.0018437499999999999,0,0.45531250000000001,0.00046874999999999998
2579660742,0.96206521739130435,0.0021666666666666666,0.00028260869565217389,2.898550724637681e-05,0.00044927536231884058,0,0.00014492753623188405,0.022159420289855073,0.012702898550724638,0,0
2579660906,0.95540800000000004,0.00069333333333333334,0.0023733333333333332,0.0037866666666666665,0.0033546666666666668,5.3333333333333337e-06,0.0017173333333333333,0.0050400000000000002,0.019429333333333333,0.008117333333333334,7.4666666666666661e-05
259719624,0.18055522388059703,0.34834626865671642,0.15197611940298508,0.0046328358208955226,0.0104,0.099229850746268652,0.032023880597014928,0.0063701492537313435,0.11302089552238806,0.0075522388059701493,0.045892537313432832
260611919,0.16439999999999999,0.30572537313432835,0.10584477611940299,0.011277611940298507,0.028340298507462686,0.16448358208955224,0.075946268656716415,0.037014925373134326,0.056591044776119405,0.014549253731343284,0.03582686567164179
2612111118,0.27829773462783169,0.3615987055016181,0.025805825242718447,0.073585760517799359,0.0089126213592233012,0.00044012944983818768,0.0021359223300970874,0.0043818770226537219,0.000284789644012945,0.24385113268608413,0.00070550161812297737
2829747023,0.022911999999999998,0.34262933333333334,0.011109333333333334,0.51910400000000001,9.066666666666667e-05,3.1999999999999999e-05,0.027770666666666666,0.073493333333333327,5.3333333333333337e-06,0.0028319999999999999,2.1333333333333335e-05
2829747487,0.00011733333333333333,0.12654933333333335,0.040554666666666669,0.69102933333333338,0.00216,1.5999999999999999e-05,0.022720000000000001,0.076826666666666668,1.5999999999999999e-05,0.03304,0.0069706666666666667
2829747841,0.18068266666666666,0,0.15021333333333334,0.62420799999999999,0.008789333333333333,0,0.010671999999999999,9.066666666666667e-05,0,0.013445333333333333,0.011898666666666667
2829748335,0.044186666666666666,0.39580799999999999,0.00036266666666666668,0.47217599999999998,0.0032746666666666666,0,0.00992,0.013632,0,0.060623999999999997,1.5999999999999999e-05
2829748803,0.081503999999999993,0.172656,0.00082666666666666663,0.58793066666666671,0.0016479999999999999,0,0.0020906666666666665,0.019445333333333332,2.1333333333333335e-05,0.13384533333333334,3.1999999999999999e-05
2829751953,0.084810666666666673,0.28502933333333336,0.0010453333333333332,0.44462400000000002,0.00016000000000000001,2.1333333333333335e-05,0.010448000000000001,0.172176,0.000176,0.0014666666666666667,4.2666666666666669e-05
2829752767,0.059360000000000003,0.67215999999999998,0.045941333333333334,0.0013333333333333333,0.0013866666666666667,0,0,0.19754666666666668,0.020959999999999999,5.3333333333333337e-06,0.0013066666666666667
2829754583,0.052159999999999998,0.59790399999999999,0.12560533333333335,0.155248,0.059007999999999998,0,0.00024533333333333335,0.0093439999999999999,3.7333333333333331e-05,0.00044266666666666667,5.3333333333333337e-06
2830583346,0.15099733333333334,0.25668266666666667,0.026207999999999999,0.33741333333333334,0.0021813333333333333,0,0.025392000000000001,0.07445333333333333,0.00037866666666666669,0.12597866666666666,0.00031466666666666665
2830585968,0.40295999999999998,0.26202133333333333,0.00070399999999999998,0.27022400000000002,0.0032320000000000001,0,0.0026986666666666665,0.03571733333333333,2.6666666666666667e-05,0.022405333333333333,1.0666666666666667e-05
2830586752,0.22642666666666666,0.055178666666666668,0.010938666666666666,0.10714666666666667,0.57141866666666663,0,0.00010133333333333333,0.00035199999999999999,5.3333333333333337e-06,0.0080479999999999996,0.020383999999999999
2830587346,0.32509866666666665,0.14469866666666667,0.023199999999999998,0.174544,0.0024586666666666667,0.0014826666666666666,0.0064159999999999998,0.164496,0.0093120000000000008,0.14821333333333334,8.0000000000000007e-05
2830587782,0.030165333333333332,0.21725333333333333,0.021754666666666665,0.61125866666666662,0.0010933333333333333,0,0.036592,0.080607999999999999,0,0.0012693333333333333,5.3333333333333337e-06
2830588252,0.064554666666666663,0.046090666666666669,0.035978666666666666,0.65491733333333335,0.00011733333333333333,0,0.063472000000000001,0.131936,0.00044266666666666667,0.0024906666666666666,0
2830589086,0.58604800000000001,0.048239999999999998,0.017258666666666665,0.093162666666666671,0.0041546666666666668,0.00010666666666666667,0.012016000000000001,0.049221333333333332,0.0043413333333333333,0.18526933333333334,0.00018133333333333334
286430209,0.28055999999999998,0.20459733333333333,0.012389333333333334,0.25156800000000001,0.16392000000000001,6.9333333333333329e-05,0.0016373333333333333,0.0067946666666666667,0.0011360000000000001,0.075834666666666661,0.0014933333333333333
31732960,0.10450666666666666,0.69694933333333331,0.0060480000000000004,0.095669333333333328,0.0061760000000000001,0,0.0033440000000000002,0.0015306666666666667,0.00012799999999999999,0.084021333333333337,0.0016266666666666667
31735699,0.32501200000000002,0.24696399999999999,0.027184,0.29228799999999999,0.021828,0,0.000892,0.00016799999999999999,3.9999999999999998e-06,0.080647999999999997,0.005012
31737040,0.089583999999999997,0.73554666666666668,0.0025493333333333331,0.10658133333333333,0.013125333333333333,0,0.00019733333333333332,6.9333333333333329e-05,0,0.05069866666666667,0.0016479999999999999
31757769,0.23049600000000001,0.24502399999999999,0.028090666666666667,0.24050666666666667,0.041610666666666664,0,0.032666666666666663,0.037013333333333336,0,0.13059733333333334,0.013994666666666667
31758569,0.36421333333333333,0.048074666666666668,0.017552000000000002,0.215312,0.042453333333333336,0.00032533333333333334,0.0057813333333333336,0.010666666666666666,0.0042986666666666668,0.28895999999999999,0.0023626666666666666
31799359,0.047114666666666666,0.21689066666666668,0.046474666666666664,0.58299733333333337,0.026709333333333335,4.2666666666666669e-05,0.024864000000000001,0.0054986666666666665,0.013205333333333333,0.036005333333333334,0.00019733333333333332
31800148,0.0099946666666666673,0.69930133333333333,0.000112,0.097823999999999994,0.0014613333333333334,0,0.0030240000000000002,0.00037333333333333332,0,0.18789866666666666,1.0666666666666667e-05
31802280,0.15160533333333334,0.24806400000000001,0.00020799999999999999,0.28219733333333336,0.0046186666666666668,0,0.00014933333333333332,0.00050133333333333334,0,0.31265599999999999,0
31802307,0.316,0.12756266666666666,0.0075893333333333333,0.45003199999999999,0.018122666666666665,0,0.023589333333333334,0.013802666666666666,0.0069760000000000004,0.035898666666666669,0.00042666666666666667
31802322,0.091328000000000006,0.24483199999999999,0.010688,0.39616000000000001,0.026794666666666668,0,0.010453333333333334,0.011194666666666667,0,0.20854400000000001,5.3333333333333337e-06
31829745,0.099637333333333328,0.49402133333333331,0.017882666666666668,0.13136533333333333,0.096383999999999997,5.3333333333333337e-06,0.015647999999999999,0.13082133333333335,0.00021333333333333333,0.013397333333333334,0.00062399999999999999
31921946,0.14589920424403183,0.21855172413793103,0.083633952254641916,0.10248275862068966,0.005771883289124668,0.11347480106100796,0.047469496021220157,0.027623342175066314,0.014928381962864721,0.23687533156498675,0.0032891246684350131
32118433,0.35716266666666668,0.051024,0.05948266666666667,0.20426666666666668,0.029989333333333333,0,0.0098720000000000006,0.017285333333333333,0.048778666666666665,0.22205333333333332,8.5333333333333339e-05
32118479,0.27569066666666664,0.06805866666666667,0.074117333333333327,0.26694400000000001,0.027845333333333333,0,0.011818666666666667,0.025205333333333333,0.057754666666666669,0.19249066666666667,7.4666666666666661e-05
32118529,0.392592,0.23218133333333332,0.04092266666666667,0.103904,0.034773333333333337,0,0.0096213333333333342,0.010250666666666667,0.0010133333333333333,0.17396266666666665,0.00077866666666666666
3291755114,0.1337057057057057,0.45371171171171171,0.12792192192192192,0.05601801801801802,0.1493033033033033,0.0015255255255255255,0.00022822822822822822,0.0035975975975975974,0.0018198198198198198,0.00075675675675675679,0.071411411411411413
3516536035,0.1133933933933934,0.0022942942942942943,0.49154954954954955,0.30748348348348348,0.0261981981981982,0.045999999999999999,0.00026426426426426428,0.0014354354354354354,0.00079879879879879879,0,0.010582582582582583
355399445,0.20763200000000001,0.36530666666666667,0.070586666666666673,0.22844266666666665,0.057354666666666665,0.00037333333333333332,0.0031253333333333333,0.006325333333333333,0.0044213333333333335,0.052885333333333333,0.0035466666666666667
355400046,0.26004266666666664,0.17175466666666667,0.072101333333333337,0.36808533333333332,0.057872,0.00011733333333333333,0.0050879999999999996,0.0044373333333333331,0.00093333333333333332,0.054309333333333334,0.0052586666666666667
36031964,0.089349333333333336,0.39277866666666666,0.11642666666666666,0.25131199999999998,0.07770666666666666,5.3333333333333337e-06,0.0022399999999999998,0.00192,0.00010666666666666667,0.065893333333333332,0.0022613333333333335
36535126,0.22359466666666666,0.049728000000000001,0.0041973333333333333,0.415408,0.035493333333333335,0,0.014656000000000001,0.00091200000000000005,4.8000000000000001e-05,0.25591999999999998,4.2666666666666669e-05
3725184123,0.2063963963963964,0.11937537537537538,0.048714714714714717,0.19756156156156157,0.05156156156156156,3.0030030030030029e-05,0.0097597597597597601,0.10745345345345346,0.0043483483483483486,0.25234234234234232,0.0024564564564564565
3799085111,0.09756756756756757,0.71055255255255256,0.15514114114114114,0.026120120120120119,0.0023663663663663665,0.00048648648648648646,0.0002042042042042042,0.00048648648648648646,0.00077477477477477482,0.0062342342342342344,6.6066066066066071e-05
394174579,0.066634666666666661,0.6818453333333333,0.060618666666666668,0.070197333333333334,0.077514666666666662,5.3333333333333337e-06,4.8000000000000001e-05,0.001392,3.7333333333333331e-05,0.0014133333333333333,0.040293333333333334
3970789234,0.0044291497975708499,0.046680161943319837,0.12782995951417003,0.097975708502024292,0.11583805668016195,0.00029149797570850205,0.0012631578947368421,6.4777327935222671e-05,0.00055060728744939268,0.5367773279352227,0.068299595141700406
4021813422,0.09785585585585585,0.39375375375375377,0.025999999999999999,0.24661861861861861,0.069309309309309314,0.00046846846846846849,0.0039159159159159159,0.0059219219219219217,0.00032432432432432431,0.1502882882882883,0.0055435435435435432
405023985,0.11419733333333333,0.5084373333333333,0.000176,0.32797333333333334,0.0050080000000000003,0,2.1333333333333335e-05,0.00039466666666666665,5.3333333333333337e-06,0.043786666666666668,0
4090707851,0.23667267267267267,0.48102702702702704,0.064480480480480482,0.14202402402402403,0.04736936936936937,0.00016216216216216215,0.0014714714714714715,0.0011651651651651651,0.0014354354354354354,0.018702702702702703,0.0054894894894894899
415958652,0.36065066666666667,0.24609600000000001,0.039973333333333333,0.17585066666666666,0.14965866666666666,0,0.00025599999999999999,0.001632,1.5999999999999999e-05,0.024618666666666667,0.001248
415961769,0.20771200000000001,0.074277333333333334,0.0072319999999999997,0.53319466666666671,0.070586666666666673,5.3333333333333333e-05,0.002336,0.0083680000000000004,0.0033706666666666668,0.092016000000000001,0.00085333333333333333
416345703,0.25108266666666668,0.37486399999999998,0.0061440000000000002,0.19938133333333333,0.086800000000000002,0.0033866666666666667,0.00089599999999999999,0.0032906666666666666,0.0028800000000000002,0.070997333333333329,0.00027733333333333332
416345707,0.09911466666666667,0.47598933333333332,0.0038773333333333333,0.29203733333333332,0.10393066666666667,8.5333333333333339e-05,0.0013386666666666666,0.0034186666666666666,0.00052800000000000004,0.019461333333333334,0.00021866666666666668
416345714,0.12916800000000001,0.20311466666666667,0.012949333333333334,0.49205866666666664,0.098554666666666665,1.5999999999999999e-05,0.0035360000000000001,0.0074720000000000003,0.00073066666666666668,0.05155733333333333,0.00084266666666666669
416345717,0.22654933333333332,0.017162666666666666,0.013978666666666667,0.39046933333333333,0.12401066666666667,5.3333333333333337e-06,0.00059733333333333329,0.0041173333333333331,0.00059199999999999997,0.22191466666666668,0.00060266666666666672
416345720,0.26033600000000001,0.29130666666666666,0.0042026666666666671,0.31132266666666669,0.059664000000000002,1.0666666666666667e-05,0.0029493333333333333,0.0032373333333333334,6.3999999999999997e-05,0.065381333333333333,0.0015253333333333334
416352187,0.20927999999999999,0.31693333333333334,0.0037653333333333332,0.32214933333333334,0.08604266666666667,1.0666666666666667e-05,0.0010613333333333334,0.0039893333333333334,0.00033066666666666666,0.055146666666666663,0.0012906666666666667
416352193,0.15525333333333333,0.66068800000000005,0.0010506666666666668,0.086335999999999996,0.060245333333333331,0,0.00082133333333333331,0.0030453333333333335,9.6000000000000002e-05,0.031808000000000003,0.00065600000000000001
416352197,0.15227199999999999,0.18801066666666666,0.0052960000000000004,0.41577599999999998,0.17582933333333334,0,0.0020533333333333332,0.0023946666666666665,0.00058133333333333333,0.056122666666666668,0.0016639999999999999
416352200,0.11684266666666666,0.55957333333333337,0.002032,0.18162133333333333,0.043450666666666665,0.00097599999999999998,0.0023946666666666665,0.0092106666666666673,0.00053866666666666668,0.081872,0.001488
416352209,0.0071253333333333333,0.95056533333333337,5.3333333333333333e-05,0.016063999999999998,6.9333333333333329e-05,0,0.0012266666666666667,0.00048533333333333333,0.00012266666666666668,0.024288000000000001,0
416352213,0.081615999999999994,0.58077866666666667,0.014944000000000001,0.14085866666666666,0.051354666666666667,0.00015466666666666667,0.017066666666666667,0.00728,0.0026026666666666668,0.10213333333333334,0.0012106666666666667
416354018,0.07447154471544716,0.62857452574525741,0.0027804878048780486,0.10534417344173441,0.14913279132791327,2.1680216802168021e-05,0.0044715447154471547,0.0054525745257452572,0.0013712737127371275,0.025506775067750679,0.0028726287262872629
4196545078,0.070156156156156155,0.70848048048048051,0.026522522522522522,0.13486486486486488,0.057033033033033032,6.006006006006006e-06,0.00094894894894894896,0.00017417417417417416,0.0001021021021021021,0.0017117117117117118,0
4207511469,0.35460000000000003,0.29607600000000001,0.183528,0.030040000000000001,0.022724000000000001,0.001688,0.021843999999999999,0.029876,0.0085760000000000003,0.051048000000000003,0
4208275282,0.2678018018018018,0.66973573573573575,0.015423423423423423,0.0073753753753753757,0.01393993993993994,0.0016576576576576576,0.0015735735735735736,0.0070330330330330331,0.0012312312312312312,0.0126006006006006,0.0016276276276276276
4305845840,0.26505705705705707,0.26195795795795795,0.041093093093093093,0.36747147147147147,0.02699099099099099,0.00027627627627627627,0.010252252252252252,0.0068588588588588588,0.0018078078078078079,0.01795795795795796,0.00027627627627627627
4386645618,0.13668468468468467,0.58604204204204202,0.16608408408408409,0.0049909909909909914,0.0087507507507507513,0.0086486486486486488,0.00040240240240240242,0.040030030030030028,0.018894894894894893,0.01795795795795796,0.011513513513513514
4619787693,0.90722754491017965,0.0035988023952095807,0.0023053892215568863,0.00052095808383233536,0.00062874251497005993,4.7904191616766468e-05,0.01455688622754491,0.044934131736526946,0.00022754491017964071,0.025886227544910181,6.5868263473053894e-05
4619788825,0.89489221556886223,0.0026107784431137725,0.0014670658682634731,5.9880239520958085e-06,7.1856287425149705e-05,0,0.00041916167664670658,0.10032335329341317,8.3832335329341314e-05,0.00010778443113772454,1.7964071856287426e-05
46262143,0.18449066666666666,0.64521066666666671,0.0090293333333333337,0.094197333333333327,0.020906666666666667,0,0.0013760000000000001,0.0091573333333333333,0,0.035461333333333331,0.00017066666666666668
46428204,0.25809599999999999,0.16833600000000001,0.060512000000000003,0.19988800000000001,0.036453333333333331,0.00216,0.023456000000000001,0.12498133333333333,0.0011039999999999999,0.10842133333333333,0.016591999999999999
471119878,0.27288000000000001,0.08962666666666666,0.0012586666666666666,0.54033600000000004,0.0051466666666666666,0,0.00011733333333333333,0.001312,0,0.089045333333333337,0.00027733333333333332
471121004,0.19336533333333333,0.41485333333333335,0.10346666666666667,0.20736533333333335,0.024458666666666667,0,0.0012746666666666666,0.0032160000000000001,1.5999999999999999e-05,0.047258666666666664,0.0047253333333333331
471121204,0.08740266666666667,0.69139200000000001,0.0074186666666666663,0.14275199999999999,0.012256,0,0.00031466666666666665,0.00055466666666666663,0,0.053386666666666666,0.004522666666666667
471121472,0.17285333333333333,0.00036266666666666668,0.097072000000000006,2.6666666666666667e-05,0.0004906666666666667,0.44719999999999999,0.057002666666666667,0.15717333333333333,0.051866666666666665,2.6666666666666667e-05,0.015925333333333333
471121914,0.10540266666666667,0.42894399999999999,0.025274666666666668,0.24744533333333332,0.041520000000000001,0.0010666666666666667,0.003424,0.008352,0.0018400000000000001,0.13450666666666666,0.0022239999999999998
471139704,0.20015466666666668,0.013898666666666667,0.0021013333333333335,0.016256,0.64665066666666671,1.0666666666666667e-05,0.00010666666666666667,1.0666666666666667e-05,0,0.11109333333333334,0.009717333333333333
471139781,0.024032000000000001,0.014474666666666667,3.7333333333333331e-05,0.9603733333333333,0.00028800000000000001,0,5.3333333333333337e-06,0.00075199999999999996,1.0666666666666667e-05,2.6666666666666667e-05,0
471140386,0.120592,0.5107733333333333,0.0011893333333333333,0.17908266666666667,0.0069973333333333337,0,0.00010133333333333333,0.001488,0,0.17963733333333334,0.00013866666666666666
471140587,0.13985600000000001,0.59665066666666666,0.10195733333333333,0.10040533333333333,0.016229333333333332,0,0.0012906666666666667,0.0037439999999999999,0,0.039706666666666668,0.00016000000000000001
471141027,0.71348266666666671,0,0.08501333333333333,0.00050133333333333334,2.6666666666666667e-05,0.007541333333333333,0.023408000000000002,0.12603200000000001,0.042762666666666664,3.1999999999999999e-05,0.0011999999999999999
471158657,0.21864,0.0021386666666666668,0.0040000000000000001,0.019573333333333335,0.66033066666666662,0,1.0666666666666667e-05,1.5999999999999999e-05,5.3333333333333337e-06,0.054864000000000003,0.04042133333333333
471159319,0.055130666666666668,0.0063039999999999997,0.015034666666666667,0.068288000000000001,0.80144533333333334,0.00028266666666666669,0.0010133333333333333,0.000112,0.00079466666666666672,0.025914666666666666,0.025680000000000001
471159613,0.33893866666666667,0.15681066666666665,0.015957333333333334,0.14179733333333333,0.12750933333333334,4.8000000000000001e-05,0.0021386666666666668,0.00026666666666666668,8.0000000000000007e-05,0.20764266666666667,0.0088106666666666663
471159765,0.34748800000000002,0.14149866666666666,0.019439999999999999,0.13675733333333334,0.15872,3.1999999999999999e-05,0.0016106666666666667,0.00026133333333333331,8.0000000000000007e-05,0.18192,0.012192
471159885,0.34381333333333336,0.13819733333333334,0.018570666666666666,0.13601066666666667,0.17238933333333334,1.0666666666666667e-05,0.0014453333333333334,0.00013333333333333334,5.8666666666666665e-05,0.17488533333333334,0.014485333333333333
47167869,0.22405866666666666,0.52890666666666664,0.11786133333333333,0.067098666666666668,0.026101333333333334,5.3333333333333337e-06,0.0017866666666666667,0.01376,0.00025599999999999999,0.018901333333333332,0.0012639999999999999
4734226554,0.50210133333333329,0.24622933333333333,0.00013333333333333334,0.20246400000000001,0.0045653333333333336,0,9.6000000000000002e-05,5.3333333333333337e-06,0,0.044357333333333332,4.8000000000000001e-05
4734227438,0.58419200000000004,0.24251200000000001,0.00015466666666666667,0.013349333333333333,0.0016479999999999999,0,1.0666666666666667e-05,0,0,0.15810666666666667,2.6666666666666667e-05
4734231842,0.66746133333333335,0.17054933333333333,2.6666666666666667e-05,0.024080000000000001,0.0052533333333333329,0,1.5999999999999999e-05,2.6666666666666667e-05,0,0.13256000000000001,2.6666666666666667e-05
4760356683,0.47290090090090092,0.042318318318318317,0.0059879879879879876,0.35111711711711713,0.0092312312312312315,9.0090090090090091e-05,0.00083483483483483484,0.00037237237237237235,0.00040840840840840841,0.11668468468468468,5.4054054054054054e-05
4760893313,0.19869461077844311,0,0.055622754491017966,0.36820958083832334,0.013449101796407186,0,0.0056227544910179639,1.7964071856287426e-05,0.0032335329341317367,0.35514970059880241,0
4764566295,0.10047466666666667,0.0031733333333333331,0.444272,0.161408,0.025717333333333332,0.013424,0.0010506666666666668,0.00080533333333333336,0.15914133333333333,0.066389333333333328,0.024143999999999999
4764567753,0.15436800000000001,0.40703466666666666,0.0032266666666666667,0.334928,0.064000000000000001,0,0.00070399999999999998,0.0029973333333333332,0.00023466666666666666,0.032469333333333336,3.7333333333333331e-05
4764571853,0.20179733333333333,0.23918933333333334,0.026522666666666667,0.38899733333333331,0.093829333333333334,3.7333333333333331e-05,0.0015306666666666667,0.0013600000000000001,0.00058666666666666665,0.043824000000000002,0.0023253333333333333
4764573113,0.49476799999999999,0.10102933333333333,0.00018133333333333334,0.114768,0.0035040000000000002,0,5.8666666666666665e-05,0.00081066666666666668,1.5999999999999999e-05,0.28485333333333335,1.0666666666666667e-05
4764573589,0.37113600000000002,0.30271999999999999,0.051562666666666666,0.19635733333333333,0.0152,1.0666666666666667e-05,0.00075199999999999996,0.0015733333333333333,0.006032,0.054458666666666669,0.00019733333333333332
4764574219,0.584928,0.011194666666666667,0.0011626666666666667,0.062586666666666665,0.30142933333333333,5.3333333333333337e-06,3.7333333333333331e-05,4.8000000000000001e-05,3.1999999999999999e-05,0.038170666666666665,0.00040533333333333334
4764574819,0.48118933333333336,0.020656000000000001,0.00055466666666666663,0.10293333333333334,0.31241066666666667,0,6.9333333333333329e-05,5.3333333333333333e-05,5.3333333333333337e-06,0.079818666666666663,0.0023093333333333334
4764577121,0.26517333333333332,0.19542399999999999,0.066565333333333337,0.22096533333333335,0.0023093333333333334,0.00020799999999999999,0.037311999999999998,0.0085973333333333336,0.029333333333333333,0.16263466666666668,0.011477333333333334
4764577911,0.09997866666666666,0.22716800000000001,0.14331199999999999,0.25966933333333331,0.061770666666666668,0.0026986666666666665,0.029482666666666667,0.0031786666666666669,0.017194666666666667,0.15499733333333332,0.00054933333333333331
4764581227,0.0074506666666666671,0.63381333333333334,0.00013333333333333334,0.16595199999999999,0.0016906666666666667,0,0.0011360000000000001,0.00075733333333333338,0,0.18905066666666667,1.5999999999999999e-05
4764582109,0.0070239999999999999,0.64394666666666667,0.00011733333333333333,0.156112,0.0021120000000000002,0,0.0010506666666666668,0.00070399999999999998,0,0.188912,2.1333333333333335e-05
4765202794,0.14242133333333334,0.43890666666666667,0.0033600000000000001,0.28786133333333336,0.065855999999999998,0,0.0011199999999999999,0.0018079999999999999,3.1999999999999999e-05,0.058256000000000002,0.00037866666666666669
4765206352,0.19598933333333332,0.34127466666666667,0.012304000000000001,0.34700266666666668,0.063743999999999995,5.3333333333333337e-06,0.001792,0.0016639999999999999,0.00020799999999999999,0.035162666666666668,0.00085333333333333333
4765206950,0.23831466666666667,0.22067200000000001,0.012864,0.40601599999999999,0.068080000000000002,1.5999999999999999e-05,0.001616,0.002784,0.0005173333333333333,0.048624000000000001,0.00049600000000000002
4765208242,0.042554666666666664,0.67105066666666668,3.1999999999999999e-05,0.110544,0.16067733333333334,0,0.00019733333333333332,0.00059733333333333329,0,0.014346666666666667,0
4778522253,0.83912912912912918,0.00049849849849849844,0.0133993993993994,1.2012012012012012e-05,0,0.017627627627627627,0.0052312312312312315,0.010306306306306306,0.10650450450450451,0.007189189189189189,0.0001021021021021021
4796921059,0.33144533333333331,0.0069813333333333333,0.058464000000000002,0.54076266666666661,0.00018133333333333334,0.011738666666666666,0.03304,0.0037599999999999999,0.0029066666666666668,0.0070986666666666663,0.0036213333333333332
4797516958,0.34203733333333336,0.55414399999999997,0.015904000000000001,0.044192000000000002,0.004149333333333333,0.000144,0.004469333333333333,0.0032426666666666667,0.0016800000000000001,0.029685333333333334,0.00035199999999999999
4797549346,0.44061866666666666,0.00042133333333333335,0.14339733333333332,0.23536533333333334,0.0048799999999999998,0.0031840000000000002,0.015696000000000002,0.001168,0.0018879999999999999,0.13309333333333334,0.020288
4827670738,0.109664,0.236096,0.0021813333333333333,0.43606933333333331,0.035365333333333332,5.3333333333333337e-06,0.00012799999999999999,0.00035733333333333331,0.00018666666666666666,0.17994666666666667,0
4827691370,0.39684799999999998,0.50844800000000001,0.039600000000000003,0.0028106666666666666,0.019173333333333334,0.0092320000000000006,0.000192,0.0048533333333333336,0.0020426666666666666,0.00030933333333333334,0.016490666666666667
4899568237,0.2157897897897898,0.36694894894894897,0.049597597597597597,0.20481081081081082,0.095717717717717712,0.0038318318318318317,0.0016276276276276276,0.001015015015015015,0.022852852852852854,0.0065105105105105103,0.0312972972972973
4912712983,0.21995733333333334,0.15875733333333333,0.0056693333333333335,0.55342933333333333,0.004005333333333333,0.00072533333333333336,0.051504000000000001,0.00053333333333333336,0.00046933333333333332,0.0042719999999999998,0.00067733333333333328
4913332740,0.23840533333333333,0.63139199999999995,0.069391999999999995,0.015232000000000001,0.027434666666666666,0.0026826666666666665,0.001632,0.0067786666666666663,0.0015413333333333334,0.0014613333333333334,0.0040480000000000004
4952940070,0.73503466666666661,0.026757333333333334,0.026629333333333335,9.6000000000000002e-05,0.0014186666666666666,0.011152,0.010832,0.017488,0.16020799999999999,0.008992,0.001392
4981209783,0.62491733333333332,0.10282133333333333,0.055050666666666664,0.072111999999999996,0.071386666666666668,0.00043733333333333336,0.0039360000000000003,7.4666666666666661e-05,0.00041066666666666666,0.033893333333333331,0.034959999999999998
5024973996,0.078042042042042042,0.51092492492492492,0.08063663663663663,0.22033033033033034,0.0039939939939939943,4.2042042042042043e-05,0.0040840840840840843,0.00070870870870870875,0.00011411411411411411,0.10108708708708709,3.6036036036036038e-05
51548449,0.012544,0.11276799999999999,0,0.87339733333333336,0.00013333333333333334,0,0,0.0011573333333333333,0,0,0
5250031697,0.92466666666666664,0,0,0.037221333333333335,0,0,0,0,0,0.038112,0
5338890009,0.23182035928143713,0.19797005988023952,0.0047964071856287423,0.16192814371257486,0.024449101796407184,0,0.0051916167664670656,0.010778443113772455,0.00024550898203592813,0.36280838323353293,1.1976047904191617e-05
5338890213,0.060862275449101798,0.051694610778443111,0.036694610778443111,0.17623353293413174,0.053389221556886225,0.00048502994011976046,0.0025269461077844311,0.0037125748502994014,0.003155688622754491,0.572185628742515,0.039059880239520957
5338890507,0.21267664670658681,0.051784431137724553,0.066778443113772457,0.42126347305389222,0.089239520958083837,0.0010419161676646707,0.0081257485029940114,0.0162874251497006,0.0045508982035928148,0.12641317365269461,0.0018383233532934132
5338890679,0.31923952095808383,0.030580838323353295,0.025383233532934132,0.49382035928143714,0.046802395209580835,4.1916167664670657e-05,0.0017365269461077845,0.0093832335329341321,0.0075029940119760476,0.062035928143712574,0.003473053892215569
5338890939,0.11632335329341317,0.049287425149700602,0.034874251497005987,0.39270059880239522,0.08637125748502994,0.00019760479041916167,0.013227544910179641,0.011005988023952095,0.0016347305389221556,0.29290419161676645,0.0014730538922155688
5338891113,0.67252694610778441,0.010059880239520959,0.019808383233532935,0.10811976047904191,0.079275449101796402,0.0051856287425149699,0.0038502994011976048,0.0022934131736526944,0.0016646706586826347,0.093269461077844312,0.003946107784431138
5338891415,0.57156287425149699,0.058173652694610778,0.025431137724550898,0.11570658682634731,0.071502994011976045,5.3892215568862272e-05,0.0018263473053892216,0.01167065868263473,0.00044910179640718562,0.14349700598802395,0.00012574850299401196
5338891677,0.73295808383233529,0.14560479041916169,0.0067425149700598803,0.043934131736526945,0.0045209580838323354,6.5868263473053894e-05,0.0012634730538922155,0.017443113772455089,0.00032335329341317366,0.046209580838323355,0.00093413173652694614
5338892243,0.11468862275449102,0.13108383233532933,0.0042994011976047906,0.20450898203592816,0.048107784431137723,0,0.00024550898203592813,0.00090419161676646704,2.3952095808383234e-05,0.49607784431137725,5.9880239520958083e-05
5338892397,0.4158922155688623,0.11576646706586827,0.07608982035928144,0.14423353293413174,0.016916167664670658,0.005748502994011976,0.0121437125748503,0.0093832335329341321,0.013508982035928143,0.18952694610778442,0.00079041916167664668
5339501822,0.028874251497005989,0.87717964071856291,0.044383233532934128,0.015233532934131737,0.012532934131736527,5.9880239520958083e-05,0.00046107784431137722,0.00013772455089820359,6.5868263473053894e-05,0.01302994011976048,0.00804191616766467
5339502360,0.08073053892215569,0.0022335329341317367,0.00010778443113772454,0.02568862275449102,0.00062275449101796402,0.0006826347305389221,0.0019161676646706587,0.0015628742514970061,0.0097544910179640718,0.87670059880239526,0
5339504474,0.13897604790419163,0.061401197604790417,0.46612574850299399,0.055544910179640722,0.025269461077844311,0.010455089820359281,0.0031317365269461078,0.0038443113772455091,0.13891017964071856,0.039365269461077844,0.056976047904191619
5353149648,0.50426426426426429,0.008006006006006006,0.051243243243243246,0.1616156156156156,0.095933933933933929,6.006006006006006e-06,0.0030210210210210209,0.012312312312312312,3.6036036036036038e-05,0.093801801801801796,0.06975975975975976
5362765655,0.060862275449101798,0.051694610778443111,0.036694610778443111,0.17623353293413174,0.053389221556886225,0.00048502994011976046,0.0025269461077844311,0.0037125748502994014,0.003155688622754491,0.572185628742515,0.039059880239520957
5363377140,0.11468862275449102,0.13108383233532933,0.0042994011976047906,0.20450898203592816,0.048107784431137723,0,0.00024550898203592813,0.00090419161676646704,2.3952095808383234e-05,0.49607784431137725,5.9880239520958083e-05
5419267708,0.21507733333333334,0.17119466666666666,0.00023466666666666666,0.16208533333333333,0.0092053333333333327,0,0.00016000000000000001,0.0023733333333333332,1.0666666666666667e-05,0.43965866666666664,0
54427339,0.26324266666666668,0.21143466666666666,0.010026666666666666,0.183168,0.17984533333333333,0,0.0086773333333333338,0.052906666666666664,0.00012799999999999999,0.089039999999999994,0.0015306666666666667
5539659661,0.25540266666666667,0,0,0.23383466666666666,0,0,0,0,0,0.5107626666666667,0
5559130836,0.070738738738738732,0.019717717717717718,0.21473873873873875,0.16756756756756758,0.017687687687687689,0.0023363363363363364,0.035495495495495494,0.29428228228228226,0.0038018018018018017,0.11561561561561562,0.058018018018018015
5559133780,0.02615015015015015,0.041153153153153155,0.064942942942942949,0.0040000000000000001,0.00051051051051051054,0.0014834834834834836,0.044786786786786784,0.48302102102102101,0.036156156156156159,0.29075075075075074,0.0070450450450450447
5658458626,0.22365765765765766,0.00760960960960961,0.32830630630630631,0.23957357357357356,0.010018018018018018,0,0.00019219219219219219,0.00030630630630630633,0.00081681681681681681,0.18951951951951951,0
56886907,0.26108266666666669,0.69142400000000004,0.0071733333333333336,0.018714666666666668,0.0083466666666666672,9.6000000000000002e-05,0.0010506666666666668,0.0025813333333333335,5.3333333333333337e-06,0.0092479999999999993,0.00027733333333333332
5773015036,0.0034974093264248706,0.58432124352331605,0.00033678756476683937,0.0059067357512953365,0.00035751295336787563,0,0.00029533678756476681,0.00013989637305699483,1.5544041450777204e-05,0.40512953367875648,0
5927507581,0.25740119760479041,0.13652694610778443,0.23126946107784432,0.15732335329341318,0.10361676646706587,0.0030179640718562876,0.028383233532934132,0.02055688622754491,0.0011796407185628742,0.033982035928143715,0.026742514970059882
5927508381,0.11474029850746269,0.21071641791044776,0.32643582089552237,0.10336716417910448,0.097564179104477608,0.019599999999999999,0.010161194029850747,0.009319402985074627,0.0016238805970149254,0.056937313432835819,0.049534328358208958
5927509527,0.18003592814371258,0.18426946107784431,0.28680239520958084,0.12011976047904191,0.13231736526946108,0.0019820359281437125,0.02437125748502994,0.013161676646706586,0.0017245508982035927,0.029077844311377245,0.026137724550898203
5927510743,0.14792814371257484,0.24683832335329342,0.29768862275449104,0.049377245508982037,0.10996407185628743,0.0079341317365269459,0.015311377245508982,0.0057964071856287424,0.0010419161676646707,0.056305389221556888,0.061814371257485033
5927514557,0.37241916167664668,0.021946107784431138,0.076347305389221562,0.19523952095808383,0.21214371257485029,5.9880239520958083e-05,0.0092634730538922148,0.00097604790419161672,0.00025748502994011978,0.094958083832335324,0.016389221556886227
5928065296,0.10765970149253731,0.2312955223880597,0.33606567164179102,0.088059701492537307,0.12106865671641791,0.024579104477611941,0.013432835820895522,0.011098507462686567,0.0019820895522388061,0.013653731343283583,0.051104477611940299
5928070030,0.43376646706586824,0.011940119760479042,0.053425149700598799,0.21507185628742514,0.17273652694610778,8.9820359281437125e-05,0.001,0.00023353293413173654,8.9820359281437125e-05,0.098281437125748508,0.013365269461077845
5992208941,0.19849066666666668,0.70028266666666672,0.008117333333333334,0.011722666666666666,0.069850666666666672,0.0021280000000000001,0.00024533333333333335,0.00041599999999999997,0.00098666666666666672,0.0053013333333333332,0.0024586666666666667
6017338383,0.77370666666666665,0.0025600000000000002,0.115424,0.00992,0.0030560000000000001,0.046544000000000002,0.0026986666666666665,0.012864,0.023477333333333333,0.0066613333333333333,0.003088
6030248964,0.31381355932203392,0.088192090395480233,0.033949152542372879,0.20991525423728813,0.035491525423728812,0,0.002401129943502825,0.00070621468926553672,0.00042372881355932202,0.31493785310734462,0.00016949152542372882
6083989689,0.28570746268656716,0.32717611940298508,0.042967164179104476,0.010244776119402985,0.015307462686567163,0.003301492537313433,0.0046626865671641794,0.25798805970149252,0.01813134328358209,0.033826865671641788,0.00068656716417910446
6084535020,0.23916516516516517,0.0080840840840840835,0.076360360360360355,0.0021141141141141143,0.00071471471471471469,0.0210990990990991,0.0028588588588588587,0.5897897897897898,0.05439039039039039,0.0035015015015015015,0.0019219219219219219
6084535990,0.030954954954954955,0.0047447447447447446,0.013795795795795795,0.00097297297297297292,4.8048048048048048e-05,0.0038318318318318317,0.010954954954954955,0.91301501501501503,0.0039459459459459459,0.01533933933933934,0.0023963963963963965
6150926594,0.10787733333333334,0.13597333333333333,0.28247466666666665,0.25266666666666665,0.050133333333333335,0.0015093333333333332,0.0088426666666666671,0.0057813333333333336,0.041034666666666664,0.071728,0.041978666666666664
6150928494,0.14271466666666666,0.26996799999999999,0.010698666666666667,0.39346666666666669,0.12028800000000001,0,0.0025973333333333334,0.0034559999999999999,0.00053333333333333336,0.055632000000000001,0.00064533333333333337
6150948924,0.190304,0.11938133333333334,0.010389333333333334,0.42688533333333334,0.12445866666666666,8.0000000000000007e-05,0.0065386666666666666,0.0080693333333333329,0.0010186666666666666,0.11034133333333333,0.0025333333333333332
6151033327,0,0.99809066666666668,0,0,2.6666666666666667e-05,0,0,0,0,0.0018826666666666666,0
6151087183,0.42860799999999999,0.11339733333333334,0.18484800000000001,0.12176533333333334,0.032101333333333336,0.00042133333333333335,0.039002666666666665,0.022725333333333333,0.0058933333333333338,0.048751999999999997,0.0024853333333333333
6151087439,0.21369066666666667,0.48147200000000001,0.018917333333333335,0.20245866666666668,0.021365333333333333,0.00062933333333333331,0.0011146666666666666,0.0031519999999999999,0.00026133333333333331,0.056570666666666665,0.000368
6151088587,0.16513066666666668,0.72473600000000005,0.00027733333333333332,0.051434666666666663,0.016704,0,0.000192,0.00085866666666666665,1.0666666666666667e-05,0.040543999999999997,0.000112
6151108479,0.16307199999999999,0.34787200000000001,0.095674666666666672,0.29567466666666664,0.00043733333333333336,0.0089973333333333329,0.040160000000000001,0.002496,0.001536,0.037925333333333332,0.0061546666666666668
6151108623,0.19731733333333334,0.30454933333333334,0.035173333333333334,0.17790933333333334,0.016970666666666665,0.0037173333333333333,0.037184000000000002,0.040432000000000003,0.086501333333333333,0.068501333333333331,0.031744000000000001
6151581182,0.031162666666666668,0.46884799999999999,0.00049600000000000002,0.25615466666666664,0.16829333333333332,5.3333333333333337e-06,0.0023999999999999998,0.0024320000000000001,1.5999999999999999e-05,0.068901333333333328,0.0012906666666666667
6151593886,0.041776000000000001,0.55889066666666665,0.0015093333333333332,0.17694399999999999,0.13179733333333332,1.0666666666666667e-05,0.0021226666666666668,0.0012213333333333334,5.8666666666666665e-05,0.085221333333333329,0.00044799999999999999
6151655626,0.13662933333333332,0.24321599999999999,0.15995733333333334,0.214112,0.0028533333333333332,0.00084800000000000001,0.070735999999999993,0.034127999999999999,0.094586666666666666,0.041114666666666667,0.0018186666666666666
6151655764,0.12511466666666668,0.37565333333333334,0.101072,0.26386666666666669,0.0070879999999999997,0.0029120000000000001,0.021498666666666666,0.017295999999999999,0.00021333333333333333,0.060213333333333334,0.025072000000000001
6151656160,0.17079466666666668,0.40788799999999997,0.079402666666666663,0.18090133333333333,0.0071946666666666669,0.0064799999999999996,0.038522666666666663,0.033183999999999998,0.0013013333333333334,0.063743999999999995,0.010586666666666666
6151656284,0.27972266666666668,0.14004800000000001,0.15299733333333335,0.131184,0.0017440000000000001,0.004176,0.027418666666666668,0.024741333333333334,0.19462399999999999,0.041669333333333336,0.0016746666666666668
6163356947,0.53575975975975976,0.44956756756756755,0.0015915915915915915,0.0028168168168168166,0.0048348348348348346,0.0001021021021021021,0.00034234234234234234,0.00064264264264264268,0.00050450450450450449,0.0034114114114114115,0.00042642642642642644
6178565409,0.12333933933933934,0.2708888888888889,0.062036036036036038,0.35157357357357355,0.021807807807807809,0,0.00078078078078078076,0.0019459459459459458,1.2012012012012012e-05,0.16694894894894896,0.00066666666666666664
6178567211,0.2020840840840841,0.087063063063063065,0.15517117117117118,0.37918318318318317,0.062300300300300301,3.6036036036036038e-05,0.0080360360360360369,0.0061201201201201202,0.0010030030030030029,0.09845045045045045,0.00055255255255255253
6178568413,0.32204204204204206,0.060354354354354357,0.13786186186186186,0.26493093093093095,0.079591591591591598,0.00028228228228228226,0.0070150150150150147,0.0023603603603603602,0.0041801801801801802,0.1212012012012012,0.00018018018018018018
6178572983,0.22795795795795795,0.18081681681681683,0.064858858858858864,0.20890090090090091,0.071297297297297293,0.00045645645645645645,0.022006006006006006,0.021417417417417418,0.0015255255255255255,0.19242042042042043,0.0083423423423423428
6178575875,0.16955555555555554,0.28586786786786789,0.053951951951951953,0.24988588588588589,0.071531531531531536,0.00030030030030030029,0.013447447447447447,0.011963963963963964,0.0032732732732732731,0.13807207207207206,0.0021501501501501501
6178578153,0.22667867867867869,0.066060060060060058,0.1111111111111111,0.36637237237237236,0.095939939939939933,0.0051591591591591589,0.0065465465465465462,0.014342342342342343,0.026096096096096096,0.079873873873873874,0.0018198198198198198
6178581247,0.20846846846846848,0.089549549549549551,0.056744744744744745,0.39351351351351349,0.095837837837837836,0.00054054054054054055,0.032774774774774772,0.02371171171171171,0.0091171171171171173,0.086378378378378376,0.0033633633633633636
6178587701,0.21075776397515528,0.36635403726708077,0.024534161490683229,0.23290062111801244,0.069397515527950315,3.1055900621118014e-05,0.01006832298136646,0.0072484472049689445,0.0018385093167701864,0.075434782608695655,0.0014347826086956522
6178597091,0.42115596330275229,0.13773700305810396,0.088030581039755348,0.30744954128440366,0.0063914373088685018,0,0.010409785932721712,0.0077003058103975539,0.0019082568807339449,0.019204892966360857,1.2232415902140673e-05
6178609453,0.071909909909909905,0.049603603603603601,0.0074114114114114116,0.069789789789789794,0.71034234234234239,0.00012612612612612612,0.0005345345345345345,0.0002882882882882883,0.0018978978978978979,0.066582582582582581,0.021513513513513514
6179095564,0.26299699699699702,0.073819819819819818,0.03968168168168168,0.43293693693693691,0.067693693693693699,2.4024024024024024e-05,0.0069189189189189189,0.0049909909909909914,0.00063063063063063059,0.10942942942942943,0.00087687687687687684
6179107852,0.19616718266253869,0.24478637770897832,0.038718266253869968,0.25790092879256965,0.10280495356037152,0.00018575851393188853,0.018086687306501547,0.011578947368421053,0.0017027863777089784,0.12561609907120744,0.0024520123839009288
6179114396,0.17703426791277257,0.34833644859813084,0.024186915887850467,0.20889719626168224,0.075682242990654208,4.9844236760124614e-05,0.012037383177570093,0.0069532710280373828,0.00076635514018691593,0.13783177570093458,0.0082242990654205605
6179135732,0.033891891891891894,0.66178978978978975,0.13133933933933933,0.047339339339339342,0.022498498498498498,0,0.0014594594594594594,0.00045645645645645645,5.4054054054054054e-05,0.10075675675675676,0.0004144144144144144
6193253161,0.16212266666666666,0.46819733333333335,0.045392000000000002,0.24682133333333334,0.0064000000000000003,0.013210666666666667,0.033295999999999999,0.016869333333333333,0.00061333333333333335,0.0029173333333333334,0.0041599999999999996
6193262281,0.25917333333333331,0.40553600000000001,0.024762666666666665,0.252112,0.033568000000000001,0.00052800000000000004,0.0038506666666666667,0.013626666666666667,0.00088533333333333335,0.0035466666666666667,0.0024106666666666669
6193264099,0.381718085106383,0.24605851063829787,0.109,0.17736170212765959,0.021143617021276595,0.015154255319148937,0.002824468085106383,0.010526595744680851,0.00055319148936170217,0.0019521276595744681,0.033707446808510635
6193265393,0.8530186666666667,0.066341333333333335,0.013333333333333334,0.0066613333333333333,0.046762666666666668,0.00050133333333333334,0.00032000000000000003,0.0058560000000000001,0.001952,0.0020586666666666665,0.0031946666666666668
6193266919,0.72597866666666666,0.09941333333333334,0.074469333333333332,5.8666666666666665e-05,0.067658666666666673,3.7333333333333331e-05,0.00042133333333333335,0.026960000000000001,0.0015413333333333334,0.0034506666666666666,1.0666666666666667e-05
6193771892,0.118384,0.37909866666666664,0.31655466666666665,0.12168,0.0050133333333333332,0.0088746666666666661,0.0012266666666666667,0.0013493333333333332,0.00042666666666666667,0.012832,0.03456
6226110353,0.185616,0.61163733333333337,0.033807999999999998,0.12090666666666666,0.007077333333333333,0,0.0015733333333333333,0.0012906666666666667,0.00020266666666666667,0.033978666666666664,0.0039093333333333332
6226116211,0.007626666666666667,0.89661866666666667,0.027386666666666667,0.035695999999999999,0.0023093333333333334,2.1333333333333335e-05,0.007626666666666667,0.004378666666666667,0.017450666666666666,0.00088533333333333335,0
6226118231,0.44076266666666669,0.065866666666666671,0.0058186666666666664,0.38088533333333335,0.017557333333333335,0.00018133333333333334,0.0045919999999999997,0.0040693333333333337,0.0051466666666666666,0.055365333333333336,0.019754666666666667
6226625324,0.098510638297872336,0.89153723404255314,0.00010106382978723405,0.0081808510638297881,0.00035638297872340427,0,6.382978723404255e-05,0.0011276595744680851,0,0.00012234042553191491,0
6226636338,0.20885333333333334,0.62184533333333336,0.045754666666666666,0.066895999999999997,0.0068693333333333332,0.019194666666666665,0.001248,0.0010933333333333333,0.00034133333333333335,0.022618666666666665,0.0052853333333333337
6226637594,0.0021440000000000001,0.82508266666666663,0.00018133333333333334,0.079173333333333332,0.015855999999999999,5.8666666666666665e-05,0.00464,0.012309333333333334,0.00050666666666666666,0.056383999999999997,0.0036640000000000002
6226638274,0.070064000000000001,0.80833066666666664,0.027642666666666666,0.0050613333333333335,0.012325333333333334,0.00098133333333333341,0.0042506666666666665,0.00264,0.068629333333333334,0,7.4666666666666661e-05
6232867321,0.079069069069069076,0.50042042042042045,9.6096096096096097e-05,0.41484684684684686,0.0017297297297297297,0,6.006006006006006e-06,0.0036156156156156158,6.006006006006006e-06,0.00021021021021021022,0
6256799042,0.12980780780780782,0.47780180180180182,0.045915915915915914,0.086276276276276279,0.10472072072072072,0.0025105105105105107,0.01163963963963964,0.022240240240240239,0.0040660660660660659,0.10783783783783783,0.0071831831831831831
6374585223,0.096019417475728161,0.36263430420711973,0.032990291262135922,0.1036504854368932,0.046867313915857606,0.00013592233009708738,0.002925566343042071,0.00080258899676375402,0.00015533980582524271,0.35225242718446603,0.0015663430420711974
6445111245,0.37124266666666667,0.11098133333333333,0.0083306666666666668,0.10078933333333333,0.025658666666666666,0.0020213333333333333,0.00092266666666666669,0.0019626666666666668,0.00041066666666666666,0.37742933333333334,0.00025066666666666667
6819698981,0.40065497076023393,0.022497076023391814,0.14073684210526316,0.21360818713450291,0.026649122807017544,0.000695906432748538,0.0062163742690058482,0.0027134502923976608,0.0049239766081871344,0.17848538011695905,0.0028187134502923976
6825563755,0.056170212765957447,0.45830395136778118,0.0022553191489361702,0.18604863221884499,0.00043161094224924014,9.7264437689969604e-05,0.017446808510638297,0.039860182370820667,0.0016838905775075988,0.23769604863221885,6.0790273556231003e-06
6828141596,0.0091249999999999994,0.62571590909090913,0.20681250000000001,0.12936363636363638,0.00013636363636363637,0,0.010630681818181819,0.0076306818181818186,0.00049431818181818181,0.0099659090909090912,0.000125
6983364903,0.40625600000000001,0.33905066666666667,0.085440000000000002,0.083157333333333333,0.038053333333333335,0.00032533333333333334,0.0014613333333333334,0.0026559999999999999,0.0055199999999999997,0.027008000000000001,0.011072
7421929486,0.018569105691056912,0.30595934959349591,0.011512195121951219,0.010166666666666666,0.42149186991869919,0,0.0018130081300813008,0.00037804878048780489,0,0.11126422764227642,0.11884552845528455
7756539448,0.40174399999999999,0.007626666666666667,0.39046933333333333,0.013509333333333333,0.063077333333333332,0.0014453333333333334,0.0041120000000000002,0.09536,0.0092160000000000002,0.0025600000000000002,0.010880000000000001
8040025822,0.87754858934169278,0.00096551724137931036,0.037780564263322887,0.0015485893416927899,0.013987460815047021,1.2539184952978056e-05,0.0010658307210031348,0.05933542319749216,0.0052601880877742946,0.0024514106583072102,4.3887147335423194e-05
8045915251,0.072153846153846152,0.056393846153846156,0.16875692307692308,0.3664123076923077,0.097224615384615382,0.00092923076923076922,0.061403076923076921,0.020436923076923078,0.038270769230769233,0.081741538461538463,0.036276923076923075
8045916257,0.079827692307692308,0.085070769230769228,0.12251692307692308,0.079150769230769233,0.0092923076923076917,4.3076923076923077e-05,0.04116923076923077,0.13099692307692307,0.072713846153846157,0.37491076923076921,0.0043076923076923075
8045916765,0.058636085626911312,0.61824464831804282,0.098373088685015292,0.008532110091743119,0.03507645259938838,0.03015290519877676,0.012703363914373088,0.0010519877675840979,0.025516819571865444,0.073828746177370036,0.037883792048929665
8045917405,0.10609785932721713,0.1158960244648318,0.095204892966360852,0.32700917431192661,0.12996330275229359,0.00011009174311926606,0.032923547400611618,0.022458715596330274,0.00021406727828746178,0.16103975535168197,0.0090825688073394497
8045920865,0.14618348623853211,0.22707033639143731,0.20275840978593271,0.24395107033639143,0.098342507645259938,0.00053211009174311931,0.011871559633027523,0.027345565749235475,0.0029113149847094801,0.020996941896024465,0.018036697247706422
8045921381,0.15847706422018348,0.12957798165137616,0.16609174311926606,0.17066055045871559,0.22447094801223241,0,0.01145565749235474,0.10078287461773701,0.01508256880733945,0.0057247706422018348,0.017675840978593271
8045921887,0.22170030581039754,0.10324159021406727,0.20706422018348625,0.24486850152905199,0.16730886850152904,0.00011620795107033638,0.017938837920489295,0.01165137614678899,0.011113149847094802,0.0022996941896024463,0.012697247706422018
8045924078,0.17316307692307692,0.10574769230769231,0.067126153846153849,0.29729230769230769,0.084707692307692303,0.0012676923076923078,0.039083076923076922,0.021218461538461537,0.0011015384615384615,0.20643692307692307,0.0028553846153846155
8045924676,0.15090683229813665,0.1117080745341615,0.12765838509316771,0.26617391304347826,0.079291925465838506,0.00032919254658385095,0.030198757763975154,0.010428571428571429,0.00033540372670807454,0.21582608695652175,0.0071428571428571426
8045925340,0.15628571428571428,0.13698480243161093,0.16112462006079029,0.20983586626139816,0.041890577507598781,9.11854103343465e-05,0.039264437689969602,0.026419452887537994,0.0007659574468085106,0.21840729483282675,0.008930091185410334
8045925810,0.21182369146005509,0.16392837465564739,0.19544903581267217,0.26897520661157026,0.11080991735537191,5.5096418732782371e-05,0.0011680440771349861,0.0092782369146005503,0.0014490358126721763,0.025421487603305787,0.011641873278236915
8045926392,0.1477391304347826,0.14568322981366461,0.09496894409937888,0.42063975155279504,0.12361490683229813,7.4534161490683227e-05,0.006869565217391304,0.0051242236024844718,0.00064596273291925462,0.048801242236024847,0.005838509316770186
8045928630,0.0051333333333333335,0.59364242424242419,0.029630303030303031,0.073230303030303034,0.18265454545454546,0.0015030303030303029,0.00015757575757575757,0.0015212121212121212,0.0011818181818181819,0.080636363636363631,0.030709090909090908
8045929798,0.015463855421686747,0.83011445783132531,0.055789156626506027,0.027596385542168676,0.042897590361445782,0.00041566265060240964,0.00049397590361445779,5.4216867469879516e-05,0.00019277108433734939,0.019777108433734938,0.0072048192771084337
8045930304,0.22256615384615386,0.12720615384615386,0.27071384615384614,0.20208615384615386,0.14011692307692308,8.0000000000000007e-05,0.00090461538461538457,0.0018707692307692308,0.004873846153846154,0.028172307692307691,0.0014092307692307692
8126225799,0.02901639344262295,0.54133879781420768,0.028956284153005465,0.037087431693989072,0.24920765027322406,0.00071584699453551917,0.0080983606557377043,0.0010710382513661203,0.0016229508196721311,0.094704918032786883,0.0081803278688524599
8156420212,0.056198198198198199,0.24745345345345346,0.061441441441441438,0.23832432432432432,0.04518918918918919,0.0076816816816816817,0.035123123123123122,0.0024084084084084086,0.00058858858858858859,0.29706306306306307,0.0085285285285285287
8185759807,0.25821100917431195,0.24729816513761468,0.20610550458715596,0.041000000000000002,0.037623853211009174,0.11419266055045872,0.0019724770642201837,0.012788990825688074,0.010472477064220184,0.0049678899082568808,0.065366972477064217
8419938111,0.058272445820433436,0.42726934984520126,0.012396284829721362,0.037040247678018577,0.0057894736842105266,1.8575851393188854e-05,0.00010526315789473685,0.00089164086687306505,6.1919504643962844e-06,0.012086687306501549,0.44612383900928793
8434377050,0.252965,0.47474499999999997,0.092119999999999994,0.070819999999999994,0.001405,1.5e-05,0.00073999999999999999,0.0067850000000000002,0.00024499999999999999,0.093304999999999999,0.006855
8505375057,0.12327492447129909,0.30265861027190333,0.10333534743202417,0.32451963746223567,0.0021268882175226587,1.2084592145015106e-05,0.0010574018126888218,0.00090634441087613293,0.0075347432024169183,0.13444712990936555,0.0001268882175226586
8739328843,0.23386033519553073,0.015078212290502793,0.18399441340782122,0.2921564245810056,0.028480446927374302,0.00046368715083798881,0.00087709497206703909,0.00021787709497206705,0.0038435754189944135,0.24056983240223465,0.00045810055865921787
9186318896,0.50205866666666665,0.011301333333333333,0.00024000000000000001,8.0000000000000007e-05,0.0037759999999999998,0.00021866666666666668,0.00089599999999999999,0.47927999999999998,0.0016746666666666668,2.6666666666666667e-05,0.00044799999999999999
9186319976,0.60172266666666663,0.0081226666666666669,0.30870933333333334,0.00015466666666666667,0.065327999999999997,0.00037333333333333332,0.00061333333333333335,0.007424,0.00028800000000000001,0,0.0072639999999999996
