11497515,0.13555562733507759,0.064854592633267649,0.049770126080730427,0.024553979995047211,0.031035670833467921,0.0095879496538432557,0.05873897735714978,0.024548596530895701,0.017049430967839185,0.043789097408400354,0.0081451812612379822,0.032080062878861289,0.02111932986638242,0.073629639200232563,0.056424087771999525,0.34911765022556712
11497521,0.13517340138032022,0.056332568881423815,0.063686380912389498,0.023977949330835406,0.040155259106129611,0.010885364514357699,0.064348547003025502,0.023924114689320285,0.019299718983171291,0.052957136858425659,0.0096094835104493046,0.033700485588466465,0.021937616417412275,0.082103211774712789,0.052149617235698831,0.30975914381386133
11497536,0.17238928905972414,0.069435920626204545,0.063788666731268234,0.02812321672749981,0.038437934041797218,0.013221787956114001,0.067998535697750787,0.032903732894042657,0.029027638704953864,0.058039127017453188,0.015014481518567567,0.040004522109887274,0.029431398516317282,0.067880099486417517,0.07375884233986886,0.20054480657213303
11497540,0.076434424023170425,0.055815756322878649,0.030965685799498262,0.013770901299568246,0.022610549436351303,0.0036769060154828431,0.049700141046760772,0.012473486439053803,0.0078383238046017857,0.036623706622737597,0.0028801533210590351,0.016607986907415183,0.011633666031417897,0.092283342485222394,0.047358334140852956,0.51932663630392883
11497543,0.10334636131658,0.059465745017603926,0.033748936765830073,0.01800768758680836,0.028806916674741861,0.0077306545215715412,0.048068951408852569,0.017760048235838797,0.014535353209082981,0.036709842049161792,0.0066270443705115367,0.026707365655652099,0.015908136567718594,0.073145127426596471,0.048822636390064275,0.46060919280338514
12542194,0.12945077898726273,0.047142995574792471,0.060004091432755147,0.020640201556897834,0.045048828019854215,0.012478869903205314,0.067320219214660248,0.02401025011574448,0.018799056817080655,0.047487537280489246,0.011509846355933115,0.039073182811675655,0.018438364718929335,0.065102231984237216,0.048698816714579499,0.34479472851190285
12542204,0.15254584019725012,0.058905864745846657,0.076197551600503899,0.025700657859319315,0.034384185535708517,0.013162569850447366,0.067653993992054004,0.029560601655953572,0.021641525889079104,0.046475446020004953,0.012268914801296339,0.030163549640922941,0.020914758228624954,0.078033312876169561,0.056553290911635822,0.27583793619518288
2354714589,0.1626290685530325,0.071196313403749045,0.04061285355900815,0.027827126199166639,0.042857758110188743,0.020338727564413149,0.042050238487461915,0.039649213475887464,0.034529539067799347,0.04286852503849177,0.019450455979413632,0.045091895733066316,0.02923759380686284,0.053199392745243712,0.078803148249835808,0.24965815002637898
2355546016,0.14314631178870979,0.046195505884126319,0.05074453309215414,0.024871604379986433,0.051702789711123312,0.017970003337747772,0.056752479085241773,0.037931888411555065,0.027789441950106054,0.037393541996403844,0.019628110296413537,0.048354275008882716,0.028080149014287716,0.060014858361058174,0.071836945637778996,0.27758756204442436
2355546106,0.17518330695435899,0.071497787396233733,0.051331330684668969,0.025178461836622631,0.026938854614167125,0.013625547767477417,0.049700141046760772,0.032333085693982362,0.025485319293258826,0.037996489981373213,0.012979532069295951,0.029124541059681083,0.025302281512107411,0.066324278346630489,0.077015838151533747,0.27998320359184731
2361854469,0.15230896777458358,0.075508468189110334,0.054819815454848889,0.028354705686014836,0.030664211807013578,0.015617429503536936,0.058911248209998171,0.03536935947543525,0.029135307987984107,0.05638102005878743,0.015009098054416055,0.034088095007375349,0.026906553829258051,0.068240791584568833,0.083782852589984608,0.234902074787084
2362685888,0.15388093930682514,0.061140002368724224,0.044429729642430311,0.030465023633407626,0.045673309861429631,0.020301043315352565,0.050044682752457555,0.043401487989491477,0.03698439872088892,0.045824046857671975,0.020597133843685736,0.047864379771095103,0.031224092078770846,0.053333979349031516,0.070211139464022312,0.24462461104471506
2362686268,0.15977583255273103,0.060461685885633686,0.047369101069155983,0.028532360003014741,0.042642419544128257,0.019719629186989242,0.044402812321672751,0.038335648222918482,0.031574017248619142,0.035907705890586478,0.020306426779504075,0.044968076057581532,0.030142015784316894,0.055761921681363527,0.075599987079686043,0.26450036069209815
2363348833,0.18111050098517395,0.06925288284505314,0.059557263908179635,0.027730223844439419,0.047449853031428665,0.022007601451381937,0.050006998503396967,0.038825543460706095,0.035756968894344134,0.047783627808822421,0.022082969949503106,0.047385251461610517,0.02675581683301571,0.059594948157240223,0.067487106603357133,0.19721244226234697
2363349001,0.16841663844131546,0.073232689795325878,0.059277269721456104,0.02975758455508782,0.039128401154820081,0.014838470347252464,0.065470718214222345,0.035733294624280251,0.032547862131255947,0.06997871002080612,0.014624764116707795,0.040329994677505199,0.02952371735939743,0.064627989871131108,0.073893969452105607,0.18861792551733036
2369443775,0.17617386435823723,0.072558329834081628,0.04586711457088407,0.029754406365408013,0.042518599868643474,0.022012984915533447,0.047535988457852861,0.040585936238250589,0.038184911226676138,0.047686725454095198,0.021641525889079104,0.045296467370823774,0.031159490508952701,0.053985378511364493,0.073177428211505538,0.2118608482186117
2369443929,0.19436458972619702,0.056687877515423625,0.073538120309656854,0.030610377165498456,0.036952097935979845,0.022944324213745062,0.042658569936582791,0.038626355287100143,0.037318173498282675,0.04648621294830798,0.023148895851502524,0.037544278992646188,0.028742315104923716,0.065651345327691457,0.062647372331147644,0.20207909385531403
2373407571,0.12165123910275247,0.056996277794103239,0.032318297580566167,0.026349299637574691,0.027561465373689881,0.018035556861592712,0.029563375453031639,0.03637721618180037,0.027469634636105397,0.031265305122930749,0.016572387109413264,0.034320207659907925,0.023967822509550398,0.043644088549319227,0.051725193456753846,0.42218263297090802
2374245666,0.10435289545277886,0.064904780411970467,0.034525197564451354,0.023786903887953247,0.035352881058283311,0.015711591887262309,0.055174101423615611,0.033575160858487711,0.021375825884181889,0.048459069251918063,0.012386463416389572,0.040405348994544489,0.025399087388982455,0.073627844712182061,0.076492349325617881,0.33447049848138072
2381941393,0.15378942041624946,0.061500694466875547,0.050373074065699797,0.025915996425379804,0.041818749528946889,0.016554152265900061,0.060833144912088029,0.035127103588617203,0.027934795482196885,0.053635453341516197,0.014384616212840639,0.045043444555702701,0.026475876697137073,0.067024128686327081,0.065161450089903858,0.25442789926461878
2381941563,0.15465615814464292,0.06075777641396686,0.049463268624094232,0.025889079104622244,0.052666429794243998,0.017361671888626893,0.061145385832875737,0.034023493437557201,0.024801619346016775,0.055950342926666452,0.016085790884718499,0.056903216081484111,0.026104417670682729,0.062798109327389995,0.063266470708571554,0.23812676981383982
2382774574,0.13651926741819825,0.049215629273124673,0.050599179560063309,0.027283396319863908,0.041985636917643766,0.01837376314911119,0.050146968571336284,0.041452673966644059,0.030212000818286552,0.041684162925159078,0.016128858597930597,0.043309969098915768,0.025991364923500973,0.071670058249082125,0.054981319379394253,0.30044575083174518
2460989151,0.13418284397644195,0.060440152029027638,0.043606059627248943,0.025576838183834535,0.041711080245916646,0.016570302658354599,0.052483392013092586,0.035805420071707741,0.025485319293258826,0.046346242880368663,0.015908136567718594,0.042927743144158405,0.0264866436254401,0.066905692474993811,0.070308041818749528,0.29525609138968745
2460991973,0.16269905358700215,0.062033657417875254,0.04787514669939813,0.027401832531197174,0.042416314049764745,0.019299718983171291,0.047476770352186226,0.036882112902010183,0.031568633784467628,0.040074507143856929,0.020021103179473927,0.044262842253733434,0.029318345769135522,0.055110522519030543,0.081790970853925088,0.25176846797377178
2460992107,0.1759316084714192,0.065651345327691457,0.053473949416970833,0.028171667904863421,0.04561947521991451,0.019568892190746902,0.051218277937487212,0.040370597672190103,0.037522745136040141,0.048704200178731012,0.02151232274944281,0.048714967107034032,0.029845925255983719,0.05886818049678607,0.067745512882629713,0.20708033205206886
2461003831,0.1421342205282255,0.055939575998363425,0.051266729114850827,0.022798970681654231,0.052779482541425754,0.018400680469868751,0.0550028532360003,0.032559191188345875,0.024688566598835018,0.055126672911485083,0.017205551428233039,0.051250578722396287,0.02274513604013911,0.073215112460566126,0.059433444232694851,0.26545323384691583
2461004307,0.17101112223693701,0.07788795934407873,0.051207511009184192,0.026185169632955415,0.036349149951010476,0.015972738137536743,0.053662370662273758,0.03137482907501319,0.025086942946046922,0.04762750734842857,0.014971413805355471,0.036359916879313503,0.025754492500834437,0.061716033032936032,0.081435662219925278,0.24339718121817028
2461004455,0.15910828299794352,0.086060057926074268,0.042744705363006986,0.025867545248016193,0.03161170149767973,0.015477459435597618,0.046147054706762711,0.03352283127146656,0.024758551632804677,0.041183500759068445,0.014023924114689321,0.033027552569527441,0.022718218719381549,0.054658311530303517,0.081624083465228203,0.28746621876244927
2461004853,0.14605876589467789,0.069732011154537726,0.047153762503095491,0.022998158855260183,0.029786707150317088,0.014739924846840445,0.042852374646037229,0.029436781980468792,0.02564143975365268,0.039433874909826978,0.01426618000150737,0.030825715731558942,0.020764021232382614,0.049339448948609449,0.063503343131238094,0.353467489259989
2461005599,0.18455591804214175,0.084590372212711429,0.043584525770642896,0.031326377897649582,0.038114926192706483,0.019332019768080366,0.044935775272672458,0.040187559891038685,0.037210504215252432,0.044510481604702994,0.018998244990686607,0.039573844977766295,0.031525566071255534,0.049102576525942916,0.084450402144772119,0.20800090442197747
2461005897,0.16090636002454858,0.082162429880379431,0.042034088095007374,0.030158166176771427,0.035886172033980424,0.017404739601838991,0.047444469567277152,0.037086684539767649,0.029603669369165669,0.044790421740581628,0.016710272726293916,0.039412341053220924,0.028526976538863227,0.05837290179484695,0.086253862635528714,0.24324644422192793
2461838060,0.15921056881682225,0.078453223079987505,0.048305823831519108,0.025119243730955997,0.033840455656405782,0.016839475865930209,0.049635539476942624,0.033856606048860323,0.026675064870743025,0.042841607717734209,0.015412857865779471,0.036139194849101497,0.023881046976108187,0.055611184685121183,0.080531240242471228,0.27364686628551743
2461838546,0.15843534997900449,0.065333720942752235,0.063277237636874581,0.028397773399226934,0.035304757905617108,0.017523175813172261,0.062781958934935447,0.037533512064343161,0.027159576644379124,0.049764742616578914,0.018174574975505238,0.036526804268010381,0.025802943678198048,0.068526115184598987,0.074695565102231978,0.23076219085457109
2461838666,0.14211807013577096,0.05536892879830313,0.041974869989340739,0.02350420448550233,0.032779913218557881,0.015337489367658301,0.040079890608008442,0.032962950999709292,0.029183759165347718,0.035956157067950086,0.016064257028112448,0.033544365128072615,0.022761286432593647,0.043552224985733821,0.056887065689029577,0.37792456690030901
2461839250,0.17741744457723657,0.088924060854678771,0.045409520118005531,0.029329112697438549,0.0337597036941331,0.018319928507596069,0.04600170117467188,0.03562238229055633,0.031116422795740603,0.042723171506400939,0.016968679005566503,0.035057118554647541,0.028419307255832985,0.05249954240554712,0.093203914855130979,0.22522798970681654
2461840172,0.1441637865133456,0.087055998794104028,0.039767649687220734,0.025501469685713363,0.029253744199317377,0.013835502869386392,0.047568289242761935,0.031251009399528407,0.020947059013534029,0.044725820170763486,0.012381967548478095,0.031272543256134461,0.019838065398322512,0.055196657945454738,0.078959268710229652,0.31828116756570518
2461840310,0.18660163441971639,0.081742519676561473,0.04787514669939813,0.03185934084864929,0.033495913950709,0.02024720867383744,0.044144406042400164,0.04250244947618894,0.040795891340159568,0.042701637649794892,0.019886516575686124,0.03550394607922306,0.033006018712921394,0.053737739160394933,0.081914790529409864,0.20398484016494933
2757457623,0.15623277423419166,0.061467157143982092,0.063390818174659427,0.028523055808668849,0.040149393090569564,0.01731294927609598,0.0704554914335212,0.035216496237049033,0.02772434274914785,0.059582869292295233,0.016947341185470172,0.041960559324131258,0.027465604715781897,0.067704993644043962,0.072699762635978091,0.21316639105441373
2758295412,0.17676887324579216,0.091726456387347138,0.054837326835431612,0.029076982085645953,0.032348495104011554,0.014665403185776815,0.062361806777672488,0.030560444023284148,0.025873155543522403,0.06285817427011417,0.013125535851270249,0.033752989486034023,0.026516177067821851,0.062373087857046164,0.087631424574703312,0.19552366770452598
2758295922,0.15908578132755741,0.10127024953747575,0.049574703307612475,0.027294571544605389,0.035738459455800731,0.013069130454401877,0.062818690492306303,0.024886061098325887,0.016814448806461803,0.063072514778213976,0.010260141690356933,0.035552321646135102,0.021817607508686433,0.063253012048192767,0.084190695365732593,0.23130161093813456
2758296162,0.15609027017159546,0.068689530850675432,0.06237449799196787,0.028340635268346112,0.038181133625410736,0.014706553486673969,0.068706644760861635,0.031495299379335526,0.020987358525009128,0.052277290982110258,0.012744158451989777,0.03941903979554582,0.024233296823658268,0.064228504928806135,0.07703541438481197,0.24049037057320191
2758297648,0.13654618473895583,0.069088855421686746,0.042636454910551298,0.024039339174881342,0.027593327856882073,0.012122353048557868,0.049208196422051841,0.025402747353048559,0.019104828404527201,0.047753514056224897,0.010342506389193136,0.029743975903614456,0.020257165023731288,0.047268619934282587,0.054958470244614824,0.38393346111719606
2973783529,0.17579684296096773,0.079120105800846899,0.042611533748286197,0.029313629138912143,0.040348706002256762,0.020147053470680305,0.04374598090246181,0.039669251022215753,0.037988813259078609,0.044298038073745133,0.019042939128113664,0.041155558791055459,0.031400526577609535,0.051086521311833437,0.079617563911234063,0.22465693590070251
2973786433,0.15490360232470668,0.072974678168868823,0.036156711437896602,0.027275264198789114,0.034579405234229969,0.017568764483917542,0.040785498489425982,0.037351824215290166,0.032559239981072324,0.038916997294313208,0.017508098860699595,0.035914048945024812,0.02791225324257756,0.052148169718147515,0.083427365049321148,0.29001807835571897
2973792977,0.16324512551717443,0.058609058590858902,0.056036836166417935,0.026043752047464782,0.041440687220179816,0.019940790351739283,0.046020941773134837,0.038607602615901675,0.031491525012436454,0.040069644135454205,0.019849791916912364,0.0411070262924811,0.024709108336669942,0.058390662347274296,0.064263094674771593,0.27017435300112835
2973795209,0.17224790400271783,0.066004198061126687,0.053616277800021837,0.028009318239726275,0.037139494534027345,0.019558596925466215,0.043806646525679761,0.040160642570281124,0.034330676179036387,0.040827964425678542,0.018860942258459822,0.038656135114476034,0.026219682354796832,0.056637425836275616,0.068558220798602271,0.25536587437362746
2973797889,0.18211820090027786,0.071591501959499634,0.057583809558475592,0.026899137334837842,0.040397238500831122,0.024812239896140453,0.043588250282095148,0.039681384146859337,0.037230492968854272,0.045796478967228431,0.023374464625875103,0.043321321539936182,0.025940620487994275,0.061278346012448588,0.06613766243220616,0.21024885038644003
2973809637,0.13205692862082771,0.064681687474975436,0.040178842257246508,0.02725706451182373,0.047634647350732237,0.017459566362125239,0.052845824385153908,0.038104077943192712,0.026438078598381442,0.052724493138718014,0.014207888957643262,0.047228187675171986,0.022670743396546914,0.06235819410572805,0.055539378056030771,0.29861439716570209
2973812827,0.17718001917033693,0.070317523871922735,0.053786141545032091,0.029246896953372403,0.041179825040342642,0.022519079338502043,0.047337385796964289,0.039936179764374719,0.036690568922214541,0.044261638699814365,0.021651560926485399,0.042823863429549011,0.027481527317730136,0.058433128283526856,0.071433771339132965,0.21572088960069888
2974629162,0.16860796660964097,0.075522634344022621,0.04326672247904003,0.028773705092272412,0.04252660187578107,0.01921886943544571,0.047276720173746345,0.037036362974556834,0.034494473361724842,0.046670063941566871,0.017841759788398307,0.04326672247904003,0.028531042599400622,0.055047986507965399,0.074849245926303404,0.23706912241109454
2974633342,0.16227447554568727,0.070924180104102216,0.042101942513255441,0.027439061381477572,0.042035210327715698,0.019861925041555952,0.045966342712238685,0.039742049770077288,0.035204261153374827,0.045456751477207923,0.018818476322207258,0.043024059986168241,0.028585641660296777,0.054592994333830788,0.072798747861536783,0.25117387980926725
2974641394,0.18158434341595991,0.079132238925490483,0.041865346582705444,0.030326745046651865,0.038577269804292699,0.020941773134835414,0.041871413145027236,0.040281973816717019,0.037545954209587597,0.040743032553173422,0.019388733180455964,0.04355185090816438,0.028731239156019849,0.051086521311833437,0.078756112061539207,0.22561545274754607
2974643492,0.1644281051699244,0.06611339618291899,0.052827624698188524,0.02703866826823912,0.040688433492277264,0.018163287591453428,0.048217037333624528,0.037473155461726061,0.030696805348281342,0.03896552979288756,0.019200669748480326,0.03955398633810165,0.028179181984736529,0.056091435227314093,0.079338502044431505,0.25302418131741466
2974658470,0.17697375605139593,0.07603222557905337,0.045996675523847654,0.027881920430968588,0.04326672247904003,0.019613195986362367,0.045632681784539976,0.036787633919363252,0.0347735352285274,0.046815661437289942,0.018691078513449567,0.043770247151748987,0.029161965080867276,0.055272449313871805,0.07578956308618158,0.22354068843349229
2974660580,0.13253618704424949,0.069286208277217626,0.040033244761523437,0.024806173333818658,0.035628920515900463,0.016403984518132953,0.041100959730159307,0.033978815564372294,0.028112449799196786,0.046457734260304057,0.014759946128926582,0.038935196981278591,0.023398730875162279,0.064445091544425431,0.063717104065810062,0.32639925259952196
2974663894,0.15912592970067582,0.068364090804304833,0.05547871243281282,0.027196398888605783,0.040482170373336249,0.017362501364976524,0.064250961550128008,0.035598587704291487,0.02535823050510198,0.051335250367027019,0.016634513886361155,0.041750081898591342,0.024593843652555843,0.061781870685157551,0.076511484002475164,0.23417537218359843
2974669464,0.17062813186279863,0.095621155316128567,0.043212123418143872,0.029089166333005741,0.032310510925878742,0.017853892913041895,0.040979628483723413,0.034755335541562016,0.026626142030357076,0.03994831288901831,0.015366602361106055,0.035701719263761998,0.023932588359480218,0.050752860384134728,0.082893507565003216,0.26032832235285552
2987908535,0.15464539121633988,0.069123679705416843,0.052774099077274247,0.024483994961077553,0.039336972555099756,0.01699021286217255,0.051433616503547705,0.031945476275073485,0.023784144621380968,0.045280316978369241,0.015827384605445912,0.039299288306039168,0.022949707677896572,0.064714622565328339,0.069242115916750113,0.27816897617278769
2987909153,0.17214703317290611,0.081354910257652596,0.045328768155732849,0.03026045199565016,0.035821570464162282,0.020327960636110125,0.0432346006007946,0.039293904841887661,0.03513787051692023,0.04598555078221734,0.018352229292505143,0.038039557694585314,0.027789441950106054,0.056434854700302552,0.073839594302141542,0.23665170063632546
2987909677,0.17450499047126844,0.072375292052930223,0.048779568676852181,0.027854043519924199,0.041237335400583566,0.020171840175716271,0.047848229378640569,0.036198412954768132,0.035536246864132134,0.044838872917945242,0.019461222907716659,0.039821484328735855,0.027697923059530345,0.055261259515272887,0.074028015547444467,0.23438526222853881
2987910083,0.17609849586011606,0.081322609472743515,0.0434983903442187,0.030034346501286648,0.03524015633579896,0.019838065398322512,0.041538809393068254,0.041770298351583274,0.038190294690827652,0.036682924728404231,0.019159748915231974,0.036559105052919455,0.03062652755795299,0.051880444028123217,0.081613316536925176,0.23594646683247736
2987910331,0.17805269334711502,0.060973114980027346,0.057097020790938556,0.033108304531800123,0.038023407302130774,0.023854129655350626,0.039164701702251364,0.047164529431398518,0.041463440894947079,0.036489120018949793,0.023482670628896283,0.040031439430644834,0.032214649482649092,0.060240963855421686,0.062055191274481301,0.22658462267299762
2987911441,0.18429751176286918,0.084832628099529489,0.045387986261399484,0.027229561678348783,0.035837720856616816,0.020322577171958612,0.040236011068402293,0.035224005943344426,0.032984484856315339,0.037910354554949018,0.020220291353079879,0.03524015633579896,0.027622554561409177,0.050136201643033257,0.088267278228194274,0.23425067562475102
2988766914,0.14630640524564748,0.078663178181896484,0.042276343981825427,0.025108476802652969,0.03951462687209966,0.016225760952657816,0.052871001432001463,0.032408454192103538,0.028047848229378641,0.051299029899759895,0.014901428771385811,0.039089333204130196,0.025625289361198143,0.05989103868557339,0.077694154634624285,0.2700776295530648
2988768224,0.18423829365720254,0.086124659495892417,0.042351712479946596,0.031067971618376992,0.036596789301980036,0.020451780311594905,0.04111351572509879,0.039611529226826876,0.038071858479494382,0.042179441627098205,0.019568892190746902,0.036715225513313306,0.03062114409380148,0.048650365537215891,0.08210859523886431,0.22052822550254639
2988769396,0.17019821915005867,0.078959268710229652,0.040327529958978002,0.029845925255983719,0.03101413697686187,0.017695446666020652,0.043223833672491573,0.041630328283643957,0.03548779568676852,0.037915738019100531,0.016462633375324352,0.03162246842598275,0.029646737082377767,0.047853612842792083,0.084778793458014368,0.2633375324353715
2988769926,0.15469922585785501,0.062819643183996035,0.043455322631006599,0.027525652206681957,0.04399366904615782,0.020882457443715884,0.045129579982126897,0.038244129332342773,0.031907792026012897,0.038760941890887947,0.020548682666322125,0.044117488721642603,0.028855367852105473,0.054297619432152201,0.076418273630715891,0.26834415409627788
3649940147,0.12845483811923297,0.071449336218870119,0.040559018917493028,0.025485319293258826,0.035724668109435059,0.012548854937174973,0.048235838797549446,0.029436781980468792,0.020796322017291688,0.042690870721491865,0.010836913336994089,0.035810803535859255,0.020414096062534321,0.057296208964544508,0.071422418898112558,0.3488377100896885
3657298650,0.17220625127857273,0.084719575352347726,0.045673309861429631,0.025469168900804289,0.03723203807185848,0.013604013910871368,0.049770126080730427,0.030244301603195623,0.026239004274470536,0.041689546389310592,0.013264855669326099,0.036155345241556038,0.024306340644077652,0.050033915824154528,0.08777738299040666,0.26161482390688762
3657298870,0.17929089010196281,0.070162688286658698,0.047347567212549929,0.02349882102135082,0.065753631146570193,0.013410209201416928,0.053080956533910442,0.02389181390441121,0.021178547972049055,0.051121375582759997,0.012591922650387071,0.063675613984086485,0.023240414742078233,0.055783455537969574,0.074092617117262616,0.22187947500457594
3658465587,0.16063718681697298,0.088660271111254671,0.049689374118457745,0.025851394855561656,0.028586194644529862,0.010201664567115647,0.053635453341516197,0.025237679942289263,0.022669767542017938,0.051713556639426339,0.0097386866500855963,0.029948211074862452,0.025334582297016486,0.056822464119211429,0.084493469857984213,0.27678004242169751
3659262246,0.17565705179969207,0.061742950353693593,0.061209987402693886,0.027417982923651711,0.044806572133036168,0.017140949858414894,0.062179010949966085,0.034594140637617496,0.031164873973104214,0.054975935915242739,0.018438364718929335,0.045603324827459976,0.028047848229378641,0.062292063697147841,0.069796612724355875,0.20493232985561549
3663137760,0.18486277549877794,0.0967408508026745,0.046303175167156561,0.029727489044650453,0.034857930381041589,0.01185977152578141,0.052574910903668295,0.029426015052165768,0.02612595152728878,0.05100832283557824,0.011746718778599653,0.035649299611313891,0.029539067799347524,0.054281469039697668,0.089074797850921109,0.21622145418133662
3664958429,0.17528177225029148,0.07292395388003628,0.051340847260007774,0.028125404845187201,0.042052079284881465,0.018435030444358076,0.047454333462883795,0.038580126959450706,0.035470915921751521,0.042984842596191217,0.018629356134214275,0.040160642570281124,0.027671978235522737,0.053996631688042494,0.071848685062831971,0.23504339940406788
3664958553,0.18182650171732506,0.078210967193169459,0.058529022255240801,0.026901170365106537,0.040849725981674689,0.01598888852999128,0.057705352240059432,0.030648061414559041,0.02887151824456001,0.054862883168060983,0.015886602711112547,0.041339621219462303,0.027622554561409177,0.061559912572542182,0.073306631351141835,0.20589058647458466
3667053844,0.16667205013081818,0.048531929325882621,0.053533167522637468,0.028349322221863326,0.034206531218708612,0.015891986175264061,0.048214304940943399,0.035993841317010673,0.030723429912680213,0.041474207823250106,0.01574663264317323,0.035590081505647256,0.030104331535256306,0.06339029038405633,0.057775337274029094,0.29380255606877914
3667476935,0.13731063664847057,0.063352606134995743,0.047422935710671105,0.023977949330835406,0.035611615362253303,0.012871862786265707,0.055115905983182056,0.027358764817985076,0.022416744726896864,0.048052801016398035,0.012048192771084338,0.035482412222617013,0.023644174553441647,0.054227634398182539,0.068660701788386791,0.33244506174833383
3668283098,0.13906731025046559,0.09069717355225318,0.041167825877643068,0.026155093560361321,0.0349030190161276,0.013182065802642747,0.045684314545247233,0.02917664348244714,0.022525432962132441,0.048129426222239112,0.010831971418798221,0.033933842626024606,0.021024159730404265,0.062115971773529448,0.067392598786312444,0.31401315039337158
3672150750,0.16812020198757496,0.065947435856024639,0.056585591696544896,0.025420717723440681,0.047541371922004375,0.014939113020446397,0.062469718014147746,0.027541802599136491,0.022368293549533253,0.054986702843545766,0.013916254831659076,0.049689374118457745,0.025770642893288974,0.068946025388416932,0.06937131905638641,0.22638543449939166
3720123843,0.15706256662036888,0.10195742756548984,0.044483564283945433,0.024247122538411017,0.034820246131981009,0.011407560537054384,0.060434768564876125,0.025167694908319604,0.019213583556747096,0.050373074065699797,0.010314717314297403,0.033888906833769397,0.023369617881714527,0.057490013673998946,0.10025086942946047,0.24551826609386609
3720935484,0.13444663371986607,0.085769350861892607,0.033049086426133488,0.020871690515412857,0.028155517512408884,0.010589273986024527,0.047175296359701538,0.023907964296865748,0.020715570055019002,0.044074421008430502,0.010056311035024818,0.027907878161439324,0.022099120341957643,0.046927657008731978,0.082690009367227618,0.3615642193438634
3722582278,0.17495720145999547,0.08851491757916384,0.046496979876611,0.027105742002864003,0.041958719596886206,0.013641698159931954,0.05001238196754848,0.031606318033528216,0.027740990772742443,0.046179355491671778,0.012947231284386877,0.039950687468372145,0.025199995693228679,0.05438913832272791,0.084913380061802171,0.23438526222853881
3826727035,0.15856141653448527,0.069049306469575786,0.049475211771455571,0.024411370974092447,0.049030857322848821,0.017357947194942235,0.057878573115993384,0.031869776022858939,0.02414700820087071,0.050234551651986092,0.016356743500613096,0.05119075742746898,0.023657655833417706,0.062715849391965617,0.068076226474525547,0.24598674811289978
3827584050,0.15530120481927712,0.078819277108433741,0.052955823293172694,0.026554216867469879,0.034883534136546185,0.012771084337349397,0.063277108433734935,0.033004016064257027,0.023028112449799198,0.057196787148594379,0.012755020080321285,0.036329317269076303,0.023397590361445782,0.063678714859437754,0.074706827309236945,0.25134136546184738
3833178895,0.14019078996952961,0.094183705330706205,0.044101338329188063,0.027967096267105956,0.031913175490164411,0.015391324009173422,0.04913487731085199,0.035353209082980716,0.020898607836170417,0.049651689869397157,0.012091260484296436,0.037005932577494967,0.020957825941837052,0.065597510686176336,0.075836859502352569,0.27972479731257471
3833338131,0.179377025528387,0.075831476038201062,0.054502191069909667,0.032553807724194361,0.027595637240651616,0.020564833058776662,0.042308644766734502,0.04287929196679479,0.034707193384799252,0.040779740947705027,0.017873100983020553,0.028769232425681277,0.026314372772591708,0.061931371598996525,0.073371232920959983,0.24064084757259602
3833374243,0.18521808413277777,0.075696889434413259,0.059907189078027931,0.027057290825500391,0.040101424464614489,0.020769404696534127,0.051342097612971996,0.034109628863981396,0.031224092078770846,0.047794394737125448,0.019585042583201439,0.04062900395146269,0.026895786900955027,0.060542437847906368,0.076159867351443311,0.20296736544031355
3833620441,0.14904120503461568,0.079939059185804878,0.050846818911032869,0.026578162516015805,0.029851308720135233,0.016618753835718206,0.054701379243515619,0.036295315309495355,0.024580897315804776,0.043805247800854895,0.015816617677142888,0.031417896788225284,0.022427511655199888,0.065285269765388634,0.079201524597047712,0.27359303164400228
3833981290,0.16310281339836558,0.077570334959139509,0.047562905778610422,0.025727575180076876,0.041791832208189328,0.017431656922596551,0.04999623157509394,0.033905057226223931,0.028198585225620982,0.045102662661369336,0.015978121601688253,0.042690870721491865,0.025339965761167996,0.060962348051724326,0.075675355577807205,0.24896368315083389
3834138296,0.14781915867222239,0.059433444232694851,0.046841521582307782,0.026685831799046052,0.026190553097106925,0.016898693971596844,0.044230541468824359,0.040225244140099273,0.030222767746589576,0.044311293431097042,0.016026572779051864,0.028941503278529668,0.025404567330986144,0.072165336951021244,0.067971618376993226,0.30663135114183276
3834163666,0.15558749744285452,0.069053694671447188,0.055218191802060793,0.02838700647092391,0.031100272403286066,0.018303778115141531,0.049937013469427305,0.037818835664373308,0.027321080568924492,0.047094544397428856,0.017140949858414894,0.033226740743133393,0.024575513851653262,0.071853096030233529,0.06637811298814561,0.26700367152255133
3834175062,0.14421762115486073,0.067933934127932638,0.052117316450789757,0.028273953723742154,0.030572692916437869,0.017216318356536062,0.050313855960033162,0.038297963973857901,0.025889079104622244,0.046260107453944467,0.016322663307385035,0.032209266018497586,0.023116595066593453,0.074011865154989934,0.063826350980328822,0.2894204162494482
3834415962,0.18088977895496194,0.071605456679263976,0.057479246745695919,0.029980511859771526,0.037851136449282383,0.020344111028564659,0.05013081817888175,0.039638446547584437,0.036338383022707449,0.042803923468673621,0.020720953519170516,0.037576579777555262,0.02950676701443845,0.059040451349634461,0.076423657094867412,0.20966977830894623
3834419104,0.14824983580434337,0.08599545635625612,0.046540047589823101,0.02724032860665181,0.029695188259741379,0.015735865714870206,0.052262669982880587,0.035708517716980526,0.024828536666774335,0.042922359680006891,0.014858361058173713,0.030368121278680407,0.022874339179775403,0.05925040645154344,0.085812418575104715,0.27765754707839402
3837849261,0.1795085102314018,0.075903614457831323,0.065734366035570854,0.029513291260279212,0.029240772614266591,0.017063492063492062,0.055015299292407727,0.033457640084146111,0.028480589022757699,0.049937846624593614,0.015796519410977244,0.03096194301013578,0.026974564926372156,0.066877031937272902,0.078886976477337917,0.21664754255115701
3838683828,0.16898265330228476,0.058743376868819815,0.058270898720934154,0.028973034997131383,0.045598359825858054,0.024319968951435997,0.054166244811177482,0.040962167999730015,0.035330397219128618,0.055296817522189602,0.023041746819209612,0.049335999460024975,0.026770949343592858,0.066210219027369982,0.061485437548513384,0.2025117275825993
3884662103,0.18197723871356741,0.077618786136503123,0.056424087771999525,0.028182434833166445,0.041145816510007857,0.022362910085381743,0.046717701906822999,0.039390807196614877,0.037334323890737209,0.046351626344520169,0.021490788892836763,0.043089247068703769,0.027197260893439712,0.060154828428997491,0.074706332030535005,0.19585580929616589
3884665115,0.18419522594399043,0.07399033129838388,0.051659721997911218,0.025959064138591902,0.054523724926515714,0.01800768758680836,0.050529194526093647,0.031213325150467822,0.027127275859470053,0.046857671974762323,0.017189401035778502,0.051756624352638433,0.024537829602592678,0.053974611583061466,0.07323664631717218,0.21524166370576139
3884844845,0.12318442671490251,0.072945939252990519,0.034798712275374961,0.029372180410650647,0.037549662456797701,0.014949879948749422,0.049226396201427693,0.038276430117251847,0.019170515843534998,0.04538260279724797,0.01001324332181272,0.039110867060736243,0.021140863722988467,0.063950170655813598,0.06611432324472151,0.33481378597499917
3885456070,0.15512451952582448,0.082076294453955229,0.036020758637768234,0.024220205217653456,0.028613111965287423,0.014271563465658882,0.040795891340159568,0.028963037135135716,0.024064084757259602,0.04062900395146269,0.013033366710811073,0.029899759897498844,0.02163075896077608,0.046787686940792661,0.077204259396836672,0.33666569764311938
3885459460,0.12355050227720533,0.061899070814087451,0.03176782195807358,0.022314458908018132,0.028489292289802643,0.015213669692173519,0.034475704426284226,0.030545775595680308,0.027590253776500102,0.035843104320768329,0.013840886333537906,0.030782648018346844,0.022292925051412081,0.042410930585613231,0.055309710692636495,0.42367324525985983
3885467754,0.13774205100657408,0.062536771288977569,0.04210472463100811,0.02176860307471926,0.038286905584119922,0.016531092522958073,0.040915253370168575,0.027313073951858387,0.025138771647097945,0.044739467423835472,0.013870769703015885,0.039847287238124474,0.021045967308725346,0.052330340470160899,0.05752308597447113,0.35830583480418488
3885632236,0.12783035627765754,0.075137009162655991,0.036187646026465112,0.028715397784166156,0.025662973610258728,0.014804526416658591,0.040332913423129516,0.040074507143856929,0.022373677013684767,0.038217212011585212,0.012570388793781022,0.029862075648438256,0.019574275654898415,0.056219516134242059,0.070394177245173731,0.362043347653348
3885640148,0.13115733712329208,0.074421008430504865,0.036009991709465207,0.029544451263499038,0.031509415678800994,0.016333430235688059,0.045312617763278315,0.040139108713675077,0.022449045511805935,0.042545517189401034,0.011482929035175555,0.034981750056526373,0.020155689783261734,0.062437417229238672,0.062329747946208429,0.33919054233017865
4737782855,0.12167705675247908,0.070534147313113041,0.038437934041797218,0.025178461836622631,0.032812214003466948,0.013894720975053027,0.043030028963037134,0.034287283180981301,0.022702068326927012,0.04073128977034142,0.0122958321220539,0.032553807724194361,0.021399270002261054,0.063239553387813993,0.085101801307105096,0.3421245302927528
4737784423,0.11798400034454171,0.086937562582770758,0.041813366064795375,0.023837979262896089,0.034927915415011251,0.014260796537355857,0.048585763967397742,0.031267159791982947,0.017856950590566016,0.049667840261851698,0.010987650333236431,0.037081301075616135,0.019461222907716659,0.070561064633870602,0.096067917783735482,0.29870150844665527
4738416450,0.12660292645111276,0.077042755472291308,0.037264338856767554,0.026018282244258534,0.034249598931920713,0.015380557080870398,0.041894118027068057,0.034863313845193103,0.021948383345715302,0.040763590555250494,0.01208049355599341,0.033463613165799926,0.019891900039837634,0.06148992753857252,0.079815239510320102,0.33723096137902819
4738421388,0.15009098054416056,0.074307955683323101,0.062733507757571846,0.022082969949503106,0.036909030222767744,0.019272801662413731,0.045694843718035678,0.032279251052467241,0.024047934364805065,0.04099507951376552,0.018416830862323288,0.038647889143706191,0.02175457863626086,0.073473518739838706,0.081543331502955521,0.25774949664610186
486453704,0.13686771254201094,0.064111430616726722,0.050103738215702687,0.029168031643189072,0.030994066902049283,0.018236086339314964,0.050018806343197567,0.042174741261116977,0.027075067642169888,0.044607432752156666,0.015912592970067582,0.035143595530156883,0.023908322110193038,0.067975830815709973,0.063165046894526747,0.30053749742171099
486455928,0.12000873584974338,0.060683822904912699,0.053422147805724407,0.027517926691660904,0.025716157682087869,0.011914728400004853,0.060077166672733232,0.039135393537897814,0.019140004125262379,0.045068491488613062,0.0097914315873766974,0.027833387932394229,0.019728460670476469,0.070402455744427869,0.062528057850738297,0.34703163105594581
486456458,0.13812955750494424,0.067617903638724081,0.04929688542690399,0.02542496269064172,0.038134410754801687,0.014395952389618898,0.061017483832611415,0.035422657396959441,0.024872905519358401,0.059876970116114002,0.012879311809170216,0.04038510537618753,0.024466445843798153,0.07166430070736117,0.064978949028743377,0.27143619796406171
486482979,0.10930731991409748,0.05187517441366675,0.048945024812239897,0.020147053470680305,0.02666860796660964,0.011841929652143316,0.051966172848493669,0.029070966646040353,0.016622380761717567,0.039669251022215753,0.010604350938497192,0.027141799827709631,0.015196738616095802,0.060368361664179374,0.047816644220386076,0.43275822322522717
486483191,0.14534270010555819,0.057608075807762775,0.055211783690653854,0.030199347237894174,0.041428554095536224,0.01902473944114828,0.056479695215908954,0.039954379451340102,0.027669590749705771,0.047840910469673252,0.017259369805506013,0.045232288671301517,0.026577609531782721,0.06635605867579078,0.062546257537703681,0.26126863951273371
486485057,0.11922614931023186,0.060920418835462696,0.049551681044419371,0.028330846042781396,0.034318543054392796,0.015675997039517588,0.060410827600431941,0.04042757131244009,0.021548429367014888,0.049260486052973222,0.013219039299190721,0.03653890486416967,0.020820441888399519,0.068946480787197131,0.066562321794731802,0.31424186170664531
486486203,0.11840716339678957,0.06318931314381393,0.043715648090852835,0.028555308848687802,0.031982916560501826,0.013340370545626616,0.06406289811815237,0.038559070117327315,0.019206736310802122,0.054732525267232067,0.010197891262936944,0.035483323020177385,0.021093437192880281,0.071100110411434256,0.065191278710006184,0.32118200900277849
486486289,0.14649534694669919,0.064341959984954927,0.052809425011223141,0.0253339642558148,0.041689416275373398,0.015463667358254772,0.058900253582305051,0.035804850823232509,0.024921438017932757,0.056224899598393573,0.013837828656013783,0.04462563243912205,0.024393647095936617,0.072258823814897052,0.063146847207561363,0.25975199893228501
486486707,0.14737499848335942,0.070590519176403493,0.056770890207355103,0.027208532013249371,0.03112753127312877,0.016567781700821411,0.061733338186583192,0.035070796782295348,0.025843555490845556,0.062236862859292155,0.014505150511411203,0.037740084203885027,0.026171149856222473,0.07181596476540604,0.071221441657870158,0.24402140283187129
486486771,0.13140780645239569,0.053737609046457732,0.056061102415705118,0.017671896043388053,0.039960446013661902,0.013437435542775331,0.059106516701246073,0.024690908649704559,0.018976206942573921,0.056467562091265362,0.011465802788192044,0.035264926776592778,0.017817493539111127,0.063595772819374174,0.051232118807556508,0.34910639536999966
486486823,0.13873621373712372,0.068242759557868932,0.043934044334437448,0.030393477232191605,0.038874531358060641,0.018964073817930333,0.044243439012848981,0.041768281585556725,0.028676640095123697,0.044540700566616923,0.016525315764568848,0.043903711522828473,0.026802072337689126,0.064056831555830571,0.066695786165811288,0.2836421213555127
486487119,0.12299348451206639,0.04914522136885912,0.051796309103483422,0.018296751962532911,0.033893883691867167,0.014505150511411203,0.045286887732197675,0.026334947038910931,0.022500879651536659,0.046033074897778428,0.01391062740387532,0.032644171853577451,0.018393816959681626,0.057693007680267902,0.042077676263968258,0.40449410936798552
486487191,0.11749111248619858,0.050200803212851405,0.05183270847741419,0.018290685400211115,0.029356095075164707,0.012733714313447142,0.048447566701852726,0.027196398888605783,0.020559579708562346,0.045341486793093827,0.011854062776786906,0.027821254807750641,0.017326101991045752,0.058311797037090961,0.04584501146580279,0.41739162086412113
486487275,0.14378359358885695,0.069092078282920202,0.058803188585156332,0.025788956429949404,0.038716800737693978,0.015536466106116309,0.060495759472937068,0.034379208677610747,0.024715174898991738,0.060720222278843473,0.013637632099394557,0.040991761608367004,0.022883073077809728,0.076705613996772587,0.065609871510210027,0.2481405986483699
486487809,0.11647193001613705,0.071330639779662461,0.069298341401861224,0.021451364369866173,0.027954719178830124,0.011514335286766401,0.078695446438321257,0.027590725439522439,0.01456581613462915,0.071100110411434256,0.0087176500564190296,0.03147332532547107,0.017878159162329075,0.097532122447493902,0.071542969460925268,0.26288234509033109
4927444255,0.15415011251440078,0.059040451349634461,0.045199565016096559,0.026955005006621662,0.05373235569624342,0.022449045511805935,0.045425670510460071,0.039913003219311564,0.027827126199166639,0.037915738019100531,0.020963209405988566,0.055045920949212401,0.024230972145956479,0.056903216081484111,0.059008150564725387,0.27124045780979145
4927446001,0.14448679436243633,0.070442628422537332,0.032564574652497388,0.019778847292655877,0.034841779988587056,0.017447807315051089,0.032198499090194559,0.025533770470622438,0.025162311444168094,0.034545689460253881,0.015423624794082496,0.038195678154979165,0.021689977066442715,0.046351626344520169,0.061306889757421108,0.38002950138355029
4927451803,0.15736942407700508,0.073473518739838706,0.045291083906672268,0.026131334991440294,0.037754234094555167,0.018745222175565533,0.047449853031428665,0.038028790766282287,0.030039729965438161,0.039541544192857221,0.018777522960474607,0.038201061619130679,0.025539153934773948,0.057312359356999042,0.07662822873262487,0.26971693745491349
4928041884,0.13612089107098635,0.062534319583965894,0.038787859211645508,0.019794997685110415,0.034120395792284416,0.015719715322415669,0.037167436502040331,0.026895786900955027,0.020903991300321931,0.030965685799498262,0.016075023956415475,0.035665450003768424,0.01973039611529227,0.047358334140852956,0.06151684485933008,0.39664287175511698
4928044682,0.16786717917245389,0.055508898866242447,0.066674203516478778,0.025824477534804095,0.046572348374732175,0.025388416938531607,0.050136201643033257,0.040101424464614489,0.035966923996253106,0.047487537280489246,0.02524844687059229,0.049700141046760772,0.027321080568924492,0.071115561441476363,0.060090226859179342,0.20499693142543363
4928049724,0.12678596423226418,0.054825198919000395,0.0337597036941331,0.020941675549382515,0.030491940954165186,0.016731806582899963,0.03100875351271036,0.029533684335196011,0.028473141897348106,0.031977777059982559,0.014955263412900934,0.031466347965588899,0.022056052628745545,0.039988371717432733,0.051239811794093267,0.43576450574415626
4928054552,0.14028769232425681,0.069155980490325911,0.037398925460555357,0.031030287369316407,0.035127103588617203,0.017663145881111578,0.04223865973276484,0.045140346910429924,0.037964189196464139,0.042593968366764642,0.0162634452017184,0.037070534147313115,0.027627938025560687,0.052714880971607612,0.068542265577053521,0.29918063675613982
4928098875,0.1336283471688362,0.079965976506562439,0.034368035143253983,0.030168933105074455,0.040742056698644447,0.020015719715322417,0.044569699710369629,0.038055708087039848,0.020139539390807197,0.049360982805215503,0.012570388793781022,0.047352950676701443,0.021458488107927689,0.066399646844751664,0.061796784995208714,0.29940674225050334
4928692780,0.17086576870484618,0.071492403932082213,0.040855109445826203,0.022702068326927012,0.041867200706310496,0.017356288424475383,0.040973545657159466,0.028623878893590447,0.025598372040440583,0.033786621014890661,0.017587777382990406,0.042658569936582791,0.025216146085683216,0.048068951408852569,0.072703683366172459,0.29964361467316991
4928693106,0.15440313532952185,0.071287832294324754,0.040838959053371662,0.026621230229227903,0.04461276742358173,0.018449131647232362,0.047616740420125543,0.035283224049011061,0.025426101187592191,0.041291170042098688,0.016877160114990793,0.04739063492576203,0.024096385542168676,0.059325774949664609,0.068563799433659575,0.27791595335766661
5118492449,0.17539903202553805,0.0673617547111523,0.05300175059211204,0.027602718566573987,0.039753887344248791,0.018705591597157862,0.044773967665533931,0.035907733498094944,0.034769848625270314,0.044114921223354961,0.018916692410668314,0.040057666563690662,0.027005457728349294,0.055195139532488932,0.0664298218515086,0.25100401606425704
5118492559,0.17974601107131227,0.075846931268618009,0.044230977965917725,0.031115452802199791,0.03990134713026279,0.01936273623020611,0.044852080996659313,0.038574719297610867,0.039406876756274349,0.047975686529903395,0.018645151175271657,0.040407877757275348,0.031766706465501643,0.049260103476970948,0.071595692077619788,0.22731164899839598
5118492633,0.17749817001998142,0.077146022513700119,0.048415336221734225,0.025867014857459396,0.043978871149623122,0.022073515737828162,0.046901893287435457,0.035823095337013076,0.035615367875442658,0.047989989514709085,0.020950798266959465,0.048009773082477697,0.026455575998575582,0.059217164223396047,0.07731418283973332,0.2067432290739312
5118493907,0.16585259958753934,0.071933379162294822,0.043229976964916726,0.022269257209016246,0.044912382261779855,0.017981837258945692,0.046480215154913948,0.030795856097060915,0.028661191311793722,0.042735506590928278,0.017644150174270658,0.046854082998661312,0.023632065800740499,0.048337494120626649,0.077963505674349051,0.27071649963216227
5118494471,0.1666905150292381,0.070700855679249067,0.050820860639708476,0.030664224594339352,0.040241727003023975,0.020013545869940572,0.049151475259708671,0.039912619599538297,0.038023829283881372,0.053019679668793944,0.01792919898119795,0.040976256570223892,0.02886128838393956,0.061466769691592975,0.06961814001850633,0.22190901372711749
5119094852,0.16193301735470411,0.075810750509545693,0.05043597814682152,0.029987819144445649,0.040860137245679412,0.018675301807831928,0.052673155082793639,0.035426993258318558,0.031025000904518978,0.049272163729995058,0.016625058793733494,0.03925612359347299,0.02615868880929122,0.060240963855421686,0.070872076896173281,0.2407467708672528
5119096086,0.16868358389309451,0.073772967978107118,0.04345701389629314,0.025073746312684365,0.052182180047624122,0.017023847602800582,0.058650531328855247,0.036402246152752601,0.029889469381952589,0.052750826314105978,0.017805736219213136,0.051515797704090698,0.021368660482638517,0.049552191065145537,0.072484628780609156,0.22938657284003269
5119096654,0.17738823160509906,0.10345285044080225,0.042373699000205024,0.026755671333984588,0.0282029016968776,0.013634116043754597,0.046980715655414451,0.02914360143275806,0.026013965773001916,0.050405827514261252,0.011318547463125776,0.030747615084964482,0.024422012373819604,0.054548524428042498,0.089655920981222187,0.24495579917266663
5127732901,0.1013221787956114,0.05138516532618409,0.036096127135889403,0.02322964781377521,0.032166198305285484,0.012435802189993217,0.05638102005878743,0.037786534879464241,0.025377650010228583,0.038970896992796926,0.011709034529539067,0.03001819610883211,0.02123776607771569,0.052827933718789369,0.078690095502654045,0.39036575255445372
5128339170,0.11707957836708766,0.052639512473486437,0.037581963241706776,0.027068057753803419,0.033436695845042365,0.014535353209082981,0.056316418488969282,0.042270960517673914,0.030648061414559041,0.045780979144459874,0.013614780839174391,0.033700485588466465,0.024204054825198919,0.053037888820698341,0.064973028844600919,0.3531121806259892
5128340310,0.10078921584461169,0.035272457120708034,0.049285614307094328,0.020031870107776951,0.026809651474530832,0.013517878484447172,0.041716463710068152,0.030179700033377478,0.019951118145504269,0.032408454192103538,0.013361758024053318,0.02799401358786352,0.017867717518869043,0.072149186558566711,0.043056946283794695,0.45560795460663028
5128345548,0.18578873133283805,0.077338846000624475,0.050179269356245358,0.033479763558254466,0.037813452200221802,0.019972652002110319,0.046610032623792756,0.044106721793339576,0.039848401649493416,0.048585763967397742,0.019794997685110415,0.039153934773948337,0.033399011595981784,0.051708173175274826,0.071487020467930706,0.20073322781743597
5128347276,0.15074776317064506,0.069322867879022795,0.0547390634925762,0.027434133316106248,0.036952097935979845,0.017243235677293627,0.055713470503999912,0.037608880562464336,0.027466434101015322,0.050679931522335991,0.016570302658354599,0.038949363136190879,0.024074851685562625,0.063799433659571261,0.071497787396233733,0.25720038330264761
5128352008,0.19740624697180142,0.11756409014072375,0.041931802276128645,0.025399183866834631,0.029076089882317472,0.015789700356385328,0.036322232630252915,0.030680362199468115,0.028279337187893668,0.034184997362102565,0.014858361058173713,0.030669595271165088,0.022642850221260377,0.04362759348385499,0.10716862086415367,0.22439893622748366
5128353898,0.19557586916028727,0.083443694348439332,0.051142909439366044,0.028193201761469472,0.037345090819040236,0.019272801662413731,0.044305909966945528,0.034577990245162955,0.032166198305285484,0.043869849370673043,0.018599868643474703,0.038970896992796926,0.028198585225620982,0.054340687145364296,0.079621434800865656,0.21037501211279433
5128355692,0.17203398042572435,0.090786739451101994,0.044219774540521332,0.02874769856907523,0.029103007203075036,0.01599427199414279,0.042577817974310109,0.036898263294464724,0.027724840380287909,0.038367949007827556,0.015025248446870592,0.031207941686316312,0.024274039859168577,0.049016441099518721,0.085257921767498954,0.26876406430009581
5128357596,0.1746987951807229,0.071303982686779288,0.05088988662424497,0.027019606576439807,0.039148551309796831,0.02087707397956437,0.042518599868643474,0.038411016721039658,0.034750261098011347,0.042900825823400844,0.020096471677595099,0.041797215672340834,0.026185169632955415,0.056564057839938842,0.07212226923780915,0.24071621607071719
5129174513,0.15238971973685628,0.062598921153784043,0.051159059831820577,0.02760640416895464,0.034761028026314374,0.017038664039536161,0.05138516532618409,0.040160642570281124,0.029065322954014448,0.037398925460555357,0.017480108099960163,0.035180938230132325,0.023385768274169064,0.056526373590878261,0.074921670596595491,0.2889412879399636
5129198945,0.14250567955467985,0.077866425487472676,0.043218450208340066,0.02935603001819611,0.029565985120105085,0.015741249179021716,0.050206186677002919,0.038341031687069996,0.029544451263499038,0.049027208027821741,0.01351249502029566,0.033237507671436413,0.026201320025409952,0.07136320079244593,0.07425412104180798,0.27605865822539488
5129765888,0.14752845160804073,0.090808273307708048,0.039003197777706,0.027767908093500004,0.031396362931619237,0.015289038190294691,0.042567051046007082,0.038486385219160826,0.029286044984226451,0.043794480872551868,0.014411533533598199,0.034034260365860221,0.025302281512107411,0.053124024247122537,0.074092617117262616,0.29310808919323406
5129769964,0.18368379684959679,0.083298340816348501,0.054631394209545957,0.027843276591621176,0.040074507143856929,0.019649644153019584,0.047056860148368275,0.038098775800251949,0.034906381558405204,0.045231865801005633,0.020279509458746514,0.041307320434553228,0.027595637240651616,0.056009561032333087,0.078377854581866344,0.20195527417982923
5129781006,0.17566781872799508,0.07823788451392702,0.048779568676852181,0.026960388470773172,0.043024645498885621,0.018605252107626216,0.052364955801759316,0.034820246131981009,0.030701896056074162,0.049587088299579016,0.017210934892384552,0.044246691861278893,0.026357440485803806,0.061559912572542182,0.073096676249232856,0.2187785996533049
5129784432,0.18242944970229444,0.070631049667840257,0.055804989394575621,0.028946886742681182,0.043423021846097525,0.020580983451231199,0.052994821107486247,0.040004522109887274,0.036758293226525407,0.052677196722547025,0.01999956932286788,0.044069037544278995,0.029571368584256599,0.062351281802814476,0.066824940512721129,0.19293258826189477
5131462222,0.18459344624876317,0.10614923461963797,0.04682498108375531,0.028388917990803796,0.037163145334963038,0.017621209475583495,0.044962458529771258,0.034762237355217974,0.03179384203480589,0.044496827891275244,0.016937314475292474,0.039229381293289095,0.026482742564460742,0.052368895873348469,0.074588207904080092,0.21363715732495198
5131462330,0.18485370051635111,0.097748135398737807,0.044965576592082619,0.025545037292025244,0.035786001147446928,0.01800057372346529,0.046442914515203673,0.030220883534136544,0.028987378083763626,0.042312105565117615,0.01632243258749283,0.033562822719449228,0.02706540447504303,0.052094090648307514,0.095252438324727476,0.22084050487664947
5175933457,0.1438237799683583,0.064177923816478036,0.051496896677619572,0.026792016551052695,0.045132043324814408,0.016076426919800414,0.066100766703176342,0.033357673116709265,0.023658269441401973,0.052957283680175243,0.014141414141414142,0.047225264695144216,0.025915784349519289,0.066532797858099069,0.075812340270171599,0.24679931848606548
5178267201,0.18921139101861995,0.087203358890105873,0.053644882560545212,0.030242180844590485,0.031933795789217477,0.015151515151515152,0.048582207618352198,0.034751125714981138,0.032524035536083726,0.050620664476086166,0.013709382986491421,0.03289521723256663,0.0285809906291834,0.056955093099671415,0.085998539612997443,0.20799561883899234
5178864052,0.18383838383838383,0.068887671899720088,0.056955093099671415,0.02791164658634538,0.043702081051478645,0.020877449190702203,0.050930996714129241,0.037897042716319822,0.0356760374832664,0.048594377510040164,0.020640136302786907,0.044620907873919924,0.02934769380552513,0.061062431544359252,0.067409030059632474,0.20164902032371912
5179909999,0.14950103444079349,0.054064743823779966,0.063399050748448343,0.023153218936351465,0.048685651697699887,0.019307533162954849,0.070871364244858223,0.036424485822076184,0.03112449799196787,0.059005719849093342,0.018522575149081174,0.050578069855178286,0.024558841426311307,0.069916027747353046,0.064543020567116957,0.21634416453693561
5179922617,0.16446391627114518,0.06914932457101132,0.068303517098697822,0.02628696604600219,0.040032858707557503,0.019557015942558112,0.058622368260922479,0.037525861019836924,0.030765486187172935,0.056906413532919559,0.020281124497991968,0.043635146647194839,0.023439211391018618,0.07077400511135451,0.068455640744797375,0.20180114396981866
5180507304,0.15322502129731044,0.054533284653766584,0.075009127418765975,0.028276743336984302,0.041353291955701595,0.019240598758671047,0.067354265547036635,0.042947547766824877,0.028952172325666301,0.050529390288426436,0.021461603991724473,0.043531702567847143,0.025209930631617378,0.070238529877084094,0.068382621394669593,0.20975416818790313
5180513666,0.1503772666423269,0.064025800170378483,0.067652427893391751,0.023816478033345502,0.03993549957405379,0.018163563344286236,0.064762078617500302,0.034410368747718148,0.028605330412559329,0.057149811366678835,0.018419131069733478,0.042107825240355362,0.023487890957770475,0.078946087379822324,0.077649993915054158,0.21049044663502495
5711873736,0.14568273092369477,0.085258681785967405,0.046202456886369009,0.025956768249468461,0.034366879281833213,0.015290574060949681,0.054027876210725252,0.031945428773919204,0.023529411764705882,0.052805339003071106,0.013069926765887079,0.036741081974958657,0.02257854949208599,0.062113158516418618,0.08482754547602174,0.26560359083392393
5986622005,0.13310925643273905,0.064506002446443458,0.042828997932430529,0.025146407733359313,0.038466534602019938,0.015723270440251572,0.047700234901871641,0.035229868260102402,0.02328451271392849,0.046682687623810608,0.013071152534666969,0.042893947758689745,0.022851513872200392,0.069680338605094233,0.057291159246149019,0.32153411489624267
5986622045,0.11724646575578453,0.062625838474541604,0.043546841521582308,0.023531121806259891,0.035520096471677594,0.014007773722234784,0.051665105462062731,0.032801447075163928,0.019778847292655877,0.048741884427791593,0.011439861321963457,0.038028790766282287,0.020591750379534222,0.076030664211807014,0.056903216081484111,0.34754029522917407
5987181708,0.14016387264877203,0.082410069231348984,0.035342442154677689,0.027784058485954541,0.031331761361801089,0.01650570108853645,0.04149035821570464,0.036467586162343746,0.02476393509695619,0.050050066216609061,0.012748043110780925,0.035966923996253106,0.024021017044047504,0.072159953486869738,0.062469718014147746,0.30632449368519654
5987181786,0.13902257824865144,0.076752048408109647,0.048284289974913054,0.027224178214197273,0.035724668109435059,0.01638188141305167,0.04926408045048828,0.036058442886828815,0.021377736145655007,0.050653014201578431,0.013097968280629219,0.040133725249523564,0.021157014115443004,0.072041517275536468,0.059185804881725292,0.29364105214423375
5987181850,0.13814507359195496,0.075293129623049834,0.042701637649794892,0.025205379157380192,0.034411102856466078,0.016241911345112353,0.049474035552397259,0.031644002282588797,0.023154279315654037,0.052553377047062241,0.012134328197508534,0.038394866328585117,0.023929498153471795,0.07389881240780817,0.06649654919947888,0.29632201729168683
5987189528,0.08799272155646716,0.057312359356999042,0.094932006847766398,0.018825974137838215,0.029705955188044402,0.012263531337144825,0.10111222369370243,0.025754492500834437,0.010923048763418285,0.052774099077274247,0.010912281835115259,0.02923221034271133,0.014669939812870786,0.1130904314308171,0.073451984883232666,0.26704673923576344
5987191032,0.1487935656836461,0.082399302303045971,0.046292408238853534,0.029296811912529475,0.033468996629951439,0.018551417466111095,0.046852288510610809,0.040225244140099273,0.029571368584256599,0.054270702111394641,0.016220377488506302,0.038540219860675948,0.024478611496926043,0.068649934860083764,0.054464506820849079,0.26792424389245995
5987191848,0.17887097989814485,0.081704835427500885,0.051465917288456779,0.030298136244710748,0.036639857015192137,0.015025248446870592,0.053274761243364881,0.035337058690526182,0.032220032946800606,0.050583029167608776,0.01412082646941654,0.03698439872088892,0.030045113429589671,0.058862797032634563,0.08424583050701466,0.21032117747127921
5987191936,0.16729114850824209,0.086221561850619632,0.047218364072913639,0.026707365655652099,0.033705869052617979,0.017119416001808843,0.044682752457551385,0.033102921067648609,0.028473141897348106,0.043153848638521917,0.015811234212991375,0.035482412222617013,0.024155603647835307,0.052187301484759412,0.074905520204140957,0.26978153902473162
5987191980,0.14796989566846475,0.082856896755924503,0.042464765227128352,0.027315697104772978,0.030190466961680502,0.015881219246961033,0.046475446020004953,0.035660066539616911,0.028343938757711813,0.046007084638823387,0.014610721707204151,0.033565898984678662,0.025146161051713557,0.054706762707667132,0.074388707645595784,0.29441627098205153
5987192110,0.17019283568590718,0.080821947306652889,0.047029942827610714,0.027584870312348589,0.033022169105375927,0.017830033269808455,0.046114753921853636,0.035460878366010959,0.033108304531800123,0.043735262766885233,0.017480108099960163,0.033323643097860609,0.02748258449346986,0.053705438375485859,0.076149100423140284,0.25695812741582952
6158543528,0.1706618139223561,0.067588060575635878,0.055895456827309238,0.032379518072289157,0.039344879518072286,0.017376798862115128,0.054499246987951805,0.036892361111111112,0.030983308232931727,0.056669385876840693,0.015342620481927711,0.04264976572958501,0.031187248995983935,0.065684613453815266,0.066411479250334665,0.21643344210174029
6691758161,0.15498631161281765,0.078542397819506254,0.042132493939722855,0.021497401015473306,0.035095336300155579,0.013983863381453743,0.048807843988566878,0.025790851092055912,0.02251649239601047,0.045961624274877287,0.012729597066946464,0.036789801850042811,0.022932571125342211,0.066084156445602227,0.075430852539286275,0.2967184051521401
6691758473,0.1187271608958356,0.060723373976386025,0.037549597790561648,0.022528552649034576,0.027334563479141791,0.012729597066946464,0.043953592146363234,0.031694344947356998,0.019055199778091343,0.030590831795651072,0.011897439608282982,0.028799884221570968,0.017270282330523294,0.044586755430128924,0.083444890673806338,0.40911393321031875
6691760003,0.15387676833459965,0.066421843530277261,0.065583655945101724,0.026598888044671178,0.043851079995658307,0.0159918955099678,0.067483145796398802,0.032007911525983812,0.023740608077957477,0.05836559451017282,0.015437123870858811,0.04447821315291195,0.022944631378366317,0.06955750931654546,0.073133374338193613,0.22052775667233498
6691760823,0.15824861005583898,0.050737484472424231,0.076612757335648901,0.025362712109700061,0.05120783434036446,0.018687362060856038,0.072578602699084629,0.034576745420118911,0.027328533352629737,0.05996960816237925,0.018084349409650615,0.051334466997117599,0.021569762533617955,0.070051979690533908,0.052353558377654763,0.21129563298237997
6691761153,0.10878951240397024,0.062405779273249154,0.035981764897427548,0.023553674156083795,0.031332537356633744,0.012217036313421855,0.052793757613034724,0.033961672515889385,0.015539636021563732,0.036783771723530763,0.0099557388714015226,0.034305389727076474,0.018132590421747048,0.065607776451149943,0.071348456890625564,0.38729090536319449
6691761453,0.15028281293341533,0.074761508496448262,0.042626964313711303,0.0249888442659527,0.032882279870231679,0.01625119094998613,0.042554602795566651,0.032779767719526759,0.026514466273502419,0.042325457988108592,0.016046166648576287,0.037018946657500877,0.022570763534618957,0.05264903457674542,0.07241578928325916,0.31333140369284945
6691761803,0.14993909572222824,0.065444963035324474,0.04599780503394961,0.026508436146990364,0.034781769721528757,0.01792153599382515,0.044110375435676641,0.035619957306704295,0.029987819144445649,0.044604845809665089,0.016625058793733494,0.037121458808205797,0.024355680982187006,0.053300288240047275,0.061067091187573114,0.31261381863791504
6691770763,0.12053619884945187,0.049838995622128152,0.04579278073253977,0.020864237731707612,0.028625010552721396,0.01365220642329076,0.050665122954279579,0.03250238189997226,0.020532580773544629,0.030500379897970258,0.013827080092140334,0.030096361421662627,0.018548669151078789,0.048964627277880292,0.090898127042705362,0.38415523957692632
6691852653,0.1561621862826682,0.070311275130552242,0.051919389268786857,0.029113450800197789,0.04059481167914903,0.019127561296235995,0.056496255291436016,0.039750593967461438,0.038731502586924274,0.06069322334382575,0.016582847908149113,0.043905351134266794,0.02965616218628267,0.063340448882617556,0.066216819228867421,0.21739812101257885
6691853523,0.16511089402655668,0.052570642932088713,0.070751474365932196,0.026966725761906486,0.040166672696793179,0.027931546003835159,0.041915409385288906,0.043097314181651532,0.037555627917073703,0.045051075171557098,0.028799884221570968,0.042602843807663084,0.026502406020478309,0.079519278314459041,0.059776644113993513,0.21168156107915145
6691855355,0.1689822352472955,0.068562538442056509,0.056610827695165046,0.026671249562815826,0.043627965314712303,0.018856205603193555,0.053125414571197703,0.036289301349542315,0.031814947477598082,0.054651036578747425,0.018253192951988132,0.045533485292521436,0.02537477236272417,0.058642980329727319,0.066397723024229055,0.22660612419648565
6691919207,0.13991702545919413,0.048916386265783859,0.058281172739004065,0.024633066801741502,0.054958573030862184,0.016570787655125003,0.052039991799027942,0.032224996080417768,0.029276264216023251,0.050315375616580435,0.015654208425292762,0.050858087002665316,0.02328834858955341,0.071728354860884982,0.064703257474341816,0.26663410398350157
6691920767,0.16819228867421637,0.070938408287805885,0.054023903421493782,0.025314471097603628,0.045455093647864729,0.019640122049760605,0.050701303713351908,0.034021973781009927,0.028293353594558413,0.049875176381200474,0.017933596246849259,0.046582727305618875,0.024138596427753053,0.063249996984936746,0.071746445240421147,0.22989254314555518
6691921147,0.12006584898151164,0.060084180566108279,0.035414933005294448,0.021147653677774159,0.035378752246222125,0.013404971236296538,0.049621911067694202,0.031079272043127465,0.023517493397011469,0.035312420854589528,0.012373819602735266,0.035047095288059146,0.024253168831482083,0.052238985973925733,0.097874983417152089,0.35318450981101585
6691921481,0.12511909499861307,0.051262105478972947,0.042488271403934054,0.020249164827478079,0.038785773725532761,0.013887381357260876,0.049838995622128152,0.027684310816840939,0.022275287335528301,0.038683261574827842,0.012687386181362085,0.037489296525441106,0.021207954942894701,0.058208811220859413,0.085869001531652139,0.35426390245667355
6848891996,0.14760382010616191,0.061016182693239447,0.054685228851061078,0.023805678477987015,0.047767477416367887,0.014788376024204054,0.073134360498293444,0.030884933837225577,0.024370942213895797,0.059584181228937196,0.013178720242901903,0.047073010540822809,0.02250826361747257,0.065828999644691369,0.062609688082087056,0.25116013652465086
6848901676,0.16897617278766541,0.072967473109596559,0.051788925137547508,0.026701982191500585,0.040052973287250881,0.017270152998051187,0.052241136126274533,0.034357268214950956,0.031487881822194946,0.049296381235397355,0.01623114441680933,0.041129666117553323,0.026750433368864197,0.056655576730514551,0.07086253862635529,0.24323029382947339
6995023041,0.11803783498605683,0.047169912895550031,0.062916545538723251,0.023784144621380968,0.037969572660615653,0.013921638295810588,0.072811352649202715,0.033775854086587641,0.023477287164744769,0.057296208964544508,0.013986239865628735,0.039896852826857024,0.023283482455290331,0.066668820052327271,0.060181745749755051,0.30482250718692466
72855295,0.16278518901342637,0.053301678564122441,0.045861731106732563,0.031579400712770656,0.052235752662123019,0.021296984183382321,0.052747181756516687,0.049786276473184968,0.049102576525942916,0.065597510686176336,0.020182607104019295,0.056913983009787138,0.034680276064041692,0.05797990891178656,0.050340773280790722,0.19560816994519634
72856276,0.16150930800951796,0.057818404987241188,0.070173455214961725,0.024559363459198725,0.053150941567880097,0.02136158575320047,0.061570679500845202,0.034868697309344616,0.030841866124013479,0.055648868934181764,0.019897283503989147,0.054049980081182641,0.022847421859017839,0.069468221411113626,0.059713384368573492,0.20252053791573801
72858342,0.17302453782960259,0.06887065689029577,0.058582856896755922,0.030395038599437967,0.037592730170009796,0.018276860794383971,0.054943635130333665,0.037388158532252337,0.035638532683010864,0.056031094888939134,0.018831357601989729,0.03850253561161536,0.031428663716528311,0.06325032031611702,0.073285097494535781,0.20395792284419179
72859222,0.13650850048989524,0.047966665589973839,0.063632546270874377,0.020209524424776856,0.065904368142812531,0.013873187118446978,0.097559137353704362,0.018782906424626118,0.011219139291751456,0.091561958288919748,0.0090657536311465701,0.06374559901805614,0.018018454515111384,0.084337349397590355,0.0484780946843675,0.20913681535794654
72860398,0.16617138796472755,0.062399732980178084,0.050787600805366234,0.029910526825801868,0.037608880562464336,0.025259213798895314,0.041097365332644249,0.04263165261582523,0.037431226245464432,0.046459295627550419,0.024796235881865261,0.043977518653703286,0.030325053565468309,0.063492576202935067,0.065850533501297409,0.23180119943581295
72861323,0.16269905358700215,0.06263122193869311,0.066781872799509034,0.029086856810620499,0.040903560623189811,0.019870366183231587,0.06150607793102706,0.037926504947403558,0.032699161256285192,0.051627421213002143,0.018567567858565628,0.042970810857370499,0.027461050636863809,0.064531584784176921,0.068773754535568554,0.21196313403749045
72862115,0.14989179237055461,0.063320305350086675,0.064429298965298185,0.028645412750196497,0.039073182811675655,0.017975386801899286,0.061732183425390573,0.038922445815433318,0.032839131324224509,0.058577473432604416,0.017786965556596358,0.04210945659312855,0.0292645111276204,0.070803320520688648,0.072342991268021142,0.21228614188658118
72863296,0.14895506960819149,0.057629983741938264,0.061468393681966473,0.027014223112288294,0.03787267030588843,0.018831357601989729,0.055336628013394056,0.03888476156637273,0.030314286637165282,0.050351540209093749,0.018621402500080753,0.041544192857219761,0.026621230229227903,0.069925815863992158,0.063541027380298681,0.25308741669089224
72864032,0.16066410413773055,0.056639426338060017,0.060736242557360813,0.028317021436954252,0.040537485060886981,0.02214218805516974,0.052004263703608,0.043676044661218598,0.036004608245313693,0.047460619959731686,0.02174919517210935,0.045086512268914802,0.028618495429438937,0.065678262648449018,0.062518169191511347,0.22816736113354222
72865178,0.17718057215457003,0.06735251999956933,0.055277409907727428,0.033145988780860711,0.036930564079373798,0.019805764613413438,0.051831992850759609,0.04213637391388611,0.039848401649493416,0.051875060563971703,0.019681944937928658,0.039423107981523951,0.033382861203527243,0.060079459930876322,0.070141154430052643,0.20190682300246562
72866324,0.17924782238875073,0.065904368142812531,0.054405288715182444,0.033070620282739535,0.037511978207737114,0.020091088213443586,0.050513044133639114,0.042927743144158405,0.04012834178537205,0.052025797560214047,0.019784230756807391,0.04048365041937186,0.03300063524876988,0.059465745017603926,0.068719919894053419,0.20271972608934397
72960265,0.10373935419964038,0.068639167931780737,0.038459467898403266,0.022707451791078522,0.025474552364955803,0.012042809306932824,0.047799778201276955,0.032279251052467241,0.016521851480990987,0.047939748269216279,0.0089634678122678373,0.029549834727650548,0.016607986907415183,0.073042841607717734,0.058200630941998559,0.39803180550620715
72970829,0.14481518567567858,0.063471042346329012,0.04510804612552085,0.023601106840229549,0.036053059422677301,0.014271563465658882,0.054082280866091716,0.030691129127771138,0.022755902968442134,0.043094630532855283,0.013135652529689805,0.036252247596283253,0.024128686327077747,0.059406526911937291,0.079562216695199028,0.30957072256855844
72973491,0.14330243224910366,0.05873897735714978,0.043218450208340066,0.025603755504592096,0.050249254390215013,0.016909460899899868,0.055411996511515231,0.034954832735768812,0.03011509846355933,0.061699882640481499,0.014303864250567955,0.051632804677153657,0.026066733421622145,0.06889219074690181,0.065069931199328149,0.25383033474380096
72974619,0.16120783401703329,0.073925729728565731,0.042911592751703864,0.030604993701346943,0.042857758110188743,0.01936970401714095,0.050308472495881648,0.038437934041797218,0.032596875437406463,0.049021824563670227,0.017426273458445041,0.043595292698945916,0.028230886010530056,0.054701379243515619,0.078189433336563419,0.23661401638726487
7323923,0.18027606404168955,0.058943548994907245,0.054189950149121958,0.029350646554044596,0.046949190865338025,0.025942913746137365,0.042841607717734209,0.044908857951914898,0.04149035821570464,0.039159318238099851,0.02661584676507639,0.047056860148368275,0.029323729233287035,0.057640750670241284,0.057807638058938168,0.21750271864939652
7639980088,0.16842051751309034,0.090996898988358499,0.044308881093996236,0.025138528798739262,0.031620151492044127,0.015362716689542982,0.050241472217985868,0.033180824564079101,0.027868435768390015,0.042290681714198565,0.015393218443393829,0.033384169589751413,0.024528493721722333,0.050246555843627673,0.097224340399572978,0.24979411316150679
7639986630,0.1662756637109494,0.057020159847310035,0.074018847667899318,0.022943258181239812,0.058915530107227589,0.014718941773695442,0.073369385131284215,0.028755285167070925,0.025242885734356568,0.056489986348032394,0.015335268466605696,0.053342081196071416,0.022545628056781581,0.073515182843585561,0.062215860140230887,0.19529603562765915
7639992150,0.17406403730423212,0.082146214035473203,0.046984289742556855,0.029333138023217489,0.031969824587102208,0.02033666581218491,0.041405744558782244,0.041967261141831767,0.036828163718704607,0.039171885108824356,0.021392561125962817,0.035760061522686494,0.0305660331294784,0.049871217392365816,0.091252548186667642,0.22695035460992907
7639998126,0.14195914091147196,0.059523809523809521,0.045317917633265981,0.023728454189428521,0.033300905485295219,0.017554690812941205,0.047812367482351764,0.035726757963531142,0.026378807154082168,0.034367282795779393,0.01728030132954177,0.035633216094190429,0.022518646012621917,0.052364738456933325,0.073673576292748635,0.33285938786200703
7640005896,0.16602580534905581,0.068846815834767636,0.050768423237021035,0.026171555523003869,0.034997131382673553,0.021038561540996814,0.042363984814638496,0.038665299495855766,0.032824306343916698,0.035680716788125143,0.022057836208054103,0.034783510943469931,0.026372969079967286,0.05743338094017407,0.079161631327742579,0.26280807119053723
7640013522,0.17704862001196275,0.081908179831789163,0.050237423859572028,0.026568279195810597,0.037316439008312885,0.01971411481793435,0.047814357734890935,0.034032787685697195,0.029461310286739664,0.040069090953479575,0.018823012414399237,0.038616471966894939,0.024651798684098093,0.05323421344954285,0.081487042394502024,0.23901685770437373
7640020774,0.17164097117955104,0.066667887354890681,0.044469672001074205,0.030956653361165026,0.032525237729031625,0.019170908558245138,0.040172849452521329,0.040453607744046091,0.034630924915467341,0.037395783742874229,0.018340840565911062,0.033965649833376056,0.029253793288656144,0.056902381562725063,0.072472259860109134,0.27098057885035581
7640028660,0.17457062291720071,0.078935804006298751,0.055541314192941983,0.025823659379157968,0.040728262594450754,0.017901392805263608,0.054924866639811526,0.032702237521514632,0.028637345735525691,0.044335396296431927,0.017419220956775429,0.039702884486273363,0.025378108177390411,0.056475140684317818,0.076683634232980552,0.23024010937366488
7640036968,0.15743216025195006,0.072283053185385915,0.042095433405353939,0.026238693375325008,0.038628678849135144,0.017876979040783194,0.045867360017577907,0.035119200205075619,0.031286239181650612,0.042736294722964807,0.016827187168125389,0.038384541204331005,0.027007726956458051,0.055577934839662599,0.083049523321248514,0.26958899427497224
7640044152,0.14216135056945106,0.052666593425373227,0.041149400031737893,0.028094139475836475,0.030920032714444403,0.016546428876600627,0.043444293892896814,0.03875074767153721,0.02997399934082836,0.03452106297530548,0.016198532732754727,0.031982031469342413,0.026110521111802835,0.059301033922925746,0.066844887147373688,0.34133494464178904
7640050602,0.15626640299801028,0.053545488946668128,0.055297176548137837,0.026403486285567802,0.0451593608476459,0.02080663077843288,0.050420527093175134,0.037346956213913401,0.032494720523431109,0.050817250765981863,0.019561528789931764,0.045452326021410874,0.024157419953369709,0.061650858754165601,0.06047289461798562,0.26014697086217209
7698222,0.18976172787665407,0.04812278605036769,0.05737696092681719,0.028247036402984593,0.054911334345424591,0.031267159791982947,0.039240070200372533,0.046426994842641345,0.046007084638823387,0.03973534890231166,0.030330437029619819,0.055411996511515231,0.028456991504893569,0.059374226127028223,0.049818577258094035,0.19551126759046911
7698231,0.18209953214921543,0.079074028071047076,0.044663188837825531,0.027713948577816422,0.043679874135718132,0.022869829834803131,0.038975489587214841,0.03907382105742558,0.035290647124580798,0.037723057177162254,0.022036600008280546,0.044399246470417757,0.027211940545687905,0.050335362066823999,0.075290854138202287,0.22956258021777834
7698242,0.19168900804289543,0.060515520527148807,0.051234428329941753,0.029754406365408013,0.048984140314609646,0.02799939705201503,0.038341031687069996,0.043907533619733624,0.042556284117704062,0.03762503095491887,0.027041140433045858,0.04913487731085199,0.029996662252226063,0.052219602269668486,0.063024214821753508,0.20597672190100885
7698246,0.17930165703026585,0.062275913304693307,0.047821312057883009,0.029162225308741668,0.049097193061791403,0.025221529549834729,0.040677455128826298,0.041129666117553323,0.038804009604100048,0.041958719596886206,0.023407302130775111,0.049990848110942426,0.029027638704953864,0.054949018594485179,0.064811524920055555,0.22236398677821204
7698254,0.19216275288822851,0.060558588240360908,0.053102490390516489,0.032316935301527829,0.043299202170612748,0.029167608772893181,0.03387813990546637,0.04974859222412438,0.049716291439215306,0.034513388675344814,0.029609052833317183,0.043794480872551868,0.032300784909073288,0.055196657945454738,0.061899070814087451,0.19873596261722493
7698257,0.18715613122732216,0.053145558103728591,0.057188539681514258,0.030104331535256306,0.053430881703758731,0.028085532478439226,0.041824132993098402,0.046179355491671778,0.04425745878958192,0.04399366904615782,0.027353381353833566,0.052090399130032196,0.028710014320014642,0.055261259515272887,0.054582943032182349,0.19663641159813516
7698280,0.19283160037409913,0.065791934862738627,0.048660395004676241,0.031649887220113332,0.045618088793530284,0.026462012433294824,0.036815756175386474,0.043610056665016231,0.044105187874786816,0.037184353853771251,0.025895362271001816,0.047978214226770094,0.030615613137481432,0.05146613852670958,0.066022996093964906,0.20529240248665898
7846944456,0.15926057169855895,0.066483581384360974,0.047661233167965979,0.03024450744153083,0.03783368769194425,0.019176706827309237,0.046042995511457595,0.040975667375383891,0.03463855421686747,0.044424757854949211,0.018851878100637844,0.041276872194660995,0.029063312071816678,0.05683912119064493,0.079949208599102289,0.24727734467280887
7846949504,0.17295450458550621,0.068590781034586101,0.0497692261583648,0.031385242462386859,0.037145597314631663,0.020565845471437992,0.044302583468201165,0.041359467721632799,0.037193550320685727,0.043799076904633458,0.020098303662410836,0.038206557573577896,0.030426182341305522,0.05641671162260984,0.077605946172750698,0.23018042318527843
7846965770,0.17508823171473775,0.080436899111597904,0.047419982962151636,0.026031398320554948,0.0419922112693197,0.021047827674333698,0.042491176828526225,0.035091882682244127,0.031611293659486429,0.042211269319703051,0.020390653523183644,0.045801387367652428,0.025392479006936839,0.055811123281002802,0.082043324814409152,0.22713885846415968
7846972040,0.18275526347815504,0.067488134355604232,0.055397346963612024,0.030753316295484969,0.038274309358646709,0.021808445904831449,0.04735913350371182,0.042600705853717905,0.039473043689911162,0.047699890470974809,0.021984909334306926,0.041548010222709021,0.029962273335767311,0.058415480102227094,0.069216258975295125,0.20526347815504442
7847013976,0.14493964056817241,0.073278364194240081,0.041351245690727512,0.027176552818945397,0.033123645022568149,0.016271575979433961,0.044117472841217378,0.03553446825650685,0.029054270178057361,0.041049152361659028,0.015697006314342916,0.034237243961095121,0.024913814550236342,0.055407470590325907,0.086878487400931154,0.29696958927154044
7847017438,0.13227237307438711,0.076017502847209734,0.038440328478091472,0.025696817119223163,0.033890787028711865,0.013600671342084756,0.049445543367499852,0.035988731043577298,0.025229275310196007,0.054828268297068876,0.011232991668165198,0.036348378588982794,0.021512917341005813,0.065917400947071866,0.07107834322364083,0.3084996703230834
7847022646,0.14717103708953461,0.087136782423812897,0.037349397590361447,0.025773682967162769,0.02994920859910229,0.015390975667375384,0.043391211906449324,0.031378454996456411,0.024881880463028586,0.045540987479329081,0.014221592251358375,0.031230805575242146,0.024787384833451453,0.055681549728325064,0.097377746279234581,0.28873730214977555
7847027582,0.14089083607155897,0.07546549835706462,0.039978094194961664,0.02542898868200073,0.030722891566265061,0.014518680783741024,0.043616891809662897,0.030144821711086772,0.022824631860776438,0.04515638310819034,0.01254715833029086,0.032110259218692955,0.024790069368382621,0.060003650967506386,0.092199099428015088,0.30960204454180357
8560157573,0.161898348681736,0.059955835426297337,0.052214901903687258,0.029058833521396765,0.046154406144214316,0.022707142770477681,0.047907642655212995,0.042180807823438769,0.036126378626287627,0.045238355233623316,0.021445297807544377,0.048459699826496318,0.026577609531782721,0.061387544134240891,0.059415911379657606,0.239271284533906
8560166315,0.19015901002383517,0.086900447317726184,0.051963953374473501,0.029075652202305156,0.037695497436902078,0.019851764782708069,0.048241747477715743,0.039328043882848468,0.033793711431090216,0.040421850001632544,0.019084467953113266,0.037287360825415485,0.027932869690142685,0.051882326052176186,0.079962124922454039,0.20641917262546119
8560169897,0.17118625559640374,0.081607396352782732,0.050783193195743703,0.029131632269258301,0.037825016076390154,0.018041956345017533,0.05095912350307575,0.036332641745228648,0.029726155376794187,0.049685145415498851,0.015809461410597071,0.040439704437083682,0.025904221114063503,0.06074448852813065,0.071949429136485513,0.22987417949744599
8560179673,0.16100656402043217,0.068594620172533038,0.056928620827721765,0.026183282980866064,0.038856331671095257,0.018951940693286741,0.049315085113869374,0.03737002390225555,0.029350028512842911,0.041464953469466992,0.018478748832186753,0.038371006685351677,0.024436113032189181,0.062776786905931886,0.067423773644426643,0.26049211953554396
8560183049,0.15655370727623485,0.074630849682718797,0.050467731955010371,0.028816171028524976,0.036951431102051714,0.01778109416518036,0.055636443053179482,0.036520705177204286,0.030405610356835196,0.054374598090246182,0.015797328285953482,0.039311323845229861,0.026923403584125021,0.065009281840352345,0.074746114366832886,0.23607420619032018
8560183303,0.15704509882430023,0.06351084094686904,0.053234084373748769,0.029805020686977518,0.037473155461726061,0.01878207694827649,0.054144068722017984,0.04062776786905932,0.033693687135247938,0.047313119547677113,0.018060156031982917,0.039274924471299093,0.027536126378626288,0.062521991288416512,0.071178975721617591,0.24579890559215714
8561274812,0.1508572052560696,0.066216527742389494,0.046633664567636103,0.030260012861112122,0.036708768609179925,0.018266419150923939,0.049369684174765525,0.039742049770077288,0.029010301022822406,0.04554168334971305,0.015214938303061188,0.038656135114476034,0.026074084859073757,0.065318676518763871,0.070463121367645806,0.27166672733228986
8561275970,0.16484063140780644,0.074752180929154685,0.047161455489632242,0.030593673788810831,0.034088013686164598,0.018648612577197004,0.044801562746454096,0.039032261978427303,0.030023416930562128,0.043624649656025916,0.016555648576177823,0.036575304238100438,0.026583676094104516,0.062430992853589586,0.071761365704509888,0.25852655334328251
8561278416,0.16797097756585253,0.074388187189847008,0.045869277715089966,0.031157864084737742,0.035750251762336357,0.020978172508766182,0.045790412404906639,0.041701549400016989,0.036751234545432485,0.046263604266006626,0.020062121598175178,0.03833460731142091,0.030181147550928791,0.059494776689840934,0.068418689865200985,0.23688712554144067
8561288412,0.18288865431514578,0.078513449568667418,0.052688093764787246,0.028682706657445493,0.03964498477292857,0.019497931302248268,0.049357551050121941,0.035568254892682512,0.03468253679370048,0.046360669263155338,0.01930986787027263,0.040500370060301633,0.028318712918137808,0.057128817384340988,0.078064523956854606,0.2087928754292093
877384903,0.14272300469483568,0.052067424628089824,0.049024266078398097,0.027286611233667064,0.047417840375586856,0.02217319984162,0.050393121782906274,0.041388087561513659,0.032377396911590021,0.051258555348153177,0.019418519147010576,0.055127552463374627,0.02724135980541886,0.071559477346003736,0.059313309576333503,0.25123027320549807
878234910,0.15261652671291226,0.059352561762200315,0.072435195326761598,0.027844712182061578,0.039728611415358404,0.020122915906048436,0.071431179262504557,0.038426433004746255,0.029299014238773274,0.061652671291225508,0.019623950346841914,0.044261896069124985,0.023682609224777898,0.080461238894973836,0.059815017646342949,0.19924546671534624
8838667969,0.17691915699049976,0.08939686237396717,0.049211953554398863,0.029726155376794187,0.030338878171295453,0.01775682791589318,0.042114075637899026,0.036866499229546587,0.028294446668850629,0.04296339436295029,0.016349385457236802,0.031673521882090293,0.024739441148278918,0.052694160327109038,0.087746757422438995,0.2432084834807508
8838678591,0.1365825841128866,0.050425266018757811,0.050819592569674471,0.021772892172921294,0.052002572222424444,0.017556631359273954,0.055757774299615377,0.031467258763149271,0.032692704352151811,0.052008638784746236,0.015415134859680414,0.046676130503888663,0.021026705007340541,0.063280311578640849,0.091004501389242778,0.26151130200560552
8838701083,0.17716181948337156,0.12542010944078427,0.042126208762542618,0.023708125553573812,0.027032601705917324,0.015105740181268883,0.044291971511423334,0.029228697266407019,0.027511860129339108,0.048914692000630922,0.014165423021390698,0.027596792001844235,0.023859789611618679,0.053416081243402615,0.10394447882163094,0.21651560926485397
8838729545,0.16209854523835523,0.073599534088013688,0.04315752435724772,0.027293463885754498,0.036035380191460707,0.019758793482085441,0.04243560344095415,0.037964547009791433,0.035295259588201747,0.046142273019570731,0.019140004125262379,0.038079811693905528,0.029186231330154456,0.066064863684344624,0.071482303837707331,0.25226586102719034
8838743915,0.17578470983632416,0.080861209187201979,0.050334267583930892,0.030520875040949295,0.035944381756633788,0.018715344762736747,0.047695312973950181,0.039183926036472173,0.03536199177374149,0.046439534573338673,0.017920625098581638,0.039056528227714486,0.029792887562333926,0.055096519006539751,0.078683313313677672,0.21860857326587316
8838747427,0.19263494656592473,0.099848546729290041,0.043547069634470081,0.03254543598121299,0.023466748349329523,0.018165883874480974,0.040603090327411342,0.043087604655911785,0.038288748213191753,0.03519161391328024,0.022735007827921858,0.028554897556327005,0.026300115717105711,0.060292015519705942,0.1009376489006875,0.19380062623374855
8839266480,0.17337628459457163,0.075771363399216196,0.053913539353789779,0.030017350368240332,0.041246557225882378,0.020080321285140562,0.051456581613462914,0.035289193025879954,0.032953566531988984,0.048920758562952714,0.018211820090027784,0.041046360669263156,0.026243948604084008,0.055102585568861551,0.080472949198607119,0.21589681990803092
8839277774,0.16303279583591163,0.047240320799815577,0.063832368749924165,0.025467428626894283,0.038504471056431164,0.019285601620985453,0.05012800446498987,0.044213106201240006,0.040900763173540085,0.049782210412647569,0.017180504495322681,0.039663184459893953,0.026286414540336572,0.080788410439340444,0.056522161152161514,0.23717225397056504
8839283512,0.16606607699680898,0.064420825295138262,0.050576930076802681,0.027675657312027566,0.033305427146653077,0.021766825610599498,0.039086861039323455,0.040682366929955471,0.033275094335044102,0.03706669578616581,0.020887174073939262,0.036174911124861986,0.023592860869459713,0.060726288841165266,0.057498877685970465,0.2871971268760844
8839299322,0.18029823220373942,0.085999587473762115,0.054932721823851297,0.02728133076111091,0.030654339412028778,0.016464650141350901,0.052129970031182131,0.033730086509178706,0.030812070032395444,0.049036023247066816,0.016616314199395771,0.031327727829747992,0.027032601705917324,0.058627258277824286,0.083597228794331402,0.2214598575571167
8839312532,0.19646693084630881,0.10362379751564398,0.032742264740023216,0.034450092729722881,0.031834981120495272,0.014890125285193932,0.042935863053543077,0.040660982801638448,0.041121295814487181,0.044757101495683731,0.013595911886749657,0.033923067686026501,0.032642196693751749,0.034383380698875234,0.099887923788175959,0.20208408384368037
8839321734,0.14595542290005944,0.060471493223649884,0.053567745301447485,0.025776823305305816,0.052985355318555187,0.016046057341147064,0.067630036763367665,0.036356907994515825,0.029920285371091617,0.068855482352370212,0.014875210813040683,0.052524296582098791,0.024272315849500722,0.072101093194530383,0.059925502614688361,0.21873597107463086
8839336296,0.14404445576869412,0.068946480787197131,0.054975187760103857,0.032049648746041569,0.038534803868040139,0.015651730790230408,0.056831555830573047,0.044358703696963077,0.036866499229546587,0.049679078853177058,0.015688130164161176,0.038801732610199105,0.029817153811621106,0.066883849597786912,0.075176840291680314,0.2316941481939844
8839339706,0.1693844865868307,0.055515111806743588,0.056376563656438443,0.02961695725500188,0.048490032638105293,0.02111770344216746,0.052415098460306481,0.04326672247904003,0.037758283890850411,0.049806476661934745,0.021785025297564882,0.049757944163360393,0.028676640095123697,0.063413775949720336,0.059676773559494779,0.21294240405731688
8839350484,0.12119778206481516,0.047143255802666859,0.049048156371710408,0.026595809218748104,0.034749268979240223,0.015378735485749645,0.086654776204515949,0.050886324755214207,0.045663014596148944,0.046506266758878416,0.016810444193693201,0.0325895727926813,0.028148849173127554,0.043891578398184881,0.10816680619760007,0.24656935900702509
945742711,0.12959613251935356,0.06687877515423625,0.034308817037587348,0.021216232221109639,0.026771967225470247,0.012742659646629413,0.038997814313554487,0.027229561678348783,0.019579659119049925,0.035875405105677403,0.010648492091691161,0.029167608772893181,0.018018454515111384,0.047191446752156078,0.06325032031611702,0.41852665353101415
946553486,0.13243321812720049,0.053032505356546827,0.043229217136643086,0.023509587949653844,0.040004522109887274,0.015601279111082399,0.052768715613122734,0.032349236086436903,0.023197347028866135,0.041420373181734985,0.01535902322426435,0.041075831476038202,0.023208113957169159,0.060047159145967248,0.069409003305446984,0.3333548671899394
946558196,0.1381289231995004,0.068396912044962691,0.042518599868643474,0.024850070523380386,0.042174058162946691,0.013916254831659076,0.059664933191209878,0.031342528290104116,0.022723602183533059,0.049813193793942528,0.01288262971456873,0.041673395996856058,0.023218880885472182,0.062275913304693307,0.07425412104180798,0.29216598296671942
946578990,0.18068520731720447,0.070141154430052643,0.053570851771698055,0.029544451263499038,0.043078480140400742,0.020871690515412857,0.046830754654004762,0.03710283493222219,0.036795977475585988,0.050227720533608966,0.019391237873746997,0.041275019649644154,0.028220119082227033,0.056671727122969091,0.065430623297479465,0.22016214994024355
946619662,0.1655415226590006,0.10856832154354684,0.045732527967096266,0.029092240274772009,0.033377477739375737,0.014836827201567664,0.049221012737276179,0.030045113429589671,0.021776112492866911,0.052316504624395709,0.011542147140842189,0.035460878366010959,0.020807088945594712,0.058835879711876996,0.080547390634925761,0.24229895453126177
9554397299,0.11112550560665602,0.074599473161463051,0.059312518892775404,0.023981229577809446,0.031790243410919662,0.013905082696376905,0.07495213830231319,0.030919376430452995,0.02067049560248161,0.0602841473420564,0.010450403765600035,0.033776683796116362,0.021059146982194007,0.10339566149904277,0.075491931885247082,0.25428596104849505
9554758187,0.14183274653574082,0.083664416378651338,0.036343766486858962,0.028026314372772591,0.03288219903743661,0.015536677541264253,0.041350388147765323,0.035557780720738182,0.028914585957772108,0.051072924405396382,0.013167953314598878,0.035471645294313986,0.027094975074560979,0.071260914973567194,0.075276979230595301,0.28254573252796711
9554791105,0.1574757812612457,0.073865353888672977,0.055044550963711476,0.028069266312562076,0.041708050841358264,0.016668825840998401,0.058931064760835455,0.033409624159721325,0.02792532135711304,0.057304486764261343,0.014610412978077183,0.041556908638136776,0.024924069036000633,0.063429344618617836,0.072440298829727509,0.23263663974896001
9554979731,0.18006794201897194,0.085373753076823419,0.051683436253976478,0.028148436038059048,0.033791078291661267,0.017438931352650747,0.047912078421211729,0.037303335204617753,0.032761871860200659,0.04215428020325028,0.018216234112075541,0.033841459026068429,0.027939715852657945,0.055757078493184203,0.085604065005541879,0.22200630478904868
9555237605,0.15272887797840154,0.057323126285302069,0.074932437524898518,0.024731634312047116,0.042965427393218986,0.018422214326474801,0.070394177245173731,0.032860665180830563,0.027703306523681859,0.064833058776661609,0.017383205745232944,0.044645068208490797,0.024295573715774628,0.080520473314168201,0.061786018066905694,0.20447473540273695
9555642369,0.14566509766665228,0.077996574110060307,0.033596752601805072,0.022685724978768119,0.037440082912294337,0.011580371665874969,0.04531387197535662,0.026248362626131769,0.019526133206661772,0.042334211397561571,0.010565559729959264,0.035784715924630423,0.023671747923594017,0.053245239020598523,0.092362280663874141,0.32198327359617684
9555654399,0.12883793237465993,0.074693037382504934,0.03415813792805631,0.021699702033942222,0.040268601286867899,0.011767500107958717,0.049804954585366559,0.026435491068215515,0.018511321270746065,0.047415468324912551,0.0098386377049416301,0.039815174677203434,0.022548977271091536,0.058053000532596336,0.082343711764621214,0.33380835168631517
9555665573,0.13170963423586821,0.07684501446646802,0.036929078320450261,0.022081156165882167,0.038958702192281675,0.012775114796101971,0.050006477522995203,0.027608642455125159,0.019418174490074994,0.049063638064804016,0.010040160642570281,0.038778770997970377,0.022491399288911921,0.060651206978451437,0.08186149616386694,0.32078133321817737
9556030917,0.12724014336917563,0.070777734594291139,0.038339738883850817,0.020756862575751031,0.03392782599933785,0.013178160671359272,0.047919275668984178,0.029026500266298168,0.020634509363619352,0.046976436210792991,0.010997394596306373,0.035093780138475049,0.021786069007211643,0.068265895121705458,0.079184119992514859,0.33589555354032619
9557333658,0.1561442904233421,0.072649019015128616,0.060766362942810667,0.033560766362942814,0.035518417757049704,0.018338587324207224,0.058700752832116995,0.03982237192497589,0.027450303004131218,0.057131752817722502,0.01491269738452016,0.042233449928747245,0.024780124080551597,0.071979674972290603,0.061003872119301576,0.22500755711016107
9557411120,0.15157403808783521,0.058887881274200748,0.055274862892429937,0.025219156194671157,0.043824041686459099,0.019864403851967007,0.051798592218335708,0.034172532423601215,0.031120899368081646,0.050258381195031017,0.01824502310316535,0.044824459126829898,0.023535000215917434,0.061442904233421143,0.058513624390033249,0.2714441997380202
9557820464,0.14393775820126384,0.049164399533618341,0.051920945430467387,0.024952858027090439,0.049970491284132945,0.019324610269033121,0.049956096788588041,0.036087000331073399,0.032207683781721869,0.056678326208058037,0.016949518504124024,0.051618661024024411,0.023434238747103108,0.070662578629931916,0.047415468324912551,0.27571936491485655
9558072356,0.1462794879248899,0.057425412104180798,0.053403964383001171,0.026082883814076682,0.045323384691581342,0.0186429363566868,0.073430451026626611,0.032898349429891144,0.025619905897046633,0.054975935915242739,0.016457249911172842,0.039832251257038882,0.021797646349472958,0.066308127954175955,0.0762460027778675,0.24527601020704803
9558142764,0.12441162499460207,0.083552849390393119,0.036396481985288824,0.025082408486994574,0.03106332138590203,0.013984252421873875,0.04457975270256654,0.033762289300571464,0.025391890141210002,0.054893408760489988,0.011450821205970838,0.033179312231002865,0.02288724791639677,0.074102863065163879,0.073620647464409605,0.31164082854716357
9558757600,0.12945689568309079,0.065214262066185885,0.043089922413669011,0.022275481855738365,0.037656000345467892,0.013278922140173597,0.052503922500035986,0.02840753695786731,0.020432986425990701,0.050121633487354433,0.01094701386189921,0.038303752644988559,0.022520188280001727,0.069244720818758904,0.07400929884412201,0.32253746167465563
