10452092804,0.31524902846944558,0.51034487695904718,0.0011586278781665544,0.29427916948017957,0.28597240454997935,0.0011146790120511085,0.67434873792916328,0.040422218079894989,0.98174440450707423
10452102556,0.42466380977089796,0.5172527562467647,0.0012914869515476639,0.26178768200957203,0.29171139518637423,0.00091485436940192939,-0.19537574807926669,-0.068790783642953504,1.2691421374903822
10452119926,0.097368883000986825,0.41418045890463739,0.0020374258916515046,0.15426547754222103,0.15485716183882453,0.00090690291913709511,4.6569461557756853,-0.37276739135033332,0.0470864677378992
10452124654,0.24281055011755615,0.4125775709720863,0.0016981128309704848,0.31005082711133475,0.24389863177413282,0.00096874579836627654,1.4197979072553526,0.36710865489460154,0.17094329163347077
10452143954,0.22448057611006403,0.10898293302202278,0.0027889826796778368,0.23899664110006533,0.12702792533284221,0.0010571835097975427,1.4575571893780948,1.8933538258955049,-0.46728589428495271
10452204986,0.29444709285335757,0.20522523039444168,0.0019867433584813752,0.28323285383659896,0.26675983666836062,0.0012369747179767564,0.85237295132734237,1.6418253096417108,-0.20013085280815718
10452213445,0.4403543946335709,0.39267500874184297,0.0028657110799498345,0.27100791158214171,0.27814787865252855,0.0010873430405734324,-0.39731578910242399,-0.25472147414807012,-1.2464945435477008
10452220454,0.21706743961107958,0.57904584387169777,0.0016722438514681515,0.3072946583654515,0.2708175435942804,0.00096726314379822571,1.6908208743908371,-0.53161072415354726,0.39703185008644593
10452246926,0.37957912288217338,0.29750873356257457,0.0024857780502528935,0.21991833701221675,0.20579045802790519,0.0012650483053893268,0.071130587835115638,0.87309865795873487,-0.39086109962156157
10452269596,0.39803703153429359,0.40230313242600663,0.001480735545233956,0.25148895260772597,0.27743614725388516,0.001238132831606313,0.091163962707540624,0.56084170999484029,0.3774272236860664
10452320753,0.17964771794269638,0.71398775510563073,0.00089924199632160492,0.2590220332386699,0.27927511130452942,0.00090900856175181032,1.9253739054316603,-1.0342579407259098,1.7513669270748786
10452363613,0.18459104606550311,0.57687732889646914,0.00093923783067965667,0.24917276468922508,0.26302154440645953,0.0010089969776655137,2.1108199070374773,-0.41917262883436152,0.92190347258514649
10452380743,0.25039140585830399,0.14964560539618069,0.0021202474800660585,0.28721986004400835,0.21269431763962249,0.001274664457343996,1.1485048931423629,1.5788197094646479,-0.090183646420362418
10452429093,0.47049478885793028,0.21560026195016632,0.00296273149735578,0.21027230008116551,0.13292000942124052,0.0010631468770967666,-0.82249631332027429,1.6027827244108921,-0.86130688882584439
10452444083,0.39397384594370183,0.39664015601768854,0.0014444269089751271,0.27309549863153293,0.30619383152666063,0.0012337454306763464,0.37538804165503764,0.40274926627613045,0.54766311091805253
10633216604,0.48416108865514718,0.32855781746119456,0.0024532118370885884,0.12822554790906948,0.14659366813173511,0.0012103533502768561,-0.84857700699765537,1.3667502339600435,0.18939973310026195
10633226065,0.46635129786693785,0.29421289707764647,0.0026450036065596878,0.22106654400709908,0.20119867830994392,0.0011623157828420266,-0.61798222675544223,1.1657104853092757,-0.12855542206670531
10633240256,0.42776354069000527,0.3080080637461301,0.0022722741253363545,0.18963085735404694,0.12983088964646503,0.0012405628965773271,-0.36465862422129991,0.54486950412856539,0.12164474616212666
10633459373,0.52628549213878428,0.41472291459272492,0.0024677140522877841,0.12725724203125732,0.15861908049982321,0.0012093737729823755,-2.0287150563711269,0.16028442904258694,-0.25178185305914613
10656743583,0.37641740308967392,0.25034895259657025,0.0019532943755073322,0.19449938603287584,0.24085183686305975,0.0010734424887148585,-0.11734154225041168,1.5016103741004625,0.18400185974814168
10658246995,0.44728279508105051,0.39473502725455334,0.002288952002466683,0.21154509076972774,0.24061591160249682,0.0010339886686453346,-0.62136794136973261,0.064419253890450057,-0.43261326761754476
10658289816,0.4796061830465812,0.49498549845693574,0.0025989820342896992,0.20329810630300077,0.19988949432316144,0.0010575267236795985,-0.94855534816535636,-0.38458112484175183,-0.85927821127460746
10658342883,0.34710345782914459,0.3349210205454331,0.0024149965095926758,0.22131412329504227,0.17746200101219892,0.001099938031388149,0.14003958336473082,0.57694481114799345,-0.63193035768913919
10660461066,0.39827902122145104,0.39303922818813591,0.0023237700582269447,0.2748690550487996,0.23305624837329894,0.0013970560719075054,0.0063357878268764057,0.35768756515820477,-0.1423167816310569
10660483606,0.46443238395155378,0.46055939455330891,0.0022541601127148607,0.20504831833674733,0.22498943985613554,0.0011293099216243857,-0.78047475108055775,-0.26700745382808116,-0.56445610013683423
10660522504,0.30054908388697127,0.47724340810324556,0.0017922636773443767,0.23552198896444893,0.28402546240056631,0.0012509451303833559,1.1547672778049087,0.2816836766381402,0.44019172246781563
10660534024,0.34021168799874418,0.43730163580718701,0.0015946050031883569,0.1988864687818839,0.28585852984114679,0.0010913561809151276,0.91098807563973205,0.5032587981234049,0.68691053936129609
10660546806,0.35722414566888866,0.31746462336368964,0.0022246068035643753,0.22640200396061624,0.23146855222576576,0.0013903127516907763,0.18223750278222942,1.2874784944068847,0.034216195032734383
10660691633,0.4329300296204795,0.3939101913457333,0.0022219940970879199,0.21869526491424532,0.22773231896590776,0.0011009266250171978,-0.5099784125481539,0.13465055060649397,-0.35524277830756573
10661400056,0.46232834527730332,0.41504964269402883,0.002632538230674079,0.16093461463886874,0.1966930458266303,0.0012895495749507182,-0.80360743666654333,0.28771513013942013,-0.25273941524182014
11702190835,0.3822158592602321,0.45811159989898104,0.0027481355627838417,0.21594611025174104,0.15924523974381152,0.0011830785650837298,-0.21409797878362663,-0.43713347425622151,-0.49212237788562635
11702490555,0.17262116312397552,0.47859738843305288,0.0014461887758509453,0.20284868620409494,0.20334167004780651,0.00085538140611533657,2.5860338547287718,-0.054030954957899356,0.019809488148483177
11702609283,0.29424541769520512,0.55826715651718728,0.0027559863433455544,0.2533893505717143,0.18579793657280005,0.001106846424742508,0.24895385672468279,-0.12757013953166904,-0.76154826667977249
11702694703,0.19300997971773731,0.45516836030265662,0.001005365877242239,0.27774822256243242,0.27298224574824537,0.00090504226693179156,1.8502150471295014,-0.20162451582291879,0.90083564628546242
11702707043,0.17403248400689161,0.60320695407242375,0.0011471749004875094,0.27554538561590614,0.27474976295601472,0.0010198424901151754,2.2161470639865306,-0.92980408017684191,0.87114109418711816
11702730615,0.34956118677641351,0.50432314905152553,0.0014283093328914382,0.26352152549194496,0.27524035593570728,0.0011061268239299239,0.026946258282658696,-0.43063517486156572,0.10715757427861239
11702793714,0.25155820051998723,0.4497506829712874,0.00093592119106657515,0.29782014227615622,0.26897280987147026,0.0007836492109351942,1.2773995170286718,0.10686608819359084,1.3877215465763142
11702889924,0.16099681460696388,0.34968678438353373,0.0013702484765187011,0.1398928824311535,0.16624745360559678,0.00068221265706996362,4.4202332270830258,0.74699502176469701,0.23421270397422286
11702906164,0.31866914957737141,0.37348548035473661,0.00098668517636010464,0.31947057657687561,0.25005753060269736,0.00093296759342078174,0.6839099344698929,0.49614900379626226,1.4623802644478372
11702937624,0.21516862469219994,0.5888396662383627,0.0010587096165225296,0.29275047637166496,0.2606189968020049,0.00086845893681365195,1.6383739265301964,-0.64571069333473863,1.1346178192065801
11703017533,0.25156165576983447,0.7098685112258295,0.0015707642615577719,0.21810396248590685,0.23475345760619529,0.0013656002620771961,1.0237793644711191,-0.68948213134871783,0.30256694555094382
11703108464,0.29055816414551833,0.59197377330699463,0.0022288311957401495,0.24225669623511978,0.21002005532901,0.0012617295305273808,0.58350748152875287,-0.30233417067097118,-0.64537528258063048
11703256956,0.17850081698667522,0.51835054582495999,0.0014204590127702601,0.23777891324903305,0.2912984721221068,0.0010157383552247326,2.2814691963252924,-0.20876798181680814,0.84476630437944045
11703433606,0.32962387008615046,0.60002441985663801,0.0014945628005811596,0.23162534329883547,0.25017735353762405,0.0011260445398261086,0.35620799309871537,-0.3606731840835139,0.27644907127181662
11703565136,0.11434227545763824,0.21480958679141876,0.00029370868413107623,0.21415458539602747,0.33386945644993293,0.00068404625860516376,2.1256995142499648,1.2949093037133266,3.0129603966825624
1426403537,0.36217422489172607,0.31157001193634315,0.0017485300320389545,0.24142819295177714,0.253257913823632,0.0010002231418066128,0.42571266727675233,0.67383445524158536,0.21524535246805934
1426433995,0.31699059904432675,0.16882953446507387,0.0019316378623605408,0.22025462747731375,0.17203756005481274,0.00099752982534030547,0.63067151333794602,1.70373038328855,-0.062194443870611703
1426473017,0.32142992724928393,0.43587225693176052,0.0020823227989234805,0.20036529790961091,0.20882491370411607,0.0010799261862437452,0.64823668910906374,-0.01579549929989528,-0.12179917358893071
1426492965,0.46563616495346183,0.34200344526931653,0.0020642285069846561,0.25148579405771448,0.29792332108216213,0.00084240163933416515,-0.38053489874180907,0.32046930919552274,0.099766312146768107
1426502085,0.31025148605566322,0.089922500803110789,0.0022921693912596095,0.28987136049376838,0.098725010727739204,0.00089179674941898383,0.87931330523294426,2.2898730231106859,-0.4767066737463086
1426506491,0.39917912699900993,0.25573027629649159,0.0022390715365882639,0.31015185346050156,0.28472852244782682,0.00092931335123385924,0.18344301165839541,0.93098312891972368,-0.014782511906779634
1426527283,0.45552872943870543,0.33537687228309698,0.002294196591054723,0.26872065050272814,0.32187564482077236,0.00084869240958077594,-0.30269570845876292,0.37261817690658711,-0.027851031456493803
1427321614,0.5159917849506005,0.47231070081603777,0.0024471583954888544,0.13369134665384499,0.2213922090465007,0.00082335126035523612,-2.0157454235066656,-0.42453275610674363,-0.5131218352864706
1427343546,0.30669683480815307,0.32825553153265974,0.0010898909650134169,0.16421079459105267,0.21724397304384879,0.0010063275780290996,0.96414078353802779,0.57017285253828598,1.21835718737182
1427356636,0.40367435507491128,0.37679130640854391,0.0023880758887606661,0.23321584177203555,0.2008459723049007,0.0011344104448237657,-0.33869668544029458,0.30513277656039051,-0.67820742428463732
1427361820,0.48877251124309856,0.43755987329960272,0.0023020543278223296,0.22108857983330554,0.26351541990403948,0.0008056129835474319,-0.80623088200649551,-0.49637615929351964,-0.53941442456518229
1427375124,0.44695692404595949,0.32811230808297404,0.0021166484685374706,0.27293486058766536,0.31629331583825415,0.00086369822966294153,-0.25849853352248015,0.36668610045837946,0.17678511495517096
1427389680,0.21744775677910291,0.087073791465037187,0.0023313729386132097,0.24312727335402068,0.08098600235904363,0.00082028180955869771,1.5705592105893069,1.5503542607308032,-0.63634895046354889
1427394838,0.27950568961740685,0.099370714767574503,0.0021282894476483067,0.26066963814396715,0.08698672563991941,0.0009036908770877713,1.0071297797589964,1.028641585624376,0.287794993188564
1427400906,0.41803921911111763,0.25748322048964839,0.0023063328053311996,0.2825255533460983,0.30173029438755194,0.00088546070221960367,0.0087060069261175998,0.87119247051600379,-0.10491564817513335
2411547713,0.32341001004138481,0.21125866685517139,0.0018765276534665949,0.25736719857891949,0.23412357768534542,0.00099283059743936501,0.51011718196787703,1.4748044101026048,-0.085094570865893837
2411552913,0.34740372818242121,0.31908166432282575,0.0022418196078431291,0.27131355561580817,0.25155893030788867,0.00075000106899533758,0.30898869336776014,0.43475974907715631,-0.69725590235795309
2411563411,0.43305449335355506,0.35031201260428657,0.0016996182186337617,0.21244402347417252,0.22445398120370516,0.0010835282499032177,-0.35262444537180143,0.41681968674400011,0.52356635176231681
2411640183,0.42947998535181875,0.52925214125706566,0.002546817623990315,0.2540235507425686,0.17092901119411766,0.0011989670627314715,-0.37270010481923516,-0.47062037190394668,-0.59842324714171358
2411676021,0.39226057380098228,0.39495335156375388,0.0025388225861847418,0.24180121142683783,0.24802819532695561,0.0011851648193959053,-0.18083796524155307,1.2260164872560928,-0.63848121102491728
2411682265,0.40817629305884845,0.30908520484811469,0.002074259110598511,0.32750172344037198,0.29441775766058209,0.00099866483325396931,0.17992593938608348,0.58435418649026361,-0.25714350116281287
2411757963,0.40185407420432073,0.46003868249012808,0.0013660262360630033,0.26221549472901251,0.2462858001291218,0.00084560483146841941,-0.051630677256683868,0.062416286009570415,0.8717727796485476
2412391894,0.34059646362727308,0.21918914354019339,0.0019056397385621105,0.2186912235845416,0.18400323953763856,0.00088399422623216704,0.27121711237578933,1.4423872481424878,-0.47846489208541876
2412397896,0.4894455946776714,0.4934972769220119,0.0022636115135203977,0.17212699964612677,0.28533741164843957,0.00090123650942183081,-1.3232004639343666,0.065070973860950773,-0.36833814490134864
2412427350,0.23210220018552574,0.32917378725564811,0.0022770832551581902,0.29063368322193933,0.21857841350146009,0.0010657965938415681,1.5044062322263489,0.40716521793763366,-0.39453530018236593
2412442476,0.22490526316270806,0.61412723389043744,0.0015849735742662417,0.31533006015196136,0.25464909304473854,0.0010342296500551341,1.5889090037096651,-0.60050888142845704,0.80195649317382778
2412473818,0.45474285384413321,0.3928773669970041,0.001814248894549344,0.25612689506930503,0.21675499170233198,0.001466761051110794,-0.28322385631434771,0.35642067359308166,0.24568545133724207
2412475388,0.45781042648065073,0.22352597939009403,0.0017656912991363986,0.30924092302700179,0.28036355156635084,0.001320861442289192,-0.10226832645841277,1.3678906408909992,0.11586514128621277
2412488564,0.45597935135630346,0.40105644363406462,0.0021253820120465733,0.28494722991408405,0.30930043178258676,0.00096256535206467762,-0.2118436627035484,0.069895992293252537,-0.39192105193361065
2412555618,0.18138772938387343,0.59517429886076889,0.00086778914776395927,0.25391048572530678,0.26042350110381823,0.0010019128740654437,2.1411306095398737,-0.64530671823364483,1.3243020641378769
2530906855,0.27082187291592191,0.48188251349381778,0.00084523868736099364,0.27443934017863264,0.35522427955372315,0.00081062630339679895,0.72464673492737774,0.017552987681004398,0.97122742494815928
2530908841,0.33825114712930809,0.56868842402565867,0.0012243788886926209,0.2693387758305737,0.30166917288370865,0.00088351071168153857,0.44179126470076274,-0.098252352855990058,0.78136359688083212
2531086231,0.1388991778515212,0.87176129413377068,0.00065640034498167942,0.29290087942257648,0.26928227265748489,0.00064042945479018856,2.4296428918797273,-2.7110277478436591,2.187115681589225
2531087583,0.17058911109226005,0.84371466089824021,0.0006175763768382249,0.33406803028768506,0.32065077017934612,0.00070771984596528826,1.92329329704735,-2.153474751285108,1.8166825445134676
2531726228,0.36791086970954406,0.52255718049455091,0.0012650638181434155,0.27310172049950393,0.31114039412236472,0.00092047637807947543,0.24459854847149889,0.084979033568411994,0.77272090901635615
2531902786,0.14294378027230559,0.58609481053525603,0.00048635911574782534,0.30434152924563662,0.48222759543142796,0.0008289546984586193,2.1234266130448387,-0.38318693580291019,2.2052878484502925
2532526207,0.32579766464334386,0.40919551160444462,0.002037822089679057,0.28597517391824084,0.27417333367635527,0.0010660270379886062,0.52245915161325318,0.92486787529622105,-0.41567232755273859
2532642343,0.25744052811549839,0.60971689949841057,0.0014770660856934638,0.34013464671344418,0.33913952974908051,0.0011267555128366318,1.2580852505418867,-0.44914718555820959,0.87346729926997635
2532647681,0.20856694401165266,0.52592165940748159,0.0010114826244930889,0.225456871711919,0.28065529440733744,0.0010238636290089964,1.9178132538873045,0.22568385192320126,1.1552667266046204
2532657933,0.46352004145618297,0.41959091372065443,0.0026529945862817446,0.18061408862615308,0.22433706587601146,0.00087525264553878516,-1.1715545789237243,0.69720355984233329,-0.86131891109982761
2532659689,0.27801637004246832,0.35156580347874505,0.0021694009580513545,0.25469467058985146,0.2165489910830414,0.0010523995930187544,0.72603025101756624,1.4452461456595134,-0.33371977516009571
2533334430,0.18490956177056864,0.53352281421354808,0.0011506499810075542,0.225504820483824,0.27408708779256263,0.00059628813624552825,2.0422513335430237,0.11385509235328772,0.19187947182464826
2533475250,0.24897240412427551,0.45581842533794376,0.001422862955227606,0.24748899109600209,0.29620327172839411,0.0011628803703729955,1.1212211232818881,0.45562241077999294,0.492394478187059
2533476776,0.48042013430826863,0.41006503980976738,0.0026763485053680099,0.16669662212586384,0.20863759556583308,0.00085003368920264584,-1.4042958853672096,0.7474752623103661,-1.0894694989382556
2620004935,0.39352003129125002,0.31576555959428726,0.0021178765349748815,0.1961824149527307,0.25429299669077932,0.0010950319277642478,-0.22433368792852609,1.1610606751363421,-0.26689263326768992
2620005857,0.37458203343017615,0.36077964720929551,0.0018484790372563249,0.22913162927566325,0.27423529600846303,0.001204082621186899,-0.15279272958378431,1.0822775883318239,-0.26899227554871025
2620006557,0.32718645645885541,0.32843320522432695,0.0020215280499157823,0.31157484846391581,0.24660741863053798,0.0012294079252899005,0.75378948019246694,0.92811122166333626,0.22139854182919341
2620008187,0.29831568248949525,0.33826596215761084,0.002290530518846061,0.25288338270674027,0.27918688639901995,0.0011351152336683912,0.63100172573928559,1.1159621320487325,-0.4755448436526426
2620009299,0.38775097384844226,0.24628693142043148,0.003016000889371255,0.2498201439385784,0.16888740509250139,0.00071669548385295775,-0.33334763608680407,2.3157712880181616,-1.7051275514276558
2620011333,0.2663306705853834,0.57891179193697073,0.001486239027621428,0.2826377711417089,0.33969614434062201,0.00096491966560239889,1.0769410296150737,-0.27170183616917909,0.65539920971137489
2620013013,0.3663449784513394,0.18873630488510618,0.002181267538435117,0.24486317856899725,0.15145726278352725,0.00062084928616578316,0.0657040125501821,1.7059323561797985,-0.47973614404128817
2620013573,0.38120893282387919,0.34097641690668923,0.0021740770695237908,0.25391407714862629,0.2555463202795224,0.00075543418393537879,0.0040777952495439466,0.72382460348525812,-0.056317565227574258
2620832738,0.46439911367150943,0.26863354317289689,0.0026274589476707115,0.19858941499242355,0.10945883425746884,0.00056266990460084607,-1.1868525058350348,2.6591930834964015,-2.1245478961823552
2620833166,0.17789486980375493,0.17555792542049931,0.0024322537670868399,0.25345964867139859,0.19376799536724276,0.00099612432771598036,2.2027082130376932,2.2002828800056533,-0.74476387089985319
2620834132,0.22601682587937869,0.3567161296360909,0.0015007846842965029,0.17679577634792801,0.23300248483866121,0.0010801798891441185,2.0724725865082747,0.78131543340836929,0.60598153622018402
2620834398,0.34837609162835897,0.18812590970818591,0.0029835662835886148,0.29217993909697182,0.16141773970095885,0.0009207928313855312,0.19080099809018347,1.9685065512968316,-0.96813864091550772
2620834840,0.10664728685267165,0.6632321398813551,0.0019046767925218163,0.076289878720000551,0.19564179727699882,0.00076300794419903928,6.2896210420577683,-0.88781330117005841,0.33390939831853561
2620835490,0.23985557041767869,0.4894558519437146,0.0012151380145727646,0.29965478457446804,0.32124920684015851,0.00092482529491614012,1.2621996367763961,0.090456054936646935,0.93597654469224245
2620836962,0.10323922754938214,0.27485864916266051,0.0019668283283075594,0.10296246966472154,0.20112739299180538,0.00068850715957219583,7.0062549569937698,1.1272414588410549,-0.45075057949713765
2689904793,0.13825501834182374,0.40194347452359958,0.0024645993825497124,0.13663290042333148,0.13582982554807074,0.0004998706949916271,4.4835850891307665,-0.60250527639832663,-0.332928442638391
2689927019,0.45540489516599197,0.17539929736614657,0.0028419511611128016,0.14357023803996244,0.20465326361452923,0.001270038811448891,-0.72954499505888082,2.123138297855744,-0.57945462283541849
2690004771,0.26995464702729521,0.10202538784909196,0.0028908791874147103,0.24842617987747134,0.10822592231879988,0.0010788074981297232,0.79041328996280313,1.6586013103039359,-0.59084904069734845
2690010339,0.33290986502148157,0.15493865390872449,0.0024680047977859434,0.24974020671920427,0.13799540518496736,0.0009107334398966941,0.5338517484237818,1.7191320345692922,0.18830426609622777
2690015153,0.4878614910868086,0.18161062506502995,0.0031644928827447884,0.17537882963757082,0.11548150287450448,0.001040250430943956,-1.0701486682772654,0.92996235407998962,-1.1767972318266804
2690021373,0.47269596612543358,0.27103225550551802,0.0030492526365948464,0.13894318576911693,0.18779452438595881,0.00095836528280907529,-1.3304858062572726,0.74352345444071655,-1.0370838679565995
2690031153,0.27950914304340913,0.1987376855485202,0.0027757457633752459,0.28283154694471535,0.1509679295080493,0.00075554249593047323,1.5384305656662136,1.7526470230792166,-1.0888237390032782
2690111475,0.33246214643329874,0.24859508300682495,0.0024712665557003366,0.28500521063687356,0.20360192463415805,0.0010456542191424074,0.90302743478653558,0.78143771804531503,-0.080228520470394526
2690113223,0.36406210302284042,0.23158647037215979,0.0026038713806518592,0.2393798091564231,0.24314279270883457,0.0011483540374207523,0.10091609004922911,1.329501830369983,-0.31976816895609789
2690160919,0.31846754310460268,0.21186913908552038,0.0021674633662314346,0.27875996505812528,0.19516804862699258,0.0013678591514576575,0.73563082706649241,1.374146119367339,-0.055654538696468928
2690208605,0.40429002663105545,0.21738825224543337,0.00254660091581524,0.25305124461146378,0.174887993232407,0.00090272052944051463,-0.11842208771045015,0.80956471610397218,-0.031156863383987491
2690224919,0.29861961337246817,0.25437414032773981,0.0031538473226543759,0.22214921070141483,0.089289644651229322,0.00074801551721092631,0.29657724455766482,0.21860741920846896,-0.63620551263629388
2690953116,0.19594354744050788,0.26570564790580348,0.0025009880584849135,0.16859637123275573,0.21833017930134371,0.0011570823649007342,1.7168120906459035,0.37014010323971952,-0.054382451800749049
2690965424,0.27935247912571132,0.29134660224404996,0.0019936202335811525,0.2697405638527513,0.26300862482730869,0.0011942136067649408,1.2922459480869875,1.018932769443851,0.18835284518196413
2691021202,0.40544581110932643,0.26792107502959783,0.0025034818943426114,0.25110932340721132,0.20562022216210271,0.00093843889275504859,-0.067467723459801759,0.67592565694339712,-0.1982974497883859
2706097051,0.41966619962099172,0.41965222045083028,0.0019393451350114758,0.22961563202861388,0.23523765682927925,0.0010545705635844852,0.095647923387468622,0.33834731769087473,0.099664623855638568
2706098567,0.48789884259747224,0.46898880834446721,0.0010116744841727205,0.18889372879614541,0.28309755850001794,0.0010530581561935734,-0.86034721801350333,-0.070050374762640852,1.4323677482688477
2706098941,0.46095805118834682,0.26146413575895422,0.0019347096101684903,0.2276679414786652,0.24287073917616767,0.0011244596523146775,-0.52712220183494451,1.0652070007787884,-0.2429766556281405
2706099055,0.40189919258726853,0.34784256821098841,0.0017631092936283589,0.20630243189089639,0.2589599139102447,0.0011492384066154244,-0.066652531142746357,0.60778479323267476,-0.044204135977376269
2706099761,0.31166963444290541,0.44930867370522437,0.001480122157379152,0.18545743535604081,0.23450013070139891,0.00083978225625578381,1.0406029967277413,0.3908062063917801,0.78037793019092538
2706100063,0.54450606240607546,0.54247142896085276,0.0017252119728809006,0.16470846458866339,0.28955523961593549,0.00096812192627538068,-1.1493314873936515,-0.088157968988004889,0.29822752773457323
2706917288,0.47947721450936837,0.30745140984083114,0.0020471860592734181,0.23660761005260858,0.31216118333025755,0.0015177191649016889,-0.49316388439304065,0.68178292982905753,0.014853520163810469
2706917478,0.41365937630835287,0.3867577234443394,0.0018205174093466551,0.26751553815781054,0.29867705318395693,0.0013884177672784282,-0.10190312776841923,0.16139164728946154,0.21384757004217847
2706917798,0.37220097660105295,0.33572536490247418,0.001814810457516377,0.18306546242212543,0.22380715280774752,0.00088809182299797991,0.49620497236929645,0.91767182123954461,-0.53961956492916485
2706917898,0.34762977947233442,0.40182007905281575,0.0018848153111408522,0.21881548600435421,0.32001798469885084,0.0010168930065342565,0.28097091969247229,0.50243654901769486,-0.38451301329506465
2706918184,0.34180823141654987,0.3509704034885523,0.0019697361997006307,0.26245618650163638,0.25727337430194641,0.0012136788443147279,0.73644739093654443,0.65276609380715067,0.14661615286240787
2706918334,0.17299209512314309,0.55374784633084306,0.0021924242888200704,0.24505409344369192,0.20589421098537267,0.001007091880838143,2.34992106512993,-0.30674433362129877,-0.21695133145649342
2706918472,0.21408105892251034,0.52539855777280353,0.0018761714560501413,0.26891131030878851,0.23421340567819771,0.0010778550373723346,1.8204874949210044,-0.039206377320746319,0.2575078251995373
2706918582,0.56480592226453308,0.35875223495262842,0.0024090865879985027,0.20921422944471399,0.34324241206990536,0.0010747666904685816,-0.9279264913591091,0.60718521397179548,-0.45473606917159509
2706918902,0.36997730349673758,0.42453122982527608,0.0019243654297418037,0.26752024729099916,0.25253890673693224,0.00087216712693106719,0.39815104125073281,0.33995643055478725,0.6396557158980426
290346269,0.28310578075907983,0.29109976890869943,0.0016858941022682818,0.25668791326576867,0.18393935597445329,0.00095564519141645688,0.90112475863981811,0.91207408325495243,0.69364165228127439
290347029,0.47415127152841335,0.2929205734222402,0.001406851887735352,0.33079013459024226,0.1803390856332257,0.0011615930174202445,-0.11145917358494906,0.47499263495454913,0.91431217849044855
290349674,0.41315361482972557,0.23076560512931149,0.001855056937075374,0.29566265036495171,0.17593753745684695,0.0010656007121524502,0.39573942175559634,1.0264063973846753,0.55631715714908669
290351948,0.48482004960067149,0.29061479825934883,0.0024249522901447309,0.24047117009428765,0.22318413997047878,0.001003953469203616,-0.44387458883459618,0.5972773546407214,-0.50570496933342302
290352449,0.53073757498722551,0.26864155698523706,0.00069134902986040924,0.34616895728555069,0.1811831497060081,0.00077368197650156886,-0.15411857645983396,0.92158646643451569,1.704922396458989
290352615,0.35418061848791232,0.26652765162377501,0.0011306698654363714,0.29789391234886436,0.18930282655668512,0.0010154385409318404,0.89584818834891944,0.91404643690380694,0.98686208231922123
290352789,0.56659016326856493,0.6162174124067139,0.0017038264872486623,0.090898173402185645,0.19789223282981758,0.0012889073311673778,-2.6030667550378954,-0.37826772962718092,-0.016428832755458003
290354671,0.36803847037753185,0.32805340674724803,0.0019123186876840279,0.21054738661396563,0.20052118660055945,0.0011697790854276837,0.67050108174218304,0.70882212557061075,0.29072817088434577
290355495,0.3786375366695503,0.34741971478144879,0.001577733200051344,0.28250359328767627,0.17994601936373475,0.001035893492639207,0.29673744569188004,0.74386106558525866,0.086748646451215827
290355908,0.30153845002085011,0.26020777791662375,0.0019601720363959514,0.28092170180058845,0.20541997208947918,0.0012508198813033762,1.2101528687579584,1.0023718704754383,0.31628741707154823
290356084,0.38381531139216757,0.38493700006076176,0.001434881312315746,0.26223850670263521,0.20444368094944412,0.00079182567738828643,0.0053232061425481179,0.64978654052841478,-0.17158140324137902
290356784,0.36382292036707453,0.29143955634136004,0.0020398533077020937,0.4089752682006827,0.17630815621344409,0.00079543753547169115,0.55703244570747912,0.82305437766622602,-0.20069121737841636
290360091,0.5058669967859234,0.18322701310902423,0.0024656212841211705,0.22996619898127657,0.15269413458288417,0.0010767269012218065,-0.13886469311269128,1.2758301585481717,-0.29700128582545565
290360470,0.46059550504324831,0.29226829889479455,0.0011942362270920648,0.39259224506979989,0.22230013644077709,0.0011305097817136387,0.039224414162997795,0.70752100813187357,0.95738410914525895
290360858,0.5873179804462898,0.18256592599047403,0.0018077958528765745,0.32105376144858727,0.17256750070382951,0.0013275263618568239,-0.63556869629203494,1.5936931396938112,0.49613749572508281
4027619725,0.39457279032562259,0.69339184134642384,0.0021798675261190822,0.22550353142921722,0.38218315235779349,0.0012935865489330095,-0.21456927605656312,-0.77634566286304252,-0.6348687232833633
4027625475,0.49458132025588292,0.62840933272775312,0.0024770663166048925,0.16296992407431443,0.29080935764734561,0.0010914788781151057,-1.6544270001158177,-0.46562095112328983,-0.71166787494310102
4027628555,0.34521631473150804,0.51395897470853902,0.0017645768670272392,0.22742657449668979,0.37069679122032251,0.0012593087838699648,0.10375685573978143,0.083446150670803632,0.091482865712968334
4027641657,0.45235068576644089,0.66770273814947978,0.0021719775600282268,0.24306402650536116,0.4269498077574001,0.00087022697145923682,-0.67087450501851076,-0.64077972848500697,0.16069017637867117
4027644415,0.22266465534550972,0.3295797562433424,0.0018922017750162788,0.26196204021998742,0.34829260337405188,0.0012328487993608619,1.5398217092032978,0.98625490355992707,-0.13113824044553057
4027646409,0.3516931259565948,0.45647848168588895,0.002290603844214787,0.28817292091038949,0.4289917665621012,0.0011007185665548877,0.38945913093492229,0.30887318249806428,-0.13550491543555621
4027647005,0.44786783922018081,0.71021493291779381,0.0019869097419475028,0.23860783103241742,0.40447177395282435,0.00081607846134308215,-0.73677521674401825,-0.80816718306616075,0.75184693834237659
4027655541,0.37335693461079045,0.6479975294217124,0.0015918294303531213,0.37212541056507648,0.27102396887712576,0.0010345496956176677,0.4482537092849278,-0.4582159222925668,0.17172587459537458
4027657471,0.51717926365450928,0.60223659035237664,0.0020234013173192301,0.17660108578988926,0.36809962720931033,0.0012237498145912435,-1.353748070180538,-0.34297634877052258,-0.16679433920946216
4027659893,0.43213608637613571,0.57826910619674465,0.0016335265830997735,0.26498011234285163,0.32236181221093485,0.0011273272647980036,-0.38104673847157849,-0.17321916155260808,0.4223216486662269
4028372658,0.41043901039905006,0.57838431719024863,0.002529122424125463,0.22733906717820265,0.26422473601573604,0.00097702396048804873,-0.5841081266789413,-0.15133006023188092,-0.73436392907818027
4028376822,0.49753416995312599,0.5818359507578077,0.0022800951269319257,0.16282579622288051,0.29164516353315134,0.0011654202613058402,-1.640678823086777,-0.1543874095083243,-0.27571199384870693
4028380134,0.4796153875485713,0.61107955015288629,0.0021254337461179334,0.17384746905400159,0.31182833143474703,0.0011682507763055416,-1.4203575211298938,-0.10222553043377096,-0.14485655099634254
4028383788,0.37755226325911356,0.47198607713200502,0.0020042764794782906,0.22938049396475438,0.32160760762637985,0.0014897333109632346,-0.16491568693713879,0.307417194595413,-0.12373134434270709
4028388706,0.31209294222498601,0.53773265728584807,0.0018693547526764883,0.24906574608251641,0.3322396385268816,0.0013929935356100517,0.56481143654549937,-0.05727964626087495,0.10835684943271982
4107880947,0.37864663356540346,0.22430660440082267,0.0015366559938482642,0.26805220276525693,0.19745432142249364,0.0011100478108743493,0.45229075810445385,1.0348177354538119,1.1736136343523511
4107881817,0,0,0.0019596538357041734,0,0,0.00065248178731313743,0,0,0.63650211767174381
4107884203,0,0,0.002000769509162992,0,0,0.00070082886627082593,0,0,0.91517731210547837
4107885699,0,0,0.0019944860592080367,0,0,0.00045683258297603269,0,0,0.54531486111596661
4107887033,0,0,0.0019125753274380967,0,0,0.00064047851442272446,0,0,0.66583847045652234
4107891155,0,0,0.0019338961117518212,0,0,0.00059241562590734201,0,0,1.2687454560707077
4107894189,0,0,0.0017934413328205088,0,0,0.00097390621975372896,0,0,0.92102681134098019
4107895469,0,0,0.0017600143534536577,0,0,0.0010834484360636295,0,0,0.72132054244893717
4107897723,0,0,0.0018605750608738046,0,0,0.0010775131065879249,0,0,0.72230915294474529
4107900033,0,0,0.0017745361117522979,0,0,0.00089945130637366548,0,0,0.062096297207096064
4108653560,0,0,0.0019939785210815863,0,0,0.00055882831901605829,0,0,1.2924742061675516
4108654984,0,0,0.0020101358349352474,0,0,0.0005666744498742137,0,0,1.1902512166781596
4108657666,0,0,0.0017541373933100616,0,0,0.00097062584139260579,0,0,0.95572011393027434
4108661410,0,0,0.0020184702704090481,0,0,0.00081428608461308564,0,0,-0.71697211460885779
4108663816,0,0,0.0017519566525693898,0,0,0.0010930834733348101,0,0,0.71997236280813959
4685000051,0.32582160876242477,0.34871624786661792,0.0021939452716845192,0.27589019219466127,0.33993171573621983,0.0012189408270296062,0.66684339847199514,0.75420128606873027,-0.17417232121534404
4685000423,0.43436814370851207,0.41001010183220282,0.0029292442615620712,0.23672328820762711,0.28819064950880247,0.00086119402584109675,-0.66888093274969396,0.090913580085655199,-0.22357639714969296
4685001363,0.3565833582839768,0.30169280572806645,0.0020487010457283942,0.29687906593142638,0.36328576917753386,0.0012355890202073935,0.45062078354578555,0.9411355770262001,-0.14329837973938453
4685002837,0.25345935085389015,0.3853850134136278,0.0016161030089889535,0.29714874719329015,0.32053843038312596,0.0011251407355555502,1.0986237665001712,0.62365054265066511,0.32164227161789721
4685004355,0.17332523742653153,0.13992067350562068,0.0027271413512706248,0.25067110810408127,0.14477797410028473,0.00086643819180525741,2.0329993536847888,1.3180432454405533,-0.82956685194800484
4685006987,0.2957117438525918,0.33138119472518573,0.0018787840666502388,0.34078715541021432,0.20375824507737542,0.00086343592278723298,1.0383411723996494,1.1638348123629623,0.27866941714733767
4685007819,0.40511914205180249,0.42160259985477705,0.0023599180567747693,0.27097362454191726,0.29329819035678611,0.0011504505515802842,0.090746367611837686,0.61208247965946572,-0.26269794997757778
4685008485,0.54550997483561725,0.76553347161132979,0.0027753641709298582,0.080833523760820702,0.2351395829757344,0.00096973434191944272,-2.0549114895265337,-1.1798444794814194,-0.9156226889810396
4685633294,0.38028964576751423,0.2328730388184595,0.0026515222044334683,0.25586664230152323,0.24483021819228687,0.0010667962084418209,-0.036403497564522713,1.7403900606015605,-1.0657768420809071
4685634044,0.35433344461362254,0.20968539522824159,0.0024694650598575669,0.29249153325392063,0.27653807660170548,0.0012222614658156505,0.32002289208011686,1.7126968586439382,-0.62322264575211694
4685634504,0.11705085102906361,0.40401611659411779,0.0021998595819788143,0.17237079699052218,0.21795928713039636,0.00096167228131846516,4.1036648470397576,0.34290349394652747,-0.27656934611018841
4685636170,0.33871422023444098,0.18451768305009592,0.0025379265631992483,0.32074026204060485,0.24273007571478802,0.0011901653008537438,0.56829939274970354,2.0129169038943355,-0.67552802549501745
4685637434,0.70266542536860688,0.63020411695337752,0.0024216637801844805,0.38414510859080991,0.2512477603086582,0.00098394828331414201,-1.0187066074501518,-0.68768424511701332,-0.68856164504821404
4685641418,0.45048762150559535,0.43571748080902484,0.0024012728612356261,0.26572449826800576,0.26747699159307298,0.00082273007048575724,-0.28669169501674246,0.34434305141687954,0.069358430266067181
4685642932,0.53944914290040735,0.47260898246827326,0.0017232768693789548,0.27768680492437042,0.29551505866747507,0.0011363800900212834,-0.71476368056258599,0.20829013043727643,0.62390616491595097
4771811647,0.37021281570126657,0.27231203702008289,0.0021087492640602394,0.19388087615921468,0.29312905985990995,0.0010012694523711316,-0.017226289258080257,0.95610773640262459,-0.10802151323348233
4771812127,0.4070418984361277,0.42613609074123465,0.0021865591387927276,0.18861576040511474,0.24336750379312713,0.0012129360685081757,-0.12125326808642034,0.1010008872349533,-0.18136866786183947
4771813139,0.32348894967512293,0.082431304261335062,0.002161329682944229,0.25487399275758582,0.099671184344979846,0.0007957024207812702,0.52923334445002834,3.3897077407495706,0.81693398474156353
4771813289,0.27997795736632353,0.16549312192877244,0.0030835277860163115,0.28761360424467552,0.17722946832740266,0.00048684531535813351,0.97337827235506158,1.8948526783746016,-1.2940437380311118
4771813577,0.4787356332404526,0.26207247230350827,0.0025742448185572708,0.42058342245928687,0.24874432759065787,0.00048208018366123099,-0.0095354618274565688,1.4184050586862533,-1.6548311751570919
4771816811,0.12670470314715701,0.73287826011912305,0.002748692636165249,0.23886295812572222,0.16205503551779013,0.00078529149822129346,3.173441431050477,-1.998576151837564,-0.21765729740986547
4771816933,0.7053116648014095,0.59918780933910487,0.0012059364244520702,0.36839379469791644,0.22512044058823344,0.00088872121828093844,-1.1449296726794198,-0.30040853666421463,1.1894651237582334
4771817295,0.46083666202040868,0.45733469444861641,0.0015678367807252919,0.21630031521733173,0.30060575265322004,0.00093981997241535423,-0.72668813476217808,0.45111303058920538,0.67786116728466761
4771817899,0.38362312588452491,0.46713749959823442,0.001890626244217562,0.23102776334027253,0.3101765148325501,0.00082448486852107104,0.0097486596939594401,0.26415317136854871,0.61764891588400894
4772076337,0.47040102656330723,0.29335427657732294,0.0023844377472679599,0.29397825518252818,0.1656380986532521,0.0011155467101971281,0.23673132836211494,0.39008833078492877,0.068991075400622312
4772449560,0.48470911921198001,0.69550148247596533,0.0026336465717399986,0.12959066048529161,0.30611048876368013,0.00098759086899438296,-1.5964844914941103,-0.78736488154037532,-0.79223692084748942
4772452030,0.5039490062694435,0.16011614916347205,0.0024068850442138397,0.40949954622451151,0.15681680692383285,0.0004700781614629723,-0.16749634500463667,1.5797968294739222,-0.96170795200586812
4772452248,0.16472065420476389,0.46963194017782045,0.0020758473280828933,0.23634612185842604,0.32467355217311034,0.00089985685088367893,2.4758495720857958,0.20239128577220533,-0.59633284375306794
4772453986,0.51121477594867037,0.69418466691187464,0.0015087806843521736,0.45764813292378576,0.21745265068180789,0.0010552271303584688,-0.10254957122195482,-1.191456288828602,0.47523000465623122
4772454398,0.56473392194119276,0.3394229808690245,0.00229276952966786,0.38656708401186368,0.27016916934366264,0.00087680822828053453,-0.34342036146170646,0.81308383626032399,0.13545841421148094
5290225123,0.41767217108053695,0.3316532096141997,0.002637659565598055,0.24596280944428464,0.171595449954698,0.0011397454626816662,-0.36902759207414215,0.70619991962494022,-0.85935142253576824
5290225999,0.48578554281238046,0.38634943297550234,0.0025525990467052924,0.18457167036903693,0.18946850221921718,0.0013730106147315938,-0.87846200971065291,1.4605277994659809,-0.34032345910607437
5290237269,0.2861310888673021,0.37474297267825257,0.0020114334153221607,0.25559009803507138,0.24381326653368895,0.0010680218903274469,0.66426547401004798,0.64145804359281111,0.038246440664525795
5290290829,0.3762621926577922,0.2290718293588134,0.0013513788487282423,0.31545157323344047,0.23844788115235005,0.0010205927315382727,0.35124772670186033,1.7681738740022019,0.74447912578151532
5290297283,0.37259776404291567,0.21736101144191769,0.0017834427907708291,0.32326503634596515,0.22072356312582544,0.0012236656443095236,0.41927487119941037,1.9369539091414449,0.16674948207035839
5290298147,0.4021067253656333,0.13336485711594478,0.0021436965393291582,0.27836135128379974,0.10077871138417076,0.00055928472843667606,-0.12584606901326315,1.6841980518971504,-0.69842678603926567
5290298993,0.51835083420338302,0.34924312809773639,0.0027778086278223649,0.17684152190005459,0.14736686739575222,0.00087106620015369438,-1.6890167403333574,-0.38431801925142028,-1.2534842552747754
5290299717,0.42517214798620789,0.28987368273806607,0.0024098840575680581,0.2431505807240277,0.1799727245468887,0.00088816032737308386,-0.57672816763922952,0.27754361767713404,-0.6028845247214567
5290319715,0.28221281871659587,0.34507350410766452,0.0016751580254118785,0.28455329792300638,0.1933467093977507,0.00080881120825644496,0.89057602180478157,0.68192868952877983,0.2563625313135362
5290322539,0.3288582785778093,0.50674128622536829,0.0017488477554971568,0.33453524357411307,0.29751785302211514,0.00097502672354279278,0.73857978423074877,-0.013876178428599974,0.27971437625896012
5290826488,0.38097974479549762,0.32529166201990356,0.0030562711283427034,0.2618442289538957,0.1403426272743451,0.00059871491862248578,-0.25682919104610979,0.37429106746894641,-1.3654367754225092
5290826802,0.38530066438775273,0.35004012577337978,0.0024389367388819427,0.26125695832814028,0.17658916203225641,0.0011211087782055369,-0.13347036938329565,1.2008508829360609,-0.68002023105805087
5290827378,0.393403911535811,0.3059422156133989,0.0029019183539230236,0.26077046451031483,0.13887243557638859,0.00090721913094438263,-0.31842639278809176,0.77691069054330408,-0.87276325013413802
5290829838,0.40728263944097381,0.4390273044805913,0.0027745619618033562,0.23829767377941186,0.182512717144381,0.0010614971805518977,-0.46322095394648427,0.39312165272943095,-1.0803927456012745
5290887022,0.36144147806190863,0.40969112959743376,0.0019369270391833965,0.25230078310254633,0.26653107772571172,0.0012090207319418933,0.059552077501590701,0.77895028363241969,-0.3608823962868164
5962309865,0.37453498241358263,0.48817482874991469,0.0020500617454824502,0.29734411972512664,0.36499004286760978,0.0013027750674961262,0.45443477652199815,0.14295147141350054,-0.078177386149538841
5962310647,0.37535495712370337,0.4137843988782286,0.0023531478883725304,0.32645805033266623,0.38225477187954798,0.0012322557126450318,0.45025153425674896,0.37894594271829607,-0.40613270688165565
5962311985,0.42811880367512128,0.42532713734704436,0.0025152230680504876,0.30389829813047392,0.42453771556586523,0.0010643089664904553,0.060619123966193324,0.44801792354650183,-0.69703622632983764
5962374839,0.49002647267644422,0.57623855935064783,0.0019823635832370286,0.24097964948853115,0.31415599900652202,0.00099784565313090941,-0.76727562254558901,-0.1902733845117468,0.6194088750804585
5962378219,0.42505929385282237,0.49137293568005458,0.0022262947269727699,0.27242362722383623,0.29192524237019551,0.00077114336699017269,-0.16643724910650493,0.24063123014475618,0.05006249691630478
5962382547,0.46159839672076181,0.54161186302341235,0.002503414233148833,0.25477756400024204,0.29206756391722971,0.00076775988283762941,-0.49719263835393696,0.022904944429564911,-0.20770041110877968
5962384311,0.48346012403199023,0.54291208206299879,0.0015952370275939122,0.26620916638255337,0.33250806199313393,0.0009529669953337737,-0.585451723909996,-0.01048276381113834,0.95466198026896087
5962387175,0.44904637172990214,0.3986052527008026,0.0025577887922520232,0.27065737030488429,0.33845382266212376,0.0011194837499375941,-0.49140366366447985,0.4801149304006016,-0.22015231930899215
5962845226,0.31655783702730456,0.1903284559011853,0.0024194052133791159,0.34366847374217757,0.18937931009082007,0.00098052691969432483,0.69134450303617201,2.3515729220484864,-0.48613653134116847
5962862982,0.25903743368593263,0.35652468525515374,0.0022507240292193786,0.2733875243707255,0.32577142221353611,0.0010932544535831789,1.2742118955953452,0.90682182961397884,-0.57714587477081647
5962915384,0.4583248889804501,0.32662171378855126,0.0020196221272683981,0.24736474115601981,0.24307653041876678,0.0011294150249660199,-0.94705025175191904,0.70763878494601751,-0.91923784162134459
5962924078,0.5152579474623119,0.58300437552267714,0.0023291583163323765,0.21613020763100704,0.28189045813169372,0.00085391932313367864,-1.0638595547008183,-0.044965221015351657,0.075959071291829675
5962926542,0.39666158749886721,0.53263748275284384,0.0021350366782006396,0.25174075454979922,0.28728972044442769,0.00078526470180836764,-0.13832226744089313,0.17875618632040122,-0.019380252386050414
5962940222,0.50425881179669696,0.49231726959606814,0.0018896396122947718,0.24946549179866895,0.30732284303828006,0.00066671200370893135,-0.80955559205911143,0.30220018092865264,0.50206292163369959
5962943290,0.52031836287822653,0.35194951470496666,0.0022540320184543479,0.21679352248217829,0.35366115048066282,0.00071584411570921054,-1.2546758004169134,0.94095303507772277,0.062525329975407815
6828719093,0.40630332804866648,0.2326031753328692,0.0020359426630081529,0.30073710033917322,0.20169146986776768,0.0011259031668985401,0.3309507384677749,1.2619915870277192,0.16054836646820259
6828724543,0.20055262760907261,0.31685928348741582,0.0017975833272713469,0.19297603112833647,0.29002725138040886,0.0015697858164858591,1.5951007182506884,0.57307359146669168,0.38132453433979868
6828732537,0.36570012023651899,0.23450786329566964,0.0019972501220941164,0.27254057125536657,0.18641684873806807,0.0013414909730052578,0.51281331416372122,1.2056053821976578,0.35475872580498408
6828739337,0.27096962720276241,0.24633290308769429,0.0023291132424230736,0.2509094717413014,0.1656905287562967,0.0011821072247841192,1.0277712322735162,0.77211718766287774,-0.15113518165988407
6828748431,0.44650000827652098,0.15324529146241789,0.0019562276925136966,0.29437368386865859,0.13404165875847726,0.00078045928210366568,0.1407014005290371,2.1055708814802712,0.26631577886838181
6828756695,0.30711399107285037,0.27265498374539548,0.0020054278038130679,0.2535053423946258,0.22121555414708449,0.0013414124946734252,0.72823297359624795,1.1315969914939594,-0.16154896589910903
6828766357,0.30303201283237419,0.32028461628679444,0.0022331071094159106,0.24825731550519056,0.2086148459460184,0.0013311785501858395,0.72195624530179814,1.137896651246356,-0.072535909579659774
6828774105,0.21845180098128505,0.38665518246290076,0.0017812733148372944,0.25159881195016931,0.20308072656422585,0.00099381165180545384,1.3791214056873837,0.13524859950698059,0.12746990390817228
6828781685,0.21303583322999955,0.32351455321817363,0.0017249719384898562,0.27488038250967251,0.21615078025681078,0.0010371714504884108,1.7763368361742238,0.76727946380442014,0.24228270389708823
6828790001,0.11042013905569797,0.47983859381755278,0.0018184303796299108,0.18019068116148124,0.19025483423336406,0.00071981206604449172,3.8773851991818864,-0.55033940012360083,0.3453220900571991
6828798241,0.0838480721805476,0.64001410314347762,0.0018631981529110273,0.081954222738643834,0.15002310125586432,0.00099126493499992205,8.761866836510567,-0.041408922665927099,0.1899642531340637
6828807053,0.14560061067101748,0.50112663162965554,0.0019933419925114728,0.2112644572961534,0.15721538637145693,0.0010171996910530311,2.854501735897057,-0.62048808157746549,-0.37354143013945412
6828814379,0.22464361212606151,0.49774408239687856,0.0017153914237189709,0.30876394599747431,0.23855106359718189,0.0011501739735371916,1.5639908928514505,-0.27578983852267475,0.23485528229061028
6828820619,0.36423717313803039,0.11391123457782083,0.0023954921472798822,0.26606091032916079,0.1163637012927605,0.00097716399394829939,0.25395192664935246,2.6205691133709723,-0.6343569771409846
6828825667,0.33891963188685842,0.080592537892206509,0.0022636802734724653,0.34317130094413156,0.13357818339463645,0.0012241161927811911,0.40085393927476937,3.5817126723234689,0.262791951388125
7867357776,0.58494621706524341,0.67935484561560155,0.0022069434601843397,0.3415076002018082,0.27851227856957622,0.0010485962326749053,-0.21769007353856248,-0.73708749302382826,0.17298887839365026
7867390202,0.33211150489333324,0.41364586634438871,0.0026926793921939582,0.23388597788665938,0.22626227209766123,0.0013305288881983242,0.50600325491621956,0.79091559076278439,-0.5605694241340754
7867470286,0.20965582590699636,0.53748371386354743,0.0022183603672875575,0.31345523185796759,0.2506181251149624,0.0011307365608390235,1.6604443524989985,-0.61503701752037077,0.056552751935229441
7867545190,0.36389730936501358,0.49158872275412091,0.0024148783616372155,0.40745558768502688,0.21292890497964931,0.0009156788129563901,0.5161662314565324,0.11526309446176408,-0.40141318477601845
7867553528,0.48055351205006125,0.22826952416584192,0.002290996879232063,0.27168468358701608,0.21804687651973695,0.00091150565520796607,-0.53965894900964895,1.2914639884771009,-0.83748888969683688
7867583610,0.41102460158387555,0.43940954467979054,0.0023867297054835901,0.28687118587569177,0.23386178609256073,0.0010399044756350096,-0.3185262321726785,0.66892702301990337,-0.58215121599338204
7931021112,0.52508940632595336,0.38379138314846284,0.0021065368294239583,0.16862190346548384,0.16143864736886834,0.0014423436607554155,-0.89787652514696359,0.81576327711950658,0.18882102522010591
7931025204,0.28589242577732915,0.42694437222642995,0.00217383664744317,0.29378587213400514,0.24700731620614694,0.00098767209759535474,1.1015779981693643,0.29323488568735884,-0.039884503894606266
7931029930,0.17537425854728222,0.48505481538758177,0.0021644124977572067,0.18815268739562771,0.19668968982409551,0.00074637617748404372,3.1094732348241263,-0.2442971723161588,0.085331369793640532
7931031804,0.22500456032247171,0.45444948862910595,0.0010483798744072982,0.25813369364055583,0.33262047510976117,0.001004070797294357,1.3932768515090574,0.19704147893296398,1.5973357875179079
7931033728,0.35287213298680137,0.35236588569842869,0.0022702736485966666,0.29954788468061228,0.32539170322509181,0.0011239336970418829,0.51804088329588749,0.68698147563617118,-0.26542401424977397
7931053644,0.34141579599829169,0.29748824666302892,0.0020040922927080018,0.3486725582031307,0.20736280330694945,0.00091404955032286562,0.72935060232107152,0.75072610206420631,-0.83096652679624594
7931056058,0.33897118357731659,0.37412248873832832,0.0020100179725745055,0.33956636231339377,0.27260041698312604,0.0011605497852101127,0.71231306595663624,0.45212000996142249,0.062390310394320032
7931058042,0.39101338489018428,0.38450829664606967,0.0015884022452901997,0.33801687791863505,0.20515670920316892,0.0010728605060553748,0.3885511067477852,-0.01731339349722006,0.6684329099077464
7931060050,0.51688404587026326,0.36943894337537908,0.0014091665667048771,0.35272797932844102,0.2594749243954742,0.0010995467985627633,-0.25543677225919675,0.58970339238859781,1.1562290813198273
7931061930,0.37912923905416995,0.46855805684721835,0.0015197831398178574,0.35363061731993506,0.2684468938534193,0.0009952276939568178,0.51524680704535886,0.10058566308437016,0.96111902679641448
7931065948,0.26845642007539383,0.34354136034090582,0.0023716786671791729,0.27939386661408522,0.20953469623391602,0.00094097170928460021,1.3931724057820798,0.57954048847183504,-0.15564259434757083
7931068000,0.43161770104162456,0.2956302583312781,0.0016459584467511581,0.35281534219438698,0.18198858117897806,0.00093718774018149999,0.23822901033185342,0.55063068194642484,1.0461515236793624
7931074024,0.23588813321767399,0.31114010191750757,0.0020139138280148056,0.19621930341659621,0.15674945483457994,0.00086375601820061563,1.6669557237726,0.89788615476177647,-0.085798757096749695
7931076060,0.27580850851801691,0.28751019050688187,0.0024194282609251282,0.27412145763997908,0.23597238447389346,0.001002957709630559,1.3951681473159392,1.1252465645294152,-0.37733162582559743
7931080032,0.52256679591573718,0.48784918330847271,0.0014310659182365246,0.3837857546349645,0.23314946310442367,0.00080272365229478013,-0.20718780495261691,-0.1378139272000021,0.52731818926122132
8297090079,0.54292936368339573,0.21686712841504693,0.0019532954869515857,0.24065309655599584,0.15534381758097418,0.0012442895524217099,-0.72680740412689238,1.6392302148524289,0.10844742892857551
8297104113,0.38866397167042277,0.40358769466762051,0.0015990358062791194,0.35803854070110047,0.23224206528721419,0.00095080640119258068,0.43962156192080321,0.36376238466197225,0.51426084192966071
8297364063,0.15502328890916736,0.53563228064810864,0.0025035228538800168,0.22919268679810151,0.27416684835026234,0.0011237948345854171,2.746943035468016,-0.29032023123775241,-0.14145973972803705
8297422693,0.18583555348140227,0.56929613676854163,0.0028671676982633273,0.23345137522497603,0.28052363413011683,0.00090949987788409357,2.1381087044729155,-0.30180353385567388,-1.0804521759622958
8297428311,0.39465567114654693,0.33292091343037539,0.0022161739132441766,0.30929704308626249,0.30312384394793612,0.0011279251383881344,0.16997515789068901,0.83580436605738029,-0.15718220574822006
8297435663,0.43270999777803582,0.54630538488003866,0.0024622923269288716,0.25981550362171008,0.33209538956733248,0.0010571202732692223,-0.15414657066532883,-0.41721289522886584,-0.63745782392612171
8298394302,0.45088155675041547,0.56909251709334596,0.00046197450045213549,0.35825316639791882,0.2660855906307894,0.00082835301601231364,-0.04354185648481549,-0.48069730637798957,2.7614535684962425
8298434572,0.34410439608995708,0.53215183421113332,0.0013716463406890169,0.40770138484151652,0.23427975018415814,0.00078609468607278245,0.70675631899398239,-0.2005528307773152,0.13369342516015276
8298482456,0.47534640897112929,0.40318370461455877,0.0014922898908136314,0.27874763826678922,0.22491449856218812,0.0011528507460548711,-0.54404163140806061,0.24521445931041205,-0.00064414341026994976
9420625927,0.38748226908593503,0.35623505670619782,0.0022493063767341113,0.28072711132392836,0.18987622548685357,0.00095118352726711558,0.1572411684972293,0.34451549362770539,0.083521439983879703
9420634137,0.31143010285102479,0.2668700080252398,0.0025655044597066461,0.27859027273638565,0.19400924549518203,0.0012290738454818317,0.47685456102671975,1.1697142892674903,-0.49434332349584642
9420637451,0.19211095868437944,0.53834694432328922,0.0022505734124500195,0.25637348388401576,0.18567649276469486,0.001063973843993373,1.769200772260306,-0.899530470873384,-0.087423767486423859
9420640985,0.61807861681861809,0.23360677176415384,0.0022605298806553731,0.27640935801145922,0.16546597482209272,0.00097379667967884389,-1.0342818489566086,1.0744737257781167,-0.2619395681786148
9420660041,0.56593788857056315,0.27452533465012119,0.0019414361429658149,0.3045322428609647,0.20917124904265971,0.0012966169155406244,-0.62507484427033466,0.78729290365309268,0.38327418849224371
9420661179,0.39034571700679777,0.29318637931553609,0.0017296992494220825,0.35764141537476452,0.1277936787060259,0.0011875344210997305,0.19042463483104938,0.38861524991780338,0.40183093086879818
9423395702,0.46246832702111373,0.29679871447521633,0.0020856059312533682,0.32094353322999958,0.1700507047888295,0.0010952136907283474,-0.11168883259609193,0.94886762922156187,-0.18462996464940243
9423397566,0.35787989529710751,0.26825811154434664,0.0021527473865360696,0.32202290380868431,0.19100413314296727,0.0012601670942795353,0.35016870399314898,1.7174794030083074,0.0755431728774833
9423398520,0.40727914265896975,0.36451909534873511,0.0024676166043360562,0.30812185592820573,0.22619684075662572,0.0010231157463331095,0.073584717992901061,0.28474931432335504,-0.24549972819552224
9423406178,0.43863973856336252,0.3751750870505291,0.0017849237778810325,0.37018688068332645,0.18750468004870241,0.0010098214759984929,0.052275991424759853,-0.087951572418507512,0.74032439783213377
9423407180,0.46399225363610913,0.26877096297217407,0.0021220581674018446,0.36184812281279771,0.13859464526579537,0.0011082326739585624,0.024381173413616015,0.31108116994971674,0.48811201665822956
9423409782,0.64844608896911793,0.12394561702781814,0.0023025890157057053,0.2658090511556146,0.069032258688936962,0.0008695821146184323,-1.4635770627529026,3.0331415431427984,-0.52721828311829444
9423410798,0.43505887652244352,0.27815583462757543,0.0017595042685156108,0.37804153202155355,0.15420256569182086,0.0011976669453892059,0.10583433371505303,0.67785388254764878,0.58622219632816108
9423415856,0.62107090717549296,0.1588948533300916,0.002148533081681764,0.29988996783797767,0.11041843878731604,0.0012306632912195815,-1.0913696385504494,2.4506172018819825,-0.22435256764539005
9423422278,0.44619771178182671,0.51307626948127905,0.0020618443711272298,0.32653073242936659,0.30518219747657571,0.0011443969908946359,-0.13693260556987838,0.35560725492231143,-0.11771903157654726
