11345647513,0.45374174174174176,0.16654654654654655,0.087189189189189192,0.09117117117117117,0.037129129129129128,0.0095495495495495492,0.00048648648648648646,0.0045165165165165161,0.022480480480480479,0.064402402402402401,0.062786786786786786
11370126356,0.19845645645645646,0.072708708708708714,0.064432432432432435,0.24830630630630632,0.0064144144144144145,0.00042042042042042044,0.0023003003003003002,0.0012132132132132132,0.0015795795795795797,0.40218618618618618,0.0019819819819819821
12496565503,0.20807207207207207,0.10787987987987988,0.08142342342342343,0.24745345345345346,0.0040720720720720718,0.067525525525525529,0.040168168168168171,0.010864864864864866,0.014624624624624624,0.21546546546546547,0.0024504504504504507
12496722755,0.25482882882882885,0.20843843843843843,0.19011411411411411,0.057015015015015012,0.00040840840840840841,0.023597597597597598,0.20825825825825825,0.0068708708708708705,0.049969969969969968,0.00047447447447447448,2.4024024024024024e-05
12496887265,0.28547747747747748,0.135987987987988,0.13281081081081081,0.17600600600600599,0.0054654654654654657,0.026018018018018018,0.01018018018018018,0.013345345345345346,0.034474474474474472,0.17963963963963964,0.00059459459459459464
12496940295,0.27178378378378376,0.11336336336336336,0.089939939939939942,0.19502702702702704,0.0091111111111111115,0.074558558558558558,0.019255255255255257,0.013891891891891892,0.0088468468468468463,0.20148348348348349,0.0027387387387387387
12497053754,0.29975375375375374,0.010114114114114114,0.05884084084084084,0.39651651651651654,0.00025825825825825824,0.0032132132132132131,0.073699699699699694,0.015117117117117117,0.010798798798798798,0.13168168168168168,6.006006006006006e-06
12497065235,0.17739939939939939,0.16587387387387387,0.10803003003003003,0.25699099099099099,0.009675675675675675,0.025069069069069069,0.014894894894894895,0.0074594594594594591,0.0077237237237237234,0.22215615615615616,0.0047267267267267271
12497092273,0.18082282282282283,0.18991591591591592,0.068720720720720718,0.21448648648648649,0.011909909909909909,0.032636636636636636,0.021999999999999999,0.0068648648648648647,0.004606606606606607,0.26703903903903903,0.00099699699699699689
12497114985,0.25971771771771773,0.0075435435435435433,0.029837837837837836,0.47783783783783784,0.028288288288288287,0.00054054054054054055,0.0025465465465465465,0.0041681681681681685,0.0031411411411411409,0.18595795795795797,0.00042042042042042044
12497128795,0.23778378378378379,0.17351951951951952,0.10394594594594594,0.20210210210210211,0.012948948948948949,0.092786786786786785,0.020582582582582581,0.0050510510510510514,0.0065285285285285287,0.14415015015015015,0.00060060060060060057
12497216703,0.42386786786786784,0.21915915915915915,0.058906906906906906,0.15624624624624625,0.020024024024024024,0.0054174174174174174,0.0050150150150150147,0.0016756756756756757,0.016396396396396395,0.08980780780780781,0.0034834834834834836
12497234034,0.40425225225225225,0.0074234234234234232,0.088270270270270276,0.15759159159159158,0.00012012012012012012,0.0070450450450450447,0.15446246246246245,0.00387987987987988,0.01115915915915916,0.16533933933933934,0.00045645645645645645
12497260794,0.19472072072072072,0.20235435435435437,0.070024024024024023,0.24578378378378379,0.0031951951951951951,0.027735735735735737,0.04428228228228228,0.012306306306306306,0.010954954954954955,0.18783783783783783,0.00080480480480480483
12497291294,0.22104504504504505,0.17192792792792794,0.14750150150150151,0.080666666666666664,0.0011051051051051051,0.13233633633633635,0.19874474474474474,0.0042822822822822819,0.032750750750750748,0.009249249249249249,0.00039039039039039038
12497320934,0.34747747747747748,0.012114114114114114,0.14484684684684684,0.18487687687687687,0.0075735735735735733,0.011057057057057057,0.028432432432432434,0.0083843843843843836,0.013303303303303303,0.24141141141141143,0.00052252252252252252
12497387424,0.44381981981981983,0.23025225225225227,0.1439099099099099,0.060012012012012013,0.0031771771771771772,0.01163963963963964,0.0026426426426426428,0.0041081081081081085,0.013345345345345346,0.086924924924924929,0.00016816816816816817
1427900367,0.05069866666666667,0.0010346666666666666,0.42287999999999998,0.15801066666666666,0.019146666666666666,0.091338666666666665,0.013829333333333334,0.0068106666666666663,0.038917333333333332,0.17001066666666667,0.027322666666666665
1427900533,0.080472440944881887,0.0025984251968503938,0.16155118110236222,0.32121259842519684,0.059251968503937005,0.049377952755905515,0.21588976377952757,0.00083464566929133857,0.0025354330708661416,0.053220472440944883,0.053055118110236221
1428779394,0.37681595092024539,0.0041901840490797546,0.12680981595092025,0.024570552147239265,0.01661963190184049,0.074417177914110427,0.033588957055214724,0.00088957055214723929,0.17817791411042944,0.14789570552147238,0.016024539877300615
1428779914,0.34295721925133688,0.054443850267379676,0.37852941176470589,0.033005347593582889,0.085294117647058826,0.0065240641711229947,0.013203208556149733,0.0056791443850267376,0.014005347593582887,0.044149732620320854,0.022208556149732619
1428780040,0.63049599999999995,0.025653333333333334,0.10457066666666667,0.096096000000000001,0.0091999999999999998,0.0084320000000000003,0.0046613333333333333,0.010293333333333333,0.0023786666666666665,0.10729066666666667,0.00092800000000000001
1593561917,0.36742089552238805,0,0.15334328358208954,0.1681910447761194,0.10344477611940299,0,5.9701492537313431e-06,5.9701492537313431e-06,1.7910447761194031e-05,0.2075223880597015,4.7761194029850745e-05
1593577773,0.017564179104477613,0.39786865671641791,0.033020895522388058,0.14379701492537314,0.15395820895522389,0.00035820895522388062,0.028776119402985075,0.0035641791044776121,0.00097313432835820896,0.21867462686567163,0.0014447761194029852
1593625299,0.18698507462686567,0.072149253731343288,0.10835223880597016,0.30694328358208955,0.033564179104477614,0.00013731343283582089,0.0072059701492537317,0.00081791044776119404,0.00082985074626865671,0.28113432835820895,0.0018805970149253731
1593637477,0.095152238805970152,0.099617910447761193,0.2432358208955224,0.030280597014925373,0.15151044776119402,0.041504477611940302,0.016322388059701494,0.00011343283582089552,0.0048597014925373131,0.042035820895522387,0.27536716417910445
1593638721,0.05681194029850746,0.33761791044776118,0.24472835820895522,0.059092537313432836,0.067349253731343289,0.03493731343283582,0.017074626865671641,2.9850746268656717e-05,0.0023582089552238806,0.0020417910447761193,0.17795820895522388
1593640601,0.027528358208955224,0.36130149253731342,0.14072835820895521,0.0015761194029850745,0.0018865671641791046,0.3868537313432836,0.0024716417910447762,0.00040000000000000002,0.0013731343283582089,0.00060298507462686567,0.075277611940298514
1593676427,0.016305389221556887,0.040401197604790419,0.011287425149700599,0.733934131736527,0.0010479041916167664,0.00092814371257485034,0.014646706586826347,0.00044910179640718562,4.1916167664670657e-05,0.1808622754491018,9.5808383233532936e-05
1593702245,0.30866865671641791,0,0.010692537313432835,0.55237014925373129,0.016376119402985074,0,2.9850746268656717e-05,0,0,0.11186268656716418,0
1594456014,0.20957014925373135,0.45454328358208956,0.062292537313432837,0.096226865671641792,0.062364179104477613,0.000573134328358209,0.0041850746268656718,0.005576119402985075,0.010059701492537314,0.092507462686567163,0.0021014925373134328
1594465288,0.068208955223880596,0.0035462686567164178,0.20310447761194031,0.66148656716417908,0.010238805970149254,0.00014925373134328358,0.019952238805970149,0.00041194029850746269,4.7761194029850745e-05,0.027683582089552239,0.005170149253731343
1594470000,0.0038985074626865673,0.6079582089552239,0.18157014925373136,0.023510447761194028,0.078089552238805968,0.0036298507462686567,0.017653731343283581,8.9552238805970156e-05,0.0010805970149253732,0.031182089552238806,0.051337313432835818
1594488068,0.057844776119402988,0.58354626865671644,0.061116417910447758,0.1102686567164179,0.098250746268656722,0.0011761194029850746,0.00062686567164179101,0.0002865671641791045,0.00028059701492537311,0.0083820895522388056,0.078220895522388062
1594509232,0.19158805970149254,2.3880597014925373e-05,0.1648179104477612,0.089211940298507458,0.0055522388059701493,0.028489552238805969,0.010543283582089552,0.00025074626865671644,0.17229850746268657,0.26945074626865673,0.067773134328358214
218441561,0.00042042042042042044,0,0.064834834834834834,1.8018018018018019e-05,0.012342342342342343,0.046396396396396394,2.4024024024024024e-05,0,0.0002042042042042042,0.0024144144144144144,0.87334534534534536
218441624,0.017417417417417418,0.36425225225225227,0.015741741741741741,0.0017357357357357358,0.56678678678678673,6.006006006006006e-06,0,0,0,0.02917117117117117,0.0048888888888888888
218442238,0.20805438066465257,0,0,0.43054984894259818,0,0,0,0,0,0.36139577039274923,0
218442505,0.040636636636636636,0.40007207207207207,0.028360360360360361,0.015933933933933934,0.38479279279279277,4.8048048048048048e-05,0.00040240240240240242,6.0060060060060059e-05,3.0030030030030029e-05,0.033129129129129131,0.096534534534534533
218442543,0.0093677811550151972,0.33617021276595743,0.24898480243161095,0.029191489361702128,0.063349544072948322,0.0050516717325227965,0.01964741641337386,0,2.4316109422492401e-05,0.27731914893617021,0.010893617021276596
218442599,0.022972809667673715,0.0018429003021148036,0.456416918429003,0.068779456193353475,0.019456193353474319,0.017262839879154078,0.16925679758308157,0.00071903323262839875,0.0088761329305135951,0.14939577039274923,0.085021148036253782
218442851,0.67192792792792788,6.006006006006006e-06,0.17010810810810811,0.027867867867867869,0.025447447447447449,0.002078078078078078,0.013795795795795795,0.00060060060060060057,0.013213213213213212,0.062246246246246244,0.012708708708708709
218443475,0.55070270270270272,0.33054054054054055,0.010216216216216217,0.021483483483483484,0.084864864864864858,0,8.4084084084084086e-05,0.0003783783783783784,1.8018018018018019e-05,0.0013693693693693693,0.00034234234234234234
218443542,0.34991591591591592,0.037129129129129128,0.015417417417417418,0.044030030030030032,0.47937537537537539,0,3.0030030030030029e-05,0.00013813813813813813,0,0.045963963963963961,0.028000000000000001
2447456907,0.030408408408408409,0.28484684684684686,0.28047447447447449,0.016072072072072074,0.0036756756756756758,0.33662462462462461,0.0015795795795795797,0.011801801801801801,0.026504504504504506,0.0047567567567567571,0.0032552552552552552
2463745419,0.1642814371257485,0.18054491017964072,0.015886227544910179,0.1237065868263473,0.30197604790419164,5.9880239520958085e-06,0.012712574850299401,0.013760479041916168,7.1856287425149705e-05,0.17800598802395209,0.0090479041916167666
2463748497,0.183255,0.44312499999999999,0.070654999999999996,0.117005,0.04163,0.0023749999999999999,0.016744999999999999,0.0071850000000000004,0.020215,0.093174999999999994,0.0046350000000000002
2463752189,0.080172619047619048,0.17720833333333333,0.53947619047619044,0.10201190476190476,0.012636904761904762,0.015410714285714286,0.031464285714285715,0.0065059523809523814,0.0028214285714285715,0.014005952380952381,0.018285714285714287
2463754369,0.1465568862275449,0.25003592814371256,0.078407185628742521,0.20032934131736527,0.17888023952095808,5.9880239520958083e-05,0.059634730538922154,0.010976047904191617,0.00012574850299401196,0.071311377245508983,0.0036826347305389221
2463764943,0.064277108433734936,0.24329518072289158,0.13229518072289156,0.074981927710843374,0.33892771084337348,0.0024759036144578312,0.023566265060240964,0.0061987951807228915,0.00058433734939759038,0.081313253012048198,0.032084337349397592
2463774021,0.12233128834355828,0.33961349693251536,0.11965644171779141,0.013368098159509203,0.11028834355828221,0.25336196319018406,0.0030184049079754601,0.0034233128834355829,0.0023803680981595091,0.0020674846625766872,0.03049079754601227
2463787037,0.018817910447761193,0.11240597014925373,0.03996417910447761,0.39753432835820895,0.40341492537313434,5.9701492537313431e-06,0.0013850746268656716,0.012125373134328358,9.552238805970149e-05,0.0089134328358208958,0.0053373134328358208
2463789333,0.061651651651651651,0.55403003003003004,0.13741141141141142,0.037633633633633631,0.13530930930930932,0.0049309309309309313,0.010516516516516517,0.010822822822822823,0.011231231231231232,0.027411411411411412,0.0090510510510510515
2463791517,0.030083333333333333,0.79937499999999995,0.0039642857142857145,0.0037976190476190475,0.1606607142857143,0,5.9523809523809525e-06,0.00011309523809523809,0,0.0014821428571428572,0.00051785714285714282
2463793937,0.12084242424242424,0.29256363636363636,0.051230303030303029,0.41963636363636364,0.10072727272727272,0,0.00086060606060606062,0.0043636363636363638,1.2121212121212122e-05,0.0096787878787878787,8.4848484848484845e-05
2464582312,0.11681194029850746,0.70602985074626867,0.031170149253731343,0.03328358208955224,0.04054328358208955,0.0018746268656716417,0.0099641791044776124,0.0047104477611940301,0.00082985074626865671,0.041886567164179107,0.012895522388059702
2464598498,0.12436363636363636,0.50724848484848484,0.072593939393939391,0.067806060606060606,0.076303030303030303,0.00074545454545454546,0.010036363636363637,0.019103030303030302,0.0019272727272727273,0.11111515151515151,0.0087575757575757574
2464599776,0.067495495495495494,0.70768168168168166,0.054810810810810809,0.050942942942942944,0.059057057057057057,0,0.0012132132132132132,0.0017717717717717718,1.8018018018018019e-05,0.05115315315315315,0.0058558558558558559
2464609084,0.22268098159509203,0.38598159509202457,0.25201840490797545,0.018723926380368097,0.041368098159509203,0.046570552147239264,0.0020920245398773005,0.0012576687116564417,0.00085276073619631901,0.0041840490797546009,0.024269938650306747
2464615440,0.22415709969788519,0.51439274924471301,0.052283987915407858,0.0028640483383685802,0.19719637462235651,1.812688821752266e-05,0.00013293051359516617,0.00024169184290030211,2.4169184290030212e-05,0.00088821752265861025,0.0078006042296072508
2517655296,0.2453033033033033,0.038174174174174173,0.12701501501501503,0.053621621621621623,0.16416816816816818,8.4084084084084086e-05,0.0020540540540540542,0.0050750750750750747,0.0013273273273273272,0.35501501501501503,0.0081621621621621628
2685896883,0.1376,0.011408,0.066714666666666672,0.23381866666666667,0.046640000000000001,0.00029866666666666664,0.0029066666666666668,0.0018879999999999999,0.0025493333333333331,0.47711999999999999,0.019056
2685906651,0.053658666666666667,0.016122666666666667,0.099519999999999997,0.16673066666666667,0.21879466666666667,0.0060693333333333337,0.015146666666666666,0.0068799999999999998,0.054709333333333332,0.31265066666666669,0.049717333333333336
2685907307,0.075772020725388606,0.041772020725388603,0.055974093264248702,0.29289119170984457,0.35379274611398964,0.0023160621761658031,0.0021036269430051813,0.00638860103626943,0.002,0.15112953367875648,0.015860103626943005
2685907715,0.053061333333333335,0.035664000000000001,0.078282666666666667,0.54937599999999998,0.23079466666666668,5.3333333333333337e-06,0.00030400000000000002,0.00020266666666666667,1.0666666666666667e-05,0.052122666666666664,0.000176
2685911327,0.045477333333333335,0.020042666666666667,0.026272,0.038704000000000002,0.39301866666666668,0.0043359999999999996,0.0033173333333333332,0.011354666666666667,0.006181333333333333,0.33689599999999997,0.1144
2685913455,0.100384,0.0069119999999999997,0.0020746666666666665,0.097530666666666668,0.25342933333333334,0,0.00013333333333333334,0.00010666666666666667,0,0.53942933333333332,0
2686709276,0.016461139896373055,0.31936269430051811,0.037709844559585495,0.48613471502590672,0.12468911917098445,7.7720207253886004e-05,9.8445595854922284e-05,0.0059637305699481863,0.0010984455958549222,0,0.008404145077720207
2686712866,0.13245866666666667,0.031488000000000002,0.029263999999999998,0.58441600000000005,0.033408,0.00216,0.0036800000000000001,0.0099253333333333329,0.0096106666666666667,0.16121066666666667,0.0023786666666666665
2686714982,0.001088,0.068725333333333333,0.00063466666666666663,0.6113493333333333,0.031781333333333335,5.3333333333333337e-06,0.00078399999999999997,0.00046933333333333332,0.0016479999999999999,0.28348266666666666,3.1999999999999999e-05
2686716842,0.0036213333333333332,0.0056693333333333335,0.011989333333333333,0.063152,0.32651733333333333,0,0.00020266666666666667,0.0025600000000000002,0,0.56946666666666668,0.016821333333333334
2686717340,0.055573333333333336,0.0034880000000000002,0.059664000000000002,0.15134400000000001,0.19208,3.7333333333333331e-05,0.0011733333333333333,0.0056213333333333332,0.041765333333333335,0.47909866666666667,0.010154666666666666
2686723074,0.055492227979274611,0.061461139896373057,0.077176165803108807,0.099108808290155434,0.43599481865284972,8.8082901554404144e-05,0.0092176165803108806,0.057834196891191708,0.022440414507772021,0.14452849740932641,0.036658031088082903
2686725548,0.080138666666666664,0.030144000000000001,0.023733333333333332,0.33837866666666666,0.18708266666666667,0,4.2666666666666669e-05,0.0022826666666666668,0.00021866666666666668,0.33770666666666666,0.000272
2686727136,0.34522666666666668,0.10955733333333334,0.21101333333333333,0.029392000000000001,0.014021333333333334,0.041450666666666663,0.029135999999999999,0.021696,0.18878400000000001,0.0043413333333333333,0.0053813333333333335
2686728102,0.040133333333333333,0.207344,0.014309333333333334,0.018079999999999999,0.00013866666666666666,0.32040000000000002,0.00042666666666666667,0.0085653333333333328,0.096618666666666672,0.13482666666666668,0.15915733333333335
2718956990,0.00027462686567164177,0.96916417910447761,0.00029850746268656717,0.02840597014925373,4.1791044776119404e-05,0,0,1.1940298507462686e-05,5.9701492537313431e-06,0.0017970149253731342,0
2735188949,0.18756268221574343,0.24527113702623907,0.054431486880466472,0.26404664723032067,0.11493877551020408,0.00054810495626822161,0.0052886297376093291,0.010606413994169096,0.0025947521865889215,0.11002332361516035,0.004688046647230321
2736291534,0.041338666666666669,0.627216,0.054671999999999998,0.076613333333333339,0.10835733333333333,7.4666666666666661e-05,0.0026986666666666665,0.0057973333333333332,0.00010133333333333333,0.046917333333333332,0.036213333333333333
2837147288,0.14685347043701799,0.58748586118251933,0.0077994858611825195,0.07775321336760925,0.1529203084832905,0,0.00099742930591259645,0.0017686375321336761,7.7120822622107972e-05,0.020889460154241646,0.003455012853470437
2898278335,0.25942342342342345,0,0.34482882882882882,0.05433633633633634,0.0089309309309309314,0,0.0012732732732732733,0.00027027027027027027,4.2042042042042043e-05,0.32976576576576577,0.001129129129129129
2898280373,0.13326126126126125,0,0.59028828828828828,0.096882882882882881,0.15786186186186185,0,0.008642642642642643,0.00056456456456456452,0.0014894894894894894,0.0090870870870870864,0.0019219219219219219
2898308633,0.073723723723723725,0.0033093093093093094,0.55572372372372369,0.097291291291291285,0.081825825825825829,0.047429429429429432,0.011177177177177177,0.0017357357357357358,0.012942942942942943,0.0065045045045045045,0.10833633633633634
2898338603,0.28299099099099101,0.008492492492492492,0.0523963963963964,0.60830030030030025,0.018726726726726727,0,0.0010810810810810811,0.013309309309309309,0.00011411411411411411,0.014588588588588589,0
2898340443,0.30637837837837839,0.018006006006006006,0.11598798798798798,0.47253453453453453,0.030168168168168169,0.0026186186186186186,0.0021201201201201201,0.031249249249249249,0.0010270270270270271,0.019849849849849849,6.0060060060060059e-05
2899117016,0.31979579579579581,0.0029909909909909909,0.31275675675675674,0.044078078078078078,0.067381381381381375,0.00051651651651651647,0.0038378378378378379,0.01018018018018018,0.025981981981981983,0.21090690690690692,0.0015735735735735736
2899133600,0.40383183183183186,0.0036996996996996995,0.37208408408408411,0.0016156156156156157,0.079291291291291296,0.032648648648648651,0.00048048048048048047,0.0047987987987987988,0.0307987987987988,0.011003003003003003,0.059747747747747749
2899148700,0.076138138138138134,0.005429429429429429,0.53611411411411414,0.02517117117117117,0.02663063063063063,0.093069069069069074,0.00084084084084084089,0.0053273273273273273,0.040216216216216218,0.0039579579579579575,0.18710510510510511
2904231145,0.14245645645645647,0,0.37310510510510508,0.018144144144144145,0.012990990990990992,0.016372372372372372,0.00023423423423423424,0.00015015015015015014,0.04744144144144144,0.38834234234234233,0.00076276276276276273
2904232819,0.16650450450450449,0.0035615615615615616,0.4409129129129129,0.040186186186186183,0.26679279279279278,0.004246246246246246,0.0078018018018018017,0.0019939939939939938,0.00087687687687687684,0.061375375375375373,0.0057477477477477475
2905077484,0.1085945945945946,0.00081081081081081077,0.13622822822822822,0.21350750750750752,0.18062462462462461,0.0013993993993993994,0.0058378378378378375,0.0020840840840840842,0.0032492492492492493,0.34415615615615613,0.0035075075075075074
2907636079,0.06918918918918919,6.006006006006006e-06,0.76088888888888884,0.14584984984984986,0.013003003003003003,0.00010810810810810811,0.0033213213213213215,0.0039459459459459459,0.0034774774774774773,0.00012012012012012012,9.0090090090090091e-05
2907637389,0.050606606606606604,0,0.55168168168168163,0.22678678678678679,0.0089129129129129122,0.0012672672672672672,0.11727927927927928,0.0090810810810810806,0.010570570570570571,0.023225225225225226,0.00058858858858858859
2907638727,0.2450990990990991,0.018114114114114115,0.30542942942942941,0.24595195195195196,0.0053573573573573573,0.032336336336336334,0.018570570570570571,0.013789789789789789,0.044834834834834837,0.070396396396396402,0.00012012012012012012
2908480738,0.17096696696696698,0.36772972972972973,0.08873273273273273,0.34263663663663663,0.0037477477477477479,0.0025345345345345344,0.00038438438438438439,0.0055975975975975974,0.017333333333333333,0.00033633633633633635,0
3092716777,0.42096533333333336,0.072341333333333327,0.13031999999999999,0.075952000000000006,0.066096000000000002,4.8000000000000001e-05,0.00047466666666666669,0.0028373333333333332,0.0022720000000000001,0.22072533333333333,0.0079679999999999994
3092717999,0.352352,0.016149333333333335,0.10626666666666666,0.18115200000000001,0.037909333333333337,0.0024746666666666667,0.0038560000000000001,0.0067786666666666663,0.0030666666666666668,0.22650666666666666,0.063488000000000003
3092724249,0.21170133333333332,0.18393599999999999,0.28477866666666668,0.12319466666666666,0.081685333333333332,0.0031146666666666666,0.0014453333333333334,0.00066133333333333333,0.0014026666666666666,0.00058666666666666665,0.10749333333333333
3093557056,0.19369066666666668,0.018090666666666668,0.16473066666666666,0.30741333333333332,0.046623999999999999,0.00065066666666666669,0.0059573333333333336,0.0076906666666666668,0.0045386666666666665,0.21670933333333334,0.033903999999999997
3093560172,0.23653866666666667,0.00088533333333333335,0.37146666666666667,0.043360000000000003,0.066720000000000002,0.00037333333333333332,0.0020799999999999998,0.0016426666666666666,0.0015839999999999999,0.06220266666666667,0.21314666666666668
3093561204,0.49437333333333333,0.0057120000000000001,0.0050666666666666664,0.28995199999999999,0.01584,5.3333333333333337e-06,0.0014826666666666666,0.0045706666666666665,0.00018133333333333334,0.18202133333333334,0.00079466666666666672
3093564182,0.166048,0.052650666666666665,0.065696000000000004,0.409856,0.033503999999999999,0.00024533333333333335,0.0071679999999999999,0.010213333333333333,0.0058293333333333331,0.24115200000000001,0.0076373333333333336
3093566474,0.34163199999999999,0.06211733333333333,0.12733333333333333,0.18810133333333334,0.044319999999999998,0.00084800000000000001,0.0050133333333333332,0.004698666666666667,0.0032106666666666668,0.17038933333333334,0.052336000000000001
3102174199,0.37469333333333332,0.10477866666666667,0.049125333333333333,0.21626133333333333,0.019461333333333334,0.0016053333333333334,0.0089173333333333327,0.0053333333333333332,0.0034559999999999999,0.19861333333333334,0.017754666666666665
3102901056,0.61178133333333329,0.012815999999999999,0.041984,0.18786133333333332,0.084143999999999997,0.0025013333333333333,0.0037973333333333336,0.0059253333333333337,0.0012106666666666667,0.045679999999999998,0.0022986666666666667
3103006230,0.41797333333333331,0.041952000000000003,0.032208000000000001,0.19809066666666666,0.030127999999999999,8.5333333333333339e-05,0.00067733333333333328,0.0034399999999999999,0.0021813333333333333,0.27161066666666667,0.0016533333333333333
3103007040,0.32458666666666669,0.049578666666666667,0.17233066666666666,0.16898133333333334,0.032357333333333335,0.0007093333333333333,0.0037653333333333332,0.0035360000000000001,0.0011839999999999999,0.22329066666666667,0.01968
3103008752,0.43901333333333331,0.062186666666666668,0.083589333333333335,0.12693333333333334,0.039834666666666664,0.0052266666666666668,0.0035306666666666668,0.0092053333333333327,0.0056693333333333335,0.20346133333333333,0.021349333333333335
3113303153,0.42078399999999999,0.0093279999999999995,0.09433066666666666,0.050618666666666666,0.33435733333333334,0.0024586666666666667,0.0077066666666666664,0.016453333333333334,0.001472,0.037679999999999998,0.024810666666666668
336289276,0.31539733333333331,0.38028800000000001,0.110848,0.10046933333333333,0.015498666666666666,0.00074133333333333332,0.024165333333333334,0.0031786666666666669,0.0016586666666666666,0.045557333333333332,0.0021973333333333333
336290206,0.08595733333333333,0.11071466666666667,0.18677866666666668,0.42064000000000001,0.0021973333333333333,0.00057600000000000001,0.063007999999999995,0.0033600000000000001,0.0036319999999999998,0.11641066666666666,0.0067253333333333332
336290760,0.11682666666666666,0.43149333333333334,0.14909333333333333,0.24939733333333333,0.0035093333333333335,0,0.024138666666666666,0.0028853333333333335,0.00017066666666666668,0.022410666666666666,7.4666666666666661e-05
336291419,0.28786133333333336,0.28343466666666667,0.097114666666666669,0.17873600000000001,0.0027626666666666667,0.00016533333333333333,0.055744000000000002,0.0078186666666666665,0.001392,0.083792000000000005,0.0011786666666666666
336291787,0.0070559999999999998,0.55025599999999997,0.093194666666666662,0.087232000000000004,0.00019733333333333332,1.5999999999999999e-05,0.040736000000000001,0.0050239999999999998,5.8666666666666665e-05,0.21581866666666666,0.00041066666666666666
336293060,0.48317866666666665,0.013194666666666667,0.10690666666666666,0.29392533333333332,0.00081599999999999999,0.0034133333333333333,0.02496,0.0037173333333333333,0.0041920000000000004,0.056394666666666669,0.0093013333333333333
336293496,0.075055999999999998,0.74171733333333334,0.05134933333333333,0.04421866666666667,0.0010933333333333333,0.00020266666666666667,0.015872000000000001,0.0080319999999999992,0.0012853333333333334,0.058922666666666665,0.0022506666666666669
336294636,0.16384000000000001,0.028634666666666666,0.30465599999999998,0.40689066666666668,0.0024853333333333333,0.0009013333333333333,0.039093333333333334,0.0035786666666666666,0.0013066666666666667,0.042560000000000001,0.0060533333333333333
336296758,0.087536000000000003,0.17332800000000001,0.32851200000000003,0.37661333333333336,0.0033279999999999998,0.00032533333333333334,0.0050933333333333334,0.0066239999999999997,0.0048533333333333336,0.0060426666666666667,0.007744
336298478,0.091818666666666673,0.17784533333333333,0.18598400000000001,0.47560533333333332,0.0032106666666666668,0.00021866666666666668,0.018442666666666666,0.018970666666666667,0.0045386666666666665,0.022069333333333333,0.0012960000000000001
336299144,0.054181333333333331,0.45145600000000002,0.27469866666666665,0.14518400000000001,0.0028533333333333332,0.0027200000000000002,0.017994666666666666,0.0063680000000000004,0.010325333333333334,0.019311999999999999,0.014906666666666667
336301199,0.28025066666666665,0.43464533333333333,0.048074666666666668,0.032485333333333331,0.073679999999999995,0.00016533333333333333,0.02376,0.0013653333333333334,0.00075733333333333338,0.10342933333333333,0.0013866666666666667
336301787,0.05077333333333333,0.00058666666666666665,0.20989333333333332,0.56570133333333328,0.0060266666666666663,0.046730666666666663,0.036799999999999999,0.003248,0.0068320000000000004,0.04149866666666667,0.031909333333333331
336302378,0.184832,0.0054613333333333337,0.071098666666666671,0.43603733333333333,0.013482666666666667,0.00060266666666666672,0.048672,0.009573333333333333,0.0038293333333333335,0.21762666666666666,0.0087840000000000001
336303595,0.34178133333333333,3.1999999999999999e-05,0.26907733333333334,0.11482666666666666,0.0067786666666666663,8.5333333333333339e-05,0.14282666666666666,0.0013813333333333334,0.00021866666666666668,0.12220266666666667,0.00078933333333333329
3770431016,0.33058133333333334,0.081594666666666663,0.011210666666666667,0.34123199999999998,0.029626666666666666,1.5999999999999999e-05,0.0062133333333333337,0.0046773333333333337,0.00055999999999999995,0.19414933333333334,0.00013866666666666666
3770432440,0.438112,0.0082453333333333337,0.0049813333333333333,0.36621866666666669,0.0018346666666666667,0,0.0018613333333333333,0.0040533333333333333,1.5999999999999999e-05,0.172848,0.0018293333333333334
3829736243,0.40348348348348351,0.022846846846846847,0.30004804804804802,0.0244984984984985,0.081591591591591586,0.0027807807807807808,0.0061981981981981986,0.00082282282282282286,0.02396996996996997,0.11536936936936937,0.01839039039039039
3829736657,0.89136336336336341,0,0.072642642642642641,0.00025225225225225225,7.2072072072072076e-05,0.012366366366366366,4.8048048048048048e-05,0.00078078078078078076,0.0067867867867867871,0.00010810810810810811,0.01557957957957958
3829737429,0.31048648648648647,0,0.58296696696696693,0.0055675675675675674,0.00054054054054054055,0.023183183183183183,0.0011831831831831832,0.00034234234234234234,0.06324324324324325,0.0047987987987987988,0.0076876876876876875
3829738107,0.077237237237237244,0,0.70159759759759754,0.0007867867867867868,1.2012012012012012e-05,0.13929729729729728,6.006006006006006e-06,0.0028708708708708708,0.077699699699699698,0,0.00049249249249249251
3829738249,0.050594594594594595,0,0.62734534534534536,0.0028468468468468467,4.2042042042042043e-05,0.1885945945945946,6.0060060060060059e-05,0.0041021021021021018,0.12496696696696696,0,0.0014474474474474475
3829738763,0.44012612612612612,0,0.51502102102102099,0.0031891891891891893,0.0034234234234234236,0.0082102102102102094,0.00084084084084084089,0.00022822822822822822,0.015093093093093092,0.0043303303303303302,0.0095375375375375375
3830532848,0.40899099099099101,0,0.53120720720720715,0.00076876876876876877,0.00031831831831831832,0.023957957957957958,0.00039039039039039038,0.0002882882882882883,0.01891891891891892,0.00044444444444444447,0.014714714714714715
3830533180,0.37038438438438437,0,0.52328528528528528,0.018906906906906908,0.0010510510510510511,0.009945945945945946,0.0013513513513513514,0.000954954954954955,0.057945945945945945,0.008432432432432432,0.0077417417417417417
3830533352,0.21007207207207207,0,0.70140540540540541,0.029495495495495495,0.0071711711711711715,0.0083903903903903912,0.00042642642642642644,0.00017417417417417416,0.031561561561561563,0.0026006006006006007,0.008702702702702703
3830534392,0.28551351351351351,0,0.60693693693693695,0.012024024024024024,0.0030750750750750751,0.035429429429429428,0.00046246246246246244,9.6096096096096097e-05,0.037957957957957957,0.0044324324324324328,0.014072072072072072
3830534494,0.64839039039039037,0,0.31639639639639638,0.00058258258258258254,0.00022822822822822822,0.013093093093093092,0.00042642642642642644,0.00028228228228228226,0.0092312312312312315,0.0023843843843843844,0.0089849849849849856
3830534876,0.30455855855855857,0.00015615615615615616,0.36205405405405405,0.25332732732732732,0.014204204204204204,0.0025465465465465465,0.0025165165165165165,6.6066066066066071e-05,0.0089729729729729722,0.046360360360360363,0.0052372372372372373
3830535032,0.32636036036036037,0,0.45198198198198197,0.10389189189189189,0.0051711711711711714,0.0029489489489489488,0.0062642642642642644,1.8018018018018019e-05,0.010504504504504504,0.083897897897897894,0.0089609609609609606
3830535182,0.52775375375375377,0,0.31356756756756754,0.016012012012012012,0.0016816816816816818,0.018480480480480479,0.007309309309309309,8.4084084084084086e-05,0.014894894894894895,0.080672672672672668,0.019543543543543544
3830535342,0.39674474474474475,0,0.55025825825825825,0.011867867867867869,0.00013213213213213214,0.028954954954954953,0.00057657657657657661,9.0090090090090091e-05,0.0097537537537537543,0.00022222222222222223,0.0013993993993993994
3852429547,0.18532085561497327,0.27189304812834225,0.10410160427807487,0.18184491978609627,0.064614973262032083,0.002679144385026738,0.0082513368983957221,0.017352941176470588,0.0026631016042780748,0.13847593582887702,0.022802139037433156
3853243966,0.14326203208556149,0.17662032085561497,0.10666844919786096,0.2544812834224599,0.19982352941176471,0.00047058823529411766,0.0099786096256684487,0.020465240641711228,0.00041711229946524066,0.07040641711229946,0.017406417112299465
3859608467,0.060150234741784041,0.62115492957746476,0.12116431924882629,0.081652582159624412,0.055098591549295778,5.6338028169014086e-05,0.005089201877934272,0.0012018779342723004,0.00019718309859154928,0.051962441314553992,0.002272300469483568
4002501619,0.22184341637010677,0.44652669039145909,0.030170818505338079,0.063772241992882561,0.17269750889679716,0,7.1174377224199285e-05,0.0016370106761565836,0,0.063252669039145906,2.8469750889679714e-05
4004310229,0.38436298932384344,0.096875444839857647,0.014640569395017794,0.17126690391459073,0.042412811387900359,0.00041281138790035589,0.001487544483985765,0.019658362989323844,0.0139644128113879,0.25197153024911034,0.0029466192170818505
4004481791,0.22291103202846976,0.35634875444839859,0.1555373665480427,0.15007829181494661,0.031665480427046262,0.0043487544483985768,0.0056654804270462635,0.0038007117437722422,0.0031174377224199288,0.054320284697508894,0.012206405693950179
4004620403,0.083530249110320282,0.45380071174377223,0.039722419928825622,0.025160142348754449,0.31282562277580073,0.0003914590747330961,0.0025124555160142351,0.0073167259786476868,0.00056227758007117439,0.033523131672597864,0.040654804270462634
4004643769,0.00091103202846975085,0.53172953736654804,0.27303202846975089,0.18358007117437722,0.0091316725978647685,0,4.2704626334519571e-05,0.00019217081850533808,0.00010676156583629893,0.00095373665480427043,0.00032028469750889678
4004949705,0.0036156583629893238,0.2432099644128114,0.24911032028469751,0.06834875444839858,0.3345053380782918,0.00076868327402135231,7.1174377224199285e-06,5.6939501779359428e-05,0.00027758007117437725,5.6939501779359428e-05,0.10004270462633452
4004951697,0.13215658362989324,0.09071174377224199,0.12658362989323843,0.23290391459074733,0.048661921708185056,0.060733096085409249,0.006911032028469751,0.0093309608540925269,0.044498220640569394,0.24392882562277579,0.0035800711743772242
4005081942,0.36354448398576511,0.077964412811387898,0.096875444839857647,0.28436298932384341,0.015743772241992884,2.8469750889679714e-05,0.0026049822064056938,0.0035871886120996442,0.00016370106761565836,0.15352313167259787,0.001601423487544484
4005237996,0.15379359430604983,0.39849822064056939,0.23508896797153025,0.096825622775800715,0.039772241992882561,0.0020213523131672596,0.0032811387900355871,0.0035800711743772242,0.0015800711743772242,0.046960854092526691,0.018597864768683275
4005242376,0.13214946619217083,0.42876156583629893,0.17313879003558719,0.1727829181494662,0.02304626334519573,0.0081850533807829185,0.0097722419928825618,0.0017935943060498221,0.0021423487544483984,0.045202846975088966,0.0030249110320284696
4005254266,0.089807829181494658,0.51792882562277576,0.006412811387900356,0.108,0.073644128113879007,3.5587188612099643e-05,0.0003914590747330961,0.0045124555160142351,2.1352313167259786e-05,0.19911743772241994,0.00012811387900355873
4005389610,0.21077580071174376,0.034754448398576512,0.13590035587188612,0.4791459074733096,0.023117437722419931,0.017750889679715304,0.017224199288256227,0.023544483985765124,0.010889679715302492,0.045601423487544486,0.0012953736654804271
4005717530,0.14184341637010675,0.11560142348754449,0.27396441281138789,0.045181494661921708,0.024818505338078292,0.13898220640569395,0.0086334519572953735,0.006911032028469751,0.018825622775800712,0.21195729537366548,0.013281138790035587
4005718500,0.12543772241992882,0.21800711743772241,0.2154306049822064,0.15679003558718863,0.041537366548042708,0.049957295373665479,0.0092313167259786486,0.0046120996441281143,0.0063345195729537368,0.060967971530249111,0.11169395017793594
4015325236,0.29107473309608539,4.2704626334519571e-05,0.066704626334519568,0.6366975088967971,0.0002491103202846975,0,0.0030960854092526692,0.0012740213523131673,0,0.00084697508896797158,1.4234875444839857e-05
4527531321,0.18440000000000001,0.49589866666666665,0.022991999999999999,0.22746666666666668,0.031376000000000001,5.3333333333333337e-06,0.0092213333333333331,0.0077546666666666667,2.1333333333333335e-05,0.019669333333333334,0.0011946666666666666
4527723097,0.028063999999999999,0.57211199999999995,0.17206933333333332,0.16301333333333334,0.064250666666666664,0,3.1999999999999999e-05,0.00012799999999999999,0,0.00033066666666666666,0
4528010081,0.4741377245508982,0,0,0.50525149700598804,0,0,0,0,0,0.020610778443113771,0
4528010413,0.16514970059880241,0.38291017964071855,0.045365269461077842,0.35999999999999999,0.021443113772455089,0.00020958083832335329,0.0014251497005988024,0.0025868263473053893,0.0055808383233532932,0.015143712574850299,0.00018562874251497005
4528155676,0.19272,0.59661866666666663,0.023807999999999999,0.15825066666666668,0.025824,0,0.00092800000000000001,0.001008,0,0.00077866666666666666,6.3999999999999997e-05
4528159154,0.13738666666666666,0.49617600000000001,0.03229866666666667,0.25529066666666667,0.027146666666666666,0,0.007802666666666667,0.0058453333333333335,0,0.037162666666666663,0.00089066666666666667
4528166814,0.173008,0.52000533333333332,0.036682666666666669,0.21623999999999999,0.030661333333333332,0,0.0046719999999999999,0.0021013333333333335,0,0.016063999999999998,0.00056533333333333338
4528181226,0.028613333333333334,0.44779733333333333,0.27811200000000003,0.18943466666666667,0.046837333333333335,0,0.0012853333333333334,0.00067199999999999996,2.6666666666666667e-05,0.0055093333333333331,0.001712
4528643488,0.48813173652694608,0,0,0.47991017964071858,0,0,0,0,0,0.031958083832335331,0
4528643586,0.24637125748502994,0.16693413173652694,0.045610778443113772,0.4524311377245509,0.0066886227544910182,0.017467065868263472,0.0044251497005988027,0.0037784431137724553,0.0059640718562874251,0.044898203592814372,0.0054311377245508984
4528643888,0.23362874251497007,0.14246107784431139,0.22994011976047904,0.23144311377245508,0.10329940119760479,0.0036107784431137725,0.0042694610778443113,0.0138562874251497,0.0031317365269461078,0.033083832335329341,0.0012754491017964071
4531527508,0.11169066666666666,0.051050666666666668,0.20574933333333334,0.36356266666666665,0.12730133333333332,0.00034133333333333335,0.016298666666666666,0.0056746666666666664,5.8666666666666665e-05,0.10561066666666667,0.012661333333333333
4531616981,0.195296,0.24351999999999999,0.14624000000000001,0.17703466666666667,0.031306666666666663,0.00093866666666666664,0.027807999999999999,0.0098560000000000002,0.00032533333333333334,0.16203200000000001,0.0056426666666666665
4531625489,0.155664,0.49818133333333331,0.083050666666666662,0.15306666666666666,0.043621333333333331,5.3333333333333337e-06,0.020266666666666665,0.0039946666666666663,5.3333333333333333e-05,0.041338666666666669,0.00075733333333333338
4531677203,0.047509333333333334,0.43537066666666668,0.33233066666666666,0.13770666666666667,0.040330666666666667,0,0.0013866666666666667,0.002032,0.00029866666666666664,0.0021386666666666668,0.00089599999999999999
4531681633,0.040520958083832333,0.0047245508982035932,0.59683832335329345,0.10359281437125749,0.044293413173652693,0.024005988023952096,0.027317365269461078,0.0023413173652694613,0.0036886227544910177,0.054976047904191618,0.097700598802395205
4532153496,0.11169066666666666,0.051050666666666668,0.20574933333333334,0.36356266666666665,0.12730133333333332,0.00034133333333333335,0.016298666666666666,0.0056746666666666664,5.8666666666666665e-05,0.10561066666666667,0.012661333333333333
4532265568,4.1791044776119404e-05,0.99584477611940303,2.9850746268656717e-05,0.0034089552238805972,0,0,0,0,0,0.00067462686567164179,0
4532292088,0.10544533333333334,0.68174933333333332,0.054517333333333334,0.086954666666666666,0.016959999999999999,2.6666666666666667e-05,0.014848,0.0023946666666666665,5.3333333333333337e-06,0.034495999999999999,0.0026026666666666668
4532322806,0.091023999999999994,0.053333333333333337,0.14958933333333332,0.44197866666666669,0.047781333333333335,0,0.0077600000000000004,0.017381333333333332,0.000192,0.188912,0.0020479999999999999
4622498265,0.27941317365269464,0.057455089820359281,0.020239520958083831,0.33083233532934131,0.041838323353293412,0.00056287425149700594,0.0016946107784431138,0.0065508982035928148,0.0037544910179640721,0.25677245508982038,0.00088622754491017965
4622498601,0.30858682634730539,0.28923353293413173,0.042820359281437126,0.2211377245508982,0.065017964071856282,0.010808383233532934,0.0051077844311377242,0.0044431137724550897,0.0075089820359281441,0.036838323353293415,0.0084970059880239528
4622498763,0.29885029940119762,0.089670658682634727,0.26665269461077845,0.1574491017964072,0.099419161676646703,0.00053892215568862275,0.0020838323353293414,0.0037664670658682634,0.0067305389221556889,0.047185628742514973,0.027652694610778444
4793714649,0.15886400000000001,0.29948799999999998,0.029114666666666667,0.24506666666666665,0.098208000000000004,0.00071466666666666662,0.0070133333333333332,0.021290666666666666,0.056325333333333331,0.069680000000000006,0.014234666666666666
4830650731,0.059192771084337348,0.27628313253012049,0.14840963855421688,0.14883734939759036,0.0069638554216867469,0.00015060240963855423,0.30127710843373495,0.002457831325301205,0.0021686746987951808,0.053656626506024097,0.00060240963855421692
4831261338,0.22363855421686746,0.53457831325301208,0.080897590361445781,0.12292168674698795,0.0085843373493975899,1.8072289156626505e-05,0.013367469879518073,0.0031204819277108435,4.2168674698795179e-05,0.008885542168674699,0.0039457831325301201
487253534,0.085781333333333334,0.41281600000000002,0.1656,0.20014933333333335,0.044847999999999999,0.00021866666666666668,0.007136,0.0028213333333333332,0.00042666666666666667,0.047045333333333335,0.03315733333333333
487258854,0.19143466666666667,0.46631466666666666,0.055669333333333335,0.26190400000000003,0.017242666666666667,5.8666666666666665e-05,0.00075199999999999996,0.000736,0.00060266666666666672,0.0044320000000000002,0.00085333333333333333
487262328,0.6792853333333333,0.0022079999999999999,0.17061333333333334,0.093312000000000006,0.045930666666666668,0,0.0025546666666666665,0.0033333333333333335,1.0666666666666667e-05,0.00040000000000000002,0.0023519999999999999
487262792,0.39331733333333335,4.2666666666666669e-05,0.14202666666666666,0.37791999999999998,0.038314666666666664,1.0666666666666667e-05,6.3999999999999997e-05,0.00061866666666666667,0,0.037674666666666669,0.010010666666666666
487263368,0.64838933333333337,0.0026613333333333333,0.15878933333333334,0.16605866666666666,0.01984,0.00016000000000000001,0.0013813333333333334,0.0020799999999999998,4.8000000000000001e-05,9.6000000000000002e-05,0.00049600000000000002
487283735,0.17112533333333332,0.273312,0.23025599999999999,0.17330666666666666,0.03451733333333333,0.00028266666666666669,0.018362666666666666,0.00043199999999999998,0.00051199999999999998,0.071130666666666661,0.026762666666666667
487287905,0.29183999999999999,0.30418666666666666,0.023093333333333334,0.19039466666666666,0.021973333333333334,5.3333333333333333e-05,0.0061706666666666663,0.0089493333333333334,0.00036266666666666668,0.14598933333333333,0.0069866666666666671
487288433,0.30547200000000002,0.27532800000000002,0.023392,0.19090666666666667,0.021680000000000001,6.9333333333333329e-05,0.0066880000000000004,0.010576,0.0014933333333333333,0.15656533333333333,0.007829333333333334
487289139,0.96319999999999995,0.0034880000000000002,0.00216,0.0017706666666666667,0.00044266666666666667,0,4.2666666666666669e-05,0.0017706666666666667,0,0.026965333333333334,0.00016000000000000001
487289789,0.62781866666666664,6.3999999999999997e-05,0.20396800000000001,0.10581333333333333,0.056751999999999997,0.00030933333333333334,4.2666666666666669e-05,0.0036266666666666665,0.00029333333333333333,0.00012799999999999999,0.0011839999999999999
487290291,0.65035200000000004,0.0032746666666666666,0.068575999999999998,0.20819733333333335,0.014202666666666667,0.0044799999999999996,0.0076853333333333331,0.0067466666666666664,0.00086933333333333329,0.033162666666666667,0.0024533333333333334
487290807,0.64874666666666669,0.012117333333333334,0.11626666666666667,0.070026666666666668,0.13104533333333335,2.6666666666666667e-05,0.00046933333333333332,0.0084159999999999999,0.00015466666666666667,0.001472,0.011258666666666667
487291389,0.48482133333333333,0.025839999999999998,0.28265066666666666,0.10778133333333334,0.048522666666666665,0.00083199999999999995,0.0042986666666666668,0.0080426666666666667,0.00081599999999999999,0.021493333333333333,0.014901333333333334
487291995,0.91993599999999998,0,0.066181333333333328,0.00031466666666666665,0.010613333333333334,0.0021706666666666667,0,0.00036266666666666668,0.00036266666666666668,0,5.8666666666666665e-05
487293857,0.43595733333333331,0.18340799999999999,0.0031359999999999999,0.14666133333333334,0.013082666666666666,3.1999999999999999e-05,0.00052800000000000004,0.0019306666666666667,0.00046933333333333332,0.21477333333333334,2.1333333333333335e-05
4888932586,0.18189820359281436,0.13131736526946108,0.040197604790419159,0.31766467065868265,0.19330538922155688,0.0066886227544910182,0.00021556886227544909,0.0035149700598802397,0.0050658682634730536,0.11901197604790419,0.0011197604790419162
4966794437,0.072330666666666668,0.070671999999999999,0.020069333333333335,0.071493333333333339,0.50875733333333328,0.0070133333333333332,0.040495999999999997,0.023552,0.10689066666666666,0.076005333333333328,0.0027200000000000002
5200000437,0.10005988023952096,0.52724550898203593,0.014149700598802396,0.29938323353293411,0.027425149700598804,0.00019760479041916167,0.00068862275449101801,0.0084850299401197597,0.00053293413173652695,0.01552694610778443,0.0063053892215568863
5245196553,0.30601801801801803,0.12249249249249249,0.05884084084084084,0.26718318318318318,0.0078078078078078076,0.00012612612612612612,0.00033033033033033035,0.0060480480480480476,0.0016816816816816818,0.22934534534534534,0.00012612612612612612
5361686565,0.15099699699699701,0.0037117117117117116,0.27182582582582582,0.039027027027027025,0.023267267267267269,0.14974174174174174,0.015051051051051052,0.0056756756756756758,0.050570570570570572,0.078252252252252255,0.21187987987987988
5361689701,0.18089489489489491,0.0455975975975976,0.13937537537537537,0.13508708708708708,0.091687687687687688,0.010672672672672672,0.031885885885885888,0.0093213213213213207,0.024936936936936938,0.30679879879879879,0.023741741741741741
5536324142,0.29653571428571429,0.36153571428571429,0.034607142857142857,0.12659523809523809,0.054095238095238092,0.0091547619047619051,0.00078571428571428575,0.00064285714285714282,0.00045238095238095237,0.10241666666666667,0.013178571428571428
5782580027,0.45063466666666668,0.055050666666666664,0.052298666666666667,0.11156266666666667,0.16864000000000001,0,0.00026666666666666668,0.0050506666666666668,1.0666666666666667e-05,0.15625600000000001,0.00022933333333333334
5782582075,0.53725333333333336,0.25822933333333331,0.014554666666666667,0.098853333333333335,0.051616000000000002,0,0.00014933333333333332,0.00042133333333333335,0.00078933333333333329,0.038122666666666666,1.0666666666666667e-05
5782584543,0.17163733333333334,0.25015999999999999,0.031151999999999999,0.37723733333333331,0.00043199999999999998,0,0.020698666666666667,0.003104,0,0.14557333333333333,5.3333333333333337e-06
5782587421,0.014261333333333334,1.0666666666666667e-05,0.0075839999999999996,0.86051200000000005,0.11431466666666666,0,0,0,0,0.0030400000000000002,0.00027733333333333332
5782598719,0.0039786666666666668,0.0074026666666666668,0.035722666666666666,0.80494399999999999,0,7.4666666666666661e-05,0.021808000000000001,0.061146666666666669,0.00077333333333333334,0.064149333333333336,0
5782604289,0.16691733333333333,0.016816000000000001,0.13627733333333333,0.55994133333333329,0.00069866666666666666,0,0.011541333333333334,0.01512,5.3333333333333337e-06,0.092682666666666663,0
5782612605,0.18535466666666667,0.094517333333333328,0.13556266666666666,0.488176,0.0060213333333333334,0,0.00059733333333333329,0.00064000000000000005,0,0.087930666666666671,0.0011999999999999999
5782615967,0.33201599999999998,0.025248,0.10738666666666667,0.162048,0.197184,0.00032533333333333334,0.010725333333333333,0.0032693333333333333,0.0020213333333333333,0.128528,0.031248000000000001
5783147384,0.067365333333333333,0.28407466666666664,0.0015039999999999999,0.59267199999999998,0.016218666666666666,0,0.00014933333333333332,1.5999999999999999e-05,0,0.037999999999999999,0
5783150300,0.084767999999999996,0.5109866666666667,0.0011039999999999999,0.36842133333333332,0.0017546666666666667,0,0.00010133333333333333,5.8666666666666665e-05,0,0.032805333333333332,0
5783161424,0.10509866666666667,0.0030293333333333335,0.22410666666666668,0.51259733333333335,3.1999999999999999e-05,0,0.018778666666666666,0.0042986666666666668,0,0.13205866666666666,0
5783163894,0.058672000000000002,0.0098826666666666663,0.13803733333333335,0.68140800000000001,5.3333333333333337e-06,0,0.0094666666666666666,0.0031253333333333333,0,0.099402666666666667,0
5790803571,0.10532266666666666,0.21437333333333333,0.026485333333333333,0.57041600000000003,0.0023786666666666665,0,0.0048693333333333332,0.0014026666666666666,0,0.074266666666666661,0.00048533333333333333
5959959399,0.43885285285285286,0,0,0.30575975975975977,0,0,0,0,0,0.25538738738738737,0
5959963547,0.42875675675675673,0,0,0.44756756756756755,0,0,0,0,0,0.12367567567567568,0
5959969353,0.28869750889679713,0,0,0.40753024911032026,0,0,0,0,0,0.30377224199288255,0
5959992363,0.46001066666666668,0,0,0.38912000000000002,0,0,0,0,0,0.15086933333333333,0
5959997499,0.43475223880597014,0,0,0.35473432835820895,0,0,0,0,0,0.21051343283582089,0
5959997957,0.38012426035502961,0,0,0.41731952662721894,0,0,0,0,0,0.20255621301775148,0
5960505480,0.15601201201201201,0,0,0.42481681681681682,0,0,0,0,0,0.4191711711711712,0
5960517010,0.57887087087087086,0,0,0.34936936936936935,0,0,0,0,0,0.071759759759759761,0
5960536480,0.4543963963963964,0,0,0.29416816816816815,0,0,0,0,0,0.25143543543543545,0
5960538920,0.41240569395017795,0,0,0.37598576512455517,0,0,0,0,0,0.2116085409252669,0
5960540752,0.64247686832740214,0,0,0.2928896797153025,0,0,0,0,0,0.064633451957295376,0
5960555206,0.47449704142011834,0,0,0.47205325443786983,0,0,0,0,0,0.053449704142011834,0
5960555688,0.53739701492537317,0,0,0.26968358208955223,0,0,0,0,0,0.19291940298507462,0
6420090365,0.106,0.36077323420074348,0.13765799256505576,0.24750929368029739,0.017747211895910782,0.00066171003717472123,0.0030557620817843866,0.0049516728624535312,0.000379182156133829,0.10142007434944238,0.019843866171003716
6420941253,0.048037333333333335,0.27240533333333333,0.28431466666666666,0.34337066666666666,0.021754666666666665,1.5999999999999999e-05,0.00059733333333333329,0.013936,0.00021866666666666668,0.00075733333333333338,0.014592000000000001
6459896823,0.056318318318318315,0.3156816816816817,0.16181381381381382,0.14759759759759761,0.28791591591591592,0.00010810810810810811,0.0039459459459459459,0.00024024024024024023,6.6066066066066071e-05,0.02469069069069069,0.0016216216216216215
6459898557,0.060306306306306304,0.1824924924924925,0.014732732732732732,0.050210210210210209,0.59007207207207202,0.00014414414414414415,0.033777777777777775,0.018354354354354355,6.006006006006006e-06,0.037891891891891891,0.012012012012012012
6459899005,0.033761904761904764,0.00052380952380952383,0.66631547619047615,0.11557738095238096,0.039601190476190477,0.00014880952380952382,0.0081488095238095234,0.00011309523809523809,0.00050000000000000001,0.095434523809523816,0.039875000000000001
6460218519,0.073744047619047626,0,0.77358928571428576,0.095101190476190478,0.024023809523809524,0.00081547619047619047,0.0022023809523809522,1.1904761904761905e-05,5.9523809523809524e-05,0.002886904761904762,0.027565476190476189
6460226643,0.13404191616766467,0.15821556886227545,0.051263473053892214,0.060485029940119762,0.3874191616766467,0.00089221556886227545,0.027808383233532935,0.0031796407185628742,0.082610778443113778,0.072532934131736532,0.021550898203592815
6460230437,0.21292215568862274,0.1982814371257485,0.060532934131736528,0.10598203592814372,0.26014371257485031,0.0017604790419161677,0.018137724550898203,0.0036646706586826346,0.0079041916167664674,0.11520958083832335,0.015461077844311378
6460231807,0.29804455445544553,0.092792079207920791,0.24002475247524752,0.15819306930693069,0.037054455445544553,0.0055297029702970294,0.0092326732673267322,0.0037623762376237622,0.041000000000000002,0.096950495049504953,0.017415841584158417
6460233431,0.11447305389221557,0.26225748502994012,0.24911976047904191,0.095329341317365271,0.10029940119760479,0.0018383233532934132,0.019580838323353292,0.0042994011976047906,0.0061676646706586829,0.080329341317365272,0.06630538922155689
6460233761,0.0072621951219512199,0.084079268292682932,0.00057317073170731704,0.099134146341463419,0.021121951219512197,2.4390243902439026e-05,0.00039634146341463417,0.00031097560975609757,0.00039024390243902441,0.78651829268292683,0.00018902439024390244
6460234631,0.025602446483180427,0.46962079510703364,0.31681345565749236,0.018886850152905199,0.082464831804281352,0.00010397553516819572,9.7859327217125384e-05,0.00017125382262996941,4.2813455657492354e-05,0.00027522935779816516,0.085920489296636079
7462076970,0.28727466666666668,0.146064,0.027130666666666668,0.23137066666666667,0.23992533333333332,0.00025066666666666667,0.0037333333333333333,0.0016586666666666666,0.00024000000000000001,0.033919999999999999,0.028431999999999999
7462124956,0.13988800000000001,0.21063466666666666,0.0014400000000000001,0.21240000000000001,0.28186666666666665,0,0.0065226666666666671,0.036816000000000002,0.00033066666666666666,0.110096,5.3333333333333337e-06
7468141678,0.4187245508982036,0.099682634730538927,0.078467065868263478,0.019011976047904191,0.089880239520958083,0.00010778443113772454,0,0.0032395209580838324,0.00016167664670658683,8.3832335329341314e-05,0.29064071856287427
7468144868,0.2678625954198473,0.46352162849872774,0.0036743002544529263,0.047089058524173028,0.034030534351145038,2.5445292620865138e-05,0.00011195928753180662,0.00039185750636132316,1.0178117048346055e-05,0.18308396946564887,0.0001984732824427481
7468149150,0.15957485029940119,0.077377245508982034,0.15573053892215569,0.232874251497006,0.14020359281437125,0.00010179640718562875,0.0094371257485029933,0.037580838323353294,4.7904191616766468e-05,0.18092215568862274,0.006149700598802395
7468153900,0.2558323353293413,0.14370658682634729,0.1874491017964072,0.11583233532934131,0.076886227544910174,0.0014910179640718563,0.012682634730538923,0.034389221556886229,0.0029820359281437126,0.12331137724550899,0.045437125748502991
7468158268,0.33674850299401199,0.042269461077844309,0.15268862275449102,0.091790419161676642,0.19488622754491017,0.0034491017964071854,0.0016586826347305388,0.02837125748502994,0.00056287425149700594,0.13321556886227545,0.014359281437125749
7468162164,0.19595567867036012,0.065218836565096958,0.2620443213296399,0.14373407202216065,0.15554570637119114,0.00087534626038781162,0.0093518005540166212,0.028526315789473684,0.00023268698060941828,0.12910803324099723,0.0094072022160664823
7468167088,0.16732934131736527,0.13119161676646707,0.18372455089820358,0.15220958083832337,0.055676646706586827,0.00025149700598802393,0.044622754491017963,0.015730538922155687,0.11208982035928143,0.092610778443113773,0.044562874251497006
7468170452,0.21298400000000001,0.100408,0.27107199999999998,0.035644000000000002,0.055396000000000001,0.002996,0.023584000000000001,0.010607999999999999,0.071552000000000004,0.17848800000000001,0.037268000000000003
7468174436,0.131276,0.169908,0.11012,0.388488,0.00348,0.00027599999999999999,0.064776,0.011048000000000001,0.10808,0.0049160000000000002,0.0076319999999999999
7468178994,0.22437724550898203,0.24088023952095808,0.089413173652694605,0.17432335329341317,0.066922155688622753,0.0021796407185628742,0.0092694610778443105,0.028544910179640719,0.00016167664670658683,0.074461077844311371,0.089467065868263473
7468187606,0.32206586826347305,0.071556886227544914,0.099077844311377242,0.21983233532934132,0.060802395209580841,0.0045449101796407182,0.012173652694610779,0.049868263473053891,0.00040718562874251499,0.14929940119760479,0.01037125748502994
7468192418,0.31008383233532932,0.042335329341317368,0.052526946107784432,0.29147904191616769,0.061107784431137728,0.0010479041916167664,0.0033772455089820358,0.037550898203592815,0.0014550898203592815,0.18474251497005989,0.014293413173652694
7468196656,0.31431970260223047,0.053784386617100374,0.072914498141263939,0.30280297397769518,0.088691449814126397,0.00054275092936802974,0.0018438661710037175,0.038698884758364312,0.0021412639405204463,0.105182156133829,0.019078066914498142
7770570644,0.017589333333333332,0.00010133333333333333,0.32570133333333334,0.00015466666666666667,0.0074186666666666663,0.46857599999999999,0.12845333333333334,0.0020693333333333332,0.0057653333333333332,0.0029066666666666668,0.041264000000000002
7770571480,0,0,0.46940266666666669,0,0,0.40381866666666666,0.032149333333333335,0,1.0666666666666667e-05,1.0666666666666667e-05,0.094607999999999998
7770574244,0.44769066666666668,0.130688,0.097264000000000003,0.15696533333333335,0.000112,0.026655999999999999,0.060933333333333332,0.0071999999999999998,0.00092266666666666669,0.058368000000000003,0.0132
7770578464,0.00020266666666666667,0.59770133333333331,0.023093333333333334,0.17727999999999999,0.0043893333333333336,0,0.16741333333333333,3.7333333333333331e-05,4.8000000000000001e-05,0.029562666666666668,0.000272
7770580134,0.062768000000000004,0.19318399999999999,0.25575466666666669,0.052026666666666666,0.08501333333333333,0.000112,0.123344,0.010815999999999999,0.00025599999999999999,0.12572266666666668,0.091002666666666662
7770583962,0.027173333333333334,0.56711999999999996,0.055509333333333334,0.012496,0.25729066666666667,9.6000000000000002e-05,0.006645333333333333,0.00061866666666666667,0.000192,0.052869333333333331,0.019989333333333335
7770588684,0.0026559999999999999,0.44568000000000002,0.28339733333333333,0.060602666666666666,0.010336,5.3333333333333333e-05,0.051626666666666668,0.0007626666666666667,0.00026666666666666668,0.142624,0.0019946666666666667
7770589416,0.001072,0.26471466666666665,0.56759999999999999,0.12603200000000001,0.0020639999999999999,0.00024533333333333335,0.015455999999999999,0.0056959999999999997,0.00010666666666666667,0.016202666666666667,0.00081066666666666668
7770591064,0.0037653333333333332,0.74547733333333333,0.091450666666666666,0.045797333333333336,0.098671999999999996,0,0.010533333333333334,0.00052800000000000004,0,0.0014239999999999999,0.0023519999999999999
7770591610,0.0034613333333333332,0.52052799999999999,0.056325333333333331,0.0058293333333333331,0.24820800000000001,0.00019733333333333332,0.00075733333333333338,0.000192,0.00016000000000000001,0.0015786666666666666,0.16276266666666667
7770594962,0.085237333333333332,0.64622400000000002,0.093840000000000007,0.0015839999999999999,0.120576,0,5.3333333333333333e-05,0.00033599999999999998,3.1999999999999999e-05,1.0666666666666667e-05,0.052106666666666669
7770596078,0.033482666666666668,0.36426133333333333,0.13742933333333332,0.29563733333333331,0.0022186666666666665,0,0,0.003248,5.3333333333333333e-05,0.16364266666666666,2.6666666666666667e-05
7770596642,0.034112000000000003,0.51136000000000004,0.39093866666666666,0.033898666666666667,0.0027733333333333334,0.000112,0.0082880000000000002,0.011296,0.00058133333333333333,0.0064426666666666669,0.00019733333333333332
7770597426,0.096853333333333333,0.59172266666666662,0.081743999999999997,0.019274666666666666,0.18384533333333333,5.3333333333333337e-06,0.00026133333333333331,0.00033066666666666666,5.3333333333333337e-06,0.022741333333333332,0.0032160000000000001
7770632698,0.027093333333333334,0.49300266666666664,0.028944000000000001,0.0037013333333333334,0.19132266666666667,0.00068800000000000003,0.0010666666666666667,0.00017066666666666668,9.6000000000000002e-05,0.051749333333333335,0.20216533333333334
8116493817,0.11249792531120333,0.32442323651452282,0.12189211618257262,0.2295103734439834,0.12863070539419086,0.00023236514522821577,0.01208298755186722,0.012622406639004149,0.00077178423236514521,0.028647302904564315,0.028688796680497924
8116513655,0.025687687687687689,0.24542942942942944,0.37013813813813812,0.25972972972972974,0.042708708708708708,6.6066066066066071e-05,0.001903903903903904,0.012690690690690691,0.00039639639639639637,0.027783783783783784,0.013465465465465466
8343225304,0.15620359281437127,0.016107784431137726,0.013736526946107785,0.57235928143712578,0.0094491017964071864,0.0026526946107784432,0.00026347305389221558,0.0027065868263473052,0.0015688622754491018,0.22407784431137726,0.00087425149700598806
8354857679,0.31148502994011978,0.012401197604790418,0.045269461077844311,0.0058922155688622751,0.00079640718562874247,0.025233532934131737,0.053766467065868261,0.093862275449101792,0.43661077844311375,0.011047904191616767,0.0036347305389221557
9015146173,0.35127927927927927,0.2164864864864865,0.064300300300300303,0.08542342342342342,0.26377177177177175,0,0.0024144144144144144,0.003123123123123123,3.6036036036036038e-05,0.011267267267267267,0.0018978978978978979
9015160185,0.32639039039039042,0.0011531531531531532,0.14736336336336336,0.40596996996996998,0.047225225225225223,0,0.0037957957957957958,0.00063063063063063059,0,0.067441441441441444,3.0030030030030029e-05
9015164343,0.22786786786786786,0.18297897897897897,0.19387987987987987,0.2781681681681682,0.024312312312312314,0.00018618618618618617,0.0052612612612612615,0.0038618618618618617,0.0017057057057057057,0.076816816816816819,0.0049609609609609613
9016320678,0.20694894894894894,0.49471471471471473,0.0052972972972972973,0.083879879879879882,0.20737537537537537,0,0.00034234234234234234,0.00068468468468468467,0,0.00065465465465465466,0.0001021021021021021
9016330414,0.15247447447447449,0.21003603603603604,0.1137957957957958,0.14270270270270272,0.29550150150150151,1.8018018018018019e-05,0.013861861861861861,0.0036336336336336337,0.00042042042042042044,0.047873873873873873,0.019681681681681683
9846927264,0.32949848942598187,0.0027673716012084591,0.01995166163141994,0.46647129909365559,0.070694864048338371,7.250755287009064e-05,0.0022114803625377642,0.0025921450151057401,0.0020302114803625376,0.10265861027190332,0.0010513595166163142
9846930764,0.42290853658536587,0.027390243902439024,0.029109756097560977,0.23570121951219511,0.10062804878048781,0,0.00043902439024390245,0.027323170731707317,0.0037560975609756096,0.15173170731707317,0.0010121951219512195
9846989364,0.28943202416918429,0.016054380664652569,0.03923262839879154,0.32785498489425979,0.16143202416918428,0.00024169184290030211,0.029697885196374622,0.071734138972809669,0.026755287009063444,0.031075528700906345,0.0064894259818731115
9846995484,0.26160606060606062,0.018690909090909091,0.022121212121212121,0.47229090909090909,0.006909090909090909,3.6363636363636364e-05,0.001806060606060606,0.00072121212121212122,0.0004909090909090909,0.21305454545454544,0.0022727272727272726
9847007276,0.29712990936555889,0.087522658610271906,0.00041691842900302116,0.57679154078549844,0.00049546827794561931,6.042296072507553e-06,0.00037462235649546826,0.00060422960725075529,0,0.03665861027190332,0
9847011926,0.29854925373134328,0.026931343283582088,0.0094746268656716419,0.44210746268656714,0.0075402985074626864,0.00068059701492537313,0.0018089552238805971,0.0013671641791044777,0.00017313432835820895,0.20892537313432835,0.0024417910447761195
9847017654,0.4956918429003021,0.028682779456193352,0.11777039274924471,0.28556495468277948,0.013129909365558912,0.0010755287009063443,0.0045075528700906347,0.0010634441087613293,0.0053716012084592145,0.043595166163141991,0.0035468277945619334
9847029186,0.39001208459214504,0.091081570996978847,0.0060906344410876136,0.30422960725075526,0.11674924471299093,0,0.0043927492447129908,0.0012688821752265861,0.00017522658610271904,0.082646525679758304,0.0033534743202416921
9847031213,0.25436746987951808,0.15256626506024096,0.10777710843373493,0.23854819277108433,0.038668674698795182,0.00085542168674698793,0.034433734939759035,0.0013674698795180724,0.010759036144578312,0.15881325301204818,0.0018433734939759035
9847044334,0.27597560975609758,0.015591463414634146,0.0016097560975609755,0.52884756097560981,0.01846951219512195,6.0975609756097564e-06,0.00062195121951219513,0.0013292682926829269,0.00020121951219512194,0.15631707317073171,0.0010304878048780488
9847050854,0.39840483383685799,0.0064954682779456195,0.023214501510574019,0.37384894259818729,0.12491842900302115,0.00024169184290030211,0.0024833836858006043,0.0033051359516616313,0.00061631419939577037,0.058912386706948643,0.0075589123867069487
9847052326,0.44352870090634439,0.059003021148036253,0.0065558912386706946,0.27354078549848942,0.016060422960725077,1.812688821752266e-05,0.0001268882175226586,0.001365558912386707,0.00091842900302114801,0.19845317220543807,0.00042900302114803624
9847056966,0.42839393939393938,0.0019272727272727273,0.032375757575757579,0.31232727272727273,0.0096121212121212125,1.2121212121212122e-05,0.0047454545454545458,0.0083090909090909083,0.03326060606060606,0.16672121212121213,0.0023151515151515153
9847064833,0.2572760736196319,1.2269938650306748e-05,0.17483435582822085,0.15126380368098161,0.074288343558282205,0.00015337423312883436,0.0013742331288343558,0.00022085889570552146,1.8404907975460123e-05,0.20512269938650307,0.1354355828220859
9847103976,0.41109365558912386,0.0040060422960725072,0.014749244712990937,0.36986706948640485,0.11906344410876132,0.00031419939577039273,0.00045317220543806646,0.0019939577039274924,0.00090634441087613293,0.077009063444108766,0.00054380664652567976
