11510584043,0.051045333333333331,0.028847999999999999,0.054837333333333335,0.73063466666666665,0.076282666666666665,0.00082133333333333331,0.0012639999999999999,0.00043733333333333336,0.00060800000000000003,0.052367999999999998,0.0028533333333333332
11516298045,0.03491891891891892,0.0012432432432432433,0.68317117117117121,0.15432432432432433,0.013729729729729729,0.015861861861861861,0.012594594594594595,0.00060060060060060057,0.0077477477477477475,0.036168168168168167,0.039639639639639637
11516315035,0.05858,0.44146000000000002,0.060052000000000001,0.012256,0.00088400000000000002,0.21368799999999999,0.010267999999999999,0.043527999999999997,0.020004000000000001,0.012056000000000001,0.127224
11516327404,0.027125423728813561,0.085688135593220333,0.36237288135593221,0.37621016949152541,0.0044271186440677963,0.015905084745762712,0.021125423728813559,0.00068474576271186443,0.010406779661016949,0.07992542372881356,0.016128813559322035
11517498204,0.057897897897897899,0.2504924924924925,0.36253453453453455,0.21735735735735737,0.044696696696696694,0.014432432432432432,0.0039939939939939943,0.0063423423423423419,0.0038018018018018017,0.027891891891891892,0.010558558558558558
11517589704,0.13562469135802468,3.45679012345679e-05,0.60056790123456794,0.033570370370370368,0.030251851851851853,0.01059753086419753,0.00023209876543209875,0.00011851851851851852,0.00071111111111111115,0.03106172839506173,0.15722962962962964
11519325455,0.0007447447447447447,0,0.40016216216216216,0.53428228228228225,0.00049249249249249251,0.0012132132132132132,0.024954954954954953,0,0.00067267267267267269,0.035363363363363362,0.0021141141141141143
11545827426,0.0032665330661322644,0.011158316633266533,0.53122244488977954,0.31280160320641281,0.00076152304609218438,0.018048096192384771,0.010681362725450902,2.4048096192384771e-05,0.015122244488977955,0.056324649298597193,0.040589178356713426
11548229355,0.00760960960960961,0,0.34444444444444444,0.59478078078078078,0.00042642642642642644,0.016624624624624624,0.00056456456456456452,1.2012012012012012e-05,0.00097297297297297292,0.0021501501501501501,0.032414414414414415
11751332805,0.1271377245508982,0.22708982035928144,0.37306586826347304,0.13215568862275448,0.0015508982035928145,0.01051497005988024,0.0080359281437125743,0.043670658682634728,0.042922155688622753,0.032395209580838323,0.0014610778443113772
11751716684,0.15758083832335329,0.21418562874251498,0.308311377245509,0.15165269461077843,0.0075029940119760476,0.010365269461077844,0.011377245508982036,0.013514970059880239,0.030059880239520959,0.072502994011976046,0.022946107784431138
11751728964,0.18722754491017965,0.080772455089820352,0.2094131736526946,0.22074251497005987,0.24822754491017965,0.00055089820359281434,0.021431137724550898,0.018574850299401199,0.0075508982035928139,0.0046287425149700596,0.00088023952095808385
3274152973,0.022513432835820895,0.028256716417910447,2.3880597014925373e-05,0.85154029850746271,0.00010149253731343284,0,2.3880597014925373e-05,0,0,0.09754029850746268,0
3274153053,0.45547462686567164,0.022543283582089551,4.1791044776119404e-05,0.46827462686567162,7.7611940298507459e-05,0,0,0,0,0.053588059701492538,0
3274153293,0.060441791044776122,0.0013850746268656716,0.72576716417910447,0.079194029850746264,0.0093492537313432829,0.020382089552238806,0.0022208955223880595,4.7761194029850745e-05,0.088740298507462692,5.9701492537313431e-06,0.012465671641791045
3274153589,0.50025671641791047,0,0.29263880597014924,0.058179104477611938,0.12689552238805971,0.00013731343283582089,0.001146268656716418,1.7910447761194031e-05,0.02035223880597015,0,0.00037611940298507463
3274154055,0.92081791044776118,0,0,0.079182089552238807,0,0,0,0,0,0,0
3274154165,0.55659104477611943,0,0,0.44340895522388057,0,0,0,0,0,0,0
3274973326,0.15745671641791045,0.0003880597014925373,0.014746268656716417,0.82445373134328359,0.0024537313432835819,0.00010746268656716417,0,0,1.7910447761194031e-05,0,0.00037611940298507463
3274973614,0.32754626865671643,0.010161194029850747,0.078107462686567167,0.44357014925373134,0.0040298507462686569,0.001217910447761194,0.017922388059701491,0.00034029850746268656,0.0035701492537313431,0.10453731343283582,0.0089970149253731351
3274973852,0.24951641791044776,0.10912835820895522,0.49485970149253733,0.023211940298507462,0.0076417910447761197,0,0.0056955223880597013,1.7910447761194031e-05,5.9701492537313435e-05,0.10362985074626865,0.0062388059701492535
3274973958,0.31248358208955224,0,0.55401194029850742,0.00029850746268656717,0.00065074626865671645,0.0028477611940298506,0,1.7910447761194031e-05,0.1296597014925373,0,2.9850746268656717e-05
3274974384,0.24257910447761194,0.042346268656716417,0.032238805970149255,0.38279402985074629,0.041008955223880594,0.0034985074626865671,0.00074626865671641792,0.00011343283582089552,0.000591044776119403,0.25361791044776122,0.00046567164179104475
3274974494,0.068525373134328355,2.3880597014925373e-05,0.13528358208955224,0.79457313432835819,0.00014328358208955225,0,0,0,0.0014507462686567164,0,0
3274974810,0.071713432835820892,0.0074865671641791047,0.19582686567164179,0.24228059701492538,0.023892537313432837,0.0016537313432835822,0.00053134328358208954,0.0011940298507462687,0.0023343283582089552,0.43526567164179103,0.01782089552238806
3274974928,0.16557611940298508,0.0051343283582089552,0.15115223880597015,0.46538507462686568,0.024668656716417912,1.7910447761194031e-05,0.0035283582089552239,0.0030208955223880599,0.0053731343283582086,0.17481194029850747,0.0013313432835820895
3274975038,0.063062686567164183,0,0.00018507462686567165,0.93561791044776121,0.00021492537313432835,0,0,0,0.00091940298507462684,0,0
3944720925,0.46596575342465751,0,0.38042465753424659,0.0091164383561643837,0.0038835616438356165,0.092390410958904115,0.00026027397260273971,3.4246575342465751e-05,0.0263013698630137,0.004513698630136986,0.017109589041095892
4007551439,0.15783941605839416,0.019615571776155718,0.097420924574209242,0.20997566909975668,0.017192214111922142,0.0092506082725060824,0.0037712895377128952,0.0035766423357664234,0.0043990267639902672,0.46909975669099757,0.0078588807785888084
4015978473,0.31603076923076923,0.0048999999999999998,0.13643076923076924,0.28736923076923077,0.067607692307692313,1.5384615384615384e-05,0.0091615384615384623,0.0007307692307692308,0.06203076923076923,0.11535384615384615,0.00036923076923076921
4015978965,0.22507534246575342,0.00018493150684931506,0.089095890410958903,0.48104794520547944,0.072472602739726028,0,0.0021780821917808217,0.0015,0.077075342465753427,0.051219178082191778,0.00015068493150684933
4016650654,0.31278400000000001,0.0022079999999999999,0.27340799999999998,0.217088,0.10968,0,0,0.00051199999999999998,0,0.083615999999999996,0.00070399999999999998
4016740594,0.36195555555555553,0.039100000000000003,0.079022222222222216,0.32274444444444444,0.079088888888888889,0.00023333333333333333,0.011444444444444445,0.018977777777777777,0.0010777777777777778,0.08611111111111111,0.00024444444444444443
4025936643,0.024420420420420419,0,0.9315195195195195,0.010678678678678678,0.0033033033033033031,5.4054054054054054e-05,0.0075615615615615616,0.00016816816816816817,1.2012012012012012e-05,0.0074594594594594591,0.014822822822822823
4025940717,0.038480480480480479,0,0.93711111111111112,0.0096996996996997001,0.002894894894894895,6.0060060060060059e-05,0.002972972972972973,3.6036036036036038e-05,6.006006006006006e-06,0.003171171171171171,0.0055675675675675674
4025942939,0.13091891891891891,0.00070870870870870875,0.38127927927927929,0.48285285285285284,0.00069669669669669666,0,9.6096096096096097e-05,7.8078078078078081e-05,0,0.0033693693693693694,0
4025944623,0.46704306220095693,0.17641148325358852,0.0075502392344497611,0.33320574162679428,0.0021148325358851675,0,0.00038277511961722489,0.0018373205741626793,0,0.011454545454545455,0
4026690998,0.027939939939939939,0,0.93461261261261264,0.011705705705705706,0.0025225225225225223,3.6036036036036038e-05,0.0080360360360360369,1.2012012012012012e-05,0,0.0066906906906906904,0.0084444444444444437
4026692112,0.020798798798798798,0,0.95347747747747746,0.0097657657657657659,0.0027867867867867866,0.00013813813813813813,0.002864864864864865,4.8048048048048048e-05,6.006006006006006e-06,0.0028468468468468467,0.0072672672672672673
4026694764,0.041675675675675677,0,0.93342342342342344,0.0089009009009009005,0.0033813813813813815,5.4054054054054054e-05,0.0035975975975975974,3.6036036036036038e-05,0,0.0036216216216216216,0.005309309309309309
4026696776,0.2013873873873874,0.026006006006006006,0.0042702702702702702,0.55258858858858861,0.0017837837837837837,0,0.0027807807807807808,0.004942942942942943,0,0.20624024024024024,0
4026698104,0.1556508875739645,0.00013609467455621301,0.0018284023668639054,0.83639644970414206,0.00049112426035502954,0,0.00029585798816568048,0.00027810650887573964,0,0.0049230769230769232,0
4043632820,0.077604166666666669,0,0.71371874999999996,0.16167708333333333,0.0007395833333333333,0,0.031447916666666666,0.0035260416666666665,0.00029687499999999999,0.010265625,0.00072395833333333329
4043635278,0.32933333333333331,0.032171875000000003,0.0024322916666666668,0.535203125,0.0038124999999999999,0,0.00022916666666666666,0.0022552083333333335,0,0.094562499999999994,0
4103995500,0.030606606606606607,0.004636636636636637,0.60160360360360365,0.084198198198198196,0.014078078078078078,0.010654654654654655,0.17033033033033032,0.012372372372372372,0.010828828828828829,0.057543543543543546,0.0031471471471471472
4103999082,0.19404804804804804,0.19535135135135134,0.28612012012012011,0.16633033033033032,0.008432432432432432,0.012732732732732732,0.010294294294294295,0.019027027027027028,0.0072672672672672673,0.10033633633633633,6.0060060060060059e-05
4132501207,0.19076799999999999,0.060805333333333336,0.27107733333333334,0.44611733333333331,0.017242666666666667,0.00057600000000000001,0.0061760000000000001,0.0048693333333333332,4.2666666666666669e-05,0.0005173333333333333,0.0018079999999999999
4132502983,0.76743466666666671,0.0028693333333333335,0.106944,0.030735999999999999,0.016250666666666667,0.04249066666666667,0.012138666666666667,0.0036693333333333335,0.014213333333333333,0.0017066666666666667,0.0015466666666666667
4132507059,0.46288533333333332,5.3333333333333337e-06,0.20774400000000001,0.0017440000000000001,0.0025173333333333332,0.24177066666666666,0.025760000000000002,0.00064533333333333337,0.051189333333333337,0.0046453333333333329,0.0010933333333333333
4133264792,0.26219733333333334,0.0049066666666666668,0.258272,0.040074666666666668,0.022629333333333335,0.27526933333333331,0.035728000000000003,0.0020266666666666666,0.092383999999999994,0.0036106666666666665,0.0029013333333333335
4133265684,0.47107199999999999,6.9333333333333329e-05,0.076986666666666662,0.36165866666666668,0.044906666666666664,0,0.013994666666666667,0.0047413333333333335,4.2666666666666669e-05,0.026453333333333332,7.4666666666666661e-05
4133266622,0.24506133333333333,0.0089653333333333338,0.014383999999999999,0.56322666666666665,0.052671999999999997,0,0.005770666666666667,0.0034399999999999999,0,0.10566399999999999,0.00081599999999999999
416544407,0.28289489489489489,0.00010810810810810811,0.60084684684684686,0.036498498498498497,0.014660660660660661,0.0069009009009009005,0.002198198198198198,7.8078078078078081e-05,0.00090090090090090091,0.0017597597597597597,0.053153153153153151
416544501,0.13494894894894896,1.2012012012012012e-05,0.00010810810810810811,0.85951351351351346,0.0054174174174174174,0,0,0,0,0,0
416544721,0.23886486486486486,0.00011411411411411411,0.00025825825825825824,0.73409009009009007,0.0033153153153153152,0,0.00045645645645645645,0.00045645645645645645,0,0.022444444444444444,0
416544763,0.3600840840840841,0.0013873873873873875,0.0016576576576576576,0.44769969969969969,0.025045045045045046,1.2012012012012012e-05,0.00055855855855855858,0.00066066066066066071,0.0063963963963963961,0.15649849849849851,0
416544843,0.15221621621621623,1.8018018018018019e-05,0.018348348348348347,0.40720120120120118,0.019489489489489489,0,3.6036036036036038e-05,6.006006006006006e-06,0,0.40268468468468466,0
416544904,0.10163963963963964,0.13247447447447447,0.00047447447447447448,0.72163963963963962,0.0075075075075075074,0,0.00012012012012012012,3.6036036036036038e-05,0,0.036108108108108106,0
416554452,0.094618618618618616,0.1066006006006006,0.28533933933933936,0.47942942942942945,0.010912912912912912,0.0015315315315315315,6.006006006006006e-06,0.0002042042042042042,1.8018018018018019e-05,0.012954954954954955,0.0083843843843843836
416554563,0.12015615615615616,0.0035795795795795795,0.073921921921921915,0.49864264264264263,0.14341741741741743,0.00035435435435435437,0.00075075075075075074,0.0017357357357357358,0,0.14613213213213214,0.011309309309309309
416554672,0.022744744744744746,0.0028588588588588587,0.0047207207207207204,0.95747147147147149,0.002138138138138138,0,0,0.00022822822822822822,0.009825825825825826,1.2012012012012012e-05,0
416554906,0.32372372372372371,4.8048048048048048e-05,0.00025225225225225225,0.31030630630630629,0.014408408408408409,0,0.001015015015015015,0.0011891891891891893,0,0.34905705705705703,0
416555018,0.19706306306306307,0.039753753753753757,0.30754954954954955,0.053789789789789787,0.17665465465465466,0.022342342342342343,0.0058378378378378375,0.0017717717717717718,0.0019759759759759759,0.18836036036036036,0.0049009009009009013
416555138,0.61681081081081079,0.097069069069069064,0.081321321321321319,0.063789789789789789,0.033771771771771771,0,0.00073873873873873876,0.00042042042042042044,6.006006006006006e-06,0.10606606606606607,6.006006006006006e-06
416555267,0.20378978978978979,0.12944144144144143,0.017609609609609611,0.55497897897897897,0.019033033033033032,1.8018018018018019e-05,0.0078618618618618626,0.0033333333333333335,0,0.063645645645645649,0.0002882882882882883
4166167575,0.20692266666666667,0.052128000000000001,0.081594666666666663,0.36494399999999999,0.0025226666666666665,0.00089599999999999999,0.028912,0.0033866666666666667,0.00028800000000000001,0.25828266666666666,0.00012266666666666668
4166168979,0.0031626666666666665,0,0.99574933333333338,5.3333333333333337e-06,0.00016533333333333333,0,2.1333333333333335e-05,0,0.00013866666666666666,0,0.00075733333333333338
4166172947,0.01968,0.0012853333333333334,0.032752000000000003,0.91534400000000005,0.0020853333333333331,0.00077333333333333334,0.0050666666666666664,6.9333333333333329e-05,1.5999999999999999e-05,0.022741333333333332,0.00018666666666666666
4166176889,0.92066133333333333,0.0039466666666666669,0.010144,0.06471466666666667,5.3333333333333337e-06,0,0,0.00052800000000000004,0,0,0
4166177287,0.007626666666666667,0,0.76200533333333331,0.22484266666666666,0.00038933333333333333,0,0.0034826666666666665,0.0005706666666666667,0.0010826666666666667,0,0
4166177593,0.17710933333333334,0.0012906666666666667,0.080255999999999994,0.12100266666666666,0.0078773333333333334,0,0.00696,0.00013866666666666666,0.0030560000000000001,0.60229333333333335,1.5999999999999999e-05
4166180925,0.31928000000000001,0.18706666666666666,0.0017813333333333333,0.022032,0.0069386666666666668,0.0014773333333333333,0.00063466666666666663,0.0011413333333333334,1.0666666666666667e-05,0.45835733333333334,0.0012800000000000001
4166928084,0.12572800000000001,3.7333333333333331e-05,0.095397333333333334,0.58550400000000002,0.0043413333333333333,0,0.016218666666666666,0.00038400000000000001,5.3333333333333337e-06,0.17236799999999999,1.5999999999999999e-05
4166930352,0.26562666666666668,0.087690666666666667,0.33243733333333331,0.19750933333333334,0.0013973333333333333,0.018314666666666667,0.029525333333333334,0.0071199999999999996,0.0029386666666666667,0.056277333333333332,0.0011626666666666667
4166931160,0.053674666666666669,0.00017066666666666668,0.32016,0.44347199999999998,0.0030026666666666665,9.066666666666667e-05,0.009829333333333334,0.0022346666666666665,0.0018186666666666666,0.16547200000000001,7.4666666666666661e-05
4166934588,0.48620799999999997,0.10016533333333333,0.12575466666666665,0.23162666666666668,0.0051413333333333337,0.00026133333333333331,0.019519999999999999,0.0056746666666666664,0.00048000000000000001,0.025157333333333334,1.0666666666666667e-05
4166936124,0.0099520000000000008,0.063386666666666661,0.19408,0.72949866666666663,0.00055999999999999995,0,1.5999999999999999e-05,0.0024853333333333333,2.1333333333333335e-05,0,0
4166938142,0.097701333333333334,0.0080533333333333325,0.058703999999999999,0.63284266666666666,0.0067359999999999998,0.00012799999999999999,0.0031253333333333333,0.00074133333333333332,0,0.19188266666666667,8.5333333333333339e-05
4166940418,0.040650666666666668,0.00010666666666666667,0.0039946666666666663,0.9533813333333333,0.00048533333333333333,0,0,0.0013813333333333334,0,0,0
4166941366,0.29453866666666667,0.024544,0.071802666666666667,0.20010133333333333,0.0082773333333333327,6.9333333333333329e-05,0.016223999999999999,0.0011893333333333333,0.00011733333333333333,0.37943466666666664,0.0037013333333333334
4168069807,0.28606933333333334,0.009082666666666666,0.066239999999999993,0.31620799999999999,0.057541333333333333,0,0.0014400000000000001,0.0019680000000000001,0.0010293333333333333,0.26042133333333334,0
4168070695,0.51310933333333331,0.0057013333333333334,0.055536000000000002,0.19167466666666666,0.021866666666666666,0.0004906666666666667,0.0019626666666666668,0.001392,0.001232,0.20584,0.0011946666666666666
4168074305,0.10051733333333333,0.086559999999999998,0.028400000000000002,0.77996799999999999,0.0025920000000000001,0,0.00061866666666666667,0.00044266666666666667,0,0.0009013333333333333,0
4168830104,0.27582933333333332,0.038405333333333333,0.095930666666666664,0.42372799999999999,0.011690666666666667,1.5999999999999999e-05,0.00091733333333333337,0.0021120000000000002,0.00033599999999999998,0.15103466666666668,0
4168830976,0.20172799999999999,0.0078239999999999994,0.037829333333333333,0.22958933333333334,0.30066666666666669,0.000112,0.004005333333333333,0.0044799999999999996,0.0031466666666666665,0.207568,0.0030506666666666668
4168833746,0.32147733333333334,0.019258666666666667,0.051941333333333332,0.28971200000000003,0.015701333333333335,1.5999999999999999e-05,0.000272,0.0028693333333333335,0.00098666666666666672,0.29752000000000001,0.00024533333333333335
4168835572,0.044479999999999999,0.15164800000000001,0.298176,0.46999466666666667,0.0038613333333333334,0,0.019050666666666667,0.0025279999999999999,0.0007093333333333333,0.0088533333333333328,0.00069866666666666666
4168837448,0.17069333333333334,0.079327999999999996,0.032314666666666665,0.70425599999999999,0.002784,0,0.0086666666666666663,0.0012106666666666667,5.8666666666666665e-05,0.00068800000000000003,0
4168840262,0.15847466666666668,0.028143999999999999,0.016437333333333335,0.78289600000000004,0.013898666666666667,0,0,0.000144,5.3333333333333337e-06,0,0
4230506943,0.36949850746268659,0.05647761194029851,0.014370149253731344,0.54597611940298507,0.0094746268656716419,0,0.0011104477611940298,0.00045373134328358209,0,0.0026388059701492536,0
4230547271,0.036604790419161676,0.018508982035928143,0.6002934131736527,0.2212934131736527,0.0066586826347305389,0.00095209580838323353,0.0098982035928143718,0.0011137724550898203,0.0061796407185628743,0.096167664670658681,0.0023293413173652694
4230563925,0.016407185628742514,0.043502994011976048,0.4197365269461078,0.47719161676646704,0.0028802395209580837,0,0.00025149700598802393,0.00076646706586826349,5.9880239520958083e-05,0.039191616766467069,1.1976047904191617e-05
4230569443,0.28920359281437125,0.033862275449101795,0.29976646706586824,0.33801197604790417,0.0011736526946107785,0,0.0016107784431137724,0.0050838323353293415,0.0064311377245508984,0.024856287425149701,0
4230574853,0.060916167664670659,0.053227544910179642,0.28132934131736526,0.41788622754491017,0.0010239520958083832,0.0011497005988023953,0.04995209580838323,0.014658682634730538,0.0013712574850299401,0.11829341317365269,0.00019161676646706587
4230586007,0.12550299401197604,0.069425149700598807,0.18037724550898204,0.45779640718562875,0.066449101796407187,2.3952095808383234e-05,0.002155688622754491,0.00059880239520958083,0.0015868263473053893,0.096083832335329342,0
4230590429,0.14413173652694611,0.033802395209580838,0.18338922155688622,0.40591616766467065,0.10938922155688623,0.0013293413173652694,0.0053952095808383234,0.0015628742514970061,0.010251497005988024,0.10474251497005987,8.9820359281437125e-05
4230598873,0.18765373134328359,0.064597014925373133,0.44164179104477613,0.12997014925373135,0.021719402985074628,0.0029014925373134328,0.02005373134328358,0.014805970149253731,0.00069850746268656713,0.1068776119402985,0.0090805970149253727
4230610163,0.08388622754491018,0.026514970059880238,0.63378443113772454,0.094550898203592817,0.0013892215568862276,0.0027305389221556884,0.023437125748502995,0.010053892215568861,0.015053892215568862,0.10835928143712575,0.00023952095808383233
4230615377,0.080113772455089827,0.084017964071856285,0.41387425149700596,0.33673053892215571,0.0011856287425149701,0.00015568862275449101,0.011179640718562874,0.011239520958083832,0.0035508982035928143,0.057940119760479039,1.1976047904191617e-05
4230618661,0.22787462686567164,0.057731343283582093,0.31646567164179107,0.36173134328358209,0.002,0,0.00097313432835820896,0.0045194029850746265,0.00011343283582089552,0.028585074626865672,5.9701492537313431e-06
4231361586,0.24961676646706588,0.28104191616766466,0.10831736526946108,0.25507784431137726,0.01237125748502994,0,1.7964071856287426e-05,0.09283233532934132,5.9880239520958085e-06,0.0007125748502994012,5.9880239520958085e-06
4263243247,0.62166467065868258,0.051964071856287423,0.1631437125748503,0.091862275449101791,0.0026766467065868263,0.0031317365269461078,0.0052934131736526949,0.0014790419161676647,0.025982035928143712,0.032748502994011976,5.3892215568862272e-05
4263379025,0.37254399999999999,0.0069546666666666663,0.020277333333333335,0.36194666666666669,0.052389333333333336,0,0.014442666666666666,0.011296,0,0.16009066666666666,5.8666666666666665e-05
4263380285,0.10201066666666667,0.074943999999999997,0.39363733333333334,0.16828799999999999,0.12652266666666667,3.7333333333333331e-05,0.0044373333333333331,0.00061333333333333335,6.9333333333333329e-05,0.12542400000000001,0.0040159999999999996
4263380843,0.236624,0.0095200000000000007,0.192464,0.34771733333333332,0.083605333333333337,0,0.015103999999999999,0.0059306666666666666,0,0.10570666666666667,0.0033279999999999998
4263381473,0.23775466666666667,0.11232533333333333,0.10847466666666666,0.14821333333333334,0.14786133333333334,0.0012426666666666667,0.024240000000000001,0.11816533333333333,0.021135999999999999,0.07288533333333333,0.0077013333333333335
4263382187,0.29682133333333333,0.012874666666666666,0.25296000000000002,0.101088,0.290352,0,0.00023466666666666666,0.033194666666666664,0.0037653333333333332,0.00010133333333333333,0.0086079999999999993
4263382931,0.39868799999999999,0.037205333333333333,0.23639466666666667,0.106976,0.11253333333333333,0.0027786666666666667,0.01136,0.070170666666666673,0.0091626666666666662,0.010463999999999999,0.0042666666666666669
4263387515,0.65187425149700595,0.059275449101796406,0.05438323353293413,0.12218562874251497,0.006293413173652695,0.00079640718562874247,0.0091257485029940123,0.0025628742514970061,0.080844311377245515,0.012652694610778442,5.9880239520958085e-06
4263988782,0.09465868263473054,0.0093532934131736519,0.24437724550898204,0.44892215568862276,0.029892215568862276,8.3832335329341314e-05,0.025886227544910181,0.0013113772455089821,0.018664670658682634,0.10105389221556886,0.025796407185628742
4264127650,0.095578666666666673,0.22187733333333334,0.0074879999999999999,0.55401066666666665,0.016789333333333333,0,0.0023253333333333333,0.0065813333333333331,0,0.095349333333333328,0
4264128286,0.0112,0.006352,0.163024,0.68897066666666662,0.086293333333333333,0,0.008501333333333333,0.00020799999999999999,0,0.035344,0.00010666666666666667
4264129420,0.049941333333333331,0.13195733333333334,0.24678933333333333,0.37454933333333335,0.12363733333333334,0.00085333333333333333,0.016842666666666666,0.0068533333333333337,0.00065600000000000001,0.03778666666666667,0.010133333333333333
4264133268,0.13743466666666668,0.049946666666666667,0.32551466666666667,0.11853866666666667,0.10653866666666667,0.018458666666666668,0.054896,0.054682666666666664,0.057765333333333335,0.066858666666666663,0.0093653333333333331
4264134948,0.10419733333333334,0.024634666666666666,0.31091733333333332,0.15508266666666667,0.09672533333333333,0.012250666666666667,0.074368000000000004,0.051733333333333333,0.031477333333333336,0.13311466666666666,0.0054986666666666665
4264139886,0.31620958083832335,0.0015568862275449102,0.43424550898203595,0.0012574850299401199,0.014712574850299401,0.014209580838323353,0.00024550898203592813,0.016874251497005988,0.058814371257485031,0.013664670658682635,0.12820958083832334
4455432619,0.090494897959183668,0,0.27450000000000002,0.0013112244897959184,0.60784183673469383,1.0204081632653061e-05,0.003142857142857143,1.0204081632653061e-05,0.00014795918367346939,0.0096938775510204082,0.012846938775510203
4455433635,0.012586907449209933,0,0.28728668171557564,0.35939051918735893,0.30959819413092549,0,0.0059729119638826187,0,1.3544018058690746e-05,0.025151241534988714,0
4455558382,0.40794674556213018,3.5502958579881656e-05,0.52744378698224847,0.00073964497041420117,0.0002603550295857988,0.01724260355029586,0.0069822485207100592,0.0012307692307692308,0.0090769230769230762,0.02755621301775148,0.0014852071005917161
4456203296,0.42934391534391536,0.00038624338624338627,0.1407936507936508,0.26488359788359789,0.010285714285714285,0.00010052910052910053,0.016423280423280423,0.017253968253968254,0.0011111111111111111,0.11897354497354497,0.00044444444444444447
4456209756,0.25108383233532933,1.1976047904191617e-05,0.61008982035928139,0.015455089820359282,0.0031377245508982035,0.00074251497005988019,0.07958083832335329,0.002191616766467066,0.00026347305389221558,0.036856287425149702,0.00058682634730538924
4460285544,0.15075449101796407,5.9880239520958085e-06,0.19729940119760478,0.55958083832335326,0.0068383233532934131,0,0.010173652694610779,0.00031137724550898201,2.3952095808383234e-05,0.074976047904191614,3.5928143712574853e-05
4478631503,0.11115915915915917,0.00024024024024024023,0.27687087087087087,0.34042042042042042,0.12910510510510512,0.00013213213213213214,0.00097297297297297292,0.0011711711711711711,2.4024024024024024e-05,0.087609609609609604,0.052294294294294295
4478632177,0.26818618618618617,0.24399399399399399,0.11146546546546547,0.19127327327327329,0.15151351351351353,0,0.011621621621621621,0.0026906906906906908,4.2042042042042043e-05,0.01795795795795796,0.0012552552552552553
4478633745,0.34168490153172865,0.14924288840262581,0.090792122538293218,0.36469584245076586,0.0053085339168490149,8.7527352297593005e-06,0.0004901531728665208,0.0015448577680525165,2.6258205689277898e-05,0.043072210065645516,0.0031334792122538293
4478634303,0.4091951951951952,0.057501501501501504,0.19833633633633635,0.14627027027027026,0.051219219219219222,0.00052252252252252252,7.2072072072072076e-05,0,0,0.0067567567567567571,0.13012612612612612
4478634625,0.13673873873873874,0.082810810810810806,0.037957957957957957,0.68996396396396398,0.0014894894894894894,0.00066666666666666664,0.023387387387387389,0.0023663663663663665,0.00046846846846846849,0.023609609609609609,0.00054054054054054055
4479257570,0.077969969969969966,0.02473873873873874,0.22162762762762764,0.40501501501501502,0.12624624624624625,0,0.00071471471471471469,0.00064864864864864862,0,0.018654654654654653,0.12438438438438439
4479258406,0.21774774774774774,0.26189789789789791,0.089585585585585589,0.14996396396396397,0.25439039039039041,0.00012012012012012012,0.0011231231231231232,0.020486486486486488,1.8018018018018019e-05,0.0039519519519519517,0.00071471471471471469
4479258876,0.20635435435435434,0.097939939939939935,0.039435435435435436,0.49936936936936938,0.15282882882882884,0,0.00055255255255255253,0.00018018018018018018,2.4024024024024024e-05,0.00055255255255255253,0.0027627627627627629
4479259180,0.146990990990991,0.026582582582582583,0.052858858858858861,0.56331531531531531,0.034372372372372374,0.0031951951951951951,0.0123003003003003,0.0013033033033033033,1.2012012012012012e-05,0.13305705705705706,0.02601201201201201
4479259790,0.3436756756756757,0.0046906906906906904,0.25191591591591589,0.12468468468468469,0.18723723723723723,1.2012012012012012e-05,0.0034714714714714715,0.001129129129129129,9.6096096096096097e-05,0.060936936936936935,0.02215015015015015
4498245538,0.02249214659685864,0,0.10758638743455497,0.0080418848167539275,0.83438743455497377,0,0.0045130890052356024,0,3.1413612565445029e-05,0.0211151832460733,0.0018324607329842932
4536884757,0.082990990990990984,0.054300300300300301,0.26553153153153153,0.45291291291291291,0.043471471471471471,7.2072072072072076e-05,0.00081681681681681681,0.00051051051051051054,0.00039639639639639637,0.096336336336336342,0.0026606606606606607
4536885673,0.011027027027027026,0.0014234234234234233,0.42013813813813816,0.058870870870870874,0.13066066066066065,0.001903903903903904,0.00022822822822822822,1.2012012012012012e-05,0.00022822822822822822,0.095297297297297301,0.2802102102102102
4536892651,0.010324324324324324,0,0.71415015015015015,0.0020300300300300301,0.070258258258258252,0.0018738738738738739,7.2072072072072076e-05,0,8.4084084084084086e-05,0.0073933933933933932,0.19381381381381382
4537520576,0.099981981981981979,0.20750150150150151,0.4023843843843844,0.013837837837837838,0.25078078078078075,0.00016216216216216215,1.8018018018018019e-05,0,0,0.01445045045045045,0.010882882882882883
4537525172,0.11141141141141141,0,0.55511111111111111,0.021735735735735735,0.063051051051051049,0.021645645645645646,6.006006006006006e-06,0,0.00025225225225225225,0.0072972972972972974,0.21948948948948949
4547363613,0.10525149700598803,0,0.44131137724550901,0.29843712574850301,0.001191616766467066,0,0.0016167664670658684,0.00032335329341317366,0,0.1518682634730539,0
4547380971,0.2222994011976048,0,0.093467065868263477,0.547125748502994,0.0017904191616766468,0,0.038736526946107783,0.00022155688622754491,3.5928143712574853e-05,0.096269461077844315,5.3892215568862272e-05
4547995996,0.12141513292433538,0,0.20890388548057259,0.61791820040899792,0.0021267893660531696,0,0.010952965235173823,2.8629856850715746e-05,4.0899795501022491e-06,0.038588957055214722,6.1349693251533746e-05
4548003318,0.11349700598802395,5.9880239520958085e-06,0.11095808383233532,0.74101796407185627,0.00074850299401197609,0,0.0037724550898203591,5.9880239520958085e-06,0,0.029994011976047903,0
4548003684,0.28141463414634144,0.00014146341463414634,0.37937073170731705,0.26523902439024388,0.0010926829268292683,0,8.7804878048780482e-05,0.00029756097560975611,0,0.072356097560975607,0
4554231549,0.59265269461077841,0.00015568862275449101,0.074197604790419161,0.20501197604790419,0.019742514970059879,0,0.0030778443113772453,0.00099401197604790411,1.1976047904191617e-05,0.10373652694610778,0.00041916167664670658
4554246069,0.564372602739726,3.8356164383561644e-05,0.021523287671232877,0.31213150684931507,0.0054356164383561646,0,0.001841095890410959,0.00032876712328767124,0,0.094273972602739731,5.4794520547945207e-05
4775701170,0.38840104166666667,0.00023958333333333332,0.39001562499999998,0.060515625000000003,0.027791666666666666,0.00018229166666666667,0.049713541666666666,0.0044635416666666669,0.000859375,0.040645833333333332,0.037171875
4805371335,0.32037333333333334,0.21924266666666667,0.20211733333333334,0.046330666666666666,0.028143999999999999,0.0080373333333333338,0.0040480000000000004,0.0031573333333333332,0.0012800000000000001,0.021402666666666667,0.14586666666666667
4805371907,0.37019733333333332,0.013781333333333333,0.021631999999999998,0.097968,0.41122666666666668,2.1333333333333335e-05,0.0042666666666666669,0.0013493333333333332,8.0000000000000007e-05,0.075093333333333331,0.0043839999999999999
4805373157,0.28115200000000001,0.028949333333333334,0.10516266666666667,0.19235733333333332,0.26358399999999998,6.9333333333333329e-05,0.023370666666666668,0.0031893333333333335,0.00018133333333333334,0.096783999999999995,0.0051999999999999998
4805378035,0.15072533333333332,0.125776,0.059855999999999999,0.33668266666666669,0.032944000000000001,0.00026666666666666668,0.0048799999999999998,0.00029333333333333333,0.0012746666666666666,0.27900799999999998,0.0082933333333333331
4805378823,0.27246399999999998,0.43409066666666668,0.051018666666666664,0.18682133333333334,0.017493333333333333,4.2666666666666669e-05,0.0083146666666666664,0.00098666666666666672,0.0067520000000000002,0.021077333333333333,0.00093866666666666664
4805386049,0.15440000000000001,0.02392,0.0029493333333333333,0.38240533333333332,0.35602666666666666,0,0.0026719999999999999,0.0019786666666666668,1.5999999999999999e-05,0.074576000000000003,0.0010560000000000001
4805997452,0.13402666666666666,0.62785599999999997,0.10217066666666667,0.026885333333333334,0.014656000000000001,5.3333333333333337e-06,0.00038933333333333333,0.0020853333333333331,0.00044799999999999999,0.071424000000000001,0.020053333333333333
4805998074,0.53681066666666666,0.33984533333333333,0.01504,0.023296000000000001,0.043322666666666669,0.00021866666666666668,0.00022933333333333334,0.00068800000000000003,0,0.025503999999999999,0.015045333333333334
4806004078,0.21543466666666666,0.20921600000000001,0.0098826666666666663,0.214896,0.22740266666666667,0.00072533333333333336,0.0010346666666666666,0.0038826666666666666,3.1999999999999999e-05,0.113632,0.0038613333333333334
4806007504,0.22794666666666666,0.068127999999999994,0.010261333333333334,0.21517333333333333,0.38772800000000002,1.5999999999999999e-05,0.0031840000000000002,0.0085493333333333341,5.3333333333333333e-05,0.07613866666666666,0.0028213333333333332
4806008340,0.33987733333333331,0.29083199999999998,0.0016533333333333333,0.10273066666666666,0.19778666666666667,5.3333333333333337e-06,0.00015466666666666667,0.0015413333333333334,5.3333333333333337e-06,0.064949333333333331,0.000464
4806011196,0.47822399999999998,0.18641066666666667,0.00085866666666666665,0.19428799999999999,0.0053226666666666665,0,0.00035733333333333331,0.0016479999999999999,2.1333333333333335e-05,0.13269333333333333,0.000176
4806012538,0.020325333333333334,0.0083199999999999993,0.0036159999999999999,0.16020266666666666,0.70739200000000002,9.066666666666667e-05,0.00093333333333333332,0.00068800000000000003,0.00020266666666666667,0.097957333333333327,0.000272
4806013012,0.30083199999999999,0.38693866666666665,3.7333333333333331e-05,0.18856533333333333,0.0033279999999999998,0,0.00032533333333333334,5.3333333333333333e-05,0,0.11873599999999999,0.0011839999999999999
4806014250,0.40168533333333334,0.033642666666666668,0.0062933333333333331,0.06112533333333333,0.18054400000000001,0,0.023397333333333332,0.091039999999999996,0.0019093333333333334,0.20029866666666668,6.3999999999999997e-05
5038155453,0.0050846394984326018,0,0.5506645768025078,0.014890282131661442,0.025260188087774294,0.12293416927899686,0.088664576802507833,0,2.5078369905956112e-05,0.028219435736677116,0.16425705329153606
5038156875,0.089309309309309304,0.0028888888888888888,0.19071471471471471,0.082420420420420415,0.11891291291291291,0.094378378378378383,0.011309309309309309,0.00084684684684684683,0.0014834834834834836,0.048348348348348349,0.3593873873873874
5038157503,0.0040660660660660659,0.00064264264264264268,0.19678078078078079,0.0038918918918918917,0.56837237237237237,0,0.045717717717717717,9.6096096096096097e-05,0,0.14587387387387388,0.034558558558558557
5038158893,0.010944954128440368,0.00044954128440366975,0.45148623853211012,0.033871559633027522,0.012770642201834862,0.0010733944954128441,0.02234862385321101,0.00018348623853211009,7.3394495412844031e-05,0.20820183486238533,0.25859633027522938
5038159283,0.0020300300300300301,0,0.13362762762762762,0,0.00094894894894894896,0.69965765765765764,0.0058618618618618617,0,0.0017057057057057057,0.046684684684684688,0.10948348348348348
5038159909,0.012708708708708709,0,0.22455255255255255,0.0010570570570570571,0.0079819819819819827,0.41739339339339337,0.015441441441441441,3.6036036036036038e-05,0.00098498498498498501,0.012990990990990992,0.30685285285285285
5038769684,0.083225225225225227,0.0043963963963963961,0.46190990990990993,0.078324324324324318,0.25365765765765763,7.2072072072072076e-05,0.0048108108108108104,0.00039639639639639637,6.006006006006006e-06,0.069483483483483488,0.043717717717717715
5038774842,0.33345945945945948,0.005003003003003003,0.35797597597597597,0.15012612612612614,0.10587987987987987,3.6036036036036038e-05,0.0083663663663663661,0.0026306306306306307,0.00018618618618618617,0.033837837837837836,0.0024984984984984986
5038775178,0.00027627627627627627,6.006006006006006e-06,0.32425225225225224,0.00060060060060060057,0.018864864864864866,0.16861861861861863,0.01621021021021021,1.8018018018018019e-05,7.8078078078078081e-05,0.016792792792792794,0.45428228228228229
5038775500,0.17043843843843845,0.0039639639639639642,0.36075675675675678,0.16193993993993994,0.19384384384384384,4.8048048048048048e-05,0.0024864864864864865,0.00028228228228228226,6.6066066066066071e-05,0.092912912912912912,0.013261261261261261
5038776168,0.012708708708708709,0,0.53246246246246243,0.0012612612612612612,0.086786786786786793,0.028528528528528527,0.010414414414414415,0.00058258258258258254,0.00030630630630630633,0.037861861861861863,0.28908708708708708
5038776816,0.0058838709677419354,0,0.080799999999999997,0.00014838709677419355,0.061367741935483874,0.45149677419354839,0.01,0,4.5161290322580643e-05,0.009438709677419355,0.38081935483870966
5038777282,0.0092252252252252257,0.0002882882882882883,0.00059459459459459464,0.00042642642642642644,0.91210210210210207,0,4.8048048048048048e-05,0.00030030030030030029,0,0.073489489489489496,0.0035255255255255257
5038777548,0.013471471471471472,0,0.12009009009009008,0.0017837837837837837,0.45309909909909912,0,8.4084084084084086e-05,6.006006006006006e-06,0,0.092390390390390389,0.3190750750750751
5038779088,0.036144144144144144,0.24774774774774774,0.0025285285285285286,0.073777777777777775,0.4264024024024024,0.0022522522522522522,0.00051051051051051054,0.00079879879879879879,0.002048048048048048,0.20773573573573573,5.4054054054054054e-05
5051506583,0.26163253012048193,1.8072289156626505e-05,0.45650602409638552,0.10801807228915662,0.075927710843373492,0.0018493975903614457,0.00035542168674698797,0,0.00037349397590361445,0.023030120481927711,0.072289156626506021
5051508521,0.0025301204819277107,0,0.88425301204819273,0.00038554216867469878,0.0016204819277108435,0,0,0,0,0,0.11121084337349398
5051515825,0.52839156626506023,0,0.41968674698795183,0.0068132530120481932,0.0347289156626506,1.2048192771084337e-05,6.0240963855421684e-06,0,0,0.00016265060240963855,0.010198795180722892
5051519217,0.24190963855421688,0,0.32392168674698796,0.16296385542168676,0.12336144578313253,0.075198795180722894,1.2048192771084337e-05,1.8072289156626505e-05,0.0017108433734939759,2.4096385542168674e-05,0.070879518072289163
5051526321,0.17936746987951807,2.4096385542168674e-05,0.60192168674698798,0.054072289156626506,0.040608433734939761,0.024060240963855423,4.8192771084337347e-05,1.8072289156626505e-05,0.0005481927710843373,0.011536144578313253,0.087795180722891566
5052122246,0.15419879518072288,0,0.44926506024096385,0.34620481927710844,0.046253012048192772,0.0021144578313253013,0.00018674698795180723,0,0.00025301204819277106,8.4337349397590357e-05,0.0014397590361445783
5052126248,0.19437951807228915,0,0.74704819277108436,0.031843373493975903,0.0076746987951807231,0.0001746987951807229,6.0240963855421684e-06,6.0240963855421684e-06,0.0004457831325301205,0.0043554216867469882,0.014066265060240965
5052128624,0.48015662650602409,0,0.20077108433734939,0.072512048192771086,0.065867469879518067,0.052361445783132531,5.4216867469879516e-05,6.0240963855421684e-06,0,0.00026506024096385544,0.12800602409638553
5052130156,0.0005481927710843373,0,0.19822289156626505,0,0.00050000000000000001,0,0,0,0,0,0.80072891566265059
5052130916,0.011180722891566266,0,0.8996024096385542,0.0050843373493975903,0.0065240963855421686,0,0,0,0,0,0.077608433734939752
5052131860,0.0027530120481927709,0,0.86421686746987947,0.08467469879518072,0.039487951807228916,0,0,0,0,0,0.0088674698795180723
5052137906,0.12924698795180722,0,0.44989759036144578,0.20737951807228916,0.054957831325301208,0.029867469879518074,0.00012650602409638553,1.2048192771084337e-05,0.00071686746987951805,0.013524096385542169,0.11427108433734939
5052147982,0.13540361445783133,3.0120481927710842e-05,0.6908855421686747,0.04013253012048193,0.037373493975903616,0.023536144578313253,0.00012650602409638553,4.8192771084337347e-05,0.00025903614457831327,0.0093855421686746994,0.062819277108433741
5052148870,0.052397590361445784,0,0.48639156626506025,0.0056204819277108431,0.061198795180722888,0.01091566265060241,6.0240963855421684e-06,0,0.00015662650602409639,0.014030120481927711,0.36928313253012046
5052152312,0.03553614457831325,0,0.63742168674698796,0.21251807228915662,0.079463855421686741,6.0240963855421684e-06,0.00028313253012048192,0,0,0.0012289156626506025,0.033542168674698794
5110434517,0.0068640000000000003,1.0666666666666667e-05,0.33458133333333334,0.16156266666666666,7.4666666666666661e-05,0.08030933333333333,0.055888,0.001776,0.050464000000000002,0.27556799999999998,0.032901333333333331
5110456339,0.050789333333333332,0.005162666666666667,0.011978666666666667,0.87128000000000005,0.0021386666666666668,0,0.001456,0.0038506666666666667,0,0.053344000000000003,0
5110465307,0.17760533333333334,0,0.65969599999999995,0.019877333333333334,0.0030133333333333331,0.028266666666666666,0.036448000000000001,0.0014933333333333333,0.057167999999999997,0.007802666666666667,0.0086293333333333326
5110476567,0.00192,0,0.80234133333333335,0.00066666666666666664,0.00019733333333333332,0.032362666666666665,0.063450666666666669,0.00042666666666666667,0.0025706666666666668,0.091701333333333329,0.0043626666666666666
5110539285,0.162464,0.041269333333333331,0.46962133333333334,0.26389333333333331,0.00018666666666666666,0.010992,0.010538666666666667,0.0057173333333333329,3.1999999999999999e-05,0.035285333333333335,0
5110542687,0.04768,0.0036533333333333335,0.229488,0.076741333333333328,0.00035733333333333331,0.40862933333333334,0.094048000000000007,0.01472,0.087365333333333337,0.032986666666666664,0.0043306666666666667
5110554397,0.013952000000000001,0.040287999999999997,0.072218666666666667,0.76691200000000004,0.0049013333333333331,0,0.0024746666666666667,0.0037226666666666667,0,0.095525333333333337,5.3333333333333337e-06
5111011712,0.00216,0,0.84206933333333334,0.023402666666666665,5.3333333333333337e-06,0.00047466666666666669,0.077178666666666673,0.0014666666666666667,0.0016426666666666666,0.051194666666666666,0.00040533333333333334
5111026452,0.051957333333333335,0,0.44036799999999998,0.00013333333333333334,0.00017066666666666668,0.18551466666666666,0.00016533333333333333,7.4666666666666661e-05,0.0030986666666666667,0.13008,0.18843733333333335
5111037314,0.072431999999999996,0,0.54633600000000004,0.006672,0.0042026666666666671,0.052437333333333336,0.00043199999999999998,0.00011733333333333333,0.0016000000000000001,0.092464000000000005,0.22330666666666665
5111052798,0.00018666666666666666,0,0.79860799999999998,0.033098666666666665,5.3333333333333337e-06,0.00216,0.14557333333333333,0.00036266666666666668,0.0026453333333333333,0.017349333333333335,1.0666666666666667e-05
5111072284,0.12356266666666667,0.031754666666666667,0.44043199999999999,0.075749333333333335,0.20152,3.7333333333333331e-05,5.3333333333333333e-05,0.00053333333333333336,8.5333333333333339e-05,0.11666133333333334,0.0096106666666666667
5111080962,0.0039306666666666665,0,0.93410666666666664,0.0030613333333333334,0,0.001168,0.054538666666666666,4.8000000000000001e-05,0.0031306666666666666,1.0666666666666667e-05,5.3333333333333337e-06
5111088090,0.077533512064343169,0.025399463806970508,0.030289544235924934,0.74699731903485256,0.033624664879356565,0,1.6085790884718497e-05,8.5790884718498661e-05,0,0.086053619302949066,0
5111101594,0.034736000000000003,0.0011146666666666666,0.53781866666666667,0.25018133333333331,0.001936,0.055232000000000003,0.04256533333333333,0.0024053333333333335,0.048218666666666667,0.0099413333333333333,0.015850666666666666
5258168883,0.3428253012048193,0.0073493975903614461,0.020355421686746988,0.41514457831325302,0.053897590361445785,0,0.0083192771084337341,0.0051204819277108436,0.00065060240963855421,0.1459277108433735,0.00040963855421686748
5258169647,0,0,0.46412048192771083,0,0,0,0,0,0,0,0.53587951807228917
5258170019,0.34059036144578314,0,0.38015662650602411,0.10772289156626506,0.1109156626506024,0,0,0,0,0.0030542168674698796,0.057560240963855425
5258171321,0.26101807228915663,0.011686746987951807,2.4096385542168674e-05,0.69115662650602405,0.00013253012048192772,0,0.00022891566265060241,6.0240963855421684e-06,0,0.035746987951807231,0
5258178285,0.8030421686746988,0.033837349397590359,0.045222891566265057,0.0095180722891566264,0.0694578313253012,0,0,0,0,0.012331325301204819,0.026590361445783132
5258179399,0.1278975903614458,0,0.39033132530120485,0.40424096385542169,0.077433734939759039,0,0,0,0,1.2048192771084337e-05,8.4337349397590357e-05
5258182991,0.30313855421686747,0.00096385542168674694,0.0014698795180722892,0.68609036144578317,0.0010783132530120482,0,7.8313253012048196e-05,0.00087349397590361446,0,0.0063072289156626505,0
5258779264,0.14092771084337349,0.0073433734939759038,0.0014156626506024097,0.73617469879518072,0.010710843373493976,0,0.0034759036144578312,1.2048192771084337e-05,0,0.099939759036144576,0
5258780260,0.14697590361445784,0.0007409638554216868,0.11654819277108434,0.4780180722891566,0.0055240963855421685,0,1.8072289156626505e-05,2.4096385542168674e-05,0,0.25212650602409636,2.4096385542168674e-05
5258781954,0.19943975903614458,0,0.086313253012048188,0.7084879518072289,0.002969879518072289,0.002783132530120482,0,0,0,0,6.0240963855421684e-06
5258787944,0.40366265060240963,0.019210843373493977,0.11863855421686748,0.44375301204819279,0.014716867469879519,0,0,1.2048192771084337e-05,0,6.0240963855421684e-06,0
5258788846,0.6140783132530121,1.2048192771084337e-05,0.090289156626506023,0.022319277108433736,0.084174698795180719,0,0,0.00014457831325301204,0,1.8072289156626505e-05,0.18896385542168675
5455973077,0.0081729957805907177,0.0024008438818565402,0.097126582278481019,0.79747257383966241,0.021354430379746835,0,0.0057679324894514767,0.0036835443037974685,0,0.063599156118143457,0.0004219409282700422
5455974961,0.014671999999999999,0.0015413333333333334,0.026005333333333332,0.91051733333333329,0.023194666666666666,0,0.0017066666666666667,0.00066666666666666664,0,0.021578666666666666,0.00011733333333333333
5455990367,0.048767932489451479,0.017974683544303798,0.24272573839662448,0.37029535864978902,0.041350210970464138,0.0036962025316455696,0.00097890295358649799,0.0038227848101265822,0.0022025316455696201,0.17005063291139241,0.098135021097046415
5456049799,0.12348266666666667,5.3333333333333337e-06,0.56721066666666664,0.11092266666666667,0.066298666666666672,0,0.017808000000000001,0.00021333333333333333,0,0.089520000000000002,0.024538666666666667
5456075003,0.20496,8.5333333333333339e-05,0.13195200000000001,0.13285866666666668,0.42794133333333334,0.0019786666666666668,9.066666666666667e-05,6.3999999999999997e-05,1.0666666666666667e-05,0.018037333333333332,0.082021333333333335
5456110051,0.019647999999999999,0.00022933333333333334,0.57052266666666662,0.070058666666666672,0.066432000000000005,0.00031466666666666665,0.023797333333333334,0.00063466666666666663,5.8666666666666665e-05,0.20101866666666668,0.047285333333333332
5456152037,0.0015413333333333334,0.027306666666666667,0.54986133333333331,0.010986666666666667,0.010869333333333333,0.0022933333333333334,0.0012106666666666667,8.0000000000000007e-05,5.3333333333333337e-06,0.0056746666666666664,0.39017066666666667
5456203417,0.18021153846153845,0.019961538461538461,0.10551282051282052,0.45476923076923076,0.083692307692307691,0,0.0025769230769230769,0.0021987179487179486,3.8461538461538463e-05,0.14573076923076922,0.0053076923076923075
5456307371,0.22122666666666665,0.011866666666666666,0.15128533333333333,0.36962133333333336,0.16459199999999999,1.0666666666666667e-05,0.0015253333333333334,0.00050133333333333334,0,0.017600000000000001,0.061770666666666668
5456522918,0.039163841807909605,0,0.4290225988700565,0.019423728813559322,0.13310734463276835,3.3898305084745762e-05,2.8248587570621469e-05,5.6497175141242937e-06,0,0.0039322033898305086,0.37528248587570623
5456565168,0.048389333333333333,0.018367999999999999,0.10695466666666667,0.086543999999999996,0.32442133333333334,0,0.00012266666666666668,0.00017066666666666668,0,0.33328000000000002,0.081749333333333327
5456601624,0.40162277580071176,0.0048612099644128118,0.076348754448398573,0.45792882562277581,0.014284697508896797,0.00015658362989323844,0.00044839857651245553,0.00074733096085409251,0.00071886120996441283,0.01785053380782918,0.025032028469750889
5456739856,0.02496,0.00064000000000000005,0.126864,0.69397333333333333,0.039978666666666669,0.00033599999999999998,0.021482666666666667,0.0027306666666666668,0.0026346666666666667,0.083962666666666672,0.0024373333333333335
5456805866,0.13033066666666668,0.03885333333333333,0.22688533333333333,0.46401066666666668,0.019317333333333332,0.00018133333333333334,0.001024,0.00013866666666666666,0.00023466666666666666,0.11892800000000001,9.6000000000000002e-05
5456826924,0.068360360360360362,0.00012612612612612612,0.48981081081081079,0.11752252252252252,0.0571981981981982,8.5585585585585584e-05,0.0057027027027027029,0.00096846846846846844,0.0003018018018018018,0.054860360360360363,0.20506306306306307
6098236714,0.0011531531531531532,0.022534534534534533,0.22733933933933934,0.055903903903903901,0.60261861861861865,0,0.014072072072072072,0,0.0016276276276276276,0.074444444444444438,0.00030630630630630633
6098967815,0.10719161676646706,0.011191616766467067,0.18880838323353294,0.63528143712574847,0.00094610778443113774,0.00028143712574850297,0.0095568862275449105,0.0073772455089820355,0.0016586826347305388,0.037646706586826346,5.9880239520958083e-05
6099515968,0.026949868073878627,0.010437994722955144,0.12893403693931399,0.25262796833773088,0.05457519788918206,0.0174089709762533,0.017894459102902376,0.0096411609498680741,0.0027335092348284959,0.32489182058047494,0.15390501319261213
6099517676,0.0036996996996996995,6.006006006006006e-06,0.87547747747747751,0.010048048048048049,0.00046246246246246244,7.2072072072072076e-05,0.0087927927927927921,6.0060060060060059e-05,0.00030030030030030029,0.099909909909909916,0.0011711711711711711
6099517784,0.54912615384615382,0,0.40927384615384615,0.002363076923076923,6.153846153846154e-06,0.013341538461538462,0.01968,0,0.0014030769230769231,6.7692307692307697e-05,0.0047384615384615386
6100462083,0.012757333333333334,0.014869333333333333,0.31954133333333334,0.039365333333333336,0.53625066666666665,0.0024853333333333333,0.048170666666666667,0.00037333333333333332,0.0026559999999999999,0.023530666666666665,0
6851594024,0.11132087227414331,0.036903426791277255,0.3307725856697819,0.43911526479750779,0.038803738317757012,0,0.0030218068535825546,0.00018068535825545171,0,0.039838006230529598,4.3613707165109034e-05
6908252562,0.55324561403508776,0.058976608187134502,0.020964912280701756,0.2486374269005848,0.017216374269005848,2.9239766081871346e-05,0.00060818713450292393,0.0048947368421052634,0,0.095368421052631575,5.8479532163742693e-05
6908254000,0.077993920972644376,8.5106382978723409e-05,0.60645592705167173,0.13135562310030396,0.010626139817629179,0.15114893617021277,0.0021094224924012158,5.47112462006079e-05,0.00069908814589665657,0.00023100303951367781,0.019240121580547113
6908254370,0.41581538461538464,0.054480000000000001,0.24388923076923077,0.14584615384615385,0.017821538461538462,0.012658461538461539,0.02097846153846154,0.0052861538461538458,0.010486153846153846,0.057618461538461535,0.01512
6908256296,0.41015568862275448,0.06782035928143712,0.036305389221556884,0.39364670658682632,0.013766467065868263,3.5928143712574853e-05,0.0019820359281437125,0.0011137724550898203,0.00044910179640718562,0.074700598802395213,2.3952095808383234e-05
6908256748,0.16344144144144143,0.077291291291291295,0.25141741741741741,0.34196996996996998,0.017141141141141143,0,0.00018618618618618617,0.0023063063063063064,0.00018018018018018018,0.14599399399399399,7.2072072072072076e-05
6908257720,0.11130746268656716,0,0.46063880597014928,0.37272835820895522,0.03996417910447761,0,0.0019402985074626865,5.9701492537313431e-06,1.1940298507462686e-05,0.012943283582089552,0.00045970149253731342
6908261090,0.026648484848484848,0.0018848484848484849,0.64859393939393939,0.27033333333333331,0.0035878787878787879,0.032975757575757575,0.006763636363636364,0.00061818181818181818,0.0033030303030303029,0.0019090909090909091,0.003381818181818182
6908261478,0.040750750750750749,0.05287687687687688,0.5842522522522523,0.18016216216216216,0.0016516516516516516,0,0.000954954954954955,1.2012012012012012e-05,0.00025225225225225225,0.13905705705705707,3.0030030030030029e-05
6908262278,0.36349693251533743,0.16107361963190184,0.053595092024539874,0.20448466257668713,0.02241717791411043,0.00024539877300613498,0.0018773006134969324,0.001294478527607362,0.00090797546012269937,0.18983435582822086,0.00077300613496932512
6997717861,0.23223853211009174,0.099308868501529049,0.52287461773700306,0.070415902140672781,0.00014678899082568806,1.2232415902140673e-05,0.0030703363914373087,0.010061162079510704,0.00070948012232415901,0.061162079510703363,0
6997718055,0.066834834834834836,0,0.77070270270270269,0.02203003003003003,0.0090570570570570573,0.044864864864864865,0.01527927927927928,0.00014414414414414415,0.050612612612612615,0.00052252252252252252,0.01995195195195195
7054346561,0.41544144144144146,0.040762762762762764,0.14921321321321321,0.16743543543543543,0.024366366366366365,0.010534534534534535,0.036810810810810814,0.011927927927927929,0.01521921921921922,0.10851651651651652,0.019771771771771772
7054350639,0.12771951219512195,0,0.76385975609756096,0.00037195121951219513,0.00059756097560975609,0.040140243902439025,0.00010365853658536585,0,0.00018902439024390244,0.014542682926829269,0.052475609756097559
7054351639,0.091431309904153352,0.0074760383386581466,0.39226198083067093,0.38967412140575081,0.020012779552715656,4.4728434504792331e-05,0.023412140575079871,0,0.0019680511182108627,0.07162300319488818,0.002095846645367412
8020591964,0.21930120481927712,0.1156566265060241,0.17323493975903614,0.35794578313253012,0.014150602409638554,6.0240963855421684e-05,0.0015542168674698795,0.0032710843373493976,0.0097349397590361444,0.10348192771084337,0.001608433734939759
8020631558,0.035204819277108432,0,0.71531927710843368,0.0016867469879518072,0.056409638554216865,0,0,6.0240963855421684e-06,6.6265060240963859e-05,0,0.19130722891566265
8020635370,0.27904216867469878,0,0.57531927710843378,0.0035903614457831324,0.083066265060240965,7.8313253012048196e-05,0,8.4337349397590357e-05,0.00025903614457831327,1.8072289156626505e-05,0.058542168674698795
8020643417,0.2631867469879518,0.075259036144578309,0.4100602409638554,0.1939578313253012,0.021542168674698794,0.0025000000000000001,0.00036746987951807229,0.00067469879518072286,0.0018975903614457832,0.0037891566265060243,0.026765060240963857
8020643802,0.23540963855421687,0.1504879518072289,0.22354819277108434,0.28841566265060242,0.017150602409638553,0.00015060240963855423,0.0041927710843373493,0.0034337349397590361,0.049271084337349398,0.027728915662650601,0.0002108433734939759
8020669765,0.10123123123123123,0.062252252252252255,0.62610810810810813,0.051495495495495494,0.072852852852852854,0.00087687687687687684,5.4054054054054054e-05,2.4024024024024024e-05,1.8018018018018019e-05,0.017351351351351352,0.067735735735735741
8020671050,0.20445783132530121,0,0.57496987951807232,0.015590361445783133,0.063096385542168676,0.00031927710843373495,0.00039759036144578315,6.6265060240963859e-05,0.00042771084337349396,0.077138554216867466,0.063536144578313247
8020705174,0.13328313253012047,0.00052409638554216866,0.32396987951807227,0.096668674698795184,0.046614457831325298,0.010578313253012048,0.00013855421686746988,0.00032530120481927711,0.0046144578313253009,0.0062108433734939759,0.37707228915662649
8020708961,0.27111445783132532,0.00022891566265060241,0.44229518072289159,0.0027771084337349398,0.088210843373493969,0.011349397590361446,0.00068674698795180718,0.00012048192771084337,0.007210843373493976,0.0089216867469879522,0.16708433734939759
8020714043,0.55502409638554218,6.0240963855421684e-05,0.27918674698795182,0.0033012048192771083,0.012174698795180723,0.00048192771084337347,0,3.0120481927710842e-05,0.00020481927710843374,0,0.14953614457831324
8020721629,0.50321686746987948,0.01230722891566265,0.38934337349397591,0.021819277108433736,0.034277108433734937,0,6.0240963855421684e-06,6.6265060240963859e-05,3.614457831325301e-05,1.2048192771084337e-05,0.038915662650602409
8020727307,0.50768072289156629,0.00037951807228915662,0.36599397590361443,0.02516867469879518,0.026132530120481928,0.0031325301204819275,8.4337349397590357e-05,0.00034337349397590359,0.00010240963855421687,0.006156626506024096,0.064825301204819274
8020737489,0.14657228915662651,0.10609638554216867,0.34341566265060242,0.2096566265060241,0.069469879518072292,0.0036566265060240964,0.0061927710843373493,0.015578313253012049,0.0044216867469879517,0.08517469879518072,0.0097650602409638555
8020755507,0.202355421686747,0.079897590361445781,0.11804819277108433,0.22978313253012048,0.0025843373493975902,0.0011445783132530121,0.012144578313253012,0.0026325301204819275,0.00067469879518072286,0.35038554216867468,0.00034939759036144581
8020756310,0.23847590361445783,0.0053855421686746984,0.38237951807228915,0.19643373493975905,0.11468674698795181,0.0019518072289156627,0.0013734939759036144,0.001174698795180723,0.00024096385542168674,0.0044638554216867472,0.053433734939759038
8395113713,0.205424,8.5333333333333339e-05,0.677504,0.023146666666666666,0.034165333333333332,0.0052533333333333329,0.0015626666666666666,0.0048586666666666665,0.000192,0.0055626666666666663,0.042245333333333336
8395122203,0.054469333333333335,0.00012266666666666668,0.58286933333333335,0.0020693333333333332,0.021919999999999999,0.021600000000000001,0.00020266666666666667,0.0023146666666666667,0.013424,0.065087999999999993,0.23591999999999999
8395123619,0.041056000000000002,0.00013866666666666666,0.56421866666666665,0.0026293333333333333,0.019669333333333334,0.16753599999999999,0.00092800000000000001,0.0021706666666666667,0.010704,0.034144000000000001,0.15680533333333332
8395126701,0.17242666666666667,0.0043893333333333336,0.58643199999999995,0.076181333333333337,0.034981333333333336,0.06472,0.0019893333333333334,0.0013173333333333333,0.0088853333333333336,0.025354666666666668,0.023322666666666665
8395130859,0.14014933333333332,0.0016479999999999999,0.36994666666666665,0.057376000000000003,0.30654933333333334,0.001232,0.0025013333333333333,0.0045120000000000004,0.000464,0.0037866666666666665,0.11183466666666667
8395136279,0.16882133333333332,8.5333333333333339e-05,0.46386666666666665,0.094672000000000006,0.15818666666666667,0.0012533333333333333,0.0028373333333333332,0.0021120000000000002,0.0021066666666666668,0.069861333333333331,0.036197333333333331
8395143153,0.36888533333333334,0.0026026666666666668,0.34842133333333336,0.013413333333333333,0.14182400000000001,0.035888000000000003,0.0011786666666666666,0.0019093333333333334,0.0016533333333333333,0.0091146666666666668,0.075109333333333334
8396184702,0.54069866666666666,0.208368,0.021498666666666666,0.10564266666666666,0.012330666666666667,5.3333333333333337e-06,0.0065173333333333333,0.0024906666666666666,1.5999999999999999e-05,0.10048533333333333,0.0019466666666666666
8396186516,0.035034666666666665,0.00086399999999999997,0.49996266666666667,0.020346666666666666,0.016405333333333334,0.013535999999999999,0.0020266666666666666,0.006208,0.0032106666666666668,0.0018613333333333333,0.40054400000000001
8396193130,0.090064000000000005,5.3333333333333337e-06,0.24135466666666666,0.00031466666666666665,0.0022399999999999998,0.28893333333333332,0.0017813333333333333,0.0023573333333333332,0.066517333333333331,0.0054026666666666667,0.30102933333333332
8396196432,0.18148800000000001,0.064058666666666667,0.019802666666666666,0.63138666666666665,0.051445333333333336,0,0.00018666666666666666,0.0055946666666666671,0.00028800000000000001,0.044527999999999998,0.0012213333333333334
8396200090,0.018997333333333335,0.0019040000000000001,0.39089600000000002,0.00054933333333333331,0.0029813333333333332,0.073397333333333328,0.00016533333333333333,0.0065653333333333336,0.016069333333333335,1.5999999999999999e-05,0.48845866666666665
8396201460,0.06397866666666667,0.0031466666666666665,0.70026133333333329,0.063439999999999996,0.025413333333333333,0.0044373333333333331,0.0010986666666666666,0.0021973333333333333,0.0024053333333333335,0.012192,0.12142933333333333
8396209438,0.20426666666666668,0.0042506666666666665,0.50003733333333333,0.053962666666666666,0.044575999999999998,0.068767999999999996,0.003552,0.0059040000000000004,0.020357333333333335,0.048597333333333333,0.045727999999999998
8396212236,0.19154666666666667,0.0010986666666666666,0.48596266666666665,0.17784,0.054607999999999997,0.00029333333333333333,0.0052160000000000002,0.0094133333333333326,0.0036373333333333331,0.058058666666666668,0.012325333333333334
8989887343,0.042711743772241996,0.00069750889679715304,0.024049822064056939,0.86360854092526695,0.015544483985765125,0,0.0014234875444839859,0.0031743772241992884,0,0.048790035587188613,0
8989902981,0.078782918149466197,0.0095088967971530252,0.023238434163701069,0.845914590747331,0.0091672597864768685,7.1174377224199285e-06,7.1174377224199285e-05,0.00046263345195729537,0,0.018626334519572955,0.014220640569395019
8989919671,0.02088256227758007,0.0083274021352313168,0.1565693950177936,0.65377224199288253,0.11730960854092527,0.00096797153024911033,0.0026476868327402134,0.0096797153024911035,0.0023914590747330959,0.026341637010676155,0.001110320284697509
8989926863,0.17688256227758006,0.038619217081850531,0.0010106761565836298,0.51006405693950174,0.0097224199288256236,0,0.0010818505338078292,0.0034590747330960855,0,0.25914590747330962,1.4234875444839857e-05
8991095498,0.3773238434163701,0.00092526690391459075,0.068654804270462638,0.49271174377224197,0.052135231316725976,0,0.001608540925266904,6.4056939501779363e-05,0,0.0065765124555160143,0
8991128682,0.3793238434163701,0.0042918149466192167,0.0094234875444839852,0.36148042704626332,0.031836298932384342,0,0.0022775800711743771,0.0077651245551601427,0,0.13782918149466192,0.065772241992882563
8992695386,0.28024911032028471,0.00029181494661921709,0.3297153024911032,0.25546619217081851,0.053935943060498218,0.00017081850533807828,0.00058362989323843418,0.0012455516014234875,0.0027615658362989326,0.053217081850533809,0.022362989323843417
8992698766,0.10301067615658363,0.0062989323843416368,0.40493950177935945,0.29594306049822067,0.052284697508896798,0.00047686832740213522,0.006939501779359431,0.0069964412811387901,0.0030106761565836301,0.010234875444839857,0.10986476868327402
8999736643,0.42191459074733095,0.0047615658362989326,0.13264056939501778,0.2539288256227758,0.083871886120996442,0,0.00065480427046263345,0.0059644128113879001,7.1174377224199285e-06,0.093893238434163695,0.0023629893238434163
8999745213,0.030661921708185054,0.0029608540925266905,0.025017793594306049,0.65197864768683278,0.2196370106761566,0.00081850533807829179,0.00021352313167259787,0.0027473309608540926,5.6939501779359428e-05,0.0061565836298932385,0.059750889679715299
9000924112,0.20747330960854093,0.0052597864768683276,0.16793594306049822,0.51550177935943065,0.053587188612099643,0,0.0022704626334519571,0.0012526690391459075,7.1174377224199285e-05,0.046469750889679716,0.00017793594306049823
9000932620,0.10819217081850534,0.045359430604982209,0.2755017793594306,0.12412099644128113,0.085537366548042698,0,0.0017935943060498221,0.00029893238434163698,0,0.3064697508896797,0.052725978647686834
9004171684,0.22477580071174377,0.023651245551601422,0.11403558718861211,0.35579359430604984,0.069174377224199293,0.0013238434163701067,0.0002704626334519573,0.038704626334519571,7.829181494661922e-05,0.16893238434163702,0.0032597864768683276
9004173270,0.18948042704626333,0.0023416370106761567,0.26520284697508895,0.21327402135231316,0.15027758007117437,0.0007758007117437722,0.005914590747330961,0.0030604982206405692,0.0013380782918149467,0.025978647686832741,0.142355871886121
9004176518,0.36987900355871889,0.015964412811387902,0.27850533807829181,0.14548754448398576,0.031238434163701069,0.0022491103202846975,0.011537366548042705,0.058911032028469749,0.0044697508896797151,0.033928825622775799,0.047829181494661921
