10260620564,0.17672672672672673,0.21812612612612611,0.018258258258258258,0.15720120120120121,0.0082462462462462461,0.00021021021021021022,0.00086486486486486486,0.008702702702702703,0.00064864864864864862,0.4108048048048048,0.00021021021021021022
10452846246,0.23809718670076727,0.59164705882352941,0.072767263427109971,0.036337595907928386,0.014833759590792838,0.0019079283887468031,0.00016368286445012789,0.00038363171355498723,0.00076726342710997447,0.0089923273657288999,0.034102301790281328
10452850345,0.1118046875,0.092085937500000006,0.0084765624999999997,0.3979375,0.057437500000000002,6.2500000000000001e-05,0.0032656249999999999,0.00082031249999999997,0.00043750000000000001,0.32654687500000001,0.0011249999999999999
10452862095,0.25865333333333335,0.41052,0.026046666666666666,0.15597333333333332,0.056073333333333336,0.00042666666666666667,0.01044,0.0063,0.0010533333333333334,0.068760000000000002,0.0057533333333333334
10470163856,0.061290666666666667,0.12256,0.029936000000000001,0.34881600000000001,0.040869333333333334,9.6000000000000002e-05,0.0025546666666666665,0.0012746666666666666,0.0013546666666666666,0.38974399999999998,0.0015039999999999999
10567142394,0.35306906906906904,0.064330330330330324,0.093993993993993996,0.11887687687687688,0.010624624624624624,0.0064924924924924928,0.00058858858858858859,0.0023663663663663665,0.0025825825825825824,0.33027027027027028,0.016804804804804806
10567356683,0.19793393393393394,0.15467867867867868,0.29981981981981981,0.18813813813813815,0.033405405405405403,1.8018018018018019e-05,0.008822822822822823,0.0133993993993994,0.00063063063063063059,0.1017957957957958,0.0013573573573573573
10587186216,0.12998944591029024,0.042474934036939312,0.010606860158311346,0.21297625329815303,0.087324538258575196,0.0001108179419525066,0.0010817941952506597,0.0017994722955145118,0.0012875989445910289,0.5100686015831134,0.0022796833773087071
10794341375,0.1883978494623656,0.31252688172043008,0.05278494623655914,0.24854301075268817,0.085677419354838705,0.00019354838709677419,0.0014731182795698925,0.00023118279569892474,0.00050537634408602148,0.088607526881720425,0.021059139784946238
10794458684,0.31687500000000002,0.080406249999999999,0.015515625,0.27238541666666666,0.13128645833333333,8.8541666666666673e-05,0.0032656249999999999,0.011109374999999999,0.00043750000000000001,0.13185416666666666,0.036776041666666669
10795179754,0.028892215568862276,0.0038323353293413173,0.44329341317365267,0.13153892215568863,0.12540119760479043,6.5868263473053894e-05,0.0018982035928143712,0.00028143712574850297,5.3892215568862272e-05,0.22794610778443114,0.036796407185628745
10795242033,0.29225748502994014,7.1856287425149705e-05,0.052323353293413172,0.11702395209580839,0.070766467065868269,0,0.00023353293413173654,7.1856287425149705e-05,0,0.46719161676646709,5.9880239520958083e-05
10795262023,0.080988023952095811,0.025952095808383233,0.33297005988023953,0.17539520958083832,0.28751497005988025,0,0.010766467065868264,0.0010059880239520957,5.3892215568862272e-05,0.074772455089820361,0.010580838323353294
10796085566,0.018580838323353294,0.031742514970059879,0.80013173652694614,0.05660479041916168,0.002155688622754491,0,0.031826347305389219,0.00016766467065868263,0,0.024281437125748501,0.034508982035928143
10796199376,0.17961077844311377,5.3892215568862272e-05,0.32843712574850298,0.36992814371257488,0.11547904191616766,0,0.00030538922155688621,5.9880239520958083e-05,0,0.00022754491017964071,0.0058982035928143717
10796239426,0.11173053892215569,0.0012874251497005987,0.31823952095808383,0.51212574850299397,0.03477245508982036,0,0.00040718562874251499,0.00019760479041916167,0,0.0027904191616766466,0.018449101796407186
10796250165,0.22789221556886227,0.39883233532934131,0.0032155688622754492,0.093640718562874245,0.036526946107784432,0,0.0011197604790419162,0.0015868263473053893,0.00028742514970059882,0.23688622754491018,1.1976047904191617e-05
10796261776,0.0048682634730538923,0,0.90440119760479043,0.04724550898203593,0.0080778443113772459,0,0.013047904191616767,0,0,0.0041377245508982035,0.018221556886227546
10796281115,0.00077245508982035928,0.00017964071856287425,0.065928143712574855,0.60946706586826349,0.0033952095808383233,0.0026646706586826345,0.00017365269461077845,0.00010179640718562875,0.00020958083832335329,0.0019820359281437125,0.31512574850299402
10796287025,0.14002999999999999,0,0.044144999999999997,0.73677999999999999,0.011585,2.0000000000000002e-05,0.000105,0,0,0.063354999999999995,0.00398
10796304015,0.35583500000000001,0.0019949999999999998,0.062954999999999997,0.35546499999999998,0.083119999999999999,0,0.00216,1.5e-05,0,0.13845499999999999,0
10796324356,0.046934999999999998,0.00054000000000000001,0.098095000000000002,0.62250499999999998,0.0084749999999999999,0.000135,0.00080000000000000004,0.00034499999999999998,5.0000000000000004e-06,0.097159999999999996,0.12500500000000001
10796381114,0.1562994011976048,0.0003652694610778443,0.015988023952095809,0.736934131736527,0.012131736526946107,0,4.7904191616766468e-05,1.1976047904191617e-05,0,0.078215568862275445,5.9880239520958085e-06
10796422683,0.026925000000000001,0.59392500000000004,0.22811000000000001,0.0080949999999999998,0.06053,0.0020699999999999998,0.00060999999999999997,0.00031,0.00033,0.0083099999999999997,0.070785000000000001
10796446424,0.11619500000000001,0.00038499999999999998,0.085125000000000006,0.72436,0.01048,0.00040499999999999998,0.00059999999999999995,0.00021000000000000001,0.000105,0.002725,0.059409999999999998
11232384465,0.12502985074626866,0.41514925373134326,0.0080348258706467654,0.35549751243781097,0.051084577114427862,5.9701492537313435e-05,0.0023681592039800996,0.0012487562189054727,0.00070149253731343285,0.037985074626865671,0.0028407960199004975
11349002284,0.2641880733944954,0.4846422018348624,0.030256880733944953,0.11165596330275229,0.049408256880733942,0.00037155963302752291,0.0062981651376146789,0.00094495412844036698,0.00056422018348623851,0.041688073394495415,0.0099816513761467884
11349015604,0.2513435114503817,0.62684478371501273,0.0085038167938931292,0.07543002544529262,0.015384223918575064,4.0712468193384221e-05,0.001475826972010178,0.0063918575063613235,0.000183206106870229,0.013547073791348601,0.0008549618320610687
11639889845,0.20666835443037976,0.0090734177215189872,0.019726582278481012,0.19203037974683546,0.083579746835443045,0.00031898734177215188,0.0008708860759493671,0.0017316455696202531,0.00051139240506329112,0.47960000000000003,0.005888607594936709
11960519616,0.091993846153846148,0.30222153846153849,0.020190769230769231,0.51866461538461539,0.054873846153846155,6.153846153846154e-06,0.00056615384615384611,0.00048615384615384617,0.00065230769230769227,0.0082830769230769225,0.0020615384615384614
12184632665,0.092539999999999997,0.23956,0.040620000000000003,0.55218,0.052159999999999998,3.3333333333333335e-05,0.0046666666666666671,0.00078666666666666663,0.0010266666666666666,0.013860000000000001,0.0025666666666666667
12358019743,0.14810852713178294,0.13065633074935401,0.0083617571059431527,0.50138501291989668,0.039472868217054265,5.6847545219638242e-05,0.00054263565891472863,0.00093540051679586562,0.00029974160206718345,0.16814470284237726,0.002036175710594315
12393141465,0.14994666666666667,0.47842133333333331,0.29111466666666669,0.068874666666666667,0.0087786666666666673,2.1333333333333335e-05,0.00065066666666666669,0.00017066666666666668,0.00067733333333333328,0.0011253333333333334,0.00021866666666666668
12393320174,0.37609599999999999,0,0,0.24802666666666667,0,0,0,0,0,0.37587733333333334,0
2485968757,0.029557377049180329,0.26393442622950819,0.0030655737704918034,0.14679234972677596,0.16640983606557377,0.00029508196721311476,0.00032786885245901639,0.0006502732240437158,0.00037704918032786886,0.38325683060109289,0.0053333333333333332
2486048401,0.051819354838709676,0.042154838709677421,0.016270967741935483,0.27810967741935483,0.23787741935483872,5.8064516129032259e-05,0.00050322580645161289,0.00059999999999999995,0.0002838709677419355,0.20727096774193549,0.16505161290322581
2486051251,0.062496760259179267,0.01511879049676026,0.05019438444924406,0.2085183585313175,0.40958963282937366,1.2958963282937364e-05,0.0014989200863930886,0.00084665226781857454,0.00078185745140388764,0.24720086393088553,0.0037408207343412529
2486785846,0.021266666666666666,0.62126666666666663,0.0054871794871794869,0.14246666666666666,0.095041025641025637,0.00013333333333333334,0.0001794871794871795,0.0010102564102564102,0.00014871794871794872,0.10361538461538461,0.0093846153846153853
2486786062,0.052705234159779617,0.32817630853994489,0.0057630853994490357,0.31333333333333335,0.062269972451790633,0.0002809917355371901,0.0062258953168044077,0.00018181818181818181,0,0.22522314049586778,0.0058402203856749314
2486786290,0.037862660944206011,0.57108583690987125,0.00019313304721030043,0.11053648068669528,0.11047210300429185,0,0,0,0,0.16827896995708155,0.0015708154506437768
2486786508,0.00052173913043478256,0.28788628762541807,0.0053244147157190634,0.065050167224080274,0.53442140468227428,0.00018060200668896322,0.00051505016722408026,9.3645484949832775e-05,6.020066889632107e-05,0.10345150501672241,0.0024949832775919734
2486786800,0.0055275080906148867,0.086556634304207125,0.019773462783171523,0.20455016181229774,0.13590938511326861,0.00018122977346278317,0.010970873786407768,0.00020711974110032363,0.00019417475728155341,0.52233656957928798,0.013792880258899676
2486787268,0.026214912280701753,0.40414912280701754,0.00075877192982456141,0.059675438596491229,0.13017105263157894,0,0,4.3859649122807014e-06,0,0.376640350877193,0.0023859649122807019
2486787510,0.0098789473684210531,0.27013684210526318,0.007394736842105263,0.13723684210526316,0.25869473684210526,0,7.8947368421052633e-05,2.6315789473684212e-05,0,0.30377368421052631,0.012778947368421053
2486812496,0.02571069182389937,0.31108176100628931,0.071257861635220132,0.063094339622641507,0.38026415094339622,0.0023584905660377358,0.0070943396226415094,0.0097735849056603766,0.00032704402515723271,0.08450314465408805,0.044534591194968554
2486816798,0.033025510204081635,0.7673928571428571,0.038994897959183671,0.047015306122448981,0.075928571428571429,0,0.00016326530612244898,4.5918367346938773e-05,2.0408163265306123e-05,0.03676020408163265,0.00065306122448979592
2486817094,0.035099744245524298,0.43950895140664964,0.0064194373401534523,0.12364194373401534,0.34109462915601024,0.00027109974424552427,0.00019948849104859336,0.00079283887468030694,0.00016368286445012789,0.04626086956521739,0.0065473145780051154
2486822226,0.03323560209424084,0.0072356020942408381,0.12645026178010471,0.18174869109947644,0.36822513089005238,0.00016230366492146596,0.024759162303664921,0.0022984293193717277,0.045130890052356022,0.20436125654450263,0.006392670157068063
2486869688,0.068123711340206186,0.13210309278350515,0.017453608247422682,0.1580257731958763,0.0363659793814433,0,0.0011030927835051546,0.0016597938144329897,0.00018041237113402062,0.5756185567010309,0.0093659793814432988
2697956755,0.188752,0.274256,0.015386666666666667,0.051024,0.0035999999999999999,0.000192,0.00033066666666666666,0.0043039999999999997,0.00018133333333333334,0.45739200000000002,0.0045813333333333331
2697958859,0.32347733333333334,0.34748800000000002,0.0093973333333333339,0.023434666666666666,0.0092906666666666658,1.0666666666666667e-05,0.00033599999999999998,0.0041333333333333335,0.00092266666666666669,0.28046933333333335,0.0010399999999999999
2697962213,0.44036266666666668,0.080245333333333335,0.012101333333333334,0.038682666666666664,0.018378666666666668,1.5999999999999999e-05,0.000176,0.0024533333333333334,0.000176,0.40329599999999999,0.0041120000000000002
2698097007,0.14647659574468086,0.52209361702127655,0.015668085106382977,0.028391489361702129,0.011957446808510639,0.0011659574468085106,0.0016170212765957447,0.0077531914893617018,0.0015659574468085107,0.25299574468085106,0.010314893617021276
2698098633,0.22062612612612612,0.22166216216216217,0.087148648648648644,0.0071171171171171173,0.0052882882882882886,0,0.00027477477477477475,0.0039279279279279275,0.0001891891891891892,0.44099549549549549,0.01277027027027027
2698106073,0.24655813953488373,0.14302325581395348,0.0083860465116279061,0.16315813953488373,0.054162790697674421,0.00037674418604651162,0.00048837209302325581,0.0088232558139534883,0.0010093023255813953,0.36388372093023258,0.010130232558139534
2698116869,0.3326057441253264,0.096261096605744126,0.024015665796344648,0.11450130548302873,0.068313315926892951,0.00010443864229765013,0.0010704960835509138,0.010339425587467362,0.00057963446475195826,0.31570234986945167,0.036506527415143604
2698917906,0.0062486772486772483,0.00037037037037037035,0.28267724867724869,0.0073280423280423284,0.025534391534391535,0.0018624338624338625,0.0014708994708994708,0.0036455026455026454,0.0012698412698412698,0.59459788359788357,0.074994708994708989
2698918792,0.24451399491094147,0.35364376590330787,0.01243765903307888,0.080167938931297714,0.002885496183206107,0,0.00050381679389312976,0.0024631043256997456,0.00010178117048346055,0.30248346055979641,0.00079898218829516543
2698919922,0.24233795013850415,0.37973961218836566,0.011445983379501385,0.072204986149584482,0.0032409972299168974,0,0.0005263157894736842,0.0027645429362880888,0.00011634349030470914,0.28682548476454295,0.00079778393351800556
2698921774,0.15900800000000001,0.48535466666666666,0.043098666666666667,0.0025760000000000002,0.0019466666666666666,0.00014933333333333332,0.00017066666666666668,0.00063466666666666663,0.00046933333333333332,0.29323733333333335,0.013354666666666667
2698922556,0.324515306122449,0.15324489795918367,0.0028112244897959184,0.055056122448979589,0.0053061224489795921,0,0.00038265306122448978,0.0080969387755102044,0.00027040816326530614,0.45031632653061227,0
2698922918,0.12324948453608248,0.26972371134020617,0.20475463917525774,0.0076041237113402063,0.0076536082474226805,0.00025154639175257732,0.00046185567010309281,0.00096082474226804129,0.0014721649484536082,0.32610309278350513,0.057764948453608245
2698926334,0.30390995260663506,0.039729857819905214,0.011924170616113745,0.10167298578199052,0.051677725118483411,0.00045971563981042656,0.0015165876777251184,0.016189573459715639,5.6872037914691942e-05,0.44975829383886257,0.023104265402843601
2698929624,0.30920533333333333,0.10238933333333333,0.029648000000000001,0.097503999999999993,0.078874666666666662,0.000368,0.00097599999999999998,0.013322666666666667,0.00075733333333333338,0.30609066666666668,0.060864000000000001
2877997361,0.097771771771771765,0.30782582582582585,0.26332732732732733,0.26301501501501501,0.013843843843843844,0.023237237237237238,0.010144144144144144,8.4084084084084086e-05,0.00035435435435435437,0.0046426426426426429,0.015753753753753753
2877997839,0.2726006006006006,0.34334534534534533,0.11888888888888889,0.12676876876876877,0.041201201201201201,0.0031831831831831831,0.010696696696696697,0.00051051051051051054,0.00052252252252252252,0.054474474474474475,0.027807807807807807
2877998643,0.16617417417417418,0.2797297297297297,0.049747747747747748,0.22012012012012011,0.068444444444444447,0.001009009009009009,0.012450450450450451,0.00070870870870870875,0.0013453453453453454,0.19742942942942943,0.0028408408408408408
2878583399,0.45006006006006005,0.0084684684684684687,0.04437837837837838,0.17622222222222222,0.088750750750750756,0.0013513513513513514,0.0080240240240240235,0.0012552552552552553,7.2072072072072076e-05,0.21036036036036035,0.011057057057057057
2878584519,0.52285285285285288,0.064318318318318315,0.022702702702702703,0.22472072072072072,0.019147147147147148,0.0004144144144144144,0.0022042042042042043,0.00021621621621621621,1.8018018018018019e-05,0.13335135135135134,0.010054054054054054
2878586011,0.423981981981982,0.2146066066066066,0.078264264264264263,0.10675675675675676,0.10052852852852853,0.0018738738738738739,0.011837837837837838,0.00071471471471471469,0.00073873873873873876,0.053729729729729732,0.0069669669669669672
2878831654,0.2865885885885886,0.45307507507507505,0.063141141141141138,0.12134534534534534,0.019915915915915915,0.0020840840840840842,0.0092912912912912916,0.00030030030030030029,0.00019819819819819818,0.037375375375375372,0.0066846846846846846
2878832464,0.36918318318318316,0.15907507507507507,0.0404984984984985,0.065279279279279276,0.033441441441441441,0.0007027027027027027,0.0027807807807807808,0.00072672672672672678,8.4084084084084086e-05,0.32577777777777778,0.0024504504504504507
2879418392,0.50646846846846849,0.023393393393393393,0.031465465465465463,0.19393393393393393,0.011549549549549549,0.00062462462462462465,0.0049369369369369372,0.00025225225225225225,0,0.22045045045045045,0.0069249249249249247
2879419816,0.40455255255255257,0.3368168168168168,0.030306306306306305,0.07258858858858859,0.040912912912912915,0.0013933933933933933,0.0045645645645645645,0.0002882882882882883,0.00010810810810810811,0.10135135135135136,0.0071171171171171173
2881963256,0.26669069069069068,0.25288888888888889,0.20189189189189188,0.074558558558558558,0.013963963963963964,0.0051171171171171172,0.010318318318318318,0.0012552552552552553,0.0019279279279279279,0.16232432432432434,0.0090630630630630631
2892254997,0.043189189189189188,0,0.58533933933933935,0.075699699699699696,0.0011951951951951951,0.0074594594594594591,0.02145945945945946,0.00022822822822822822,0.0006186186186186186,0.25812612612612612,0.0066846846846846846
2892256701,0.057243243243243244,0.0017777777777777779,0.32747747747747746,0.043807807807807811,0.18584384384384384,4.2042042042042043e-05,0.0050450450450450447,0.0014114114114114115,0.0006186186186186186,0.37026426426426429,0.0064684684684684687
2892262453,0.096480480480480482,0,0.80787987987987986,0.015117117117117117,0.038276276276276278,0.0043663663663663661,0.015147147147147147,0.00072072072072072073,0.00040840840840840841,0.0060480480480480476,0.015555555555555555
2892264371,0.042840840840840839,3.0030030030030029e-05,0.71156756756756756,0.07984384384384384,0.055903903903903901,0.02097897897897898,0.037381381381381383,0.00024624624624624625,0.00094894894894894896,0.038684684684684688,0.011573573573573574
2892271777,0.10995795795795796,0.0011831831831831832,0.16017417417417418,0.1837897897897898,0.079153153153153147,0.00032432432432432431,0.013165165165165166,0.0036936936936936937,0.0012312312312312312,0.44702102102102104,0.00030630630630630633
2892273509,0.039981981981981982,0,0.34395795795795797,0.0472972972972973,0.00061261261261261267,0,0.061291291291291294,0.00067867867867867863,3.0030030030030029e-05,0.50615015015015019,0
2893096760,0.028588588588588589,0,0.73163363363363365,0.056954954954954957,0.0016696696696696697,0.056288288288288288,0.036960960960960958,0.0015255255255255255,0.0050090090090090088,0.010702702702702703,0.070666666666666669
2893099220,0.087783783783783778,4.8048048048048048e-05,0.053627627627627628,0.24195795795795796,0.0022162162162162164,0,0.061693693693693694,0.00067867867867867863,0.00022222222222222223,0.55177177177177172,0
2893103858,0.14095495495495494,0.014102102102102103,0.18082882882882884,0.10043243243243244,0.022684684684684684,0.0013513513513513514,0.0034834834834834836,0.004126126126126126,0.00051051051051051054,0.52633633633633636,0.0051891891891891889
2893105540,0.14059459459459459,0.017225225225225224,0.17430630630630631,0.13414414414414413,0.017111111111111112,0.0060900900900900902,0.0054474474474474474,0.0073993993993993991,0.0077237237237237234,0.48568768768768766,0.0042702702702702702
2893107550,0.034858858858858859,0.0027987987987987987,0.56213213213213209,0.065333333333333327,0.0015615615615615615,0.038282282282282282,0.027093093093093094,0.00051051051051051054,0.001099099099099099,0.21563363363363364,0.0506966966966967
2893109012,0.11747747747747747,0.016672672672672674,0.18687687687687687,0.15255855855855857,0.010618618618618618,0.0034294294294294294,0.013801801801801801,0.0058618618618618617,0.0095735735735735742,0.47944744744744744,0.0036816816816816816
2898561843,0.082486486486486488,0.018900900900900901,0.13654054054054054,0.61096696696696695,0.082042042042042046,0.0010210210210210211,0.033867867867867871,0.018312312312312312,0.0022942942942942943,0.011177177177177177,0.0023903903903903902
2898659607,0.040774774774774772,0,0.78482882882882887,0.023981981981981981,0.0083183183183183178,0.052654654654654652,0.00043243243243243243,0.00024024024024024023,0.0074474474474474474,1.2012012012012012e-05,0.081309309309309311
2899501674,0.0098018018018018026,9.6096096096096097e-05,0.09323723723723723,0.27742342342342341,0.00057657657657657661,0.015243243243243243,0.066684684684684678,0.00060660660660660662,0.00075675675675675679,0.51896696696696698,0.016606606606606608
3268957790,0.047443298969072165,0.31153264604810998,0.0038969072164948453,0.030075601374570448,0.046027491408934709,0.0012852233676975944,0.00076288659793814436,0.0024810996563573882,0.0029209621993127148,0.5474776632302405,0.0060962199312714774
3582022234,0.13416370106761566,0.12081138790035587,0.0042419928825622776,0.2108185053380783,0.01888967971530249,6.4056939501779363e-05,0.000199288256227758,0.0081138790035587185,0.00033451957295373667,0.50171530249110319,0.00064768683274021356
3582023192,0.099330960854092529,0.041487544483985762,0.0082775800711743768,0.33168683274021354,0.016804270462633452,8.5409252669039142e-05,0.00038434163701067615,0.007402135231316726,0.0002491103202846975,0.4926761565836299,0.0016156583629893238
3752495827,0.22571733333333333,0.011034666666666667,0.010581333333333333,0.17382933333333334,0.047861333333333332,4.2666666666666669e-05,0.00060800000000000003,0.0030666666666666668,0.00025599999999999999,0.52437866666666666,0.002624
3752499729,0.24609600000000001,0.0095519999999999997,0.0087093333333333328,0.10502933333333334,0.003424,1.0666666666666667e-05,0.00082133333333333331,0.0022026666666666666,0.0013653333333333334,0.620336,0.0024533333333333334
3752501739,0.39905600000000002,0.081274666666666662,0.010554666666666667,0.36496533333333331,0.0027680000000000001,0,0.00097599999999999998,0.0023679999999999999,1.0666666666666667e-05,0.13739199999999999,0.00063466666666666663
3753285856,0.18838933333333333,0.0026719999999999999,0.011045333333333334,0.18232000000000001,0.036309333333333332,5.3333333333333337e-06,0.00038933333333333333,0.00094399999999999996,2.1333333333333335e-05,0.57366399999999995,0.0042399999999999998
3753287978,0.23235733333333333,0.013098666666666666,0.0061333333333333335,0.35197866666666666,0.027285333333333335,0,0.0017706666666666667,0.00093866666666666664,3.7333333333333331e-05,0.36532266666666668,0.0010773333333333334
3753299310,0.30706666666666665,0.092079999999999995,0.0051146666666666667,0.11865066666666667,0.00070399999999999998,5.3333333333333337e-06,0.00064533333333333337,0.001232,2.1333333333333335e-05,0.47388266666666667,0.00059733333333333329
3762679143,0.27819199999999999,0.23367466666666667,0.0099466666666666662,0.15609600000000001,0.029472000000000002,0,0.00064000000000000005,0.00071466666666666662,6.3999999999999997e-05,0.28841066666666665,0.0027893333333333333
3762687997,0.28840533333333335,0.25845333333333331,0.012314666666666666,0.26446933333333333,0.010602666666666666,0,0.00012799999999999999,0.0014186666666666666,0.0022133333333333332,0.16023466666666666,0.0017600000000000001
3762699767,0.078794666666666666,0.40890133333333334,0.055946666666666665,0.44472,0.00028800000000000001,0,0.00017066666666666668,0.0015573333333333333,0.000112,0.0018026666666666666,0.0077066666666666664
3762707315,0.079829333333333335,0.12866666666666668,0.048373333333333331,0.42625066666666667,0.00044799999999999999,0,0.0011093333333333333,0.0017173333333333333,0.00028266666666666669,0.31086933333333333,0.0024533333333333334
3763486668,0.18484800000000001,0.31491200000000003,0.0083466666666666672,0.41283733333333333,0.00696,5.3333333333333337e-06,0.00042133333333333335,0.00464,2.1333333333333335e-05,0.065610666666666664,0.0013973333333333333
3763489428,0.29563200000000001,0.26639466666666667,0.011194666666666667,0.29088533333333333,0.003392,0,0.00059199999999999997,0.0029919999999999999,0.0012373333333333333,0.12730666666666668,0.00037333333333333332
3763499450,0.055493333333333332,0.17235733333333333,0.036485333333333335,0.72777066666666668,0.00023466666666666666,1.0666666666666667e-05,0.00020799999999999999,0.0026026666666666668,0.00012266666666666668,0.0015146666666666668,0.0032000000000000002
3866452021,0.46764800000000001,0.0064266666666666665,0.0080800000000000004,0.1948,0.13095466666666666,4.2666666666666669e-05,0.000192,0.00042666666666666667,0,0.15145066666666668,0.039978666666666669
3867235566,0.47534399999999999,0.0060266666666666663,0.040394666666666669,0.121088,0.24398933333333334,0.00025066666666666667,0.0048479999999999999,0.0023306666666666667,0.0016693333333333334,0.080250666666666665,0.023807999999999999
3867236296,0.44834133333333331,0.0021493333333333334,0.019567999999999999,0.14680533333333334,0.28001066666666669,0,2.1333333333333335e-05,0.00010133333333333333,0,0.069066666666666665,0.033936000000000001
4120529315,0.1415915915915916,0.19257057057057056,0.10368768768768769,0.23600600600600602,0.031855855855855854,0.0051711711711711714,0.016492492492492492,0.011429429429429429,0.0040840840840840843,0.2395915915915916,0.017519519519519518
4120530463,0.20049249249249249,0.56805405405405407,0.053861861861861864,0.11173573573573574,0.033075075075075074,0.0013213213213213214,0.005279279279279279,0.0087267267267267263,0.0024924924924924923,0.0094054054054054058,0.0055555555555555558
4120530597,0.21255855855855857,0.60004804804804801,0.041399399399399399,0.027957957957957958,0.0074114114114114116,0.0036756756756756758,0.010624624624624624,0.011069069069069069,0.0032612612612612614,0.076906906906906908,0.0050870870870870872
4121303790,0.13364564564564566,0.17161561561561561,0.13746546546546545,0.1463963963963964,0.031057057057057056,0.0040420420420420418,0.017567567567567569,0.010516516516516517,0.0027627627627627629,0.32575375375375376,0.019177177177177176
4194071651,0.13249849849849848,0.57225225225225229,0.00018018018018018018,0.036720720720720718,0.00057657657657657661,0,0.00026426426426426428,0.010750750750750751,0,0.24669069069069069,6.6066066066066071e-05
4194763014,0.044179190751445087,0.92862427745664744,0.00047976878612716764,0.0097052023121387276,0.00018497109826589596,0.00011560693641618497,0.0018150289017341041,0.0058728323699421964,0.00079768786127167631,0.0078323699421965313,0.0003930635838150289
4194782836,0.096637744034707151,0.48661605206073755,0.0028199566160520607,0.016980477223427333,0.0011366594360086768,0,3.0368763557483732e-05,0.005331887201735358,0,0.39016052060737527,0.00028633405639913234
4236720636,0.2265370741482966,0.15083366733466935,0.0016392785571142285,0.16595190380761524,0.0021082164328657315,4.0080160320641281e-06,0.0017394789579158318,0.0063366733466933868,0.00099398797595190371,0.44282164328657314,0.0010340681362725451
4240212610,0.16632934131736526,0.034173652694610777,0.0026107784431137725,0.20574251497005988,0.041718562874251498,0.00013173652694610779,0.004239520958083832,0.011616766467065867,0.0040119760479041915,0.47802395209580839,0.051401197604790422
4249908221,0.14547733333333332,0.78916266666666668,0.00041599999999999997,0.047066666666666666,0.00038400000000000001,0,0.00021333333333333333,0.0024426666666666668,0.00010133333333333333,0.014671999999999999,6.3999999999999997e-05
4267806859,0.145828125,0.035234374999999998,0.0016197916666666667,0.114703125,0.00030208333333333335,0,0.00020312499999999999,0.0031718750000000002,0,0.6986927083333333,0.00024479166666666665
4382797890,0.211872,0.048906666666666668,0.147008,0.10147200000000001,0.10564800000000001,0.020997333333333333,0.033738666666666667,0.064399999999999999,0.034127999999999999,0.21322666666666668,0.018602666666666667
4382798484,0.27566933333333332,0.34266133333333332,0.012880000000000001,0.014239999999999999,0.025375999999999999,0.00015466666666666667,0.0070933333333333334,0.047440000000000003,0.0045760000000000002,0.26818133333333333,0.0017279999999999999
4872945123,0.34726933333333332,0.0023306666666666667,0.010069333333333333,0.62956800000000002,0.0028586666666666665,0,0.00040533333333333334,5.3333333333333333e-05,0,0.0066293333333333334,0.00081599999999999999
4873565340,0.36052266666666666,0.082533333333333334,0.0053333333333333332,0.54772266666666669,0.00066666666666666664,0,4.2666666666666669e-05,0.0012586666666666666,0.00017066666666666668,0.001536,0.00021333333333333333
5052033973,0.091888501742160275,0.60634146341463413,0.24544947735191638,0.024620209059233449,0.0040836236933797909,0.0057700348432055751,0.00050871080139372818,0.00057142857142857147,0.00098257839721254347,0.0031916376306620211,0.016592334494773518
5052651566,0.28072566371681418,0.45512684365781708,0.018218289085545722,0.036513274336283187,0.19651917404129793,0.00054277286135693214,0.00058407079646017701,0.0010973451327433627,0.0012802359882005899,0.0060943952802359879,0.0032979351032448377
5052652092,0.14971988795518207,0.36308683473389358,0.33978711484593838,0.0056806722689075632,0.0061008403361344542,0.020537815126050421,9.5238095238095241e-05,0.00024089635854341736,0.00031932773109243697,0.00030812324929971991,0.11412324929971988
5134725079,0.23095466666666667,0.051754666666666664,0.010661333333333333,0.37013866666666667,0.023125333333333335,2.6666666666666667e-05,7.4666666666666661e-05,0.0016106666666666667,4.8000000000000001e-05,0.30785600000000002,0.0037493333333333333
5134728523,0.25540266666666667,0.33718399999999998,0.0068640000000000003,0.20784,0.023754666666666667,0,8.0000000000000007e-05,0.0010186666666666666,1.0666666666666667e-05,0.16773866666666667,0.00010666666666666667
5134807563,0.12042666666666667,0.016565333333333335,0.093679999999999999,0.40487466666666666,0.070127999999999996,0.0010986666666666666,0.0038400000000000001,0.0016586666666666666,7.4666666666666661e-05,0.26342933333333335,0.024223999999999999
5134809005,0.074373333333333333,0.0035466666666666667,0.20049600000000001,0.40620800000000001,0.057557333333333335,0.0013013333333333334,0.0098826666666666663,0.001536,0.00012266666666666668,0.22421866666666668,0.020757333333333332
5134812499,0.20013866666666666,0.10888,0.0060800000000000003,0.45895999999999998,0.033098666666666665,0,4.8000000000000001e-05,0.00066666666666666664,3.7333333333333331e-05,0.19069866666666666,0.001392
5134817803,0.22603733333333334,0.063914666666666661,0.0049760000000000004,0.51426133333333335,0.040245333333333334,3.1999999999999999e-05,0.000176,0.0020213333333333333,2.6666666666666667e-05,0.146176,0.0021333333333333334
5134828079,0.36388799999999999,0.14149333333333333,0.054597333333333331,0.17505599999999999,0.014319999999999999,0,9.6000000000000002e-05,0.0011999999999999999,0,0.241648,0.0077013333333333335
5135329324,0.19954666666666668,0.52157866666666663,0.00053866666666666668,0.18227733333333335,0.0028106666666666666,0,0.00055999999999999995,0.0015839999999999999,5.3333333333333337e-06,0.091072,2.6666666666666667e-05
5135330366,0.26806933333333333,0.226352,0.022277333333333333,0.24263466666666667,0.0085760000000000003,0,3.1999999999999999e-05,0.00054933333333333331,5.3333333333333337e-06,0.22029333333333334,0.011210666666666667
5135399058,0.1424,0.19062933333333335,0.0082880000000000002,0.41471999999999998,0.038949333333333336,0,0.0005706666666666667,0.0016106666666666667,6.9333333333333329e-05,0.20261866666666667,0.000144
5135418582,0.30107733333333331,0.136576,0.010928,0.24023466666666668,0.021722666666666668,2.6666666666666667e-05,0.00048533333333333333,0.0031893333333333335,5.3333333333333337e-06,0.28037866666666666,0.0053759999999999997
5135420928,0.24831466666666666,0.080698666666666669,0.048495999999999997,0.50564266666666668,0.010085333333333333,3.1999999999999999e-05,0.00040000000000000002,0.001232,5.3333333333333337e-06,0.088048000000000001,0.017045333333333332
5135423086,0.26679999999999998,0.038986666666666669,0.014592000000000001,0.47731733333333332,0.0039466666666666669,0.000368,0.00023466666666666666,0.000272,2.6666666666666667e-05,0.18957866666666667,0.0078773333333333334
5135428564,0.21429333333333334,0.25337066666666669,0.018762666666666667,0.19425066666666665,0.008442666666666666,0.00020266666666666667,0.00090666666666666662,0.00090666666666666662,5.3333333333333337e-06,0.29980266666666666,0.0090559999999999998
5135430060,0.21773866666666666,0.20450133333333334,0.0076533333333333332,0.22026133333333334,0.083248000000000003,0.00038933333333333333,0.0020053333333333334,0.0014346666666666668,0.00094399999999999996,0.25503999999999999,0.0067840000000000001
5377709513,0.184832,0.65925866666666666,0.049568000000000001,0.078997333333333336,0.0039253333333333336,0.0057973333333333332,0.0010506666666666668,0.00088533333333333335,0.00085333333333333333,0.0082400000000000008,0.0065919999999999998
5377709663,0.18773866666666666,0.32809066666666664,0.010848,0.398592,0.0097386666666666663,2.1333333333333335e-05,0.0013973333333333333,0.00077866666666666666,1.5999999999999999e-05,0.061887999999999999,0.00089066666666666667
5377709859,0.26051263537906139,0.5981949458483754,0.036361010830324912,0.049321299638989173,0.021516245487364621,0.0022815884476534297,0.0033212996389891695,0.0041732851985559569,0.010476534296028881,0.0078483754512635381,0.0059927797833935021
5377710001,0.47999999999999998,0.41368168168168168,0.057093093093093093,0.027183183183183184,0.0068048048048048046,0.0010270270270270271,0.00012612612612612612,0.00026426426426426428,0.00013813813813813813,0.001039039039039039,0.012642642642642643
5377710363,0.53348192771084335,0.33330722891566267,0.046439759036144578,0.037909638554216869,0.033512048192771086,0.0022409638554216869,0.0002710843373493976,0.00077108433734939755,0.0025843373493975902,0.0038012048192771083,0.0056807228915662653
5377710683,0.55939339339339345,0.034132132132132134,0.3171891891891892,0.05972972972972973,0.010672672672672672,0.0021021021021021022,0.00049849849849849844,0.00025225225225225225,1.2012012012012012e-05,0.00027627627627627627,0.015741741741741741
5377710877,0.36944744744744745,0.078864864864864867,0.073459459459459461,0.43240240240240241,0.023327327327327327,0.0023123123123123123,0.0048768768768768771,0.00090090090090090091,0.0010510510510510511,0.010066066066066066,0.0032912912912912914
5377711073,0.49278962536023052,0.35872046109510086,0.0025417867435158503,0.014178674351585015,0.0083976945244956767,0.00011527377521613833,6.3400576368876084e-05,0.00096253602305475499,8.0691642651296833e-05,0.12172334293948127,0.00042651296829971183
5377711513,0.26405860805860804,0.00055677655677655675,0.23142857142857143,0.2671941391941392,0.01175091575091575,0.0065860805860805862,0.0094578754578754573,0.00053479853479853484,8.0586080586080591e-05,0.12821978021978023,0.080131868131868136
5378309608,0.036772972972972974,0.72484864864864862,0.09184324324324325,0.010145945945945947,0.0044918918918918915,0.02471891891891892,0.00085945945945945944,0.00040000000000000002,0.002589189189189189,0.016324324324324326,0.087005405405405412
5378309948,0.31743543543543545,0.52885885885885886,0.058876876876876878,0.063735735735735738,0.026756756756756758,0.00071471471471471469,0.00068468468468468467,0.00039639639639639637,0.00015015015015015014,0.00093093093093093093,0.0014594594594594594
5378310692,0.50619999999999998,0.29261874999999998,0.01079375,0.072393750000000007,0.023050000000000001,3.7499999999999997e-05,0.0018500000000000001,0.0016249999999999999,0.00045625,0.090037500000000006,0.00093749999999999997
5722301303,0.76481066666666664,0.000464,0.00066666666666666664,0.079541333333333339,0.033141333333333335,0,1.5999999999999999e-05,0.00018133333333333334,0,0.116064,0.0051146666666666667
6250104087,0.448272,0.43268266666666666,0.0026026666666666668,0.061872000000000003,0.024346666666666666,5.3333333333333333e-05,0.0012906666666666667,0.0016906666666666667,0.00052800000000000004,0.026298666666666668,0.00036266666666666668
6250108839,0.31946133333333332,0.58110399999999995,0.00046933333333333332,0.037423999999999999,0.050138666666666665,0,2.1333333333333335e-05,0.00012799999999999999,0,0.010751999999999999,0.00050133333333333334
6254345717,0.12223466666666667,0.51671466666666666,0.074458666666666673,0.11876266666666667,0.13714133333333334,1.5999999999999999e-05,5.3333333333333333e-05,0.000192,2.6666666666666667e-05,0.0047413333333333335,0.025658666666666666
6254346601,0.12835199999999999,0.39189866666666667,0.1404,0.15508266666666667,0.11487466666666667,0.00020799999999999999,0.00015466666666666667,0.00042133333333333335,4.2666666666666669e-05,0.01848,0.050085333333333336
6254348733,0.33528000000000002,0.0016213333333333334,0.12765866666666667,0.18976000000000001,0.074901333333333334,0.00042666666666666667,3.7333333333333331e-05,0,0,0.020682666666666665,0.24963199999999999
6254390703,0.17185600000000001,0.50220266666666669,0.12898133333333334,0.10794133333333333,0.037536,0.0025653333333333335,0,4.8000000000000001e-05,8.5333333333333339e-05,0.00032000000000000003,0.048464
6254393263,0.33054933333333331,0.48410133333333333,0.036954666666666663,0.076864000000000002,0.047551999999999997,0.000224,0.00016533333333333333,0.00030400000000000002,4.2666666666666669e-05,0.017029333333333334,0.0062133333333333337
6254874888,0.18082133333333333,0.47024533333333335,0.024650666666666668,0.24832000000000001,0.056501333333333334,3.7333333333333331e-05,0.00047466666666666669,0.00072533333333333336,0.00016000000000000001,0.0061546666666666668,0.011909333333333333
6254880864,0.14400533333333335,0,0.34634666666666669,0.0042079999999999999,0.10296,5.3333333333333337e-06,0.00028266666666666669,4.2666666666666669e-05,0,0.0030186666666666665,0.39913066666666669
6254887206,0.21198400000000001,0.61058666666666672,0.029984,0.072704000000000005,0.032272000000000002,0.000176,0.00017066666666666668,0.00039466666666666665,2.1333333333333335e-05,0.022042666666666665,0.019664000000000001
6254920002,0.119376,0.60247466666666671,0.041029333333333334,0.14543466666666666,0.046047999999999999,0.00025599999999999999,0.00022933333333333334,0.001024,0.00026666666666666668,0.022384000000000001,0.021477333333333334
6774160794,0.51892121212121212,0,0,0.31848484848484848,0,0,0,0,0,0.1625939393939394,0
6775122856,0.53251651651651655,0,0,0.28082882882882881,0,0,0,0,0,0.18665465465465467,0
6912340885,0.36221621621621619,0,0,0.48043243243243244,0,0,1.2012012012012012e-05,0,0,0.15733933933933933,0
6912341307,0.41353753753753753,0.11232432432432432,0.16047447447447447,0.28537537537537538,0.0044624624624624628,0.003123123123123123,0.00082282282282282286,0.0025825825825825824,0.00060660660660660662,0.0032792792792792794,0.013411411411411412
6912341571,0.35563963963963963,0.13380780780780782,0.097693693693693698,0.31461861861861862,0.0078498498498498492,0.00024624624624624625,0.003171171171171171,0.00058258258258258254,0.0002042042042042042,0.070546546546546546,0.01563963963963964
6912342059,0.41497297297297298,0,0,0.34783783783783784,1.2012012012012012e-05,0,1.2012012012012012e-05,1.8018018018018019e-05,0,0.23714714714714716,0
6912342291,0.17287687687687689,0.23437237237237238,0.34813213213213212,0.14196396396396396,0.0027507507507507508,0.004942942942942943,0.0030810810810810809,0.0025825825825825824,0.00031231231231231232,0.080474474474474478,0.0085105105105105112
6912342569,0.2953273273273273,0,0,0.46677477477477475,6.6066066066066071e-05,0,4.2042042042042043e-05,6.006006006006006e-06,0,0.23778378378378379,0
6912342821,0.28619219219219222,0.30387987987987986,0.097939939939939935,0.23383183183183184,0.0037957957957957958,0.0010270270270270271,0.0034414414414414415,0.00076876876876876877,0.00036636636636636636,0.051093093093093095,0.017663663663663665
6917829585,0.38281081081081081,0.074546546546546549,0.013591591591591592,0.1486066066066066,0.00091891891891891894,0.00010810810810810811,0.006126126126126126,0.003123123123123123,0.00012612612612612612,0.37,4.2042042042042043e-05
6917829763,0.424024024024024,0,0,0.034906906906906905,0,0,0,0,0,0.54106906906906904,0
6920275879,0.48376576576576574,0,0,0.36760360360360361,0,0,0,0,0,0.14863063063063062,0
6921238023,0.44551951951951951,0,0,0.3256996996996997,0,0,0,0,0,0.22878078078078079,0
7906709924,0.15062400000000001,0.46811733333333333,0.017104000000000001,0.13681066666666666,0.063013333333333338,1.5999999999999999e-05,0.0039253333333333336,0.0017546666666666667,8.5333333333333339e-05,0.14883733333333332,0.0097120000000000001
7906710108,0.15423423423423424,0.47584384384384382,0.041543543543543546,0.14894294294294294,0.079855855855855862,0.00014414414414414415,0.0021441441441441443,0.0027387387387387387,0.00018018018018018018,0.092324324324324331,0.002048048048048048
8044742687,0.31404799999999999,0.23948800000000001,0.0060800000000000003,0.13693866666666665,0.011701333333333333,5.3333333333333337e-06,0.00025599999999999999,0.004352,7.4666666666666661e-05,0.28630933333333336,0.00074666666666666664
8044743915,0.079792000000000002,0.00078399999999999997,0.0060586666666666671,0.44269866666666668,0.012533333333333334,0.00042666666666666667,0.0022293333333333332,0.0090133333333333333,6.3999999999999997e-05,0.44341866666666668,0.0029813333333333332
8044744331,0.56655466666666665,0.11386133333333333,0,0.26341333333333333,0.0020853333333333331,0,0,8.0000000000000007e-05,0,0.054005333333333336,0
8044745515,0.23077866666666666,0.0061653333333333334,0.0029493333333333333,0.27498666666666666,0.011183999999999999,0,0.00047466666666666669,0.0037013333333333334,6.9333333333333329e-05,0.46963733333333335,5.3333333333333333e-05
8044745879,0.25481599999999999,0.00048000000000000001,0.00022933333333333334,0.68441066666666661,0.0076106666666666666,0,0,1.0666666666666667e-05,0,0.052442666666666665,0
8044746271,0.29788799999999999,0.017824,0.036928000000000002,0.30067199999999999,0.11629333333333333,0,4.2666666666666669e-05,0.0011893333333333333,5.3333333333333337e-06,0.22915199999999999,5.3333333333333337e-06
8044746707,0.472304,0.11150400000000001,0.0037866666666666665,0.30331200000000003,0.012880000000000001,0,1.5999999999999999e-05,0.0038453333333333334,0.00053333333333333336,0.091759999999999994,5.8666666666666665e-05
8044749771,0.35824,0.014858666666666666,0.098645333333333335,0.35937599999999997,0.010693333333333332,0.002,8.5333333333333339e-05,0.00042666666666666667,0.00021866666666666668,0.08649066666666666,0.068965333333333337
8044750559,0.13414400000000001,0.00086933333333333329,0.28134933333333334,0.39900266666666667,0.042655999999999999,0,0.00728,0.0052693333333333333,1.0666666666666667e-05,0.12165866666666666,0.0077600000000000004
8044755196,0.20794666666666667,1.0666666666666667e-05,0.025221333333333332,0.72250133333333333,0.040351999999999999,0,0,0.00062933333333333331,0,0.0033386666666666669,0
8044755598,0.25120533333333334,0.03700266666666667,0.040287999999999997,0.65157333333333334,0.0065866666666666669,2.1333333333333335e-05,0.00020266666666666667,0.0025333333333333332,1.5999999999999999e-05,0.010021333333333333,0.00054933333333333331
8044756406,0.36894399999999999,0.104112,0.0042986666666666668,0.16778666666666667,0.033434666666666668,0,6.9333333333333329e-05,0.00248,0.00012799999999999999,0.31871466666666665,3.1999999999999999e-05
8044757074,0.61449066666666663,0.0020266666666666666,0.00056533333333333338,0.070906666666666673,0.011535999999999999,0,4.2666666666666669e-05,0.0032320000000000001,0,0.29720000000000002,0
8044757470,0.289856,0.0028639999999999998,0.0013866666666666667,0.079674666666666671,0.016586666666666666,0,0.00062399999999999999,0.013514666666666666,1.5999999999999999e-05,0.59528000000000003,0.00019733333333333332
8044758376,0.63136533333333333,0.011642666666666667,0.038901333333333336,0.11087466666666666,0.033269333333333331,0.0019413333333333333,0.00013866666666666666,0.0017066666666666667,0.00030933333333333334,0.12656000000000001,0.043290666666666665
8137623674,0.36776878612716762,0.0007803468208092486,0.20964161849710983,0.086491329479768786,0.00093063583815028905,0.06335260115606936,0.20484971098265897,0.0055606936416184973,0.0014566473988439307,0.0015780346820809248,0.057589595375722544
8137624014,0.34964071856287426,0.0065389221556886225,0.039311377245508983,0.25367065868263472,0.0019281437125748503,0.019730538922155687,0.25097604790419159,0.016976047904191618,0.0011137724550898203,0.031628742514970061,0.028485029940119762
8140793741,0.38114081145584727,4.2959427207637233e-05,0.13773269689737469,0.10684486873508353,0.00026252983293556086,0.15584725536992841,0.10712649164677804,0.00028639618138424818,0.0063579952267303098,0.00068257756563245826,0.10367541766109785
8140825048,0.44149549549549549,0.0058978978978978976,0.17173573573573572,0.22417417417417418,0.0063003003003003002,0.027213213213213214,0.017057057057057057,0.0015915915915915915,0.00034834834834834833,0.00094894894894894896,0.10323723723723724
8140825662,0.40489017341040462,0.0003005780346820809,0.087508670520231216,0.038872832369942198,0.0014971098265895953,0.047248554913294799,0.15717341040462426,0.0015144508670520231,0.0028670520231213873,0.12655491329479768,0.13157225433526012
8247174835,0.23743060498220642,0.35062633451957298,0.018056939501779359,0.20659074733096086,0.034441281138790032,2.8469750889679714e-05,0.00022064056939501779,0.00046975088967971532,7.829181494661922e-05,0.1509679715302491,0.0010889679715302492
8247181063,0.25397153024911034,0.52801423487544485,0.061679715302491105,0.055402135231316728,0.033060498220640569,0.00098932384341637002,0.00015658362989323844,0.00035587188612099647,0.00010676156583629893,0.063487544483985761,0.0027758007117437721
8247182899,0.42606405693950178,0.2424697508896797,0.0093309608540925269,0.14590035587188613,0.016604982206405695,0,0.0017651245551601423,0.00037010676156583631,0.00034163701067615657,0.15622064056939503,0.00093238434163701064
8247189513,0.29195017793594308,0.15397864768683275,0.10234875444839858,0.24909608540925268,0.027793594306049822,0.000398576512455516,0.00073309608540925262,0.0010889679715302492,4.98220640569395e-05,0.15859786476868326,0.0139644128113879
8247193673,0.35405693950177936,0.26915302491103205,0.00041281138790035589,0.12575088967971529,0.0048113879003558718,0,2.8469750889679714e-05,0.00022775800711743771,0,0.24547330960854091,8.5409252669039142e-05
8247197197,0.47405693950177935,0.022647686832740214,0.020747330960854092,0.23385765124555161,0.036640569395017794,0.00023487544483985766,0.00011387900355871886,0.00044128113879003558,9.2526690391459077e-05,0.2029252669039146,0.0082419928825622768
8247199327,0.32762989323843417,0.33417081850533809,0.047551601423487543,0.073978647686832738,0.032476868327402132,2.1352313167259786e-05,4.2704626334519571e-05,0.0014590747330960854,0.00016370106761565836,0.17978647686832741,0.002718861209964413
8248244294,0.33486120996441282,0.37551601423487546,0.0064483985765124551,0.17883274021352313,0.0074875444839857652,0,6.4056939501779363e-05,0.0021281138790035588,0,0.093743772241992887,0.00091814946619217085
8248245890,0.11283985765124555,0.46048398576512456,0.011843416370106762,0.28597864768683273,0.011188612099644129,2.1352313167259786e-05,0,2.8469750889679714e-05,8.5409252669039142e-05,0.11713879003558719,0.0003914590747330961
8248251720,0.35789323843416371,0.1119288256227758,0.06107473309608541,0.30830604982206405,0.010533807829181495,0,0.00031316725978647688,0.00020640569395017795,0,0.14916725978647688,0.00057651245551601428
8248255352,0.28493238434163703,0.25901067615658363,0.047978647686832743,0.22918861209964414,0.046042704626334523,0.00025622775800711745,0,0.00046263345195729537,0.00025622775800711745,0.12641281138790036,0.0054590747330960851
8248260144,0.34824911032028472,0.35545195729537366,0.0031601423487544484,0.16409252669039145,0.012733096085409252,7.1174377224199285e-06,5.6939501779359428e-05,7.1174377224199285e-05,0,0.11466192170818505,0.0015160142348754448
8248263078,0.24925978647686833,0.25930249110320286,0.0052526690391459076,0.35214234875444839,0.027537366548042706,0,2.8469750889679714e-05,7.1174377224199285e-05,7.1174377224199285e-06,0.10388612099644128,0.0025124555160142351
8415565267,0.20668468468468468,0.42708708708708709,0.072936936936936939,0.25926726726726729,0.0061981981981981986,0.0032072072072072072,0.0025045045045045044,0.0050210210210210214,0.0035315315315315315,0.0075195195195195191,0.0060420420420420418
8415571739,0.35684084084084083,0.16357357357357358,0.017687687687687689,0.039429429429429431,0.0038318318318318317,0.00015015015015015014,0.0019219219219219219,0.0061321321321321318,0.00037237237237237235,0.40975375375375378,0.00030630630630630633
8415578439,0.35664264264264262,0.015531531531531532,0.060138138138138141,0.16994594594594595,0.021843843843843844,0.0007027027027027027,0.0021921921921921922,0.0028888888888888888,0.00099099099099099106,0.36009609609609611,0.0090270270270270264
8416673870,0.29704504504504503,0.093897897897897903,0.011561561561561561,0.19050450450450451,0.021975975975975975,0.00015015015015015014,0.0025105105105105107,0.0093513513513513516,0.00045045045045045046,0.36437237237237236,0.0081801801801801802
8431308366,0.40176533333333331,0,0,0.59797333333333336,0,0,0,0,0,0.00026133333333333331,0
8432750536,0.19593066666666667,0.44578133333333331,0.28154666666666667,0.067482666666666663,0.0053386666666666669,4.8000000000000001e-05,0.0020746666666666665,0.00012266666666666668,2.6666666666666667e-05,0.0012960000000000001,0.00035199999999999999
8432810306,0.11293333333333333,0.45304,0.39914666666666665,0.027274666666666666,0.0039733333333333331,0,0.0012160000000000001,0.00016533333333333333,0.00010666666666666667,0.00089066666666666667,0.0012533333333333333
8432860618,0.061594666666666666,0.35675733333333332,0.44657599999999997,0.041056000000000002,0.087711999999999998,1.0666666666666667e-05,0.0004906666666666667,0.00464,3.1999999999999999e-05,0.00085333333333333333,0.00027733333333333332
8523163827,0.31216216216216214,0.18456456456456458,0.022192192192192192,0.26691891891891895,0.075135135135135131,0.00025225225225225225,0.0025705705705705707,0.0048108108108108104,4.2042042042042043e-05,0.12456456456456456,0.0067867867867867871
8523165211,0.22396396396396395,0.60670870870870874,0.029105105105105104,0.026480480480480479,0.0034534534534534536,7.8078078078078081e-05,0.0012552552552552553,0.0060540540540540543,0.0066726726726726729,0.095465465465465471,0.00076276276276276273
8523169277,0.17572372372372372,0.29498498498498499,0.090786786786786783,0.21658258258258259,0.0074414414414414416,0.0017177177177177176,0.00036636636636636636,0.0013093093093093093,0.00051051051051051054,0.20500900900900901,0.0055675675675675674
8523171501,0.35449849849849852,0.44881081081081081,0.032372372372372372,0.076792792792792788,0.0153993993993994,0.0002042042042042042,0.0020540540540540542,0.0059099099099099101,0.00057657657657657661,0.062144144144144146,0.0012372372372372372
8524266698,0.31411411411411411,0.1195015015015015,0.0065705705705705704,0.28434834834834832,0.057555555555555554,0,0.0006186186186186186,0.0035255255255255257,0.0053753753753753757,0.20831231231231231,7.8078078078078081e-05
8524269108,0.19030630630630629,0.43315915915915915,0.1235915915915916,0.080048048048048048,0.065573573573573574,0.0022762762762762764,0.01947147147147147,0.0037357357357357358,0.0063663663663663661,0.065897897897897892,0.0095735735735735742
8524273806,0.20642042042042041,0.20889489489489491,0.050204204204204204,0.18295495495495495,0.16330930930930931,0.00096696696696696699,0.014282282282282283,0.0039759759759759759,0.0021561561561561564,0.16407207207207208,0.0027627627627627629
8524286150,0.24557957957957957,0.25815015015015014,0.060858858858858861,0.11838438438438438,0.064360360360360358,0.0024564564564564565,0.001009009009009009,0.0038438438438438438,0.002108108108108108,0.23782582582582582,0.0054234234234234232
8524288580,0.27489489489489488,0.41716516516516516,0.012006006006006006,0.17221621621621622,0.031975975975975977,8.4084084084084086e-05,0.0011531531531531532,0.0075975975975975975,0.00024024024024024023,0.082498498498498496,0.00016816816816816817
8524290820,0.16957957957957959,0.46000000000000002,0.040246246246246245,0.2463903903903904,0.025741741741741743,0.0036096096096096095,0.0024264264264264265,0.0014654654654654654,0.0019159159159159158,0.038774774774774777,0.0098498498498498493
8524295618,0.25412612612612612,0.54210810810810806,0.010870870870870871,0.10144744744744745,0.012018018018018018,0.00045645645645645645,0.0002042042042042042,0.0030510510510510509,0.0014354354354354354,0.069795795795795798,0.0044864864864864861
8664734855,0.55332384341637009,0.32268327402135233,0.0094661921708185052,0.017999999999999999,0.0023345195729537367,0.00044839857651245553,0.00068327402135231314,0.0035088967971530251,0.00048398576512455517,0.08279715302491103,0.0062704626334519576
8664737049,0.25330960854092527,0.0258220640569395,0.12255516014234875,0.13095373665480428,0.012825622775800712,0.0080071174377224202,0.0046903914590747334,0.01496797153024911,0.001103202846975089,0.40478291814946621,0.02098220640569395
8664737051,0.1726476868327402,0.15542348754448398,0.059487544483985764,0.18417793594306051,0.01693950177935943,0.00098932384341637002,0.018370106761565835,0.0160711743772242,0.00033451957295373667,0.36061921708185052,0.01493950177935943
8664737149,0.21241992882562277,0.24911743772241993,0.093444839857651243,0.24283985765124555,0.027765124555160142,0.00068327402135231314,0.0032953736654804272,0.014,0.00014946619217081849,0.11633451957295374,0.039950177935943063
8664737183,0.46713879003558717,0.14997153024911031,0.07845551601423488,0.081715302491103203,0.0034590747330960855,0.0086761565836298935,0.0016227758007117438,0.0027330960854092525,0.0037793594306049822,0.18498932384341638,0.017459074733096085
8664737215,0.19153024911032029,0.28564412811387901,0.051202846975088971,0.33414234875444843,0.0058790035587188609,0.0085195729537366552,0.0026548042704626334,0.0042348754448398576,0.0013380782918149467,0.10219928825622776,0.012654804270462634
8664737277,0.14030604982206404,0.53202846975088969,0.103288256227758,0.035338078291814949,0.0028683274021352313,0.15233451957295374,0.0010676156583629894,0.0079572953736654801,0.0055302491103202851,0.012306049822064057,0.0069750889679715301
8664737311,0.14985765124555162,0.49871886120996439,0.14822064056939502,0.0084270462633451951,0.00056227758007117439,0.16394306049822063,0.0015088967971530248,0.016241992882562277,0.0058505338078291818,0.00044839857651245553,0.0062206405693950176
8664737393,0.34348042704626336,0.22385053380782918,0.13583629893238433,0.10501067615658363,0.028903914590747332,0.031395017793594306,0.0011886120996441282,0.011323843416370107,0.0045978647686832743,0.093060498220640567,0.021352313167259787
8665835354,0.01608540925266904,0.013580071174377224,0.055957295373665478,0.71506761565836297,0.00043416370106761563,0.022761565836298934,0.021679715302491104,0.0017366548042704625,0.0011387900355871886,0.13753024911032027,0.01402846975088968
8665837480,0.56077580071174382,0.039145907473309607,0.050085409252669036,0.06464768683274022,0.012434163701067615,0.0005266903914590747,0.001096085409252669,0.0062918149466192168,0.0010604982206405694,0.2491387900355872,0.014797153024911032
8665837568,0.18748042704626333,0.26590747330960857,0.072199288256227762,0.28088256227758007,0.083544483985765125,0.0082419928825622768,0.0022989323843416371,0.013302491103202847,0.00068327402135231314,0.063409252669039143,0.02204982206405694
8665837604,0.1945338078291815,0.14782206405693951,0.072498220640569391,0.18813523131672596,0.075992882562277583,0.010199288256227759,0.0041494661921708184,0.022206405693950177,0.001715302491103203,0.24925978647686833,0.033487544483985762
8665837730,0.10903914590747331,0.4039644128113879,0.076612099644128115,0.31673309608540923,0.0044555160142348751,0.024220640569395019,0.0072882562277580068,0.0028967971530249109,0.0018007117437722419,0.025957295373665479,0.027032028469750891
8665837752,0.22898932384341636,0.40783629893238432,0.1018576512455516,0.026654804270462632,0.0020355871886120996,0.15160142348754449,0.0017295373665480427,0.0071886120996441285,0.0032882562277580072,0.024576512455516016,0.044241992882562281
8724766937,0.14145945945945945,0.058228228228228228,0.0096636636636636634,0.29148948948948949,0.064174174174174176,3.0030030030030029e-05,0.0017657657657657658,0.14466666666666667,0.0021921921921921922,0.2824264264264264,0.0039039039039039038
8725883340,0.13956756756756758,0.65619219219219216,0.032096096096096094,0.10607807807807808,0.028114114114114113,0.0010330330330330329,0.0011651651651651651,0.0026006006006006007,0.00075075075075075074,0.032168168168168171,0.00023423423423423424
8725883454,0.082282282282282279,0.0081921921921921919,0.0010210210210210211,0.19542942942942942,0.1517957957957958,0,9.6096096096096097e-05,0.099483483483483487,1.8018018018018019e-05,0.46159159159159158,9.0090090090090091e-05
8725883532,0.30934534534534536,0.29186186186186186,0.026036036036036037,0.10756156156156156,0.0085405405405405404,0.00030630630630630633,0.0002942942942942943,0.0036936936936936937,0.0017657657657657658,0.2503183183183183,0.00027627627627627627
9003264913,0.28279279279279279,0.47436036036036033,0.06070870870870871,0.017909909909909909,0.0024864864864864865,0.020756756756756756,0.0043003003003003002,0.10553153153153152,0.02643843843843844,0.0016276276276276276,0.0030870870870870872
9003265551,0.19145945945945947,1.8018018018018019e-05,0.42636036036036035,0.1605885885885886,0.00067267267267267269,0,0.0031111111111111109,0.00052252252252252252,0.0028708708708708708,0.2143903903903904,6.006006006006006e-06
9004444004,0.22060714285714286,0,0.51802857142857139,0.061350000000000002,0.00034285714285714285,0,0.0091999999999999998,0.035478571428571429,0.0030428571428571427,0.15152857142857143,0.0004214285714285714
9172653230,0.34083274021352311,0.49364412811387898,0.10572241992882563,0.031103202846975091,0.0012669039145907473,0.0033807829181494663,0.011266903914590747,0.0031530249110320284,0.00040569395017793595,0.0013096085409252669,0.0079145907473309601
9172660148,0.27962989323843418,0.49938790035587188,0.11916014234875445,0.058626334519572956,0.0049608540925266901,0.0076156583629893235,0.011274021352313167,0.001494661921708185,0.00098220640569395023,0.014640569395017794,0.0022277580071174375
9175139134,0.1307900355871886,0.35941637010676158,0.16656227758007117,0.29660498220640569,0.0043701067615658359,0.029188612099644129,0.00032740213523131673,0.00041992882562277579,0.0010462633451957296,3.5587188612099643e-05,0.011238434163701067
9175471222,0.51986476868327403,0.052498220640569394,0.12997864768683273,0.2516512455516014,0.00098932384341637002,0.01786476868327402,0.0071032028469750893,0.00033451957295373667,0.00029181494661921709,0.0062775800711743776,0.013145907473309609
9250902835,0.41523131672597863,0.18990035587188611,0.0090818505338078285,0.203423487544484,0.005921708185053381,4.2704626334519571e-05,3.5587188612099643e-05,0.00038434163701067615,0.00043416370106761563,0.17496085409252668,0.00058362989323843418
9250905871,0.22157295373665481,0.31829893238434165,0.12149466192170819,0.27249110320284697,0.015067615658362989,0.00012099644128113879,0.00099644128113879002,0.00035587188612099647,0.00014946619217081849,0.0076725978647686835,0.041779359430604984
9262980689,0.075373493975903608,0.10006024096385542,0.0047289156626506021,0.024903614457831326,0.0054698795180722895,0.0035301204819277107,0.024927710843373495,0.26112048192771087,0.0028554216867469877,0.49624698795180722,0.00078313253012048188
9262984273,0.12457831325301205,0.0082831325301204826,0.08589156626506024,0.20213855421686747,0.080343373493975898,6.6265060240963859e-05,0.010710843373493976,0.03775903614457831,9.6385542168674694e-05,0.44793975903614458,0.0021927710843373492
9262997415,0.11047407407407407,0.10537777777777778,0.017925925925925925,0.043118518518518521,0.020748148148148148,0,0.10986666666666667,0.21780740740740739,0,0.37378518518518516,0.00089629629629629629
9263050577,0.087139999999999995,0.065633333333333335,0.29340666666666665,0.052866666666666666,0.0086599999999999993,0.00040666666666666667,0.19170000000000001,0.081360000000000002,0.0022733333333333334,0.21057333333333333,0.0059800000000000001
9263060779,0.00084140969162995599,0,0.46796035242290751,0.036735682819383261,0,0.015140969162995595,0.47333480176211451,0.0013964757709251101,0.0036916299559471366,0.00089867841409691635,0
9263073009,0.034228571428571428,0.0060634920634920634,0.12453333333333333,0.25088888888888888,0.007987301587301588,0.00046984126984126986,0.30752380952380953,0.039866666666666668,0.00045714285714285713,0.22572063492063493,0.0022603174603174603
9263078701,0.12090995260663508,0.040521327014218012,0.061071090047393362,0.15806635071090047,0.068113744075829388,5.6872037914691942e-05,0.061336492890995263,0.12487203791469194,0.0019715639810426542,0.36303317535545021,4.7393364928909951e-05
9265752334,0.042852040816326528,0.014989795918367348,0.071479591836734691,0.020270408163265308,4.5918367346938773e-05,0.015979591836734693,0.25250510204081633,0.26505612244897958,0.022326530612244898,0.294484693877551,1.0204081632653061e-05
9265764178,0.036331325301204823,0.0042168674698795181,0.18900602409638553,0.11019277108433735,0,0,0.022331325301204821,0.071680722891566268,2.4096385542168674e-05,0.56621686746987954,0
9265771882,0.030091954022988504,0.00046436781609195403,0.12758160919540229,0.17514482758620689,0,0,0.39825747126436783,0.098712643678160919,2.2988505747126437e-05,0.16972413793103447,0
9265776726,0.059400503778337534,0.010554156171284634,0.13811083123425694,0.3001360201511335,0.06791435768261965,0.00012090680100755668,0.27951133501259445,0.04057934508816121,0.00290176322418136,0.10046851385390428,0.00030226700251889167
9265833236,0.046702479338842973,0.0053305785123966944,0.093958677685950412,0.11544628099173554,0.038619834710743803,0.00047933884297520662,0.23462809917355371,0.20098347107438017,0.012380165289256199,0.22162809917355372,0.029842975206611569
9265835016,0.00068191268191268193,0,0.32603742203742203,0.059841995841995843,0,0.0051101871101871098,0.4493222453222453,0.0033222453222453222,0.0025239085239085238,0.15316008316008317,0
9265839208,0,0,0.46038219895287957,0.00068062827225130892,0,0.011575916230366492,0.40512041884816752,0.00010471204188481675,0.00080104712041884811,0.12130890052356021,2.6178010471204188e-05
9265852120,0.046132530120481928,0.0019939759036144578,0.18843373493975904,0.12809036144578315,0.043397590361445783,0.00011445783132530121,0.15735542168674699,0.020331325301204819,0.0010060240963855422,0.41274698795180725,0.00039759036144578315
9283153097,0.25834408602150538,0.0031469534050179212,0.044810035842293906,0.2136057347670251,0.014229390681003585,0.0029462365591397849,0.0004802867383512545,0.0058637992831541219,0.001089605734767025,0.44854480286738352,0.0069390681003584226
9283161445,0.28364412811387901,0.0034804270462633451,0.045145907473309606,0.50888967971530252,0.015067615658362989,0.011800711743772242,0.0012384341637010675,0.0057580071174377226,0.00054804270462633449,0.059259786476868324,0.065167259786476875
9283200289,0.26166548042704624,0.0026690391459074734,0.07031316725978648,0.43023487544483985,0.0098647686832740219,0.0029822064056939501,0.0003914590747330961,0.0030177935943060496,0.00025622775800711745,0.17180782918149468,0.046797153024911033
9285920370,0.22972241992882561,0.0068398576512455518,0.048156583629893238,0.33059786476868325,0.025131672597864769,0.0038434163701067618,0.0005195729537366548,0.0076298932384341635,0.0048612099644128118,0.32988612099644127,0.012811387900355872
9285923900,0.24380782918149466,0.0036441281138790034,0.045928825622775803,0.15902491103202848,0.044476868327402136,0.0016441281138790036,0.00027758007117437725,0.0014021352313167261,0.00090391459074733096,0.49187188612099642,0.0070177935943060502
9285925416,0.19955160142348755,0.09233451957295373,0.01890391459074733,0.15123131672597864,0.015822064056939502,0.00088256227758007116,0.0059928825622775801,0.0032313167259786476,0.0012526690391459075,0.5064626334519573,0.0043345195729537368
9285930254,0.34646263345195727,0.00095373665480427043,0.082761565836298928,0.20780071174377224,0.01594306049822064,0.012676156583629894,0.00056939501779359428,0.0050676156583629893,0.00085409252669039148,0.30739501779359429,0.019516014234875444
9285935380,0.35306761565836298,0.0050391459074733093,0.022597864768683276,0.19262633451957295,0.0062704626334519576,0,0.06511743772241993,0.0040640569395017792,0.00087544483985765127,0.35013523131672597,0.00020640569395017795
9285980834,0.23782206405693951,0.000199288256227758,0.10533807829181495,0.38016370106761566,0.0181067615658363,0.0033238434163701067,0.00093238434163701064,0.0010320284697508896,0.0003772241992882562,0.1873594306049822,0.06534519572953737
9337830887,0.029375375375375375,0.12923123123123123,0.0035915915915915916,0.21796996996996998,0.30896096096096098,1.2012012012012012e-05,0.0004144144144144144,0.11230630630630631,8.4084084084084086e-05,0.19605405405405404,0.002
9337831103,0.20212612612612613,0.091591591591591595,0.065855855855855849,0.27305105105105104,0.096768768768768762,3.6036036036036038e-05,0.0081861861861861861,0.016876876876876876,0,0.18956156156156156,0.055945945945945944
9337931899,0.1684024024024024,0.038072072072072069,0.076492492492492486,0.26953753753753756,0.0049549549549549547,0.00071471471471471469,0.0078738738738738743,0.0073033033033033032,0.0051891891891891889,0.42066666666666669,0.00079279279279279274
9546732080,0.14601600000000001,0.47793066666666667,0.0035413333333333334,0.16162133333333334,0.057018666666666669,0.000112,0.00054933333333333331,0.00069333333333333334,0.0013173333333333333,0.14950933333333333,0.0016906666666666667
9567241713,0.28971733333333333,0.41716799999999998,0.00071466666666666662,0.089440000000000006,0.0044533333333333334,1.0666666666666667e-05,0.000144,0.0016533333333333333,0.000464,0.19609066666666666,0.000144
9567251651,0.37037333333333333,0,0,0.38654933333333336,0.000192,0,0,0,0,0.24288533333333334,0
9567267417,0.021669333333333332,0.20208533333333334,0.00034133333333333335,0.0025439999999999998,0.53464533333333331,0,0.000736,0.13427733333333333,0,0.10370133333333334,0
9567286211,0.24906133333333333,0.0039733333333333331,0.10107733333333334,0.033002666666666666,0.31987199999999999,4.8000000000000001e-05,3.7333333333333331e-05,0.011861333333333333,0.00021866666666666668,0.073936000000000002,0.20691200000000001
9568121914,0.44171771771771773,0.032840840840840838,0.26805405405405408,0.018366366366366366,0.08357957957957958,0.022516516516516517,0.0094714714714714716,0.020834834834834833,0.028996996996996996,0.05610810810810811,0.017513513513513514
9568122402,0.30142342342342343,0,0.35917117117117114,0.12312312312312312,0.00085285285285285287,0,0.024390390390390392,0.0072012012012012015,0.00052852852852852857,0.1833093093093093,0
9570078036,0.41891200000000001,0.29361066666666669,0.0020906666666666665,0.0051999999999999998,0.00020266666666666667,0,0.079504000000000005,0.19296533333333332,4.8000000000000001e-05,0.0074666666666666666,0
9570081662,0.41151466666666664,0.28693333333333332,0.00062933333333333331,0.0016746666666666668,4.8000000000000001e-05,1.5999999999999999e-05,0.10937066666666667,0.13062399999999999,0.00034133333333333335,0.058847999999999998,0
9570085070,0.033114666666666667,0.40589333333333333,0.051162666666666669,0.012885333333333334,0.332592,0.0083093333333333335,0.056031999999999998,0.082528000000000004,0.0026826666666666665,0.013770666666666667,0.0010293333333333333
9570089356,0.33568533333333334,0,0,0.44087466666666669,0,0,0,0,0,0.22344,0
9570091184,0.34455999999999998,0.36826133333333333,0.053413333333333333,0.12170666666666667,0.0028639999999999998,0.0042293333333333332,0.0052373333333333334,0.00011733333333333333,0.0018400000000000001,0.085440000000000002,0.012330666666666667
